n,m,repeat_idx,family,init_edges,init_lambda2,lambda2,build_s,complete_s,backend,score_error,initial_sha256,final_sha256
8,8,0,envelope,7,1.0,1.0,0.00013020400365348905,0.0018914679967565462,envelope_formula,8.881784197001252e-16,f4285f886fe16ef386a761cf06a0b6ef27f5c9f5f3e9dfd8a3877216ab9b22f6,7c4b524d071e9b8a327a83612e58cfdbd905a85bb72c9758cd54e2a4b9f6feff
8,8,1,envelope,7,1.0,1.0,0.00012399899424053729,0.0019602630054578185,envelope_formula,8.881784197001252e-16,f4285f886fe16ef386a761cf06a0b6ef27f5c9f5f3e9dfd8a3877216ab9b22f6,7c4b524d071e9b8a327a83612e58cfdbd905a85bb72c9758cd54e2a4b9f6feff
8,8,2,envelope,7,1.0,1.0,0.00011945300502702594,0.001851702996646054,envelope_formula,8.881784197001252e-16,f4285f886fe16ef386a761cf06a0b6ef27f5c9f5f3e9dfd8a3877216ab9b22f6,7c4b524d071e9b8a327a83612e58cfdbd905a85bb72c9758cd54e2a4b9f6feff
8,8,3,envelope,7,1.0,1.0,0.00013025800581090152,0.001854132002335973,envelope_formula,8.881784197001252e-16,f4285f886fe16ef386a761cf06a0b6ef27f5c9f5f3e9dfd8a3877216ab9b22f6,7c4b524d071e9b8a327a83612e58cfdbd905a85bb72c9758cd54e2a4b9f6feff
8,8,4,envelope,7,1.0,1.0,0.00011874899792019278,0.0018480120052117854,envelope_formula,8.881784197001252e-16,f4285f886fe16ef386a761cf06a0b6ef27f5c9f5f3e9dfd8a3877216ab9b22f6,7c4b524d071e9b8a327a83612e58cfdbd905a85bb72c9758cd54e2a4b9f6feff
8,9,0,cayley,8,0.5857864376269051,0.5857864376269047,0.002344912994885817,0.0017288860108237714,character_dihedral_no_delete,3.3306690738754696e-16,1ebf250beba0884918a0d896741c59e2888a322cf9d932785b37f9a3fb8a551e,b76fe438471f0d759078257ffcecb62d94b4b0db40ea90ad9a6940be3f29d798
8,9,0,envelope,7,1.0,0.9999999999999991,9.657999908085912e-05,0.002579270993010141,envelope_formula,2.220446049250313e-16,f4285f886fe16ef386a761cf06a0b6ef27f5c9f5f3e9dfd8a3877216ab9b22f6,22be88521edb7714714d0378dca3fb433e398621f035875b88020195915868b2
8,9,1,cayley,8,0.5857864376269051,0.5857864376269047,0.0026590720081003383,0.0016012309934012592,character_dihedral_no_delete,3.3306690738754696e-16,1ebf250beba0884918a0d896741c59e2888a322cf9d932785b37f9a3fb8a551e,b76fe438471f0d759078257ffcecb62d94b4b0db40ea90ad9a6940be3f29d798
8,9,1,envelope,7,1.0,0.9999999999999991,9.893099195323884e-05,0.0025662359985290095,envelope_formula,2.220446049250313e-16,f4285f886fe16ef386a761cf06a0b6ef27f5c9f5f3e9dfd8a3877216ab9b22f6,22be88521edb7714714d0378dca3fb433e398621f035875b88020195915868b2
8,9,2,cayley,8,0.5857864376269051,0.5857864376269047,0.00250325100205373,0.0016040210030041635,character_dihedral_no_delete,3.3306690738754696e-16,1ebf250beba0884918a0d896741c59e2888a322cf9d932785b37f9a3fb8a551e,b76fe438471f0d759078257ffcecb62d94b4b0db40ea90ad9a6940be3f29d798
8,9,2,envelope,7,1.0,0.9999999999999991,9.759400563780218e-05,0.0025531670107739046,envelope_formula,2.220446049250313e-16,f4285f886fe16ef386a761cf06a0b6ef27f5c9f5f3e9dfd8a3877216ab9b22f6,22be88521edb7714714d0378dca3fb433e398621f035875b88020195915868b2
8,9,3,cayley,8,0.5857864376269051,0.5857864376269047,0.0024985400086734444,0.0016010339895728976,character_dihedral_no_delete,3.3306690738754696e-16,1ebf250beba0884918a0d896741c59e2888a322cf9d932785b37f9a3fb8a551e,b76fe438471f0d759078257ffcecb62d94b4b0db40ea90ad9a6940be3f29d798
8,9,3,envelope,7,1.0,0.9999999999999991,9.672300075180829e-05,0.0025553570012561977,envelope_formula,2.220446049250313e-16,f4285f886fe16ef386a761cf06a0b6ef27f5c9f5f3e9dfd8a3877216ab9b22f6,22be88521edb7714714d0378dca3fb433e398621f035875b88020195915868b2
8,9,4,cayley,8,0.5857864376269051,0.5857864376269047,0.002485058008460328,0.0016010590043151751,character_dihedral_no_delete,3.3306690738754696e-16,1ebf250beba0884918a0d896741c59e2888a322cf9d932785b37f9a3fb8a551e,b76fe438471f0d759078257ffcecb62d94b4b0db40ea90ad9a6940be3f29d798
8,9,4,envelope,7,1.0,0.9999999999999991,9.751199104357511e-05,0.0025632559991208836,envelope_formula,2.220446049250313e-16,f4285f886fe16ef386a761cf06a0b6ef27f5c9f5f3e9dfd8a3877216ab9b22f6,22be88521edb7714714d0378dca3fb433e398621f035875b88020195915868b2
8,10,0,cayley,8,0.5857864376269051,1.2679491924311228,0.002568201001849957,0.0022742060100426897,character_dihedral_no_delete,6.661338147750939e-16,1ebf250beba0884918a0d896741c59e2888a322cf9d932785b37f9a3fb8a551e,bb51b34bb5931f03868582e7222be599f9b884e16110b046f0b7856601ac77a2
8,10,1,cayley,8,0.5857864376269051,1.2679491924311228,0.002360138008953072,0.0022633190092165023,character_dihedral_no_delete,6.661338147750939e-16,1ebf250beba0884918a0d896741c59e2888a322cf9d932785b37f9a3fb8a551e,bb51b34bb5931f03868582e7222be599f9b884e16110b046f0b7856601ac77a2
8,10,2,cayley,8,0.5857864376269051,1.2679491924311228,0.002568463998613879,0.002265324001200497,character_dihedral_no_delete,6.661338147750939e-16,1ebf250beba0884918a0d896741c59e2888a322cf9d932785b37f9a3fb8a551e,bb51b34bb5931f03868582e7222be599f9b884e16110b046f0b7856601ac77a2
8,10,3,cayley,8,0.5857864376269051,1.2679491924311228,0.0023329309915425256,0.002275467006256804,character_dihedral_no_delete,6.661338147750939e-16,1ebf250beba0884918a0d896741c59e2888a322cf9d932785b37f9a3fb8a551e,bb51b34bb5931f03868582e7222be599f9b884e16110b046f0b7856601ac77a2
8,10,4,cayley,8,0.5857864376269051,1.2679491924311228,0.0025360029976582155,0.002266647992655635,character_dihedral_no_delete,6.661338147750939e-16,1ebf250beba0884918a0d896741c59e2888a322cf9d932785b37f9a3fb8a551e,bb51b34bb5931f03868582e7222be599f9b884e16110b046f0b7856601ac77a2
8,11,0,cayley,8,0.5857864376269051,1.2679491924311224,0.0023423140082741156,0.0029128680034773424,character_dihedral_no_delete,8.881784197001252e-16,1ebf250beba0884918a0d896741c59e2888a322cf9d932785b37f9a3fb8a551e,218817e56a3e254b1859371c5acf41f0f0928512cb0a36ac4f353c6ef94eb913
8,11,1,cayley,8,0.5857864376269051,1.2679491924311224,0.002484999000444077,0.002929192007286474,character_dihedral_no_delete,8.881784197001252e-16,1ebf250beba0884918a0d896741c59e2888a322cf9d932785b37f9a3fb8a551e,218817e56a3e254b1859371c5acf41f0f0928512cb0a36ac4f353c6ef94eb913
8,11,2,cayley,8,0.5857864376269051,1.2679491924311224,0.0023419300123350695,0.002919466991443187,character_dihedral_no_delete,8.881784197001252e-16,1ebf250beba0884918a0d896741c59e2888a322cf9d932785b37f9a3fb8a551e,218817e56a3e254b1859371c5acf41f0f0928512cb0a36ac4f353c6ef94eb913
8,11,3,cayley,8,0.5857864376269051,1.2679491924311224,0.002440361990011297,0.00292532799358014,character_dihedral_no_delete,8.881784197001252e-16,1ebf250beba0884918a0d896741c59e2888a322cf9d932785b37f9a3fb8a551e,218817e56a3e254b1859371c5acf41f0f0928512cb0a36ac4f353c6ef94eb913
8,11,4,cayley,8,0.5857864376269051,1.2679491924311224,0.0023706689971731976,0.0029166980093577877,character_dihedral_no_delete,8.881784197001252e-16,1ebf250beba0884918a0d896741c59e2888a322cf9d932785b37f9a3fb8a551e,218817e56a3e254b1859371c5acf41f0f0928512cb0a36ac4f353c6ef94eb913
8,12,0,cayley,12,2.0,1.9999999999999996,0.0026754819991765544,0.00025510699197184294,character_dihedral_no_delete,2.220446049250313e-16,7c837fe98fd2487b98421bbc9e9aa9d431e6072a4595c02de2c78ecdf1068031,7c837fe98fd2487b98421bbc9e9aa9d431e6072a4595c02de2c78ecdf1068031
8,12,1,cayley,12,2.0,1.9999999999999996,0.002751481006271206,0.00025386200286448,character_dihedral_no_delete,2.220446049250313e-16,7c837fe98fd2487b98421bbc9e9aa9d431e6072a4595c02de2c78ecdf1068031,7c837fe98fd2487b98421bbc9e9aa9d431e6072a4595c02de2c78ecdf1068031
8,12,2,cayley,12,2.0,1.9999999999999996,0.002654763011378236,0.00024821200349833816,character_dihedral_no_delete,2.220446049250313e-16,7c837fe98fd2487b98421bbc9e9aa9d431e6072a4595c02de2c78ecdf1068031,7c837fe98fd2487b98421bbc9e9aa9d431e6072a4595c02de2c78ecdf1068031
8,12,3,cayley,12,2.0,1.9999999999999996,0.002630155999213457,0.00024524300533812493,character_dihedral_no_delete,4.440892098500626e-16,147b98ae2490b9a7d0e7f4d6f6d2ec62e3e0f77b3f1ff250dd6d67a9837ef17d,147b98ae2490b9a7d0e7f4d6f6d2ec62e3e0f77b3f1ff250dd6d67a9837ef17d
8,12,4,cayley,12,2.0,1.9999999999999996,0.002580890999524854,0.0002505610027583316,character_dihedral_no_delete,2.220446049250313e-16,11df904cadad80e285e0467531b03823bff8462e4d1bfcdb815e163e4395cff8,11df904cadad80e285e0467531b03823bff8462e4d1bfcdb815e163e4395cff8
8,13,0,cayley,12,2.0,2.0,0.0025675039942143485,0.0015998129965737462,character_dihedral_no_delete,1.3322676295501878e-15,7c837fe98fd2487b98421bbc9e9aa9d431e6072a4595c02de2c78ecdf1068031,b86f77ac3696cc62e50440fbcdbe58e8b380ea37d506fdf1a8f9bc221403ee2d
8,13,1,cayley,12,2.0,2.0,0.002696131996344775,0.0015915499971015379,character_dihedral_no_delete,1.3322676295501878e-15,7c837fe98fd2487b98421bbc9e9aa9d431e6072a4595c02de2c78ecdf1068031,b86f77ac3696cc62e50440fbcdbe58e8b380ea37d506fdf1a8f9bc221403ee2d
8,13,2,cayley,12,2.0,2.0,0.0024981150054372847,0.0015756420034449548,character_dihedral_no_delete,1.3322676295501878e-15,7c837fe98fd2487b98421bbc9e9aa9d431e6072a4595c02de2c78ecdf1068031,b86f77ac3696cc62e50440fbcdbe58e8b380ea37d506fdf1a8f9bc221403ee2d
8,13,3,cayley,12,2.0,2.0,0.0026180830027442425,0.00159949398948811,character_dihedral_no_delete,4.440892098500626e-16,147b98ae2490b9a7d0e7f4d6f6d2ec62e3e0f77b3f1ff250dd6d67a9837ef17d,dd9b49e9e8b18104ff7f9a1d317cb706c8ca417fe4c9fa52d79f8314724bfeda
8,13,4,cayley,12,2.0,1.9999999999999987,0.0024640869960421696,0.0015961509925546125,character_dihedral_no_delete,8.881784197001252e-16,11df904cadad80e285e0467531b03823bff8462e4d1bfcdb815e163e4395cff8,85cdddd3d3cec51d228dd0b46683d25849a4179d4f351287e517617bb3a1a3b0
8,14,0,cayley,12,2.0,1.999999999999999,0.0026121179980691522,0.0022587830026168376,character_dihedral_no_delete,2.886579864025407e-15,7c837fe98fd2487b98421bbc9e9aa9d431e6072a4595c02de2c78ecdf1068031,4b2e0aacc101d741789423da87ffd4019bc2488e97e53431066d558c3af611d3
8,14,1,cayley,12,2.0,1.999999999999999,0.0025115039898082614,0.002251951998914592,character_dihedral_no_delete,2.886579864025407e-15,7c837fe98fd2487b98421bbc9e9aa9d431e6072a4595c02de2c78ecdf1068031,4b2e0aacc101d741789423da87ffd4019bc2488e97e53431066d558c3af611d3
8,14,2,cayley,12,2.0,1.999999999999999,0.002585957001429051,0.002261597997858189,character_dihedral_no_delete,2.886579864025407e-15,7c837fe98fd2487b98421bbc9e9aa9d431e6072a4595c02de2c78ecdf1068031,4b2e0aacc101d741789423da87ffd4019bc2488e97e53431066d558c3af611d3
8,14,3,cayley,12,2.0,1.9999999999999991,0.002480795999872498,0.002266099996631965,character_dihedral_no_delete,1.3322676295501878e-15,147b98ae2490b9a7d0e7f4d6f6d2ec62e3e0f77b3f1ff250dd6d67a9837ef17d,03f6372de241f4ba1531f6bff68e3bb772960d0fc2d2a1f1be0e03c85f433d6f
8,14,4,cayley,12,2.0,2.0000000000000004,0.0027025399904232472,0.0022611599997617304,character_dihedral_no_delete,0.0,11df904cadad80e285e0467531b03823bff8462e4d1bfcdb815e163e4395cff8,df91d9c9ec22ede124b94bd7d669503526deae758030c8ea0033a63fa11e23ec
8,15,0,cayley,12,2.0,2.3542486889354084,0.002521166010410525,0.0029141479899408296,character_dihedral_no_delete,8.881784197001252e-16,7c837fe98fd2487b98421bbc9e9aa9d431e6072a4595c02de2c78ecdf1068031,a673004c5135c62676579807a22d52a5c2248fc53ed906a4d6aebae8a79732ae
8,15,1,cayley,12,2.0,2.3542486889354084,0.0026940959942294285,0.0029002259980188683,character_dihedral_no_delete,8.881784197001252e-16,7c837fe98fd2487b98421bbc9e9aa9d431e6072a4595c02de2c78ecdf1068031,a673004c5135c62676579807a22d52a5c2248fc53ed906a4d6aebae8a79732ae
8,15,2,cayley,12,2.0,2.3542486889354084,0.0024774990015430376,0.0029133570060366765,character_dihedral_no_delete,8.881784197001252e-16,7c837fe98fd2487b98421bbc9e9aa9d431e6072a4595c02de2c78ecdf1068031,a673004c5135c62676579807a22d52a5c2248fc53ed906a4d6aebae8a79732ae
8,15,3,cayley,12,2.0,2.3542486889354106,0.002668970002559945,0.0029225659964140505,character_dihedral_no_delete,3.9968028886505635e-15,147b98ae2490b9a7d0e7f4d6f6d2ec62e3e0f77b3f1ff250dd6d67a9837ef17d,593ce36d9527e43b6ff2e4fa5f9bb414f14b1f14205223ef0a241cedf334e9cb
8,15,4,cayley,12,2.0,2.3542486889354084,0.0025099000049522147,0.0029078730003675446,character_dihedral_no_delete,8.881784197001252e-16,11df904cadad80e285e0467531b03823bff8462e4d1bfcdb815e163e4395cff8,eb53c3a79b5f3308b75ce48add488c37df5ce624b190eefc2a12b56d6f1945d3
8,16,0,cayley,16,3.9999999999999996,3.9999999999999964,0.00279292200866621,0.00024881400167942047,character_dihedral_no_delete,0.0,82127199c8123132886c67af4c0c26b194e0884ff49483f454bd474bb37db57d,82127199c8123132886c67af4c0c26b194e0884ff49483f454bd474bb37db57d
8,16,1,cayley,16,3.9999999999999996,3.9999999999999964,0.002722546996665187,0.0002450559986755252,character_dihedral_no_delete,0.0,82127199c8123132886c67af4c0c26b194e0884ff49483f454bd474bb37db57d,82127199c8123132886c67af4c0c26b194e0884ff49483f454bd474bb37db57d
8,16,2,cayley,16,3.9999999999999996,3.9999999999999964,0.002695530012715608,0.000248009993811138,character_dihedral_no_delete,0.0,82127199c8123132886c67af4c0c26b194e0884ff49483f454bd474bb37db57d,82127199c8123132886c67af4c0c26b194e0884ff49483f454bd474bb37db57d
8,16,3,cayley,16,3.9999999999999996,3.9999999999999964,0.0027325490082148463,0.0002528269978938624,character_dihedral_no_delete,0.0,82127199c8123132886c67af4c0c26b194e0884ff49483f454bd474bb37db57d,82127199c8123132886c67af4c0c26b194e0884ff49483f454bd474bb37db57d
8,16,4,cayley,16,3.9999999999999996,3.9999999999999964,0.002772682986687869,0.00024698999186512083,character_dihedral_no_delete,0.0,82127199c8123132886c67af4c0c26b194e0884ff49483f454bd474bb37db57d,82127199c8123132886c67af4c0c26b194e0884ff49483f454bd474bb37db57d
8,17,0,cayley,16,3.9999999999999996,3.9999999999999973,0.002746981001109816,0.001586458005476743,character_dihedral_no_delete,0.0,82127199c8123132886c67af4c0c26b194e0884ff49483f454bd474bb37db57d,b0f691036f60d6eaef01ad0c3b74360bf6c550bfb0f7d469381fb87cbe2876a6
8,17,1,cayley,16,3.9999999999999996,3.9999999999999973,0.002857365005183965,0.0015919709985610098,character_dihedral_no_delete,0.0,82127199c8123132886c67af4c0c26b194e0884ff49483f454bd474bb37db57d,b0f691036f60d6eaef01ad0c3b74360bf6c550bfb0f7d469381fb87cbe2876a6
8,17,2,cayley,16,3.9999999999999996,3.9999999999999973,0.0026289450033800676,0.0015973820118233562,character_dihedral_no_delete,0.0,82127199c8123132886c67af4c0c26b194e0884ff49483f454bd474bb37db57d,b0f691036f60d6eaef01ad0c3b74360bf6c550bfb0f7d469381fb87cbe2876a6
8,17,3,cayley,16,3.9999999999999996,3.9999999999999973,0.0027908070042030886,0.0015908570057945326,character_dihedral_no_delete,0.0,82127199c8123132886c67af4c0c26b194e0884ff49483f454bd474bb37db57d,b0f691036f60d6eaef01ad0c3b74360bf6c550bfb0f7d469381fb87cbe2876a6
8,17,4,cayley,16,3.9999999999999996,3.9999999999999973,0.0026047990104416385,0.0015972510009305552,character_dihedral_no_delete,0.0,82127199c8123132886c67af4c0c26b194e0884ff49483f454bd474bb37db57d,b0f691036f60d6eaef01ad0c3b74360bf6c550bfb0f7d469381fb87cbe2876a6
8,18,0,cayley,16,3.9999999999999996,3.9999999999999964,0.005704151000827551,0.0022796630073571578,character_dihedral_no_delete,3.552713678800501e-15,82127199c8123132886c67af4c0c26b194e0884ff49483f454bd474bb37db57d,362623da1ea3e193115ff980f391abffe0261b746d1af3eea55714b4688b06f6
8,18,0,envelope,16,4.0,3.9999999999999964,0.00010957098857033998,0.002291366006829776,envelope_formula,3.552713678800501e-15,82127199c8123132886c67af4c0c26b194e0884ff49483f454bd474bb37db57d,362623da1ea3e193115ff980f391abffe0261b746d1af3eea55714b4688b06f6
8,18,1,cayley,16,3.9999999999999996,3.9999999999999964,0.005615404006675817,0.0022655009961454198,character_dihedral_no_delete,3.552713678800501e-15,82127199c8123132886c67af4c0c26b194e0884ff49483f454bd474bb37db57d,362623da1ea3e193115ff980f391abffe0261b746d1af3eea55714b4688b06f6
8,18,1,envelope,16,4.0,3.9999999999999964,0.00011810200521722436,0.0022830640082247555,envelope_formula,3.552713678800501e-15,82127199c8123132886c67af4c0c26b194e0884ff49483f454bd474bb37db57d,362623da1ea3e193115ff980f391abffe0261b746d1af3eea55714b4688b06f6
8,18,2,cayley,16,3.9999999999999996,3.9999999999999964,0.005356184003176168,0.0022653620108030736,character_dihedral_no_delete,3.552713678800501e-15,82127199c8123132886c67af4c0c26b194e0884ff49483f454bd474bb37db57d,362623da1ea3e193115ff980f391abffe0261b746d1af3eea55714b4688b06f6
8,18,2,envelope,16,4.0,3.9999999999999964,0.00010868599929381162,0.0022992630110820755,envelope_formula,3.552713678800501e-15,82127199c8123132886c67af4c0c26b194e0884ff49483f454bd474bb37db57d,362623da1ea3e193115ff980f391abffe0261b746d1af3eea55714b4688b06f6
8,18,3,cayley,16,3.9999999999999996,3.9999999999999964,0.005400513007771224,0.0022674899955745786,character_dihedral_no_delete,3.552713678800501e-15,82127199c8123132886c67af4c0c26b194e0884ff49483f454bd474bb37db57d,362623da1ea3e193115ff980f391abffe0261b746d1af3eea55714b4688b06f6
8,18,3,envelope,16,4.0,3.9999999999999964,0.0001179509999928996,0.0022850909881526604,envelope_formula,3.552713678800501e-15,82127199c8123132886c67af4c0c26b194e0884ff49483f454bd474bb37db57d,362623da1ea3e193115ff980f391abffe0261b746d1af3eea55714b4688b06f6
8,18,4,cayley,16,3.9999999999999996,3.9999999999999964,0.005390124992118217,0.0022707960015395656,character_dihedral_no_delete,3.552713678800501e-15,82127199c8123132886c67af4c0c26b194e0884ff49483f454bd474bb37db57d,362623da1ea3e193115ff980f391abffe0261b746d1af3eea55714b4688b06f6
8,18,4,envelope,16,4.0,3.9999999999999964,0.00010823299817275256,0.002281925000716001,envelope_formula,3.552713678800501e-15,82127199c8123132886c67af4c0c26b194e0884ff49483f454bd474bb37db57d,362623da1ea3e193115ff980f391abffe0261b746d1af3eea55714b4688b06f6
8,19,0,cayley,16,3.9999999999999996,3.9999999999999982,0.0055769699974916875,0.0029257650021463633,character_dihedral_no_delete,1.7763568394002505e-15,82127199c8123132886c67af4c0c26b194e0884ff49483f454bd474bb37db57d,d291f9f696ffc6dced356765fb76e73d044b6e8e0c6dc34b216ee03d92cc465a
8,19,0,envelope,16,4.0,3.9999999999999982,0.00010710798960644752,0.0029535450012190267,envelope_formula,1.7763568394002505e-15,82127199c8123132886c67af4c0c26b194e0884ff49483f454bd474bb37db57d,d291f9f696ffc6dced356765fb76e73d044b6e8e0c6dc34b216ee03d92cc465a
8,19,1,cayley,16,3.9999999999999996,3.9999999999999982,0.005312058987328783,0.0029129879985703155,character_dihedral_no_delete,1.7763568394002505e-15,82127199c8123132886c67af4c0c26b194e0884ff49483f454bd474bb37db57d,d291f9f696ffc6dced356765fb76e73d044b6e8e0c6dc34b216ee03d92cc465a
8,19,1,envelope,16,4.0,3.9999999999999982,0.0001163849956355989,0.0029416849865810946,envelope_formula,1.7763568394002505e-15,82127199c8123132886c67af4c0c26b194e0884ff49483f454bd474bb37db57d,d291f9f696ffc6dced356765fb76e73d044b6e8e0c6dc34b216ee03d92cc465a
8,19,2,cayley,16,3.9999999999999996,3.9999999999999982,0.005234165990259498,0.0029416269971989095,character_dihedral_no_delete,1.7763568394002505e-15,82127199c8123132886c67af4c0c26b194e0884ff49483f454bd474bb37db57d,d291f9f696ffc6dced356765fb76e73d044b6e8e0c6dc34b216ee03d92cc465a
8,19,2,envelope,16,4.0,3.9999999999999982,0.0001082520029740408,0.0029443660023389384,envelope_formula,1.7763568394002505e-15,82127199c8123132886c67af4c0c26b194e0884ff49483f454bd474bb37db57d,d291f9f696ffc6dced356765fb76e73d044b6e8e0c6dc34b216ee03d92cc465a
8,19,3,cayley,16,3.9999999999999996,3.9999999999999982,0.00534575899655465,0.002939395999419503,character_dihedral_no_delete,1.7763568394002505e-15,82127199c8123132886c67af4c0c26b194e0884ff49483f454bd474bb37db57d,d291f9f696ffc6dced356765fb76e73d044b6e8e0c6dc34b216ee03d92cc465a
8,19,3,envelope,16,4.0,3.9999999999999982,0.00010874500731006265,0.0030169779929565266,envelope_formula,1.7763568394002505e-15,82127199c8123132886c67af4c0c26b194e0884ff49483f454bd474bb37db57d,d291f9f696ffc6dced356765fb76e73d044b6e8e0c6dc34b216ee03d92cc465a
8,19,4,cayley,16,3.9999999999999996,3.9999999999999982,0.005358162001357414,0.0029336500010685995,character_dihedral_no_delete,1.7763568394002505e-15,82127199c8123132886c67af4c0c26b194e0884ff49483f454bd474bb37db57d,d291f9f696ffc6dced356765fb76e73d044b6e8e0c6dc34b216ee03d92cc465a
8,19,4,envelope,16,4.0,3.9999999999999982,0.00010833999840542674,0.0029357849998632446,envelope_formula,1.7763568394002505e-15,82127199c8123132886c67af4c0c26b194e0884ff49483f454bd474bb37db57d,d291f9f696ffc6dced356765fb76e73d044b6e8e0c6dc34b216ee03d92cc465a
8,20,0,cayley,14,1.4384471871911702,3.8299135133739655,0.002967552005429752,0.004901895008515567,dense_subset_laplacian,4.440892098500626e-16,b8bf76d5e49a2144ee7c5f4c70beed639399b19d9322c7bf4cb569579baed81c,1bb993ed9014ed72ed1be99918c1218f07805891438b745af5658644cfb3d41b
8,20,0,envelope,16,4.0,4.0,0.00010805300553329289,0.003597627000999637,envelope_formula,8.881784197001252e-16,82127199c8123132886c67af4c0c26b194e0884ff49483f454bd474bb37db57d,8305f7cf1ee74d51dc2932ced9fd22ff62611a94ced80b1b5cd4f3b57ae81c31
8,20,1,cayley,14,1.4384471871911713,3.8299135133739686,0.0027523980097612366,0.004907335998723283,dense_subset_laplacian,3.552713678800501e-15,2b11098bdb6dbe602b5ecd648e7d171de103165729ac7926119084a457293117,ebab8c08bcf59ea950054032c4c9f87c48e188a4d00006a17d508d3426f46a40
8,20,1,envelope,16,4.0,4.0,0.00010871299309656024,0.0036111730005359277,envelope_formula,8.881784197001252e-16,82127199c8123132886c67af4c0c26b194e0884ff49483f454bd474bb37db57d,8305f7cf1ee74d51dc2932ced9fd22ff62611a94ced80b1b5cd4f3b57ae81c31
8,20,2,cayley,14,1.4384471871911702,3.8299135133739655,0.0027791949978563935,0.004901916996459477,dense_subset_laplacian,4.440892098500626e-16,b8bf76d5e49a2144ee7c5f4c70beed639399b19d9322c7bf4cb569579baed81c,1bb993ed9014ed72ed1be99918c1218f07805891438b745af5658644cfb3d41b
8,20,2,envelope,16,4.0,4.0,0.00010906100214924663,0.003664691001176834,envelope_formula,8.881784197001252e-16,82127199c8123132886c67af4c0c26b194e0884ff49483f454bd474bb37db57d,8305f7cf1ee74d51dc2932ced9fd22ff62611a94ced80b1b5cd4f3b57ae81c31
8,20,3,cayley,14,1.4384471871911702,3.8299135133739655,0.0026103210111614317,0.005021471006330103,dense_subset_laplacian,4.440892098500626e-16,b8bf76d5e49a2144ee7c5f4c70beed639399b19d9322c7bf4cb569579baed81c,1bb993ed9014ed72ed1be99918c1218f07805891438b745af5658644cfb3d41b
8,20,3,envelope,16,4.0,4.0,0.00011174299288541079,0.0035906880075344816,envelope_formula,8.881784197001252e-16,82127199c8123132886c67af4c0c26b194e0884ff49483f454bd474bb37db57d,8305f7cf1ee74d51dc2932ced9fd22ff62611a94ced80b1b5cd4f3b57ae81c31
8,20,4,cayley,14,1.4384471871911702,3.829913513373967,0.0030210149998310953,0.004896414000540972,dense_subset_laplacian,8.881784197001252e-16,ad8155ce346c4e7a9dacd77bda9278df3dd3dd9ebfe65d2b1516d269c78d00fa,4afd028fdd0f76f383a19a1ce6276e86c7d610e8480ae6439541cb83568939d9
8,20,4,envelope,16,4.0,4.0,0.00011058700329158455,0.0035882850061170757,envelope_formula,8.881784197001252e-16,82127199c8123132886c67af4c0c26b194e0884ff49483f454bd474bb37db57d,8305f7cf1ee74d51dc2932ced9fd22ff62611a94ced80b1b5cd4f3b57ae81c31
8,21,0,cayley,21,4.999999999999996,4.999999999999996,0.0032328040106222034,0.0002580599975772202,dense_subset_laplacian,4.440892098500626e-15,498689f21b740b6d832292d3d4c192098a1d3a17ae0a96f6b3fb4d4a904c9a3e,498689f21b740b6d832292d3d4c192098a1d3a17ae0a96f6b3fb4d4a904c9a3e
8,21,0,envelope,21,5.0,4.999999999999995,0.0001197259989567101,0.00021467299666255713,envelope_formula,8.881784197001252e-16,669026e3db2587d9abf2f9a6317d0e2abb0e82a4f8091540d82e51ae9838ed0c,669026e3db2587d9abf2f9a6317d0e2abb0e82a4f8091540d82e51ae9838ed0c
8,21,1,cayley,21,4.999999999999999,4.999999999999999,0.0029226620099507272,0.00025547100813128054,dense_subset_laplacian,8.881784197001252e-16,2a6cf696fb96206e65f354f4b55eab393405b2a24283d8291bdd8c8090d4bc64,2a6cf696fb96206e65f354f4b55eab393405b2a24283d8291bdd8c8090d4bc64
8,21,1,envelope,21,5.0,4.999999999999995,0.00011898198863491416,0.00021188899700064212,envelope_formula,8.881784197001252e-16,669026e3db2587d9abf2f9a6317d0e2abb0e82a4f8091540d82e51ae9838ed0c,669026e3db2587d9abf2f9a6317d0e2abb0e82a4f8091540d82e51ae9838ed0c
8,21,2,cayley,21,4.999999999999996,4.999999999999996,0.002980410004965961,0.00025076899328269064,dense_subset_laplacian,4.440892098500626e-15,498689f21b740b6d832292d3d4c192098a1d3a17ae0a96f6b3fb4d4a904c9a3e,498689f21b740b6d832292d3d4c192098a1d3a17ae0a96f6b3fb4d4a904c9a3e
8,21,2,envelope,21,5.0,4.999999999999995,0.00012069000513292849,0.00019983499078080058,envelope_formula,8.881784197001252e-16,669026e3db2587d9abf2f9a6317d0e2abb0e82a4f8091540d82e51ae9838ed0c,669026e3db2587d9abf2f9a6317d0e2abb0e82a4f8091540d82e51ae9838ed0c
8,21,3,cayley,21,4.999999999999996,4.999999999999996,0.0029931750032119453,0.0002548420015955344,dense_subset_laplacian,4.440892098500626e-15,498689f21b740b6d832292d3d4c192098a1d3a17ae0a96f6b3fb4d4a904c9a3e,498689f21b740b6d832292d3d4c192098a1d3a17ae0a96f6b3fb4d4a904c9a3e
8,21,3,envelope,21,5.0,4.999999999999995,0.00012091999815311283,0.0002042679989244789,envelope_formula,8.881784197001252e-16,669026e3db2587d9abf2f9a6317d0e2abb0e82a4f8091540d82e51ae9838ed0c,669026e3db2587d9abf2f9a6317d0e2abb0e82a4f8091540d82e51ae9838ed0c
8,21,4,cayley,21,4.999999999999997,4.999999999999997,0.0029727740038651973,0.0002528569893911481,dense_subset_laplacian,8.881784197001252e-16,1ab67808480198d7977fc615da833c8eb6da5daa4b156b1f512c983614d08953,1ab67808480198d7977fc615da833c8eb6da5daa4b156b1f512c983614d08953
8,21,4,envelope,21,5.0,4.999999999999995,0.00011986299068666995,0.0002024749992415309,envelope_formula,8.881784197001252e-16,669026e3db2587d9abf2f9a6317d0e2abb0e82a4f8091540d82e51ae9838ed0c,669026e3db2587d9abf2f9a6317d0e2abb0e82a4f8091540d82e51ae9838ed0c
8,22,0,cayley,21,4.999999999999996,4.999999999999997,0.0032017680059652776,0.0016146920097526163,dense_subset_laplacian,2.6645352591003757e-15,498689f21b740b6d832292d3d4c192098a1d3a17ae0a96f6b3fb4d4a904c9a3e,793b20f8f059fb7faee95dfb6551b80c452ad18a5135ed578eda69f355db7647
8,22,0,envelope,21,5.0,5.0,0.00011914300557691604,0.001613004002138041,envelope_formula,0.0,669026e3db2587d9abf2f9a6317d0e2abb0e82a4f8091540d82e51ae9838ed0c,a8e01e406ac216c3b546aef48c7356b02c743a4a78f68e29b765bcd739bf7c27
8,22,1,cayley,21,4.999999999999999,5.0,0.002975890995003283,0.0015961190074449405,dense_subset_laplacian,1.7763568394002505e-15,2a6cf696fb96206e65f354f4b55eab393405b2a24283d8291bdd8c8090d4bc64,b94414326992e02679eb9ae3f103189ef49e3b3b601e429e9a9cf8d0893fb48c
8,22,1,envelope,21,5.0,5.0,0.00011974100198131055,0.0016919259942369536,envelope_formula,0.0,669026e3db2587d9abf2f9a6317d0e2abb0e82a4f8091540d82e51ae9838ed0c,a8e01e406ac216c3b546aef48c7356b02c743a4a78f68e29b765bcd739bf7c27
8,22,2,cayley,21,4.999999999999996,4.999999999999997,0.0028578159981407225,0.0015950429951772094,dense_subset_laplacian,2.6645352591003757e-15,498689f21b740b6d832292d3d4c192098a1d3a17ae0a96f6b3fb4d4a904c9a3e,793b20f8f059fb7faee95dfb6551b80c452ad18a5135ed578eda69f355db7647
8,22,2,envelope,21,5.0,5.0,0.00012735300697386265,0.001621581002837047,envelope_formula,0.0,669026e3db2587d9abf2f9a6317d0e2abb0e82a4f8091540d82e51ae9838ed0c,a8e01e406ac216c3b546aef48c7356b02c743a4a78f68e29b765bcd739bf7c27
8,22,3,cayley,21,4.999999999999996,4.999999999999997,0.0027233510045334697,0.0016095980099635199,dense_subset_laplacian,2.6645352591003757e-15,498689f21b740b6d832292d3d4c192098a1d3a17ae0a96f6b3fb4d4a904c9a3e,793b20f8f059fb7faee95dfb6551b80c452ad18a5135ed578eda69f355db7647
8,22,3,envelope,21,5.0,5.0,0.00011946000449825078,0.001611493993550539,envelope_formula,0.0,669026e3db2587d9abf2f9a6317d0e2abb0e82a4f8091540d82e51ae9838ed0c,a8e01e406ac216c3b546aef48c7356b02c743a4a78f68e29b765bcd739bf7c27
8,22,4,cayley,21,4.999999999999997,4.999999999999997,0.003009781998116523,0.0016017160087358207,dense_subset_laplacian,8.881784197001252e-16,1ab67808480198d7977fc615da833c8eb6da5daa4b156b1f512c983614d08953,fec4daa253b504ff91b74b95d730df540055cdd16b4d6768da0b0bbd1c3a2ae6
8,22,4,envelope,21,5.0,5.0,0.00011982400610577315,0.0016105510003399104,envelope_formula,0.0,669026e3db2587d9abf2f9a6317d0e2abb0e82a4f8091540d82e51ae9838ed0c,a8e01e406ac216c3b546aef48c7356b02c743a4a78f68e29b765bcd739bf7c27
8,23,0,envelope,21,5.0,4.9999999999999964,0.00020140199922025204,0.0022402530012186617,envelope_formula,3.552713678800501e-15,669026e3db2587d9abf2f9a6317d0e2abb0e82a4f8091540d82e51ae9838ed0c,0357f202f45de86dff2277a761cdb6a5acc2e9e2cd4f641266832dec51378428
8,23,1,envelope,21,5.0,4.9999999999999964,0.00014273799024522305,0.002245383002446033,envelope_formula,3.552713678800501e-15,669026e3db2587d9abf2f9a6317d0e2abb0e82a4f8091540d82e51ae9838ed0c,0357f202f45de86dff2277a761cdb6a5acc2e9e2cd4f641266832dec51378428
8,23,2,envelope,21,5.0,4.9999999999999964,0.00014750500849913806,0.002235243999166414,envelope_formula,3.552713678800501e-15,669026e3db2587d9abf2f9a6317d0e2abb0e82a4f8091540d82e51ae9838ed0c,0357f202f45de86dff2277a761cdb6a5acc2e9e2cd4f641266832dec51378428
8,23,3,envelope,21,5.0,4.9999999999999964,0.00014465699496213347,0.0022507940011564642,envelope_formula,3.552713678800501e-15,669026e3db2587d9abf2f9a6317d0e2abb0e82a4f8091540d82e51ae9838ed0c,0357f202f45de86dff2277a761cdb6a5acc2e9e2cd4f641266832dec51378428
8,23,4,envelope,21,5.0,4.9999999999999964,0.0001489100104663521,0.0022478299943031743,envelope_formula,3.552713678800501e-15,669026e3db2587d9abf2f9a6317d0e2abb0e82a4f8091540d82e51ae9838ed0c,0357f202f45de86dff2277a761cdb6a5acc2e9e2cd4f641266832dec51378428
8,24,0,envelope,24,6.0,6.000000000000002,0.000151758998981677,0.00024624000070616603,envelope_formula,9.769962616701378e-15,1f63dad2f94849cc4fc2e005e9ddb045953516a0bb6f13b1b0bd5cf928b4b60c,1f63dad2f94849cc4fc2e005e9ddb045953516a0bb6f13b1b0bd5cf928b4b60c
8,24,1,envelope,24,6.0,6.000000000000002,0.00014780499623157084,0.00023638799029868096,envelope_formula,9.769962616701378e-15,1f63dad2f94849cc4fc2e005e9ddb045953516a0bb6f13b1b0bd5cf928b4b60c,1f63dad2f94849cc4fc2e005e9ddb045953516a0bb6f13b1b0bd5cf928b4b60c
8,24,2,envelope,24,6.0,6.000000000000002,0.00014847000420559198,0.0002525870077079162,envelope_formula,9.769962616701378e-15,1f63dad2f94849cc4fc2e005e9ddb045953516a0bb6f13b1b0bd5cf928b4b60c,1f63dad2f94849cc4fc2e005e9ddb045953516a0bb6f13b1b0bd5cf928b4b60c
8,24,3,envelope,24,6.0,6.000000000000002,0.0001460390049032867,0.00023358999169431627,envelope_formula,9.769962616701378e-15,1f63dad2f94849cc4fc2e005e9ddb045953516a0bb6f13b1b0bd5cf928b4b60c,1f63dad2f94849cc4fc2e005e9ddb045953516a0bb6f13b1b0bd5cf928b4b60c
8,24,4,envelope,24,6.0,6.000000000000002,0.00014968299365136772,0.00025286800519097596,envelope_formula,9.769962616701378e-15,1f63dad2f94849cc4fc2e005e9ddb045953516a0bb6f13b1b0bd5cf928b4b60c,1f63dad2f94849cc4fc2e005e9ddb045953516a0bb6f13b1b0bd5cf928b4b60c
8,25,0,envelope,24,6.0,5.999999999999994,0.00014498300151899457,0.0015895800024736673,envelope_formula,4.440892098500626e-15,1f63dad2f94849cc4fc2e005e9ddb045953516a0bb6f13b1b0bd5cf928b4b60c,cdca29d49a134580e6c06c3cef0b6cb26a57e8e8bc90c3debaa9d3ace7e44678
8,25,1,envelope,24,6.0,5.999999999999994,0.00015298300422728062,0.0015987679944373667,envelope_formula,4.440892098500626e-15,1f63dad2f94849cc4fc2e005e9ddb045953516a0bb6f13b1b0bd5cf928b4b60c,cdca29d49a134580e6c06c3cef0b6cb26a57e8e8bc90c3debaa9d3ace7e44678
8,25,2,envelope,24,6.0,5.999999999999994,0.0001531529997009784,0.001581400996656157,envelope_formula,4.440892098500626e-15,1f63dad2f94849cc4fc2e005e9ddb045953516a0bb6f13b1b0bd5cf928b4b60c,cdca29d49a134580e6c06c3cef0b6cb26a57e8e8bc90c3debaa9d3ace7e44678
8,25,3,envelope,24,6.0,5.999999999999994,0.000150581996422261,0.0015855670062592253,envelope_formula,4.440892098500626e-15,1f63dad2f94849cc4fc2e005e9ddb045953516a0bb6f13b1b0bd5cf928b4b60c,cdca29d49a134580e6c06c3cef0b6cb26a57e8e8bc90c3debaa9d3ace7e44678
8,25,4,envelope,24,6.0,5.999999999999994,0.00020660700101871043,0.0015905250038485974,envelope_formula,4.440892098500626e-15,1f63dad2f94849cc4fc2e005e9ddb045953516a0bb6f13b1b0bd5cf928b4b60c,cdca29d49a134580e6c06c3cef0b6cb26a57e8e8bc90c3debaa9d3ace7e44678
8,26,0,envelope,24,6.0,5.999999999999998,0.00015285800327546895,0.0023346459929598495,envelope_formula,4.440892098500626e-15,1f63dad2f94849cc4fc2e005e9ddb045953516a0bb6f13b1b0bd5cf928b4b60c,e487a075448bbeee0b38ca00667165f64c7422bf2c7888d70bcedbe516e34612
8,26,1,envelope,24,6.0,5.999999999999998,0.00015033700037747622,0.002229867997812107,envelope_formula,4.440892098500626e-15,1f63dad2f94849cc4fc2e005e9ddb045953516a0bb6f13b1b0bd5cf928b4b60c,e487a075448bbeee0b38ca00667165f64c7422bf2c7888d70bcedbe516e34612
8,26,2,envelope,24,6.0,5.999999999999998,0.0001494309981353581,0.002250233999802731,envelope_formula,4.440892098500626e-15,1f63dad2f94849cc4fc2e005e9ddb045953516a0bb6f13b1b0bd5cf928b4b60c,e487a075448bbeee0b38ca00667165f64c7422bf2c7888d70bcedbe516e34612
8,26,3,envelope,24,6.0,5.999999999999998,0.00015097200230229646,0.0022015709982952103,envelope_formula,4.440892098500626e-15,1f63dad2f94849cc4fc2e005e9ddb045953516a0bb6f13b1b0bd5cf928b4b60c,e487a075448bbeee0b38ca00667165f64c7422bf2c7888d70bcedbe516e34612
8,26,4,envelope,24,6.0,5.999999999999998,0.00015796998923178762,0.002216410997789353,envelope_formula,4.440892098500626e-15,1f63dad2f94849cc4fc2e005e9ddb045953516a0bb6f13b1b0bd5cf928b4b60c,e487a075448bbeee0b38ca00667165f64c7422bf2c7888d70bcedbe516e34612
8,27,0,envelope,24,6.0,6.000000000000001,0.00014986901078373194,0.0028185440023662522,envelope_formula,1.7763568394002505e-15,1f63dad2f94849cc4fc2e005e9ddb045953516a0bb6f13b1b0bd5cf928b4b60c,3b3db900303310762f220cbbcee8f960c7f2d8ea7110be855e90508e366bfb60
8,27,1,envelope,24,6.0,6.000000000000001,0.0001498609926784411,0.0028942949866177514,envelope_formula,1.7763568394002505e-15,1f63dad2f94849cc4fc2e005e9ddb045953516a0bb6f13b1b0bd5cf928b4b60c,3b3db900303310762f220cbbcee8f960c7f2d8ea7110be855e90508e366bfb60
8,27,2,envelope,24,6.0,6.000000000000001,0.00015429400082211941,0.002806504999171011,envelope_formula,1.7763568394002505e-15,1f63dad2f94849cc4fc2e005e9ddb045953516a0bb6f13b1b0bd5cf928b4b60c,3b3db900303310762f220cbbcee8f960c7f2d8ea7110be855e90508e366bfb60
8,27,3,envelope,24,6.0,6.000000000000001,0.00015033599629532546,0.0028288959874771535,envelope_formula,1.7763568394002505e-15,1f63dad2f94849cc4fc2e005e9ddb045953516a0bb6f13b1b0bd5cf928b4b60c,3b3db900303310762f220cbbcee8f960c7f2d8ea7110be855e90508e366bfb60
8,27,4,envelope,24,6.0,6.000000000000001,0.00015075100236572325,0.0028813640092266724,envelope_formula,1.7763568394002505e-15,1f63dad2f94849cc4fc2e005e9ddb045953516a0bb6f13b1b0bd5cf928b4b60c,3b3db900303310762f220cbbcee8f960c7f2d8ea7110be855e90508e366bfb60
16,16,0,envelope,15,1.0,0.9999999999999999,0.0001421819906681776,0.0021223490039119497,envelope_formula,8.881784197001252e-16,f4c5703b62f8a1768de805a18f7e289c534ce9cc6486f6edcef4e4221926a8dc,086e22132feb67b18e81423639b6d21688f371f87526e9a65443e79ad3192cb7
16,16,1,envelope,15,1.0,0.9999999999999999,0.0001766500063240528,0.0020486020075622946,envelope_formula,8.881784197001252e-16,f4c5703b62f8a1768de805a18f7e289c534ce9cc6486f6edcef4e4221926a8dc,086e22132feb67b18e81423639b6d21688f371f87526e9a65443e79ad3192cb7
16,16,2,envelope,15,1.0,0.9999999999999999,0.00014067399024497718,0.0021161420008866116,envelope_formula,8.881784197001252e-16,f4c5703b62f8a1768de805a18f7e289c534ce9cc6486f6edcef4e4221926a8dc,086e22132feb67b18e81423639b6d21688f371f87526e9a65443e79ad3192cb7
16,16,3,envelope,15,1.0,0.9999999999999999,0.00016600399976596236,0.00204296299489215,envelope_formula,8.881784197001252e-16,f4c5703b62f8a1768de805a18f7e289c534ce9cc6486f6edcef4e4221926a8dc,086e22132feb67b18e81423639b6d21688f371f87526e9a65443e79ad3192cb7
16,16,4,envelope,15,1.0,0.9999999999999999,0.0001412479905411601,0.002112007001414895,envelope_formula,8.881784197001252e-16,f4c5703b62f8a1768de805a18f7e289c534ce9cc6486f6edcef4e4221926a8dc,086e22132feb67b18e81423639b6d21688f371f87526e9a65443e79ad3192cb7
16,17,0,envelope,15,1.0,1.0000000000000002,0.0001722859888104722,0.0027733559982152656,envelope_formula,1.887379141862766e-15,f4c5703b62f8a1768de805a18f7e289c534ce9cc6486f6edcef4e4221926a8dc,96fb96f107b18d20c488fe0675a5d9619e5a6e9e87d9cf5ad1c5fac072cde9e4
16,17,1,envelope,15,1.0,1.0000000000000002,0.00017582200234755874,0.0028744129958795384,envelope_formula,1.887379141862766e-15,f4c5703b62f8a1768de805a18f7e289c534ce9cc6486f6edcef4e4221926a8dc,96fb96f107b18d20c488fe0675a5d9619e5a6e9e87d9cf5ad1c5fac072cde9e4
16,17,2,envelope,15,1.0,1.0000000000000002,0.00024583699996583164,0.002837196007021703,envelope_formula,1.887379141862766e-15,f4c5703b62f8a1768de805a18f7e289c534ce9cc6486f6edcef4e4221926a8dc,96fb96f107b18d20c488fe0675a5d9619e5a6e9e87d9cf5ad1c5fac072cde9e4
16,17,3,envelope,15,1.0,1.0000000000000002,0.00016383599722757936,0.0028761700086761266,envelope_formula,1.887379141862766e-15,f4c5703b62f8a1768de805a18f7e289c534ce9cc6486f6edcef4e4221926a8dc,96fb96f107b18d20c488fe0675a5d9619e5a6e9e87d9cf5ad1c5fac072cde9e4
16,17,4,envelope,15,1.0,1.0000000000000002,0.00017321499763056636,0.0027820469986181706,envelope_formula,1.887379141862766e-15,f4c5703b62f8a1768de805a18f7e289c534ce9cc6486f6edcef4e4221926a8dc,96fb96f107b18d20c488fe0675a5d9619e5a6e9e87d9cf5ad1c5fac072cde9e4
16,18,0,envelope,15,1.0,0.9999999999999999,0.00016447101370431483,0.0036400669923750684,envelope_formula,6.661338147750939e-16,f4c5703b62f8a1768de805a18f7e289c534ce9cc6486f6edcef4e4221926a8dc,4e3f1af5619c7218672a309dda4c5e8f551475071dbc246f407595c0d46e5212
16,18,1,envelope,15,1.0,0.9999999999999999,0.00016711100761312991,0.003492042000289075,envelope_formula,6.661338147750939e-16,f4c5703b62f8a1768de805a18f7e289c534ce9cc6486f6edcef4e4221926a8dc,4e3f1af5619c7218672a309dda4c5e8f551475071dbc246f407595c0d46e5212
16,18,2,envelope,15,1.0,0.9999999999999999,0.0001720830041449517,0.0035594810033217072,envelope_formula,6.661338147750939e-16,f4c5703b62f8a1768de805a18f7e289c534ce9cc6486f6edcef4e4221926a8dc,4e3f1af5619c7218672a309dda4c5e8f551475071dbc246f407595c0d46e5212
16,18,3,envelope,15,1.0,0.9999999999999999,0.00017471698811277747,0.0035091709869448096,envelope_formula,6.661338147750939e-16,f4c5703b62f8a1768de805a18f7e289c534ce9cc6486f6edcef4e4221926a8dc,4e3f1af5619c7218672a309dda4c5e8f551475071dbc246f407595c0d46e5212
16,18,4,envelope,15,1.0,0.9999999999999999,0.00016303300799336284,0.003615405992604792,envelope_formula,6.661338147750939e-16,f4c5703b62f8a1768de805a18f7e289c534ce9cc6486f6edcef4e4221926a8dc,4e3f1af5619c7218672a309dda4c5e8f551475071dbc246f407595c0d46e5212
16,19,0,envelope,15,1.0,0.9999999999999999,0.00017599599959794432,0.004217212001094595,envelope_formula,1.9984014443252818e-15,f4c5703b62f8a1768de805a18f7e289c534ce9cc6486f6edcef4e4221926a8dc,aa525891d9bff75732919121f01290251b17b888519b52d455b4cc46c21b9c8d
16,19,1,envelope,15,1.0,0.9999999999999999,0.00016444300126750022,0.004311733995564282,envelope_formula,1.9984014443252818e-15,f4c5703b62f8a1768de805a18f7e289c534ce9cc6486f6edcef4e4221926a8dc,aa525891d9bff75732919121f01290251b17b888519b52d455b4cc46c21b9c8d
16,19,2,envelope,15,1.0,0.9999999999999999,0.00016858300659805536,0.004176473987172358,envelope_formula,1.9984014443252818e-15,f4c5703b62f8a1768de805a18f7e289c534ce9cc6486f6edcef4e4221926a8dc,aa525891d9bff75732919121f01290251b17b888519b52d455b4cc46c21b9c8d
16,19,3,envelope,15,1.0,0.9999999999999999,0.0001663879957050085,0.00417272699996829,envelope_formula,1.9984014443252818e-15,f4c5703b62f8a1768de805a18f7e289c534ce9cc6486f6edcef4e4221926a8dc,aa525891d9bff75732919121f01290251b17b888519b52d455b4cc46c21b9c8d
16,19,4,envelope,15,1.0,0.9999999999999999,0.0002412160101812333,0.004168309998931363,envelope_formula,1.9984014443252818e-15,f4c5703b62f8a1768de805a18f7e289c534ce9cc6486f6edcef4e4221926a8dc,aa525891d9bff75732919121f01290251b17b888519b52d455b4cc46c21b9c8d
16,20,0,envelope,15,1.0,1.0,0.00017242899048142135,0.0048464200081070885,envelope_formula,1.2212453270876722e-15,f4c5703b62f8a1768de805a18f7e289c534ce9cc6486f6edcef4e4221926a8dc,b222d647e0b20da0e7e6a9591d74bb5d274e6c6a170ec5e8f61cae53ec4bd986
16,20,1,envelope,15,1.0,1.0,0.0001647360040806234,0.004779216003953479,envelope_formula,1.2212453270876722e-15,f4c5703b62f8a1768de805a18f7e289c534ce9cc6486f6edcef4e4221926a8dc,b222d647e0b20da0e7e6a9591d74bb5d274e6c6a170ec5e8f61cae53ec4bd986
16,20,2,envelope,15,1.0,1.0,0.00016449000395368785,0.004935734992614016,envelope_formula,1.2212453270876722e-15,f4c5703b62f8a1768de805a18f7e289c534ce9cc6486f6edcef4e4221926a8dc,b222d647e0b20da0e7e6a9591d74bb5d274e6c6a170ec5e8f61cae53ec4bd986
16,20,3,envelope,15,1.0,1.0,0.00016405100177507848,0.004840901994612068,envelope_formula,1.2212453270876722e-15,f4c5703b62f8a1768de805a18f7e289c534ce9cc6486f6edcef4e4221926a8dc,b222d647e0b20da0e7e6a9591d74bb5d274e6c6a170ec5e8f61cae53ec4bd986
16,20,4,envelope,15,1.0,1.0,0.00017419499636162072,0.005034444999182597,envelope_formula,1.2212453270876722e-15,f4c5703b62f8a1768de805a18f7e289c534ce9cc6486f6edcef4e4221926a8dc,b222d647e0b20da0e7e6a9591d74bb5d274e6c6a170ec5e8f61cae53ec4bd986
16,21,0,envelope,15,1.0,0.9999999999999983,0.00014009200094733387,0.005649508006172255,envelope_formula,7.771561172376096e-16,f4c5703b62f8a1768de805a18f7e289c534ce9cc6486f6edcef4e4221926a8dc,3f493ba9918552f5e93b7608940d3b226b5a3ef28df4753dc04ce7443472f574
16,21,1,envelope,15,1.0,0.9999999999999983,0.00014101101260166615,0.005607694998616353,envelope_formula,7.771561172376096e-16,f4c5703b62f8a1768de805a18f7e289c534ce9cc6486f6edcef4e4221926a8dc,3f493ba9918552f5e93b7608940d3b226b5a3ef28df4753dc04ce7443472f574
16,21,2,envelope,15,1.0,0.9999999999999983,0.00014736400044057518,0.00566787899879273,envelope_formula,7.771561172376096e-16,f4c5703b62f8a1768de805a18f7e289c534ce9cc6486f6edcef4e4221926a8dc,3f493ba9918552f5e93b7608940d3b226b5a3ef28df4753dc04ce7443472f574
16,21,3,envelope,15,1.0,0.9999999999999983,0.00013913700240664184,0.005563641010667197,envelope_formula,7.771561172376096e-16,f4c5703b62f8a1768de805a18f7e289c534ce9cc6486f6edcef4e4221926a8dc,3f493ba9918552f5e93b7608940d3b226b5a3ef28df4753dc04ce7443472f574
16,21,4,envelope,15,1.0,0.9999999999999983,0.00014055900101084262,0.005598753996309824,envelope_formula,7.771561172376096e-16,f4c5703b62f8a1768de805a18f7e289c534ce9cc6486f6edcef4e4221926a8dc,3f493ba9918552f5e93b7608940d3b226b5a3ef28df4753dc04ce7443472f574
16,22,0,envelope,15,1.0,1.0000000000000002,0.00013803300680592656,0.006319412001175806,envelope_formula,8.881784197001252e-16,f4c5703b62f8a1768de805a18f7e289c534ce9cc6486f6edcef4e4221926a8dc,33e5dd31b96dd66083e800e37d51a294fe9ed5df324ff3295ebd6cc521d1db1f
16,22,1,envelope,15,1.0,1.0000000000000002,0.00013688299804925919,0.006396181008312851,envelope_formula,8.881784197001252e-16,f4c5703b62f8a1768de805a18f7e289c534ce9cc6486f6edcef4e4221926a8dc,33e5dd31b96dd66083e800e37d51a294fe9ed5df324ff3295ebd6cc521d1db1f
16,22,2,envelope,15,1.0,1.0000000000000002,0.00013852599659003317,0.006282029004069045,envelope_formula,8.881784197001252e-16,f4c5703b62f8a1768de805a18f7e289c534ce9cc6486f6edcef4e4221926a8dc,33e5dd31b96dd66083e800e37d51a294fe9ed5df324ff3295ebd6cc521d1db1f
16,22,3,envelope,15,1.0,1.0000000000000002,0.00013820700405631214,0.006213063999894075,envelope_formula,8.881784197001252e-16,f4c5703b62f8a1768de805a18f7e289c534ce9cc6486f6edcef4e4221926a8dc,33e5dd31b96dd66083e800e37d51a294fe9ed5df324ff3295ebd6cc521d1db1f
16,22,4,envelope,15,1.0,1.0000000000000002,0.00013854099961463362,0.006309084012173116,envelope_formula,8.881784197001252e-16,f4c5703b62f8a1768de805a18f7e289c534ce9cc6486f6edcef4e4221926a8dc,33e5dd31b96dd66083e800e37d51a294fe9ed5df324ff3295ebd6cc521d1db1f
16,23,0,envelope,15,1.0,0.9999999999999996,0.00013885999214835465,0.0070565100031672046,envelope_formula,5.551115123125783e-16,f4c5703b62f8a1768de805a18f7e289c534ce9cc6486f6edcef4e4221926a8dc,8dc85689b0a8a4af67a5292bf928be9133e8fb486dedcf30bfb42a33bf5980d6
16,23,1,envelope,15,1.0,0.9999999999999996,0.00013875099830329418,0.007018716001766734,envelope_formula,5.551115123125783e-16,f4c5703b62f8a1768de805a18f7e289c534ce9cc6486f6edcef4e4221926a8dc,8dc85689b0a8a4af67a5292bf928be9133e8fb486dedcf30bfb42a33bf5980d6
16,23,2,envelope,15,1.0,0.9999999999999996,0.00013837699953000993,0.007054162997519597,envelope_formula,5.551115123125783e-16,f4c5703b62f8a1768de805a18f7e289c534ce9cc6486f6edcef4e4221926a8dc,8dc85689b0a8a4af67a5292bf928be9133e8fb486dedcf30bfb42a33bf5980d6
16,23,3,envelope,15,1.0,0.9999999999999996,0.00013885599037166685,0.007025689003057778,envelope_formula,5.551115123125783e-16,f4c5703b62f8a1768de805a18f7e289c534ce9cc6486f6edcef4e4221926a8dc,8dc85689b0a8a4af67a5292bf928be9133e8fb486dedcf30bfb42a33bf5980d6
16,23,4,envelope,15,1.0,0.9999999999999996,0.00014050300524104387,0.006944110995391384,envelope_formula,5.551115123125783e-16,f4c5703b62f8a1768de805a18f7e289c534ce9cc6486f6edcef4e4221926a8dc,8dc85689b0a8a4af67a5292bf928be9133e8fb486dedcf30bfb42a33bf5980d6
16,24,0,cayley,24,0.7639320225002102,0.7639320225002104,0.0026421770016895607,0.00029544701101258397,character_semidihedral_no_delete,2.6645352591003757e-15,50f2c3750639afa872b8f310b1b53d45b6ee350d4d8d604d84865de210b79792,50f2c3750639afa872b8f310b1b53d45b6ee350d4d8d604d84865de210b79792
16,24,0,envelope,15,1.0,0.9999999999999999,0.00011970900231972337,0.007639752002432942,envelope_formula,4.440892098500626e-16,f4c5703b62f8a1768de805a18f7e289c534ce9cc6486f6edcef4e4221926a8dc,575f6a9f6b8587427645124dc6a6c53abdcfa66df9cdcba1d03880051cefa34f
16,24,1,cayley,24,0.7639320225002102,0.7639320225002089,0.0026195499958703294,0.0002949030022136867,character_semidihedral_no_delete,5.551115123125783e-16,32f7c981f1343b42f6be382cbc1887dc4b3b8be13e680b45440c50058d4458c9,32f7c981f1343b42f6be382cbc1887dc4b3b8be13e680b45440c50058d4458c9
16,24,1,envelope,15,1.0,0.9999999999999999,0.00011718799942173064,0.007583673999761231,envelope_formula,4.440892098500626e-16,f4c5703b62f8a1768de805a18f7e289c534ce9cc6486f6edcef4e4221926a8dc,575f6a9f6b8587427645124dc6a6c53abdcfa66df9cdcba1d03880051cefa34f
16,24,2,cayley,24,0.7639320225002102,0.7639320225002104,0.002669537003384903,0.0002936229866463691,character_semidihedral_no_delete,2.6645352591003757e-15,50f2c3750639afa872b8f310b1b53d45b6ee350d4d8d604d84865de210b79792,50f2c3750639afa872b8f310b1b53d45b6ee350d4d8d604d84865de210b79792
16,24,2,envelope,15,1.0,0.9999999999999999,0.00011822700616903603,0.007661729003302753,envelope_formula,4.440892098500626e-16,f4c5703b62f8a1768de805a18f7e289c534ce9cc6486f6edcef4e4221926a8dc,575f6a9f6b8587427645124dc6a6c53abdcfa66df9cdcba1d03880051cefa34f
16,24,3,cayley,24,0.7639320225002102,0.7639320225002095,0.002577767998445779,0.00029240400181151927,character_semidihedral_no_delete,1.7763568394002505e-15,0b0b8465dc11f723e5d11bec50c68d8e7e97898a8e6b867be8fcb897c0ddc039,0b0b8465dc11f723e5d11bec50c68d8e7e97898a8e6b867be8fcb897c0ddc039
16,24,3,envelope,15,1.0,0.9999999999999999,0.00011849300062749535,0.007638384005986154,envelope_formula,4.440892098500626e-16,f4c5703b62f8a1768de805a18f7e289c534ce9cc6486f6edcef4e4221926a8dc,575f6a9f6b8587427645124dc6a6c53abdcfa66df9cdcba1d03880051cefa34f
16,24,4,cayley,24,0.7639320225002102,0.7639320225002089,0.002632999006891623,0.00029302199254743755,character_semidihedral_no_delete,3.3306690738754696e-16,0e31130e6d7d93d80cae690d00ea20f2cc2d58ec659e9153c39571119f2ebff6,0e31130e6d7d93d80cae690d00ea20f2cc2d58ec659e9153c39571119f2ebff6
16,24,4,envelope,15,1.0,0.9999999999999999,0.00011937700037378818,0.00773788800870534,envelope_formula,4.440892098500626e-16,f4c5703b62f8a1768de805a18f7e289c534ce9cc6486f6edcef4e4221926a8dc,575f6a9f6b8587427645124dc6a6c53abdcfa66df9cdcba1d03880051cefa34f
16,25,0,cayley,24,0.7639320225002102,0.7639320225002106,0.0025506600068183616,0.0021272040030453354,character_semidihedral_no_delete,2.220446049250313e-16,50f2c3750639afa872b8f310b1b53d45b6ee350d4d8d604d84865de210b79792,086ab1f9acbb464ef5a96bbcdfb738ec8b24ebffa8ee0abb89027655dd6a553e
16,25,0,envelope,15,1.0,0.9999999999999994,0.00011814199388027191,0.008534969005268067,envelope_formula,2.220446049250313e-16,f4c5703b62f8a1768de805a18f7e289c534ce9cc6486f6edcef4e4221926a8dc,619fb48420993e6e3909acacb02ec0fa31d02208af42c65c5bb9b0386124f70c
16,25,1,cayley,24,0.7639320225002102,0.7639320225002117,0.0026346069935243577,0.002155929003492929,character_semidihedral_no_delete,1.5543122344752192e-15,32f7c981f1343b42f6be382cbc1887dc4b3b8be13e680b45440c50058d4458c9,5ad93381219ca281eb479b7223d51c288454ec0dfc922b7fd8efef8010aa0bac
16,25,1,envelope,15,1.0,0.9999999999999994,0.00018490900401957333,0.008461233010166325,envelope_formula,2.220446049250313e-16,f4c5703b62f8a1768de805a18f7e289c534ce9cc6486f6edcef4e4221926a8dc,619fb48420993e6e3909acacb02ec0fa31d02208af42c65c5bb9b0386124f70c
16,25,2,cayley,24,0.7639320225002102,0.7639320225002106,0.0025505950034130365,0.0021205630037002265,character_semidihedral_no_delete,2.220446049250313e-16,50f2c3750639afa872b8f310b1b53d45b6ee350d4d8d604d84865de210b79792,086ab1f9acbb464ef5a96bbcdfb738ec8b24ebffa8ee0abb89027655dd6a553e
16,25,2,envelope,15,1.0,0.9999999999999994,0.00011642699246294796,0.008313917991472408,envelope_formula,2.220446049250313e-16,f4c5703b62f8a1768de805a18f7e289c534ce9cc6486f6edcef4e4221926a8dc,619fb48420993e6e3909acacb02ec0fa31d02208af42c65c5bb9b0386124f70c
16,25,3,cayley,24,0.7639320225002102,0.7639320225002102,0.00265256900456734,0.002138260009814985,character_semidihedral_no_delete,1.1102230246251565e-15,0b0b8465dc11f723e5d11bec50c68d8e7e97898a8e6b867be8fcb897c0ddc039,a2ff8afec17b75607314e7ffb81e40b1b99198396fd6ee8144d12ef1973c6581
16,25,3,envelope,15,1.0,0.9999999999999994,0.00011874099436681718,0.008374698998522945,envelope_formula,2.220446049250313e-16,f4c5703b62f8a1768de805a18f7e289c534ce9cc6486f6edcef4e4221926a8dc,619fb48420993e6e3909acacb02ec0fa31d02208af42c65c5bb9b0386124f70c
16,25,4,cayley,24,0.7639320225002102,0.7639320225002111,0.0025516220048302785,0.0021239890047581866,character_semidihedral_no_delete,6.661338147750939e-16,0e31130e6d7d93d80cae690d00ea20f2cc2d58ec659e9153c39571119f2ebff6,e03f6482804dee10405b115a4284500616ad5a4f0dd5f84259ef0ecd26197128
16,25,4,envelope,15,1.0,0.9999999999999994,0.00011801900109276175,0.008407903995248489,envelope_formula,2.220446049250313e-16,f4c5703b62f8a1768de805a18f7e289c534ce9cc6486f6edcef4e4221926a8dc,619fb48420993e6e3909acacb02ec0fa31d02208af42c65c5bb9b0386124f70c
16,26,0,cayley,24,0.7639320225002102,0.8972249509033587,0.00265367999963928,0.0028455190040403977,character_semidihedral_no_delete,8.881784197001252e-16,50f2c3750639afa872b8f310b1b53d45b6ee350d4d8d604d84865de210b79792,1a112c7cb13314eec96254ade2cd9c7a25903e7ab2ec28639954031a344dc674
16,26,1,cayley,24,0.7639320225002102,0.8972249509033612,0.0026437909982632846,0.0028579200006788597,character_semidihedral_no_delete,3.1086244689504383e-15,32f7c981f1343b42f6be382cbc1887dc4b3b8be13e680b45440c50058d4458c9,2433264926b409c172c4f6b38626308a0cca58263d04d72d46ec52f4b06702ab
16,26,2,cayley,24,0.7639320225002102,0.8972249509033587,0.002648295005201362,0.002853950994904153,character_semidihedral_no_delete,8.881784197001252e-16,50f2c3750639afa872b8f310b1b53d45b6ee350d4d8d604d84865de210b79792,1a112c7cb13314eec96254ade2cd9c7a25903e7ab2ec28639954031a344dc674
16,26,3,cayley,24,0.7639320225002102,0.8972249509033585,0.002611137999338098,0.0028912859997944906,character_semidihedral_no_delete,1.1102230246251565e-16,0b0b8465dc11f723e5d11bec50c68d8e7e97898a8e6b867be8fcb897c0ddc039,87cefd61a0ce10618790bd696f8d95e919c696ea8d6397bb7d1b1ad6e0943d13
16,26,4,cayley,24,0.7639320225002102,0.8972249509033585,0.002691063011297956,0.002819033994455822,character_semidihedral_no_delete,1.2212453270876722e-15,0e31130e6d7d93d80cae690d00ea20f2cc2d58ec659e9153c39571119f2ebff6,a71238e91b6ce594584b553124f7deabc7dfef0507bd97b996423f4f334571f3
16,27,0,cayley,24,0.7639320225002102,1.0403114611891295,0.002594470002804883,0.003456703998381272,character_semidihedral_no_delete,4.440892098500626e-16,50f2c3750639afa872b8f310b1b53d45b6ee350d4d8d604d84865de210b79792,61ec554dfa6caa46c30ef58df0b4de7a6d033d76f35b08e3f9341142d9f6a07a
16,27,1,cayley,24,0.7639320225002102,1.0403114611891304,0.002634945005411282,0.0036000090040033683,character_semidihedral_no_delete,4.440892098500626e-16,32f7c981f1343b42f6be382cbc1887dc4b3b8be13e680b45440c50058d4458c9,6dd8da137d060d73a81db2595aa7e0ac34ec85c045917d04d0313a120e1539c1
16,27,2,cayley,24,0.7639320225002102,1.0403114611891295,0.0025926289963535964,0.00355882199073676,character_semidihedral_no_delete,4.440892098500626e-16,50f2c3750639afa872b8f310b1b53d45b6ee350d4d8d604d84865de210b79792,61ec554dfa6caa46c30ef58df0b4de7a6d033d76f35b08e3f9341142d9f6a07a
16,27,3,cayley,24,0.7639320225002102,1.0403114611891278,0.002637808007420972,0.0035600840055849403,character_semidihedral_no_delete,1.9984014443252818e-15,0b0b8465dc11f723e5d11bec50c68d8e7e97898a8e6b867be8fcb897c0ddc039,47e8d070d9a3ebb202d4bc1135aef343befa181450114bf498f2beaf2e8660c7
16,27,4,cayley,24,0.7639320225002102,1.0403114611891287,0.0025911390112014487,0.0035586269950727,character_semidihedral_no_delete,0.0,0e31130e6d7d93d80cae690d00ea20f2cc2d58ec659e9153c39571119f2ebff6,755ced2417b0f514790fab0c5936ef6243b6a4fd878871aa979f535638b2ff65
16,28,0,cayley,24,0.7639320225002102,1.5505102572168221,0.0026537740050116554,0.004298948013456538,character_semidihedral_no_delete,2.220446049250313e-16,50f2c3750639afa872b8f310b1b53d45b6ee350d4d8d604d84865de210b79792,9ad7a2a0cfbfe15016e0ce78164fd3178021604d2a90748624c62ec79877de2e
16,28,1,cayley,24,0.7639320225002102,1.5505102572168217,0.0026359079929534346,0.004209098988212645,character_semidihedral_no_delete,0.0,32f7c981f1343b42f6be382cbc1887dc4b3b8be13e680b45440c50058d4458c9,03160838762c8295a1db62442dace0df0ba01ef0fdc72e71ff4b3a0bd811a50f
16,28,2,cayley,24,0.7639320225002102,1.5505102572168221,0.002633096999488771,0.004175349997240119,character_semidihedral_no_delete,2.220446049250313e-16,50f2c3750639afa872b8f310b1b53d45b6ee350d4d8d604d84865de210b79792,9ad7a2a0cfbfe15016e0ce78164fd3178021604d2a90748624c62ec79877de2e
16,28,3,cayley,24,0.7639320225002102,1.5505102572168208,0.0026151130005018786,0.004187148995697498,character_semidihedral_no_delete,6.661338147750939e-16,0b0b8465dc11f723e5d11bec50c68d8e7e97898a8e6b867be8fcb897c0ddc039,74736094b05ebb1f994a83ca4b31711121457949c0dcee5ce0ed569cf2c4ecaa
16,28,4,cayley,24,0.7639320225002102,1.5505102572168212,0.0027139329904457554,0.004306802002247423,character_semidihedral_no_delete,0.0,0e31130e6d7d93d80cae690d00ea20f2cc2d58ec659e9153c39571119f2ebff6,9ae0fe3c8bee6b66f22679d2abd81b1be4c6d68e9d6aa97ff38498a09f1638b0
16,30,0,cayley,24,0.7639320225002102,1.8592679335164015,0.0026312900008633733,0.005624491997878067,character_semidihedral_no_delete,1.5543122344752192e-15,50f2c3750639afa872b8f310b1b53d45b6ee350d4d8d604d84865de210b79792,9d60b9ed4e1e9a49a2f914dc3f1c566f5469b99710764ce11345c4ba30b15c2a
16,30,1,cayley,24,0.7639320225002102,1.575590774621574,0.0026262780011165887,0.00561382200976368,character_semidihedral_no_delete,1.5543122344752192e-15,32f7c981f1343b42f6be382cbc1887dc4b3b8be13e680b45440c50058d4458c9,23bdbdf2418364d8ba27d5d67d4a201da96e4421f2105f9ea1bf4b4beb457891
16,30,2,cayley,24,0.7639320225002102,1.8592679335164015,0.002629882001201622,0.00566062999132555,character_semidihedral_no_delete,1.5543122344752192e-15,50f2c3750639afa872b8f310b1b53d45b6ee350d4d8d604d84865de210b79792,9d60b9ed4e1e9a49a2f914dc3f1c566f5469b99710764ce11345c4ba30b15c2a
16,30,3,cayley,24,0.7639320225002102,1.575590774621575,0.002609445000416599,0.005538284996873699,character_semidihedral_no_delete,1.9984014443252818e-15,0b0b8465dc11f723e5d11bec50c68d8e7e97898a8e6b867be8fcb897c0ddc039,f4d3af8a881e0d09c5f196056d742fc014835ba251a3edc0a4bdc4d01d06d99a
16,30,4,cayley,24,0.7639320225002102,1.5755907746215736,0.002647992005222477,0.0056684579903958365,character_semidihedral_no_delete,4.440892098500626e-16,0e31130e6d7d93d80cae690d00ea20f2cc2d58ec659e9153c39571119f2ebff6,3924088193425ce0f488316d9b0662cf1610f5e7ce9f215879c3f5a8848d34db
16,31,0,cayley,24,0.7639320225002102,1.5761428271760716,0.002606726993690245,0.0062334250105777755,character_semidihedral_no_delete,4.440892098500626e-16,50f2c3750639afa872b8f310b1b53d45b6ee350d4d8d604d84865de210b79792,0ff24a84e8c0b2cfb045768c8ad6cedf63817bfa83bd30bb5bec4d4405a680c0
16,31,1,cayley,24,0.7639320225002102,1.634805763726345,0.002699838994885795,0.006237676003365777,character_semidihedral_no_delete,6.661338147750939e-16,32f7c981f1343b42f6be382cbc1887dc4b3b8be13e680b45440c50058d4458c9,a59bd214fde1a7afe615323540388870be1e01ee058e3e10f68500c50a296338
16,31,2,cayley,24,0.7639320225002102,1.5761428271760716,0.0026307929947506636,0.006276478001382202,character_semidihedral_no_delete,4.440892098500626e-16,50f2c3750639afa872b8f310b1b53d45b6ee350d4d8d604d84865de210b79792,0ff24a84e8c0b2cfb045768c8ad6cedf63817bfa83bd30bb5bec4d4405a680c0
16,31,3,cayley,24,0.7639320225002102,1.5761428271760716,0.002681233992916532,0.006236757995793596,character_semidihedral_no_delete,1.7763568394002505e-15,0b0b8465dc11f723e5d11bec50c68d8e7e97898a8e6b867be8fcb897c0ddc039,92286d4067f077f286aa299547dd57d09ad98c7612fcdac354f15f50ad69733d
16,31,4,cayley,24,0.7639320225002102,1.5761428271760716,0.0026778460014611483,0.006271869991905987,character_semidihedral_no_delete,8.881784197001252e-16,0e31130e6d7d93d80cae690d00ea20f2cc2d58ec659e9153c39571119f2ebff6,6f40a3f15e9caf0545b8ba5369e756823405fe09ca3708e5b7331bd867be4759
16,32,0,cayley,32,2.0,1.9999999999999987,0.002692663998459466,0.00030495799728669226,character_semidihedral_no_delete,2.6645352591003757e-15,9fc4eb1ee1a7fe23ae32cdb32945fb7b44c8f2014c61fe584b1a55bb10703827,9fc4eb1ee1a7fe23ae32cdb32945fb7b44c8f2014c61fe584b1a55bb10703827
16,32,1,cayley,32,2.0,1.9999999999999996,0.002723151003010571,0.00026463999529369175,character_semidihedral_no_delete,0.0,1d1bc27a3d0fa9084663e5ca20f10b16387c570dd7f1d9f1dff4cdb6a0a6c5cf,1d1bc27a3d0fa9084663e5ca20f10b16387c570dd7f1d9f1dff4cdb6a0a6c5cf
16,32,2,cayley,32,2.0,1.9999999999999982,0.002730713997152634,0.0002889720053644851,character_semidihedral_no_delete,1.7763568394002505e-15,e77f2ffb35e88a40dc1cc4369879b0f3fbb8e40cd95e64d06ef9cbcf96a698d9,e77f2ffb35e88a40dc1cc4369879b0f3fbb8e40cd95e64d06ef9cbcf96a698d9
16,32,3,cayley,32,2.0,1.9999999999999987,0.002680505989701487,0.0002858340012608096,character_semidihedral_no_delete,2.6645352591003757e-15,9fc4eb1ee1a7fe23ae32cdb32945fb7b44c8f2014c61fe584b1a55bb10703827,9fc4eb1ee1a7fe23ae32cdb32945fb7b44c8f2014c61fe584b1a55bb10703827
16,32,4,cayley,32,2.0,1.9999999999999996,0.0027297960041323677,0.00029791500128339976,character_semidihedral_no_delete,0.0,1d1bc27a3d0fa9084663e5ca20f10b16387c570dd7f1d9f1dff4cdb6a0a6c5cf,1d1bc27a3d0fa9084663e5ca20f10b16387c570dd7f1d9f1dff4cdb6a0a6c5cf
16,33,0,cayley,32,2.0,2.000000000000001,0.0027159499877598137,0.0018728410068433732,character_semidihedral_no_delete,1.9984014443252818e-15,9fc4eb1ee1a7fe23ae32cdb32945fb7b44c8f2014c61fe584b1a55bb10703827,cd71b78c99f826fabd45c547cde0dcdbfbbf92f25b7e33bdedc353dbf9132e45
16,33,1,cayley,32,2.0,2.0000000000000004,0.0027707980043487623,0.001878128998214379,character_semidihedral_no_delete,6.661338147750939e-16,1d1bc27a3d0fa9084663e5ca20f10b16387c570dd7f1d9f1dff4cdb6a0a6c5cf,cd4d21761589ceeec4fbc33119a364dab9bbd28d41ac7671629320c83c67ebaf
16,33,2,cayley,32,2.0,1.9999999999999996,0.0027059129934059456,0.0018754210032057017,character_semidihedral_no_delete,8.881784197001252e-16,e77f2ffb35e88a40dc1cc4369879b0f3fbb8e40cd95e64d06ef9cbcf96a698d9,a48a90725c0509db27188f50f098c8a1886d376bf0ba7f9df8dacda515219fdf
16,33,3,cayley,32,2.0,2.000000000000001,0.0028625749982893467,0.0018781389953801408,character_semidihedral_no_delete,1.9984014443252818e-15,9fc4eb1ee1a7fe23ae32cdb32945fb7b44c8f2014c61fe584b1a55bb10703827,cd71b78c99f826fabd45c547cde0dcdbfbbf92f25b7e33bdedc353dbf9132e45
16,33,4,cayley,32,2.0,2.0000000000000004,0.0027040549903176725,0.0018778199882945046,character_semidihedral_no_delete,6.661338147750939e-16,1d1bc27a3d0fa9084663e5ca20f10b16387c570dd7f1d9f1dff4cdb6a0a6c5cf,cd4d21761589ceeec4fbc33119a364dab9bbd28d41ac7671629320c83c67ebaf
16,34,0,cayley,32,2.0,2.0484772188067715,0.002706615996430628,0.0026184120069956407,character_semidihedral_no_delete,3.9968028886505635e-15,9fc4eb1ee1a7fe23ae32cdb32945fb7b44c8f2014c61fe584b1a55bb10703827,69438af1de8e49257890f23cf144cea74e5e5b8494354bc4e4c8cfb705ad7f35
16,34,1,cayley,32,2.0,2.059697330567998,0.0026986400043824688,0.0025997249904321507,character_semidihedral_no_delete,4.440892098500626e-16,1d1bc27a3d0fa9084663e5ca20f10b16387c570dd7f1d9f1dff4cdb6a0a6c5cf,24d552c9dffe02af7ace07b235a3b395c37c0f9240aed004eba35b9df7fec95c
16,34,2,cayley,32,2.0,2.0484772188067715,0.0027385499997762963,0.00257368000166025,character_semidihedral_no_delete,3.9968028886505635e-15,e77f2ffb35e88a40dc1cc4369879b0f3fbb8e40cd95e64d06ef9cbcf96a698d9,4efe663fe0385030c0ba334ae68972f93db16e6463605c79582f3ecf09df61e5
16,34,3,cayley,32,2.0,2.0484772188067715,0.002682389007532038,0.002579785999841988,character_semidihedral_no_delete,3.9968028886505635e-15,9fc4eb1ee1a7fe23ae32cdb32945fb7b44c8f2014c61fe584b1a55bb10703827,69438af1de8e49257890f23cf144cea74e5e5b8494354bc4e4c8cfb705ad7f35
16,34,4,cayley,32,2.0,2.059697330567998,0.0027367889997549355,0.002566142997238785,character_semidihedral_no_delete,4.440892098500626e-16,1d1bc27a3d0fa9084663e5ca20f10b16387c570dd7f1d9f1dff4cdb6a0a6c5cf,24d552c9dffe02af7ace07b235a3b395c37c0f9240aed004eba35b9df7fec95c
16,35,0,cayley,32,2.0,2.1461923143835246,0.002704445010749623,0.003261058998759836,character_semidihedral_no_delete,3.9968028886505635e-15,9fc4eb1ee1a7fe23ae32cdb32945fb7b44c8f2014c61fe584b1a55bb10703827,1d400f5fb731c765864156202d3af3251ce9118aa80c63c32459d68dea91073d
16,35,1,cayley,32,2.0,2.1461923143835264,0.0026962120027747005,0.003228779009077698,character_semidihedral_no_delete,8.881784197001252e-16,1d1bc27a3d0fa9084663e5ca20f10b16387c570dd7f1d9f1dff4cdb6a0a6c5cf,185b2e453b3f41621b995eb23ac2f2cc908f8d8d69f94a4b8c4e1d569a1a531f
16,35,2,cayley,32,2.0,2.0537030087030876,0.002787823003018275,0.0032088159932754934,character_semidihedral_no_delete,4.440892098500626e-16,e77f2ffb35e88a40dc1cc4369879b0f3fbb8e40cd95e64d06ef9cbcf96a698d9,4497e128eb484b722b926cbbcc9d639e4dc6a681e90ddc92be7005898d33de96
16,35,3,cayley,32,2.0,2.1461923143835246,0.002708829997573048,0.003301475997432135,character_semidihedral_no_delete,3.9968028886505635e-15,9fc4eb1ee1a7fe23ae32cdb32945fb7b44c8f2014c61fe584b1a55bb10703827,1d400f5fb731c765864156202d3af3251ce9118aa80c63c32459d68dea91073d
16,35,4,cayley,32,2.0,2.1461923143835264,0.002664148007170297,0.003253190006944351,character_semidihedral_no_delete,8.881784197001252e-16,1d1bc27a3d0fa9084663e5ca20f10b16387c570dd7f1d9f1dff4cdb6a0a6c5cf,185b2e453b3f41621b995eb23ac2f2cc908f8d8d69f94a4b8c4e1d569a1a531f
16,36,0,cayley,32,2.0,2.1461923143835255,0.0026888190041063353,0.003970862002461217,character_semidihedral_no_delete,2.220446049250313e-15,9fc4eb1ee1a7fe23ae32cdb32945fb7b44c8f2014c61fe584b1a55bb10703827,c82793c252a718263003958e8ebc2e9df16661b7b9c5845cf1c41062811ab772
16,36,1,cayley,32,2.0,2.1461923143835255,0.0026954200002364814,0.003960325004300103,character_semidihedral_no_delete,1.3322676295501878e-15,1d1bc27a3d0fa9084663e5ca20f10b16387c570dd7f1d9f1dff4cdb6a0a6c5cf,77ad4024705db3bc7e1cc2c99d93af7fb995a3ddf8b01df4814bbaf0f6849080
16,36,2,cayley,32,2.0,2.1461923143835255,0.002734384994255379,0.003922592004528269,character_semidihedral_no_delete,0.0,e77f2ffb35e88a40dc1cc4369879b0f3fbb8e40cd95e64d06ef9cbcf96a698d9,59ab515b0b227ff28a12542ef6edfa1493fbac5dc23b544bfff0fdfde59a8fbb
16,36,3,cayley,32,2.0,2.1461923143835255,0.002686406995053403,0.0039049859915394336,character_semidihedral_no_delete,2.220446049250313e-15,9fc4eb1ee1a7fe23ae32cdb32945fb7b44c8f2014c61fe584b1a55bb10703827,c82793c252a718263003958e8ebc2e9df16661b7b9c5845cf1c41062811ab772
16,36,4,cayley,32,2.0,2.1461923143835255,0.0026909970038104802,0.003918358008377254,character_semidihedral_no_delete,1.3322676295501878e-15,1d1bc27a3d0fa9084663e5ca20f10b16387c570dd7f1d9f1dff4cdb6a0a6c5cf,77ad4024705db3bc7e1cc2c99d93af7fb995a3ddf8b01df4814bbaf0f6849080
16,37,0,cayley,32,2.0,2.263177863143061,0.0026265189953846857,0.004677345001255162,character_semidihedral_no_delete,0.0,9fc4eb1ee1a7fe23ae32cdb32945fb7b44c8f2014c61fe584b1a55bb10703827,0787016fc240dac2100076b138ace430a2f1f9cdcf0b1f6c2ac081b96e28ada7
16,37,1,cayley,32,2.0,2.263177863143061,0.0027685659879352897,0.0047088220017030835,character_semidihedral_no_delete,8.881784197001252e-16,1d1bc27a3d0fa9084663e5ca20f10b16387c570dd7f1d9f1dff4cdb6a0a6c5cf,e2b64fd2f6f2df7a973f42dea882b661a4d3d9d3727a2bd7e0b5867073a92b8f
16,37,2,cayley,32,2.0,2.1876974790854122,0.002678261007531546,0.0046514429996022955,character_semidihedral_no_delete,8.881784197001252e-16,e77f2ffb35e88a40dc1cc4369879b0f3fbb8e40cd95e64d06ef9cbcf96a698d9,d9f6e761e59315a20ea400d90970740579a28520b04309b5b2a18c79f02d8335
16,37,3,cayley,32,2.0,2.263177863143061,0.00272099299763795,0.004697377007687464,character_semidihedral_no_delete,0.0,9fc4eb1ee1a7fe23ae32cdb32945fb7b44c8f2014c61fe584b1a55bb10703827,0787016fc240dac2100076b138ace430a2f1f9cdcf0b1f6c2ac081b96e28ada7
16,37,4,cayley,32,2.0,2.263177863143061,0.002662938990397379,0.004634388998965733,character_semidihedral_no_delete,8.881784197001252e-16,1d1bc27a3d0fa9084663e5ca20f10b16387c570dd7f1d9f1dff4cdb6a0a6c5cf,e2b64fd2f6f2df7a973f42dea882b661a4d3d9d3727a2bd7e0b5867073a92b8f
16,38,0,cayley,32,2.0,2.3260790568040015,0.0027644170040730387,0.00538539100671187,character_semidihedral_no_delete,4.440892098500626e-16,9fc4eb1ee1a7fe23ae32cdb32945fb7b44c8f2014c61fe584b1a55bb10703827,3132caaa49382c6d5ebc3a675f42a077f33afdcd25992610d76d4771aab62f80
16,38,1,cayley,32,2.0,2.3260790568040015,0.002693586007808335,0.0052727739966940135,character_semidihedral_no_delete,8.881784197001252e-16,1d1bc27a3d0fa9084663e5ca20f10b16387c570dd7f1d9f1dff4cdb6a0a6c5cf,6eb45dd6f9e83c8f44117e50eb720ab9922c51235e1ad52b0f2176f9d74e65fc
16,38,2,cayley,32,2.0,2.197486050025373,0.0027534149994608015,0.005414287996245548,character_semidihedral_no_delete,1.3322676295501878e-15,e77f2ffb35e88a40dc1cc4369879b0f3fbb8e40cd95e64d06ef9cbcf96a698d9,0a9180c9a1c52484f21002da9564908e6e029dab744418dc711ffca496684603
16,38,3,cayley,32,2.0,2.3260790568040015,0.002732388995354995,0.0053536539926426485,character_semidihedral_no_delete,4.440892098500626e-16,9fc4eb1ee1a7fe23ae32cdb32945fb7b44c8f2014c61fe584b1a55bb10703827,3132caaa49382c6d5ebc3a675f42a077f33afdcd25992610d76d4771aab62f80
16,38,4,cayley,32,2.0,2.3260790568040015,0.0027566259959712625,0.005372157000238076,character_semidihedral_no_delete,8.881784197001252e-16,1d1bc27a3d0fa9084663e5ca20f10b16387c570dd7f1d9f1dff4cdb6a0a6c5cf,6eb45dd6f9e83c8f44117e50eb720ab9922c51235e1ad52b0f2176f9d74e65fc
16,39,0,cayley,32,2.0,2.381966011250105,0.002786722994642332,0.006024064001394436,character_semidihedral_no_delete,0.0,9fc4eb1ee1a7fe23ae32cdb32945fb7b44c8f2014c61fe584b1a55bb10703827,8aa167892fbdec248a104973ddaf60cbdcb4b31a518cd58bd33a23788a37a4e9
16,39,1,cayley,32,2.0,2.381966011250107,0.002724652993492782,0.006063836990506388,character_semidihedral_no_delete,3.552713678800501e-15,1d1bc27a3d0fa9084663e5ca20f10b16387c570dd7f1d9f1dff4cdb6a0a6c5cf,43c6276a45dfbb3c2a481a18d50a1b01be5628825f305c958137149dd142e5b7
16,39,2,cayley,32,2.0,2.2679491924311237,0.0027106469933642074,0.006003470014547929,character_semidihedral_no_delete,1.7763568394002505e-15,e77f2ffb35e88a40dc1cc4369879b0f3fbb8e40cd95e64d06ef9cbcf96a698d9,cbc38965418397ad9bba6110209cb7ebc9e433a1dce1f6271217d3cb48eb4a6d
16,39,3,cayley,32,2.0,2.381966011250105,0.0027259430062258616,0.00603105899062939,character_semidihedral_no_delete,0.0,9fc4eb1ee1a7fe23ae32cdb32945fb7b44c8f2014c61fe584b1a55bb10703827,8aa167892fbdec248a104973ddaf60cbdcb4b31a518cd58bd33a23788a37a4e9
16,39,4,cayley,32,2.0,2.381966011250107,0.002677997006685473,0.0060087820020271465,character_semidihedral_no_delete,3.552713678800501e-15,1d1bc27a3d0fa9084663e5ca20f10b16387c570dd7f1d9f1dff4cdb6a0a6c5cf,43c6276a45dfbb3c2a481a18d50a1b01be5628825f305c958137149dd142e5b7
16,40,0,cayley,40,2.76393202250021,2.76393202250021,0.0029304710042197257,0.0003016459959326312,character_semidihedral_no_delete,1.7763568394002505e-15,77a5a63ae1f1701a612120003815cb3f399b5302fa22df40043a4f7c8b198158,77a5a63ae1f1701a612120003815cb3f399b5302fa22df40043a4f7c8b198158
16,40,1,cayley,40,2.76393202250021,2.76393202250021,0.002875368998502381,0.00029116400401107967,character_semidihedral_no_delete,8.881784197001252e-16,c8b0e9f85dac6f24f83f2d65e426a6d263b1c3bffee1f55c04b77195f49046b6,c8b0e9f85dac6f24f83f2d65e426a6d263b1c3bffee1f55c04b77195f49046b6
16,40,2,cayley,40,2.76393202250021,2.76393202250021,0.0029653239907929674,0.0002899910032283515,character_semidihedral_no_delete,8.881784197001252e-16,c8b0e9f85dac6f24f83f2d65e426a6d263b1c3bffee1f55c04b77195f49046b6,c8b0e9f85dac6f24f83f2d65e426a6d263b1c3bffee1f55c04b77195f49046b6
16,40,3,cayley,40,2.76393202250021,2.76393202250021,0.002960428988444619,0.0002865610003937036,character_semidihedral_no_delete,2.220446049250313e-15,6257dd0b02488b41a03f59ea29939d2186a651c5944e884c2913e2d7dde33730,6257dd0b02488b41a03f59ea29939d2186a651c5944e884c2913e2d7dde33730
16,40,4,cayley,40,2.76393202250021,2.7639320225002093,0.0030138990114210173,0.0002920789993368089,character_semidihedral_no_delete,1.7763568394002505e-15,c74a48322e573038ff0ec1aeb791135f3644604f93b073d1f6653d3ab519c0c5,c74a48322e573038ff0ec1aeb791135f3644604f93b073d1f6653d3ab519c0c5
16,41,0,cayley,40,2.76393202250021,2.763932022500212,0.0029182760044932365,0.0018814700015354902,character_semidihedral_no_delete,8.881784197001252e-16,77a5a63ae1f1701a612120003815cb3f399b5302fa22df40043a4f7c8b198158,d14fc27851f56cf1a8cf2d72c48277c2b0fdc938fe4e6583208ae1bce6fceca1
16,41,1,cayley,40,2.76393202250021,2.763932022500212,0.002951333997771144,0.00188850199629087,character_semidihedral_no_delete,8.881784197001252e-16,c8b0e9f85dac6f24f83f2d65e426a6d263b1c3bffee1f55c04b77195f49046b6,5c4865c9743951690481093a5feb08b1e206c970473b60e315e1e80d74d370a9
16,41,2,cayley,40,2.76393202250021,2.763932022500212,0.0029088650044286624,0.0018709169962676242,character_semidihedral_no_delete,8.881784197001252e-16,c8b0e9f85dac6f24f83f2d65e426a6d263b1c3bffee1f55c04b77195f49046b6,5c4865c9743951690481093a5feb08b1e206c970473b60e315e1e80d74d370a9
16,41,3,cayley,40,2.76393202250021,2.76393202250021,0.002925686989328824,0.0018760130042210221,character_semidihedral_no_delete,4.440892098500626e-16,6257dd0b02488b41a03f59ea29939d2186a651c5944e884c2913e2d7dde33730,53d7929edba217f2217316e217170b292a1a3b50e1d5efbb2a42f8e114576dac
16,41,4,cayley,40,2.76393202250021,2.763932022500211,0.0029044279945082963,0.001877939997939393,character_semidihedral_no_delete,1.7763568394002505e-15,c74a48322e573038ff0ec1aeb791135f3644604f93b073d1f6653d3ab519c0c5,98a4e8c9f46fb170070a0eec495cc9c97c8953fb50befdfb125897f91780439e
16,42,0,cayley,40,2.76393202250021,2.843784896797904,0.002915942997788079,0.0025739139964571223,character_semidihedral_no_delete,2.6645352591003757e-15,77a5a63ae1f1701a612120003815cb3f399b5302fa22df40043a4f7c8b198158,7783b9572afd43b00b81ba83e4d20ff8d069087f4c0e18945c242f55857579ff
16,42,1,cayley,40,2.76393202250021,2.843784896797903,0.0029248610080685467,0.002566209004726261,character_semidihedral_no_delete,0.0,c8b0e9f85dac6f24f83f2d65e426a6d263b1c3bffee1f55c04b77195f49046b6,0f18f679ae88f450f68e9bd79bc2c5d08b91718ffe4a60aee7ae9f3af27be48a
16,42,2,cayley,40,2.76393202250021,2.843784896797903,0.0029987679881742224,0.0025796550035011023,character_semidihedral_no_delete,0.0,c8b0e9f85dac6f24f83f2d65e426a6d263b1c3bffee1f55c04b77195f49046b6,0f18f679ae88f450f68e9bd79bc2c5d08b91718ffe4a60aee7ae9f3af27be48a
16,42,3,cayley,40,2.76393202250021,2.843784896797904,0.0028831359959440306,0.0025701749982545152,character_semidihedral_no_delete,2.6645352591003757e-15,6257dd0b02488b41a03f59ea29939d2186a651c5944e884c2913e2d7dde33730,c7d1f46c876f9f7a13313ced217d70da7f3e590f64818c91024be44487b328a0
16,42,4,cayley,40,2.76393202250021,2.843784896797904,0.002925815002527088,0.002589594994788058,character_semidihedral_no_delete,1.3322676295501878e-15,c74a48322e573038ff0ec1aeb791135f3644604f93b073d1f6653d3ab519c0c5,266e4d0d3aad9534439dbee06cc0ce958834b506951422c1838efe5a09f1f858
16,43,0,cayley,40,2.76393202250021,2.860949498464272,0.0029182459984440356,0.003316692993394099,character_semidihedral_no_delete,3.552713678800501e-15,77a5a63ae1f1701a612120003815cb3f399b5302fa22df40043a4f7c8b198158,988a92f98964c5bad26450b7fd7c144830a76065ab0d81bdd45ef2f3ea56ea9b
16,43,1,cayley,40,2.76393202250021,2.860949498464273,0.002915652992669493,0.0032265629997709766,character_semidihedral_no_delete,2.6645352591003757e-15,c8b0e9f85dac6f24f83f2d65e426a6d263b1c3bffee1f55c04b77195f49046b6,dba4f56250cbdd651949d1945945c4f59743cebfd4eb6b2f68daa125cf778c03
16,43,2,cayley,40,2.76393202250021,2.860949498464273,0.0029429869900923222,0.0032039679936133325,character_semidihedral_no_delete,2.6645352591003757e-15,c8b0e9f85dac6f24f83f2d65e426a6d263b1c3bffee1f55c04b77195f49046b6,dba4f56250cbdd651949d1945945c4f59743cebfd4eb6b2f68daa125cf778c03
16,43,3,cayley,40,2.76393202250021,2.860949498464272,0.0029369029944064096,0.003309276988147758,character_semidihedral_no_delete,1.7763568394002505e-15,6257dd0b02488b41a03f59ea29939d2186a651c5944e884c2913e2d7dde33730,696eeafbe5a9308e0fa59681979acad91cae19556816a3d68dda834c98c15392
16,43,4,cayley,40,2.76393202250021,2.860949498464273,0.00296245000208728,0.0031956290040398017,character_semidihedral_no_delete,4.440892098500626e-16,c74a48322e573038ff0ec1aeb791135f3644604f93b073d1f6653d3ab519c0c5,3d888851309e53398bade3ca0c666140b97bf126c9dc5ef1a29815804fe0702c
16,44,0,cayley,40,2.76393202250021,2.9412213471710316,0.0030150449892971665,0.0038892669981578365,character_semidihedral_no_delete,2.220446049250313e-15,77a5a63ae1f1701a612120003815cb3f399b5302fa22df40043a4f7c8b198158,e0f875ebf18533140602b45a237c5d513771fd3e6629405958d50028179ba5fb
16,44,1,cayley,40,2.76393202250021,3.0296556521079534,0.0029025029944023117,0.0038896749902050942,character_semidihedral_no_delete,2.220446049250313e-15,c8b0e9f85dac6f24f83f2d65e426a6d263b1c3bffee1f55c04b77195f49046b6,26cb7c95decb496fef1f942d5b3721413760b90a488b7672d4de8bf54f6a463c
16,44,2,cayley,40,2.76393202250021,3.0296556521079534,0.0029347649979172274,0.00390299700666219,character_semidihedral_no_delete,2.220446049250313e-15,c8b0e9f85dac6f24f83f2d65e426a6d263b1c3bffee1f55c04b77195f49046b6,26cb7c95decb496fef1f942d5b3721413760b90a488b7672d4de8bf54f6a463c
16,44,3,cayley,40,2.76393202250021,2.941221347171029,0.002897715996368788,0.0038893449964234605,character_semidihedral_no_delete,0.0,6257dd0b02488b41a03f59ea29939d2186a651c5944e884c2913e2d7dde33730,579c113cef9999e2c521d07809f5fad86d32e14b71782783dbeded91d649e8e2
16,44,4,cayley,40,2.76393202250021,3.0296556521079556,0.0029235399997560307,0.003913533000741154,character_semidihedral_no_delete,3.1086244689504383e-15,c74a48322e573038ff0ec1aeb791135f3644604f93b073d1f6653d3ab519c0c5,b63b7f0c2661614fbb8e202bb5f6d43138158512b845945bcc0d8d978ec36d64
16,45,0,cayley,40,2.76393202250021,2.9696781528153573,0.0028904219943797216,0.0046317389933392406,character_semidihedral_no_delete,2.220446049250313e-15,77a5a63ae1f1701a612120003815cb3f399b5302fa22df40043a4f7c8b198158,84d464767551cd735d9bfc6c94123f88954491149be16ecc6c0ac6dfcd82b528
16,45,1,cayley,40,2.76393202250021,3.139194146888294,0.002943294995930046,0.004648279995308258,character_semidihedral_no_delete,3.9968028886505635e-15,c8b0e9f85dac6f24f83f2d65e426a6d263b1c3bffee1f55c04b77195f49046b6,5aecd394b1a03c23f521ba97ac13f199204ec1886c6043a130da1648a5efeee1
16,45,2,cayley,40,2.76393202250021,3.139194146888294,0.0029171640053391457,0.004564390997984447,character_semidihedral_no_delete,3.9968028886505635e-15,c8b0e9f85dac6f24f83f2d65e426a6d263b1c3bffee1f55c04b77195f49046b6,5aecd394b1a03c23f521ba97ac13f199204ec1886c6043a130da1648a5efeee1
16,45,3,cayley,40,2.76393202250021,2.969678152815352,0.0029959920066175982,0.004594566999003291,character_semidihedral_no_delete,2.220446049250313e-15,6257dd0b02488b41a03f59ea29939d2186a651c5944e884c2913e2d7dde33730,ed153178e9e28e30cf663475f5255014aebbf754b7b6d69edbf9dd0fc179cc77
16,45,4,cayley,40,2.76393202250021,3.1391941468882965,0.0028688469901680946,0.004572534002363682,character_semidihedral_no_delete,2.220446049250313e-15,c74a48322e573038ff0ec1aeb791135f3644604f93b073d1f6653d3ab519c0c5,ca6b56d5c0f4c5216e5d913918b075c9687814bcdedddb867f1a04ed7c8116e9
16,46,0,cayley,40,2.76393202250021,3.1533659799407103,0.002896381003665738,0.005287318999762647,character_semidihedral_no_delete,4.440892098500626e-16,77a5a63ae1f1701a612120003815cb3f399b5302fa22df40043a4f7c8b198158,95e029413a083f9775b037f7b5e6dbe4f7d5b0340f1504fe1f027896f63901c7
16,46,1,cayley,40,2.76393202250021,3.144130613890177,0.0029489199951058254,0.005307584011461586,character_semidihedral_no_delete,0.0,c8b0e9f85dac6f24f83f2d65e426a6d263b1c3bffee1f55c04b77195f49046b6,8c9d59eae1aae54283cf32df7cd50452d2b07d66544f08850a5f36bf735b4cf1
16,46,2,cayley,40,2.76393202250021,3.144130613890177,0.0029605899908347055,0.005361463001463562,character_semidihedral_no_delete,0.0,c8b0e9f85dac6f24f83f2d65e426a6d263b1c3bffee1f55c04b77195f49046b6,8c9d59eae1aae54283cf32df7cd50452d2b07d66544f08850a5f36bf735b4cf1
16,46,3,cayley,40,2.76393202250021,3.1533659799407077,0.002895572004490532,0.005330277010216378,character_semidihedral_no_delete,4.440892098500626e-15,6257dd0b02488b41a03f59ea29939d2186a651c5944e884c2913e2d7dde33730,f8533ed19ae481af093db48a68d851f3e6496fb9562e6832b545b5eec8d0a29f
16,46,4,cayley,40,2.76393202250021,3.1689551178289883,0.0029423149971989915,0.00525985800777562,character_semidihedral_no_delete,4.440892098500626e-15,c74a48322e573038ff0ec1aeb791135f3644604f93b073d1f6653d3ab519c0c5,1c3371c1ea5f8fbef1f3dc42f3fe46f773410d2e5f649d705648c659c6c9eb08
16,47,0,cayley,40,2.76393202250021,3.279223955710647,0.002816448002704419,0.005965481992461719,character_semidihedral_no_delete,6.217248937900877e-15,77a5a63ae1f1701a612120003815cb3f399b5302fa22df40043a4f7c8b198158,79aaa41abad5eb2a10a204546ca8bb0904162bef545398c6a008d223b6876aed
16,47,1,cayley,40,2.76393202250021,3.279223955710647,0.0030414649954764172,0.006018159998347983,character_semidihedral_no_delete,1.7763568394002505e-15,c8b0e9f85dac6f24f83f2d65e426a6d263b1c3bffee1f55c04b77195f49046b6,d676c8469d77a1e0136c5617889aa2ef2767dae06a950ca13b06dcd5a19fda35
16,47,2,cayley,40,2.76393202250021,3.279223955710647,0.002865015994757414,0.005985493990010582,character_semidihedral_no_delete,1.7763568394002505e-15,c8b0e9f85dac6f24f83f2d65e426a6d263b1c3bffee1f55c04b77195f49046b6,d676c8469d77a1e0136c5617889aa2ef2767dae06a950ca13b06dcd5a19fda35
16,47,3,cayley,40,2.76393202250021,3.279223955710647,0.0029230880027171224,0.005864470003871247,character_semidihedral_no_delete,3.552713678800501e-15,6257dd0b02488b41a03f59ea29939d2186a651c5944e884c2913e2d7dde33730,f686b5d697e5f235d832b6703c58eb80f8fe0b90ef0a043fb91bb2fd3fcd1b8f
16,47,4,cayley,40,2.76393202250021,3.2792239557106444,0.002867913994123228,0.006000609995680861,character_semidihedral_no_delete,0.0,c74a48322e573038ff0ec1aeb791135f3644604f93b073d1f6653d3ab519c0c5,500d48ccfe3621392b60fcd8ddc2f1c7cf506241dd2e4e5f4b8ed6589bb77b0a
16,48,0,cayley,48,4.0,3.9999999999999964,0.0030555529956473038,0.0002913850039476529,character_semidihedral_no_delete,8.881784197001252e-16,de4e1670b685710a698db4ecd736e7717d4cfb532836ff1264e210a45f3d23ae,de4e1670b685710a698db4ecd736e7717d4cfb532836ff1264e210a45f3d23ae
16,48,1,cayley,48,4.0,3.9999999999999982,0.0030094609974185005,0.00028603599639609456,character_semidihedral_no_delete,4.440892098500626e-16,999f3f1ea7d32f89942dba58bdd20da3d276185056bdace87bbc490fb125771d,999f3f1ea7d32f89942dba58bdd20da3d276185056bdace87bbc490fb125771d
16,48,2,cayley,48,4.0,4.000000000000001,0.0030679159972351044,0.00029215899121481925,character_semidihedral_no_delete,8.881784197001252e-16,673a8da4847ac95b1f57212878327b74d492d0eba62505fb8c77b1c112400c39,673a8da4847ac95b1f57212878327b74d492d0eba62505fb8c77b1c112400c39
16,48,3,cayley,48,4.0,4.000000000000003,0.003028152001206763,0.000283248009509407,character_semidihedral_no_delete,3.552713678800501e-15,57720a2bbe5974afcb3ef308237fe8cb782ec93e8c33ca67f69512c0c50059a8,57720a2bbe5974afcb3ef308237fe8cb782ec93e8c33ca67f69512c0c50059a8
16,48,4,cayley,48,4.0,4.000000000000003,0.0030949859938118607,0.00028794200625270605,character_semidihedral_no_delete,3.552713678800501e-15,57720a2bbe5974afcb3ef308237fe8cb782ec93e8c33ca67f69512c0c50059a8,57720a2bbe5974afcb3ef308237fe8cb782ec93e8c33ca67f69512c0c50059a8
16,49,0,cayley,48,4.0,3.999999999999999,0.003014183006598614,0.0018805770087055862,character_semidihedral_no_delete,3.1086244689504383e-15,de4e1670b685710a698db4ecd736e7717d4cfb532836ff1264e210a45f3d23ae,e9b4771c9902da3b1be7a22d782640e5fe7eb89f2e2e21ab3d7cd139712388c9
16,49,1,cayley,48,4.0,3.999999999999999,0.003040367999346927,0.0018880150018958375,character_semidihedral_no_delete,8.881784197001252e-16,999f3f1ea7d32f89942dba58bdd20da3d276185056bdace87bbc490fb125771d,22ae42d95637e3a5063d26f5917b7b6b543be5f7e3816e9ab0cb031d86bfc137
16,49,2,cayley,48,4.0,4.082451742347204,0.003057044988963753,0.0018592429987620562,character_semidihedral_no_delete,0.0,673a8da4847ac95b1f57212878327b74d492d0eba62505fb8c77b1c112400c39,6980c145e7c18cdcb1b3e0922a0b1ab9cb4c2de825939fbb316a2f1873d6b4dc
16,49,3,cayley,48,4.0,4.082451742347204,0.0030751140002394095,0.0018702620000112802,character_semidihedral_no_delete,0.0,57720a2bbe5974afcb3ef308237fe8cb782ec93e8c33ca67f69512c0c50059a8,6b779213968da661d335e084dcd0647b42001d6a4b469f7bba4d88a78dd8e044
16,49,4,cayley,48,4.0,4.082451742347204,0.0030494160018861294,0.0018589490064186975,character_semidihedral_no_delete,0.0,57720a2bbe5974afcb3ef308237fe8cb782ec93e8c33ca67f69512c0c50059a8,6b779213968da661d335e084dcd0647b42001d6a4b469f7bba4d88a78dd8e044
16,50,0,cayley,48,4.0,4.000000000000001,0.003046972007723525,0.0025605350092519075,character_semidihedral_no_delete,2.220446049250313e-15,de4e1670b685710a698db4ecd736e7717d4cfb532836ff1264e210a45f3d23ae,e210a463b417180a9ef7d58f8d3df90475937ad4fb55f19b9651613400da64e2
16,50,1,cayley,48,4.0,3.9999999999999982,0.0030185270006768405,0.0025585589901311323,character_semidihedral_no_delete,8.881784197001252e-16,999f3f1ea7d32f89942dba58bdd20da3d276185056bdace87bbc490fb125771d,a635cf1b8fee55462e7f8328d2f9312ad7f435809927ed2fcb45d0ead9a7433f
16,50,2,cayley,48,4.0,4.113031946944857,0.0030704530072398484,0.0025666410074336454,character_semidihedral_no_delete,0.0,673a8da4847ac95b1f57212878327b74d492d0eba62505fb8c77b1c112400c39,1a45d29b4e7ad15d444d4b6714dbaf3da08de8e2f32fe535b2df85866b365fc2
16,50,3,cayley,48,4.0,4.113031946944855,0.0030071259971009567,0.0025537280016578734,character_semidihedral_no_delete,4.440892098500626e-15,57720a2bbe5974afcb3ef308237fe8cb782ec93e8c33ca67f69512c0c50059a8,61408d4fd543b976334c6d6682afafc1df702e5575a3a397c266d462bd55ef1e
16,50,4,cayley,48,4.0,4.113031946944855,0.0031076879968168214,0.0025510059931548312,character_semidihedral_no_delete,4.440892098500626e-15,57720a2bbe5974afcb3ef308237fe8cb782ec93e8c33ca67f69512c0c50059a8,61408d4fd543b976334c6d6682afafc1df702e5575a3a397c266d462bd55ef1e
16,51,0,cayley,48,4.0,3.9999999999999947,0.0029955279896967113,0.0031977179896784946,character_semidihedral_no_delete,2.6645352591003757e-15,de4e1670b685710a698db4ecd736e7717d4cfb532836ff1264e210a45f3d23ae,3cf73fc8de1430b6ffbb26717cdf4629d6ad3d636dd9e4e9dba919c1a6630d52
16,51,1,cayley,48,4.0,3.9999999999999964,0.0030716309993295,0.003221691004000604,character_semidihedral_no_delete,4.440892098500626e-15,999f3f1ea7d32f89942dba58bdd20da3d276185056bdace87bbc490fb125771d,d9e5a2d3f7a523f1c025d3940270fdf7823dcc6d8f6d5994c43e22a9517b7c73
16,51,2,cayley,48,4.0,4.1612397580536475,0.003037325994228013,0.0032505179988220334,character_semidihedral_no_delete,3.552713678800501e-15,673a8da4847ac95b1f57212878327b74d492d0eba62505fb8c77b1c112400c39,5bc25a4547323fee4930c32db1e130b7ab677d9716ce06372bbdbea3434d013d
16,51,3,cayley,48,4.0,4.161239758053646,0.003052984000532888,0.003194746997905895,character_semidihedral_no_delete,6.217248937900877e-15,57720a2bbe5974afcb3ef308237fe8cb782ec93e8c33ca67f69512c0c50059a8,1453fb3c0dde5f754700962f2c66befab5e25a0919a4a1559c62fa070f9a5640
16,51,4,cayley,48,4.0,4.161239758053646,0.0030922099977033213,0.003248886001529172,character_semidihedral_no_delete,6.217248937900877e-15,57720a2bbe5974afcb3ef308237fe8cb782ec93e8c33ca67f69512c0c50059a8,1453fb3c0dde5f754700962f2c66befab5e25a0919a4a1559c62fa070f9a5640
16,52,0,cayley,48,4.0,4.000000000000003,0.0030055419920245185,0.003943168994737789,character_semidihedral_no_delete,2.6645352591003757e-15,de4e1670b685710a698db4ecd736e7717d4cfb532836ff1264e210a45f3d23ae,a9a058eba802cef623de711bdd20ed355678ed9f29d354e7c1b50924c47dbecb
16,52,1,cayley,48,4.0,3.999999999999999,0.0030151270038913935,0.003938214998925105,character_semidihedral_no_delete,1.7763568394002505e-15,999f3f1ea7d32f89942dba58bdd20da3d276185056bdace87bbc490fb125771d,dc4d5673cb21fae21e168d0f40db92dcfcbd61e1bcbae582db0a1896eb66cf93
16,52,2,cayley,48,4.0,4.242061193667346,0.0030673660075990483,0.003881092998199165,character_semidihedral_no_delete,4.440892098500626e-15,673a8da4847ac95b1f57212878327b74d492d0eba62505fb8c77b1c112400c39,e2361ad2550d9d3f17dcf432e99d28833c33306b4d247dcb69f6ca7624910208
16,52,3,cayley,48,4.0,4.242061193667344,0.003012080996995792,0.003884001009282656,character_semidihedral_no_delete,4.440892098500626e-15,57720a2bbe5974afcb3ef308237fe8cb782ec93e8c33ca67f69512c0c50059a8,7e8955185f960863e4a33bb53338390658198f180784a4187c62431b908b09b5
16,52,4,cayley,48,4.0,4.242061193667344,0.0030633549904450774,0.0038814819999970496,character_semidihedral_no_delete,4.440892098500626e-15,57720a2bbe5974afcb3ef308237fe8cb782ec93e8c33ca67f69512c0c50059a8,7e8955185f960863e4a33bb53338390658198f180784a4187c62431b908b09b5
16,53,0,cayley,48,4.0,4.0,0.003003941004863009,0.004548717013676651,character_semidihedral_no_delete,1.7763568394002505e-15,de4e1670b685710a698db4ecd736e7717d4cfb532836ff1264e210a45f3d23ae,bdbad279750b7b7f98aa47340bc990ab414725b8acbf1d5539a009d6d16eac6b
16,53,1,cayley,48,4.0,4.0,0.0030349440057761967,0.004585775997838937,character_semidihedral_no_delete,8.881784197001252e-16,999f3f1ea7d32f89942dba58bdd20da3d276185056bdace87bbc490fb125771d,72c89008ee961e39bd98a77d7940cc220b19c9d304eeab79e1dbf8162a0d7fa4
16,53,2,cayley,48,4.0,4.388393480428072,0.0031314730003941804,0.00455170898931101,character_semidihedral_no_delete,1.7763568394002505e-15,673a8da4847ac95b1f57212878327b74d492d0eba62505fb8c77b1c112400c39,bd9f4f2b8b5f50739af61d486e95f171ee07b200abc74a9944fe1acd24ac5bef
16,53,3,cayley,48,4.0,4.388393480428072,0.003035660003661178,0.004563495007460006,character_semidihedral_no_delete,0.0,57720a2bbe5974afcb3ef308237fe8cb782ec93e8c33ca67f69512c0c50059a8,2dce43d920b4986b89df16c3c21bd2d6cbcaa1f6388efb0defd4e6f93c56fb20
16,53,4,cayley,48,4.0,4.388393480428072,0.0030119289876893163,0.00454445400100667,character_semidihedral_no_delete,0.0,57720a2bbe5974afcb3ef308237fe8cb782ec93e8c33ca67f69512c0c50059a8,2dce43d920b4986b89df16c3c21bd2d6cbcaa1f6388efb0defd4e6f93c56fb20
16,54,0,cayley,48,4.0,4.0,0.0031154949974734336,0.005250385991530493,character_semidihedral_no_delete,3.552713678800501e-15,de4e1670b685710a698db4ecd736e7717d4cfb532836ff1264e210a45f3d23ae,a197e998404d38841c3079aeb82d0af995a6182bb178fcdeeb02b7ca7de4b3c0
16,54,1,cayley,48,4.0,3.9999999999999982,0.0030453489889623597,0.005317293995176442,character_semidihedral_no_delete,1.7763568394002505e-15,999f3f1ea7d32f89942dba58bdd20da3d276185056bdace87bbc490fb125771d,e6a7af8aa46ab2d6d744ddf47538faf4a04017ecfcc88205374657e97f738aa9
16,54,2,cayley,48,4.0,4.585786437626905,0.0030473299993900582,0.005291600988130085,character_semidihedral_no_delete,8.881784197001252e-16,673a8da4847ac95b1f57212878327b74d492d0eba62505fb8c77b1c112400c39,594b56926784584ca18e19ba7d33a8c1d93881b05d59dab8f83366905a9f2c07
16,54,3,cayley,48,4.0,4.585786437626903,0.003034490000572987,0.005253385999822058,character_semidihedral_no_delete,8.881784197001252e-16,57720a2bbe5974afcb3ef308237fe8cb782ec93e8c33ca67f69512c0c50059a8,995289665deed8dcf912de6c1211a8c2748eccad1e7700d8c099baaf39fa43da
16,54,4,cayley,48,4.0,4.585786437626903,0.003124199007288553,0.005259498007944785,character_semidihedral_no_delete,8.881784197001252e-16,57720a2bbe5974afcb3ef308237fe8cb782ec93e8c33ca67f69512c0c50059a8,995289665deed8dcf912de6c1211a8c2748eccad1e7700d8c099baaf39fa43da
16,56,0,cayley,56,6.0,5.999999999999996,0.0030952410015743226,0.00028957700124010444,character_semidihedral_no_delete,0.0,f7a47e9a16d90c7c244ec96acbd4323bd1091540eba04496d319f9801f24fe48,f7a47e9a16d90c7c244ec96acbd4323bd1091540eba04496d319f9801f24fe48
16,56,1,cayley,56,6.0,5.999999999999999,0.0030789190059294924,0.00029140700644347817,character_semidihedral_no_delete,3.552713678800501e-15,d860450817f12552d6fe1cf4c7466a7beab27e7a8ba11be5e14c4efdb9cb0960,d860450817f12552d6fe1cf4c7466a7beab27e7a8ba11be5e14c4efdb9cb0960
16,56,2,cayley,56,6.0,5.999999999999999,0.0031177969940472394,0.00029788499523419887,character_semidihedral_no_delete,3.552713678800501e-15,d860450817f12552d6fe1cf4c7466a7beab27e7a8ba11be5e14c4efdb9cb0960,d860450817f12552d6fe1cf4c7466a7beab27e7a8ba11be5e14c4efdb9cb0960
16,56,3,cayley,56,6.0,5.999999999999994,0.0030886330059729517,0.00028255699726287276,character_semidihedral_no_delete,4.440892098500626e-15,27be97f88fde893ca0c63db30f33ecf38b8fa78bf6ecd2c09ad0fede9e843441,27be97f88fde893ca0c63db30f33ecf38b8fa78bf6ecd2c09ad0fede9e843441
16,56,4,cayley,56,6.0,5.999999999999997,0.003130642988253385,0.00028609200671780854,character_semidihedral_no_delete,2.6645352591003757e-15,9d2c7a774a3a00b376d60487cabf495f57db037276bdac4659e946cc21698c70,9d2c7a774a3a00b376d60487cabf495f57db037276bdac4659e946cc21698c70
16,57,0,cayley,56,6.0,5.999999999999998,0.0030847399902995676,0.0018793039926094934,character_semidihedral_no_delete,3.552713678800501e-15,f7a47e9a16d90c7c244ec96acbd4323bd1091540eba04496d319f9801f24fe48,d6743e42f5f1413fedaa379ee3c8ac4ea04d4fb6a3aada4288bfc04c982d94fe
16,57,1,cayley,56,6.0,5.9999999999999964,0.0031864010088611394,0.0018875500099966303,character_semidihedral_no_delete,1.7763568394002505e-15,d860450817f12552d6fe1cf4c7466a7beab27e7a8ba11be5e14c4efdb9cb0960,1be60c73568dbb0f8c18c67a4e0d3451d78c75210a2f75c1ba3fe8760f2d9fc3
16,57,2,cayley,56,6.0,5.9999999999999964,0.0030957410053815693,0.0018704690010054037,character_semidihedral_no_delete,1.7763568394002505e-15,d860450817f12552d6fe1cf4c7466a7beab27e7a8ba11be5e14c4efdb9cb0960,1be60c73568dbb0f8c18c67a4e0d3451d78c75210a2f75c1ba3fe8760f2d9fc3
16,57,3,cayley,56,6.0,5.9999999999999964,0.003160888998536393,0.001875854009995237,character_semidihedral_no_delete,8.881784197001252e-16,27be97f88fde893ca0c63db30f33ecf38b8fa78bf6ecd2c09ad0fede9e843441,7695917a4b00369fd8b4a714e25df675f233c74b6313203fbc1da8f2a4b5abf8
16,57,4,cayley,56,6.0,5.9999999999999964,0.0030912709917174652,0.0018723709945334122,character_semidihedral_no_delete,1.7763568394002505e-15,9d2c7a774a3a00b376d60487cabf495f57db037276bdac4659e946cc21698c70,1445436b84e58498a0228b1c6985b073c2f28fb91fedb94f2c11d743df3e486f
16,58,0,cayley,56,6.0,5.9999999999999964,0.003132644997094758,0.0029518740047933534,character_semidihedral_no_delete,1.7763568394002505e-15,f7a47e9a16d90c7c244ec96acbd4323bd1091540eba04496d319f9801f24fe48,b34e643ff31cdc960fa19fa264474094c8da079e48accba310c61fb5952da499
16,58,1,cayley,56,6.0,5.9999999999999964,0.0031011959945317358,0.0025609279982745647,character_semidihedral_no_delete,8.881784197001252e-16,d860450817f12552d6fe1cf4c7466a7beab27e7a8ba11be5e14c4efdb9cb0960,5cbbfa52605ff539d605cd4e2dc21c6bd0cffec69eb457d920cbab43276dbe82
16,58,2,cayley,56,6.0,5.9999999999999964,0.0031166449916781858,0.0025860989990178496,character_semidihedral_no_delete,8.881784197001252e-16,d860450817f12552d6fe1cf4c7466a7beab27e7a8ba11be5e14c4efdb9cb0960,5cbbfa52605ff539d605cd4e2dc21c6bd0cffec69eb457d920cbab43276dbe82
16,58,3,cayley,56,6.0,5.999999999999994,0.003167943999869749,0.002571114993770607,character_semidihedral_no_delete,3.552713678800501e-15,27be97f88fde893ca0c63db30f33ecf38b8fa78bf6ecd2c09ad0fede9e843441,be69abab23817132c1260a523d35da936edddaf14305d98ed12076e94a3fad0b
16,58,4,cayley,56,6.0,5.999999999999996,0.0031000790040707216,0.0025634689955040812,character_semidihedral_no_delete,2.6645352591003757e-15,9d2c7a774a3a00b376d60487cabf495f57db037276bdac4659e946cc21698c70,77012ff0420d66982e7311f3916285192a7a11832e5c4f881fa4b35e7e190458
16,59,0,cayley,56,6.0,5.999999999999995,0.003081877002841793,0.0032463160023326054,character_semidihedral_no_delete,1.7763568394002505e-15,f7a47e9a16d90c7c244ec96acbd4323bd1091540eba04496d319f9801f24fe48,855fbaa7b724424dee04dd717091ffc62473c7f4d3486a3d9e34805d9e3447e2
16,59,1,cayley,56,6.0,5.999999999999993,0.003125684001133777,0.003281561002950184,character_semidihedral_no_delete,2.6645352591003757e-15,d860450817f12552d6fe1cf4c7466a7beab27e7a8ba11be5e14c4efdb9cb0960,928bb9a1528c456bc4585f1baf659586dceb0955bc8a6376c7cdd1dcf4e69c1c
16,59,2,cayley,56,6.0,5.999999999999993,0.0030962780001573265,0.0032438119960715994,character_semidihedral_no_delete,2.6645352591003757e-15,d860450817f12552d6fe1cf4c7466a7beab27e7a8ba11be5e14c4efdb9cb0960,928bb9a1528c456bc4585f1baf659586dceb0955bc8a6376c7cdd1dcf4e69c1c
16,59,3,cayley,56,6.0,5.999999999999995,0.0031332200014730915,0.0032535850041313097,character_semidihedral_no_delete,5.329070518200751e-15,27be97f88fde893ca0c63db30f33ecf38b8fa78bf6ecd2c09ad0fede9e843441,3c907d7fe0a9c991fb263825080ae66139e578632c130427c613b6cb468baa0e
16,59,4,cayley,56,6.0,5.999999999999997,0.0031019140005810186,0.003240760008338839,character_semidihedral_no_delete,8.881784197001252e-16,9d2c7a774a3a00b376d60487cabf495f57db037276bdac4659e946cc21698c70,0eceb3f2df90bcddd2a1cd39893eb418bdd30dc50bb9606385e3495eb5f24962
16,60,0,cayley,56,6.0,5.999999999999998,0.0032273419928969815,0.0039418289961759,character_semidihedral_no_delete,1.7763568394002505e-15,f7a47e9a16d90c7c244ec96acbd4323bd1091540eba04496d319f9801f24fe48,72a857745f37085b7ac538c253a6d90de0cac66905b916b6e03d81de875650f3
16,60,1,cayley,56,6.0,5.999999999999998,0.003116156003670767,0.003918528003850952,character_semidihedral_no_delete,8.881784197001252e-16,d860450817f12552d6fe1cf4c7466a7beab27e7a8ba11be5e14c4efdb9cb0960,c518b0ce0c9c9ed42dc22f0f8163740c4b65f892f20b325f2bf57c3c8ae890fc
16,60,2,cayley,56,6.0,5.999999999999998,0.003163030996802263,0.003948155994294211,character_semidihedral_no_delete,8.881784197001252e-16,d860450817f12552d6fe1cf4c7466a7beab27e7a8ba11be5e14c4efdb9cb0960,c518b0ce0c9c9ed42dc22f0f8163740c4b65f892f20b325f2bf57c3c8ae890fc
16,60,3,cayley,56,6.0,5.999999999999998,0.0030800399981671944,0.003929283993784338,character_semidihedral_no_delete,8.881784197001252e-16,27be97f88fde893ca0c63db30f33ecf38b8fa78bf6ecd2c09ad0fede9e843441,b50b8bd5b4ca3ef36c0cc5ea76cdf7faddd2bb267d290bc88f6d16b3a78c542c
16,60,4,cayley,56,6.0,5.999999999999998,0.0031249760068021715,0.0038725430058548227,character_semidihedral_no_delete,0.0,9d2c7a774a3a00b376d60487cabf495f57db037276bdac4659e946cc21698c70,1d22b2306683ca57f6fa04f46a522884f09a4c6061514fe9a124f7d1cf0ecd16
16,61,0,cayley,56,6.0,5.999999999999995,0.003115304993116297,0.004627736998372711,character_semidihedral_no_delete,3.552713678800501e-15,f7a47e9a16d90c7c244ec96acbd4323bd1091540eba04496d319f9801f24fe48,97d565205a6bde20ab76991a388680954729a14213ea842e4de36692ec0cd316
16,61,1,cayley,56,6.0,5.999999999999998,0.003144374000839889,0.0046718859957763925,character_semidihedral_no_delete,3.552713678800501e-15,d860450817f12552d6fe1cf4c7466a7beab27e7a8ba11be5e14c4efdb9cb0960,292a0fb7d72e7be51f4a1b0219c83238cf4b4c2501e17d6a8adcdeb9ca7818fd
16,61,2,cayley,56,6.0,5.999999999999998,0.0031722409912617877,0.004603359004249796,character_semidihedral_no_delete,3.552713678800501e-15,d860450817f12552d6fe1cf4c7466a7beab27e7a8ba11be5e14c4efdb9cb0960,292a0fb7d72e7be51f4a1b0219c83238cf4b4c2501e17d6a8adcdeb9ca7818fd
16,61,3,cayley,56,6.0,5.999999999999998,0.003137003004667349,0.004655198994441889,character_semidihedral_no_delete,6.217248937900877e-15,27be97f88fde893ca0c63db30f33ecf38b8fa78bf6ecd2c09ad0fede9e843441,503cbe0788b9a679b3e42bf683b6909a2347fd532e33e640d0ff434c3e591a09
16,61,4,cayley,56,6.0,5.999999999999998,0.0031073749996721745,0.004546138006844558,character_semidihedral_no_delete,8.881784197001252e-16,9d2c7a774a3a00b376d60487cabf495f57db037276bdac4659e946cc21698c70,8bd75bc5046787b153eceadeeda5658d9db97b964b7d7b3b5a6cc0563e4d3955
16,62,0,cayley,56,6.0,5.999999999999998,0.0031292329949792475,0.005250666989013553,character_semidihedral_no_delete,1.7763568394002505e-15,f7a47e9a16d90c7c244ec96acbd4323bd1091540eba04496d319f9801f24fe48,7dbd54d2be9de613e5ce3a8e1c04dcd404cc7996c66dc52c1ae145be5c07f941
16,62,1,cayley,56,6.0,5.999999999999998,0.0031280029943445697,0.005310652995831333,character_semidihedral_no_delete,0.0,d860450817f12552d6fe1cf4c7466a7beab27e7a8ba11be5e14c4efdb9cb0960,9940e9e5b8e85bd295c862fba3e617d95c926451ed8261f6c6e9fc22ee7b47bb
16,62,2,cayley,56,6.0,5.999999999999998,0.0031315870000980794,0.0053659090044675395,character_semidihedral_no_delete,0.0,d860450817f12552d6fe1cf4c7466a7beab27e7a8ba11be5e14c4efdb9cb0960,9940e9e5b8e85bd295c862fba3e617d95c926451ed8261f6c6e9fc22ee7b47bb
16,62,3,cayley,56,6.0,5.999999999999995,0.003091507009230554,0.005286683008307591,character_semidihedral_no_delete,7.105427357601002e-15,27be97f88fde893ca0c63db30f33ecf38b8fa78bf6ecd2c09ad0fede9e843441,c8ae13bef030d9865fd97640ddf166e9051cab5f474d8dd0817c93f8cab2f580
16,62,4,cayley,56,6.0,5.999999999999998,0.003182693006237969,0.005305407001287676,character_semidihedral_no_delete,8.881784197001252e-16,9d2c7a774a3a00b376d60487cabf495f57db037276bdac4659e946cc21698c70,af2d783b6843ae6ac6f4cc4de4ff50bd79854894eeb95d8ae59502423cfe8c32
16,63,0,cayley,56,6.0,6.204168476687278,0.0030671599961351603,0.005969172008917667,character_semidihedral_no_delete,5.329070518200751e-15,f7a47e9a16d90c7c244ec96acbd4323bd1091540eba04496d319f9801f24fe48,562796c279fb25f7d23b4cdf9d173034ade181ecb28c24085084cae7aa417bee
16,63,1,cayley,56,6.0,6.204168476687278,0.003131978999590501,0.005928038997808471,character_semidihedral_no_delete,3.552713678800501e-15,d860450817f12552d6fe1cf4c7466a7beab27e7a8ba11be5e14c4efdb9cb0960,ab3ef4f2fb4c82f4f5204a02076cb8baa09876a96aacbade056e76e857b1d334
16,63,2,cayley,56,6.0,6.204168476687278,0.0030939860007492825,0.005908186009037308,character_semidihedral_no_delete,3.552713678800501e-15,d860450817f12552d6fe1cf4c7466a7beab27e7a8ba11be5e14c4efdb9cb0960,ab3ef4f2fb4c82f4f5204a02076cb8baa09876a96aacbade056e76e857b1d334
16,63,3,cayley,56,6.0,6.204168476687278,0.0031176560005405918,0.0059861350018763915,character_semidihedral_no_delete,3.552713678800501e-15,27be97f88fde893ca0c63db30f33ecf38b8fa78bf6ecd2c09ad0fede9e843441,9c858e5140c123e5630e913df1c4e214aa8e59737bd6fca08dd4e260664088a6
16,63,4,cayley,56,6.0,6.204168476687278,0.0030966889898991212,0.005910837993724272,character_semidihedral_no_delete,1.7763568394002505e-15,9d2c7a774a3a00b376d60487cabf495f57db037276bdac4659e946cc21698c70,61421a713e7d40accec9a383d267e826f82c80a7b41a59b4bbd733a9dbc37ac0
16,64,0,cayley,64,8.0,7.99999999999999,0.003248544002417475,0.0002987629995914176,character_semidihedral_no_delete,3.552713678800501e-15,181d5abd4e1c829310e797d8f3b91d43c59ebbd6be7897245cf3352f2cd93bc5,181d5abd4e1c829310e797d8f3b91d43c59ebbd6be7897245cf3352f2cd93bc5
16,64,1,cayley,64,8.0,7.99999999999999,0.003269900000304915,0.0002957219985546544,character_semidihedral_no_delete,3.552713678800501e-15,181d5abd4e1c829310e797d8f3b91d43c59ebbd6be7897245cf3352f2cd93bc5,181d5abd4e1c829310e797d8f3b91d43c59ebbd6be7897245cf3352f2cd93bc5
16,64,2,cayley,64,8.0,7.99999999999999,0.003220127007807605,0.00029514300695154816,character_semidihedral_no_delete,3.552713678800501e-15,181d5abd4e1c829310e797d8f3b91d43c59ebbd6be7897245cf3352f2cd93bc5,181d5abd4e1c829310e797d8f3b91d43c59ebbd6be7897245cf3352f2cd93bc5
16,64,3,cayley,64,8.0,7.99999999999999,0.0031956000020727515,0.0002839210064848885,character_semidihedral_no_delete,3.552713678800501e-15,181d5abd4e1c829310e797d8f3b91d43c59ebbd6be7897245cf3352f2cd93bc5,181d5abd4e1c829310e797d8f3b91d43c59ebbd6be7897245cf3352f2cd93bc5
16,64,4,cayley,64,8.0,7.99999999999999,0.0032541100081289187,0.0002887079899664968,character_semidihedral_no_delete,3.552713678800501e-15,181d5abd4e1c829310e797d8f3b91d43c59ebbd6be7897245cf3352f2cd93bc5,181d5abd4e1c829310e797d8f3b91d43c59ebbd6be7897245cf3352f2cd93bc5
16,65,0,cayley,64,8.0,7.999999999999988,0.003192461997969076,0.0018694820028031245,character_semidihedral_no_delete,2.6645352591003757e-15,181d5abd4e1c829310e797d8f3b91d43c59ebbd6be7897245cf3352f2cd93bc5,e76e06984d837cdc38cc9b3735feb2aa40d9f5b456ed217c83d98a037b27830b
16,65,1,cayley,64,8.0,7.999999999999988,0.0032715639972593635,0.001866100006736815,character_semidihedral_no_delete,2.6645352591003757e-15,181d5abd4e1c829310e797d8f3b91d43c59ebbd6be7897245cf3352f2cd93bc5,e76e06984d837cdc38cc9b3735feb2aa40d9f5b456ed217c83d98a037b27830b
16,65,2,cayley,64,8.0,7.999999999999988,0.0032732859981479123,0.0018764190026558936,character_semidihedral_no_delete,2.6645352591003757e-15,181d5abd4e1c829310e797d8f3b91d43c59ebbd6be7897245cf3352f2cd93bc5,e76e06984d837cdc38cc9b3735feb2aa40d9f5b456ed217c83d98a037b27830b
16,65,3,cayley,64,8.0,7.999999999999988,0.0032597280078334734,0.0018679170025279745,character_semidihedral_no_delete,2.6645352591003757e-15,181d5abd4e1c829310e797d8f3b91d43c59ebbd6be7897245cf3352f2cd93bc5,e76e06984d837cdc38cc9b3735feb2aa40d9f5b456ed217c83d98a037b27830b
16,65,4,cayley,64,8.0,7.999999999999988,0.0031971089920261875,0.0018588060047477484,character_semidihedral_no_delete,2.6645352591003757e-15,181d5abd4e1c829310e797d8f3b91d43c59ebbd6be7897245cf3352f2cd93bc5,e76e06984d837cdc38cc9b3735feb2aa40d9f5b456ed217c83d98a037b27830b
16,66,0,cayley,64,8.0,7.999999999999988,0.0032516850042156875,0.0025665709981694818,character_semidihedral_no_delete,1.7763568394002505e-15,181d5abd4e1c829310e797d8f3b91d43c59ebbd6be7897245cf3352f2cd93bc5,42f1012a5385dc9b5e801961660bd85e30a302a75a51d80a8297fdbf49dab03e
16,66,1,cayley,64,8.0,7.999999999999988,0.003213107993360609,0.002556191000621766,character_semidihedral_no_delete,1.7763568394002505e-15,181d5abd4e1c829310e797d8f3b91d43c59ebbd6be7897245cf3352f2cd93bc5,42f1012a5385dc9b5e801961660bd85e30a302a75a51d80a8297fdbf49dab03e
16,66,2,cayley,64,8.0,7.999999999999988,0.0032519850065000355,0.0025633210025262088,character_semidihedral_no_delete,1.7763568394002505e-15,181d5abd4e1c829310e797d8f3b91d43c59ebbd6be7897245cf3352f2cd93bc5,42f1012a5385dc9b5e801961660bd85e30a302a75a51d80a8297fdbf49dab03e
16,66,3,cayley,64,8.0,7.999999999999988,0.003204526990884915,0.0025716529926285148,character_semidihedral_no_delete,1.7763568394002505e-15,181d5abd4e1c829310e797d8f3b91d43c59ebbd6be7897245cf3352f2cd93bc5,42f1012a5385dc9b5e801961660bd85e30a302a75a51d80a8297fdbf49dab03e
16,66,4,cayley,64,8.0,7.999999999999988,0.0032729949889471754,0.002568836003774777,character_semidihedral_no_delete,1.7763568394002505e-15,181d5abd4e1c829310e797d8f3b91d43c59ebbd6be7897245cf3352f2cd93bc5,42f1012a5385dc9b5e801961660bd85e30a302a75a51d80a8297fdbf49dab03e
16,67,0,cayley,64,8.0,7.9999999999999885,0.0031742700084578246,0.0032483700051670894,character_semidihedral_no_delete,1.7763568394002505e-15,181d5abd4e1c829310e797d8f3b91d43c59ebbd6be7897245cf3352f2cd93bc5,88fee9ae3e114889b1a57f74491b4c72e8473f7d132ef7431f25acb3a467346b
16,67,1,cayley,64,8.0,7.9999999999999885,0.003218738012947142,0.0032704040058888495,character_semidihedral_no_delete,1.7763568394002505e-15,181d5abd4e1c829310e797d8f3b91d43c59ebbd6be7897245cf3352f2cd93bc5,88fee9ae3e114889b1a57f74491b4c72e8473f7d132ef7431f25acb3a467346b
16,67,2,cayley,64,8.0,7.9999999999999885,0.00318279599014204,0.0032444499956909567,character_semidihedral_no_delete,1.7763568394002505e-15,181d5abd4e1c829310e797d8f3b91d43c59ebbd6be7897245cf3352f2cd93bc5,88fee9ae3e114889b1a57f74491b4c72e8473f7d132ef7431f25acb3a467346b
16,67,3,cayley,64,8.0,7.9999999999999885,0.0032720169983804226,0.0032664709870005026,character_semidihedral_no_delete,1.7763568394002505e-15,181d5abd4e1c829310e797d8f3b91d43c59ebbd6be7897245cf3352f2cd93bc5,88fee9ae3e114889b1a57f74491b4c72e8473f7d132ef7431f25acb3a467346b
16,67,4,cayley,64,8.0,7.9999999999999885,0.0031952869903761894,0.0032590430055279285,character_semidihedral_no_delete,1.7763568394002505e-15,181d5abd4e1c829310e797d8f3b91d43c59ebbd6be7897245cf3352f2cd93bc5,88fee9ae3e114889b1a57f74491b4c72e8473f7d132ef7431f25acb3a467346b
16,68,0,cayley,64,8.0,7.999999999999993,0.0033036909881047904,0.0038869489944772795,character_semidihedral_no_delete,3.552713678800501e-15,181d5abd4e1c829310e797d8f3b91d43c59ebbd6be7897245cf3352f2cd93bc5,29d5f279385ed941eec4b4e3b599cc8f03b08e584becd5bcad456169147e9881
16,68,0,envelope,64,8.0,7.999999999999993,0.0001879659976111725,0.003900212002918124,envelope_formula,3.552713678800501e-15,181d5abd4e1c829310e797d8f3b91d43c59ebbd6be7897245cf3352f2cd93bc5,29d5f279385ed941eec4b4e3b599cc8f03b08e584becd5bcad456169147e9881
16,68,1,cayley,64,8.0,7.999999999999993,0.003134257989586331,0.0038617719983449206,character_semidihedral_no_delete,3.552713678800501e-15,181d5abd4e1c829310e797d8f3b91d43c59ebbd6be7897245cf3352f2cd93bc5,29d5f279385ed941eec4b4e3b599cc8f03b08e584becd5bcad456169147e9881
16,68,1,envelope,64,8.0,7.999999999999993,0.00019797100685536861,0.0039108810015022755,envelope_formula,3.552713678800501e-15,181d5abd4e1c829310e797d8f3b91d43c59ebbd6be7897245cf3352f2cd93bc5,29d5f279385ed941eec4b4e3b599cc8f03b08e584becd5bcad456169147e9881
16,68,2,cayley,64,8.0,7.999999999999993,0.003232272996683605,0.00387556100031361,character_semidihedral_no_delete,3.552713678800501e-15,181d5abd4e1c829310e797d8f3b91d43c59ebbd6be7897245cf3352f2cd93bc5,29d5f279385ed941eec4b4e3b599cc8f03b08e584becd5bcad456169147e9881
16,68,2,envelope,64,8.0,7.999999999999993,0.00019730899657588452,0.0039240539917955175,envelope_formula,3.552713678800501e-15,181d5abd4e1c829310e797d8f3b91d43c59ebbd6be7897245cf3352f2cd93bc5,29d5f279385ed941eec4b4e3b599cc8f03b08e584becd5bcad456169147e9881
16,68,3,cayley,64,8.0,7.999999999999993,0.003131375997327268,0.003930956008844078,character_semidihedral_no_delete,3.552713678800501e-15,181d5abd4e1c829310e797d8f3b91d43c59ebbd6be7897245cf3352f2cd93bc5,29d5f279385ed941eec4b4e3b599cc8f03b08e584becd5bcad456169147e9881
16,68,3,envelope,64,8.0,7.999999999999993,0.00024430199118796736,0.0039013589994283393,envelope_formula,3.552713678800501e-15,181d5abd4e1c829310e797d8f3b91d43c59ebbd6be7897245cf3352f2cd93bc5,29d5f279385ed941eec4b4e3b599cc8f03b08e584becd5bcad456169147e9881
16,68,4,cayley,64,8.0,7.999999999999993,0.0032412069995189086,0.003929917002096772,character_semidihedral_no_delete,3.552713678800501e-15,181d5abd4e1c829310e797d8f3b91d43c59ebbd6be7897245cf3352f2cd93bc5,29d5f279385ed941eec4b4e3b599cc8f03b08e584becd5bcad456169147e9881
16,68,4,envelope,64,8.0,7.999999999999993,0.0001920260110637173,0.00390089099528268,envelope_formula,3.552713678800501e-15,181d5abd4e1c829310e797d8f3b91d43c59ebbd6be7897245cf3352f2cd93bc5,29d5f279385ed941eec4b4e3b599cc8f03b08e584becd5bcad456169147e9881
16,69,0,cayley,64,8.0,7.9999999999999964,0.00317380900378339,0.0045516609970945865,character_semidihedral_no_delete,0.0,181d5abd4e1c829310e797d8f3b91d43c59ebbd6be7897245cf3352f2cd93bc5,64365572d59368a2bf10409e188ff4883774abd62ba3e07b7d83caf14fbbd3f0
16,69,0,envelope,64,8.0,7.9999999999999964,0.0001898660120787099,0.004591798002365977,envelope_formula,0.0,181d5abd4e1c829310e797d8f3b91d43c59ebbd6be7897245cf3352f2cd93bc5,64365572d59368a2bf10409e188ff4883774abd62ba3e07b7d83caf14fbbd3f0
16,69,1,cayley,64,8.0,7.9999999999999964,0.003249392000725493,0.004611563999787904,character_semidihedral_no_delete,0.0,181d5abd4e1c829310e797d8f3b91d43c59ebbd6be7897245cf3352f2cd93bc5,64365572d59368a2bf10409e188ff4883774abd62ba3e07b7d83caf14fbbd3f0
16,69,1,envelope,64,8.0,7.9999999999999964,0.00018892198568210006,0.004529940997599624,envelope_formula,0.0,181d5abd4e1c829310e797d8f3b91d43c59ebbd6be7897245cf3352f2cd93bc5,64365572d59368a2bf10409e188ff4883774abd62ba3e07b7d83caf14fbbd3f0
16,69,2,cayley,64,8.0,7.9999999999999964,0.0032903579995036125,0.004604455010849051,character_semidihedral_no_delete,0.0,181d5abd4e1c829310e797d8f3b91d43c59ebbd6be7897245cf3352f2cd93bc5,64365572d59368a2bf10409e188ff4883774abd62ba3e07b7d83caf14fbbd3f0
16,69,2,envelope,64,8.0,7.9999999999999964,0.00018759499653242528,0.004573840997181833,envelope_formula,0.0,181d5abd4e1c829310e797d8f3b91d43c59ebbd6be7897245cf3352f2cd93bc5,64365572d59368a2bf10409e188ff4883774abd62ba3e07b7d83caf14fbbd3f0
16,69,3,cayley,64,8.0,7.9999999999999964,0.003257903008488938,0.004566001996863633,character_semidihedral_no_delete,0.0,181d5abd4e1c829310e797d8f3b91d43c59ebbd6be7897245cf3352f2cd93bc5,64365572d59368a2bf10409e188ff4883774abd62ba3e07b7d83caf14fbbd3f0
16,69,3,envelope,64,8.0,7.9999999999999964,0.00018880399875342846,0.004590563999954611,envelope_formula,0.0,181d5abd4e1c829310e797d8f3b91d43c59ebbd6be7897245cf3352f2cd93bc5,64365572d59368a2bf10409e188ff4883774abd62ba3e07b7d83caf14fbbd3f0
16,69,4,cayley,64,8.0,7.9999999999999964,0.0031393289973493665,0.004606528993463144,character_semidihedral_no_delete,0.0,181d5abd4e1c829310e797d8f3b91d43c59ebbd6be7897245cf3352f2cd93bc5,64365572d59368a2bf10409e188ff4883774abd62ba3e07b7d83caf14fbbd3f0
16,69,4,envelope,64,8.0,7.9999999999999964,0.00018851400818675756,0.004594858008204028,envelope_formula,0.0,181d5abd4e1c829310e797d8f3b91d43c59ebbd6be7897245cf3352f2cd93bc5,64365572d59368a2bf10409e188ff4883774abd62ba3e07b7d83caf14fbbd3f0
16,70,0,cayley,64,8.0,7.999999999999992,0.007123649003915489,0.0053271770011633635,character_semidihedral_no_delete,1.7763568394002505e-15,181d5abd4e1c829310e797d8f3b91d43c59ebbd6be7897245cf3352f2cd93bc5,6f91cc723d7cadce579f7ab83ba918f821036234896034d667de42081cb29500
16,70,0,envelope,64,8.0,7.999999999999992,0.00016333399980794638,0.005247099994448945,envelope_formula,1.7763568394002505e-15,181d5abd4e1c829310e797d8f3b91d43c59ebbd6be7897245cf3352f2cd93bc5,6f91cc723d7cadce579f7ab83ba918f821036234896034d667de42081cb29500
16,70,1,cayley,64,8.0,7.999999999999992,0.0070115390117280185,0.00525559599918779,character_semidihedral_no_delete,1.7763568394002505e-15,181d5abd4e1c829310e797d8f3b91d43c59ebbd6be7897245cf3352f2cd93bc5,6f91cc723d7cadce579f7ab83ba918f821036234896034d667de42081cb29500
16,70,1,envelope,64,8.0,7.999999999999992,0.00015926400374155492,0.005297152994899079,envelope_formula,1.7763568394002505e-15,181d5abd4e1c829310e797d8f3b91d43c59ebbd6be7897245cf3352f2cd93bc5,6f91cc723d7cadce579f7ab83ba918f821036234896034d667de42081cb29500
16,70,2,cayley,64,8.0,7.999999999999992,0.0070794799976283684,0.005315254005836323,character_semidihedral_no_delete,1.7763568394002505e-15,181d5abd4e1c829310e797d8f3b91d43c59ebbd6be7897245cf3352f2cd93bc5,6f91cc723d7cadce579f7ab83ba918f821036234896034d667de42081cb29500
16,70,2,envelope,64,8.0,7.999999999999992,0.00015994600835256279,0.005234966010903008,envelope_formula,1.7763568394002505e-15,181d5abd4e1c829310e797d8f3b91d43c59ebbd6be7897245cf3352f2cd93bc5,6f91cc723d7cadce579f7ab83ba918f821036234896034d667de42081cb29500
16,70,3,cayley,64,8.0,7.999999999999992,0.006984817999182269,0.005324230995029211,character_semidihedral_no_delete,1.7763568394002505e-15,181d5abd4e1c829310e797d8f3b91d43c59ebbd6be7897245cf3352f2cd93bc5,6f91cc723d7cadce579f7ab83ba918f821036234896034d667de42081cb29500
16,70,3,envelope,64,8.0,7.999999999999992,0.00015973299741744995,0.005257950004306622,envelope_formula,1.7763568394002505e-15,181d5abd4e1c829310e797d8f3b91d43c59ebbd6be7897245cf3352f2cd93bc5,6f91cc723d7cadce579f7ab83ba918f821036234896034d667de42081cb29500
16,70,4,cayley,64,8.0,7.999999999999992,0.007076001988025382,0.0052490699890768155,character_semidihedral_no_delete,1.7763568394002505e-15,181d5abd4e1c829310e797d8f3b91d43c59ebbd6be7897245cf3352f2cd93bc5,6f91cc723d7cadce579f7ab83ba918f821036234896034d667de42081cb29500
16,70,4,envelope,64,8.0,7.999999999999992,0.0001595979992998764,0.005274523995467462,envelope_formula,1.7763568394002505e-15,181d5abd4e1c829310e797d8f3b91d43c59ebbd6be7897245cf3352f2cd93bc5,6f91cc723d7cadce579f7ab83ba918f821036234896034d667de42081cb29500
16,71,0,cayley,64,8.0,7.999999999999991,0.006988619003095664,0.005937294990872033,character_semidihedral_no_delete,2.6645352591003757e-15,181d5abd4e1c829310e797d8f3b91d43c59ebbd6be7897245cf3352f2cd93bc5,10619a77bfe8fb0d742679133fa785a0d52fdb8a1104b0e3ac1ac242c8f002be
16,71,0,envelope,64,8.0,7.999999999999991,0.00015886200708337128,0.0059621669934131205,envelope_formula,2.6645352591003757e-15,181d5abd4e1c829310e797d8f3b91d43c59ebbd6be7897245cf3352f2cd93bc5,10619a77bfe8fb0d742679133fa785a0d52fdb8a1104b0e3ac1ac242c8f002be
16,71,1,cayley,64,8.0,7.999999999999991,0.007205390997114591,0.005933392996666953,character_semidihedral_no_delete,2.6645352591003757e-15,181d5abd4e1c829310e797d8f3b91d43c59ebbd6be7897245cf3352f2cd93bc5,10619a77bfe8fb0d742679133fa785a0d52fdb8a1104b0e3ac1ac242c8f002be
16,71,1,envelope,64,8.0,7.999999999999991,0.00015916800475679338,0.005902119999518618,envelope_formula,2.6645352591003757e-15,181d5abd4e1c829310e797d8f3b91d43c59ebbd6be7897245cf3352f2cd93bc5,10619a77bfe8fb0d742679133fa785a0d52fdb8a1104b0e3ac1ac242c8f002be
16,71,2,cayley,64,8.0,7.999999999999991,0.007034263995592482,0.005933264998020604,character_semidihedral_no_delete,2.6645352591003757e-15,181d5abd4e1c829310e797d8f3b91d43c59ebbd6be7897245cf3352f2cd93bc5,10619a77bfe8fb0d742679133fa785a0d52fdb8a1104b0e3ac1ac242c8f002be
16,71,2,envelope,64,8.0,7.999999999999991,0.000159215007442981,0.005968854995444417,envelope_formula,2.6645352591003757e-15,181d5abd4e1c829310e797d8f3b91d43c59ebbd6be7897245cf3352f2cd93bc5,10619a77bfe8fb0d742679133fa785a0d52fdb8a1104b0e3ac1ac242c8f002be
16,71,3,cayley,64,8.0,7.999999999999991,0.007128722994821146,0.005981422000331804,character_semidihedral_no_delete,2.6645352591003757e-15,181d5abd4e1c829310e797d8f3b91d43c59ebbd6be7897245cf3352f2cd93bc5,10619a77bfe8fb0d742679133fa785a0d52fdb8a1104b0e3ac1ac242c8f002be
16,71,3,envelope,64,8.0,7.999999999999991,0.0001600210089236498,0.005952819003141485,envelope_formula,2.6645352591003757e-15,181d5abd4e1c829310e797d8f3b91d43c59ebbd6be7897245cf3352f2cd93bc5,10619a77bfe8fb0d742679133fa785a0d52fdb8a1104b0e3ac1ac242c8f002be
16,71,4,cayley,64,8.0,7.999999999999991,0.00711534998845309,0.005985272000543773,character_semidihedral_no_delete,2.6645352591003757e-15,181d5abd4e1c829310e797d8f3b91d43c59ebbd6be7897245cf3352f2cd93bc5,10619a77bfe8fb0d742679133fa785a0d52fdb8a1104b0e3ac1ac242c8f002be
16,71,4,envelope,64,8.0,7.999999999999991,0.0001598230010131374,0.005897063994780183,envelope_formula,2.6645352591003757e-15,181d5abd4e1c829310e797d8f3b91d43c59ebbd6be7897245cf3352f2cd93bc5,10619a77bfe8fb0d742679133fa785a0d52fdb8a1104b0e3ac1ac242c8f002be
16,72,0,cayley,72,8.0,7.999999999999998,0.006434782000724226,0.00031104999652598053,character_semidihedral_no_delete,6.217248937900877e-15,d2bd49fdcbe43ae898a906533642d0deed349f3ae959da10415bdcb5dedaa354,d2bd49fdcbe43ae898a906533642d0deed349f3ae959da10415bdcb5dedaa354
16,72,0,envelope,64,8.0,7.999999999999991,0.00015825600712560117,0.006586164003238082,envelope_formula,1.7763568394002505e-15,181d5abd4e1c829310e797d8f3b91d43c59ebbd6be7897245cf3352f2cd93bc5,26f7385c973f6c29c80e7ed0022131bc8c44bc524bf4082930963ff60504e087
16,72,1,cayley,72,8.0,7.999999999999998,0.006389225993189029,0.0002960980054922402,character_semidihedral_no_delete,6.217248937900877e-15,d2bd49fdcbe43ae898a906533642d0deed349f3ae959da10415bdcb5dedaa354,d2bd49fdcbe43ae898a906533642d0deed349f3ae959da10415bdcb5dedaa354
16,72,1,envelope,64,8.0,7.999999999999991,0.00016072399739641696,0.006593204991077073,envelope_formula,1.7763568394002505e-15,181d5abd4e1c829310e797d8f3b91d43c59ebbd6be7897245cf3352f2cd93bc5,26f7385c973f6c29c80e7ed0022131bc8c44bc524bf4082930963ff60504e087
16,72,2,cayley,72,8.0,7.999999999999998,0.00641892699059099,0.00030761800007894635,character_semidihedral_no_delete,6.217248937900877e-15,d2bd49fdcbe43ae898a906533642d0deed349f3ae959da10415bdcb5dedaa354,d2bd49fdcbe43ae898a906533642d0deed349f3ae959da10415bdcb5dedaa354
16,72,2,envelope,64,8.0,7.999999999999991,0.0001635509979678318,0.006566362004377879,envelope_formula,1.7763568394002505e-15,181d5abd4e1c829310e797d8f3b91d43c59ebbd6be7897245cf3352f2cd93bc5,26f7385c973f6c29c80e7ed0022131bc8c44bc524bf4082930963ff60504e087
16,72,3,cayley,72,8.0,7.999999999999998,0.006378789999871515,0.0003066509962081909,character_semidihedral_no_delete,6.217248937900877e-15,d2bd49fdcbe43ae898a906533642d0deed349f3ae959da10415bdcb5dedaa354,d2bd49fdcbe43ae898a906533642d0deed349f3ae959da10415bdcb5dedaa354
16,72,3,envelope,64,8.0,7.999999999999991,0.00015987201186362654,0.006632040996919386,envelope_formula,1.7763568394002505e-15,181d5abd4e1c829310e797d8f3b91d43c59ebbd6be7897245cf3352f2cd93bc5,26f7385c973f6c29c80e7ed0022131bc8c44bc524bf4082930963ff60504e087
16,72,4,cayley,72,8.0,7.999999999999998,0.006474786001490429,0.0002986120089190081,character_semidihedral_no_delete,6.217248937900877e-15,d2bd49fdcbe43ae898a906533642d0deed349f3ae959da10415bdcb5dedaa354,d2bd49fdcbe43ae898a906533642d0deed349f3ae959da10415bdcb5dedaa354
16,72,4,envelope,64,8.0,7.999999999999991,0.0001685089955572039,0.00659043800260406,envelope_formula,1.7763568394002505e-15,181d5abd4e1c829310e797d8f3b91d43c59ebbd6be7897245cf3352f2cd93bc5,26f7385c973f6c29c80e7ed0022131bc8c44bc524bf4082930963ff60504e087
16,73,0,cayley,72,8.0,7.9999999999999964,0.006395884993253276,0.001885078992927447,character_semidihedral_no_delete,5.329070518200751e-15,d2bd49fdcbe43ae898a906533642d0deed349f3ae959da10415bdcb5dedaa354,727352a1a222d4aec3afffbbceeab74e7350c75f5f5a9cc1305ce4e154cb0dc0
16,73,0,envelope,64,8.0,7.9999999999999964,0.0001603580021765083,0.007271064008818939,envelope_formula,1.7763568394002505e-15,181d5abd4e1c829310e797d8f3b91d43c59ebbd6be7897245cf3352f2cd93bc5,f2c1104d30949b00db38d62841366832ece19939b1ed14c317b70d22b113c5c1
16,73,1,cayley,72,8.0,7.9999999999999964,0.006634814999415539,0.0018871759966714308,character_semidihedral_no_delete,5.329070518200751e-15,d2bd49fdcbe43ae898a906533642d0deed349f3ae959da10415bdcb5dedaa354,727352a1a222d4aec3afffbbceeab74e7350c75f5f5a9cc1305ce4e154cb0dc0
16,73,1,envelope,64,8.0,7.9999999999999964,0.00016045599477365613,0.007307940992177464,envelope_formula,1.7763568394002505e-15,181d5abd4e1c829310e797d8f3b91d43c59ebbd6be7897245cf3352f2cd93bc5,f2c1104d30949b00db38d62841366832ece19939b1ed14c317b70d22b113c5c1
16,73,2,cayley,72,8.0,7.9999999999999964,0.006314026992185973,0.0018791119946399704,character_semidihedral_no_delete,5.329070518200751e-15,d2bd49fdcbe43ae898a906533642d0deed349f3ae959da10415bdcb5dedaa354,727352a1a222d4aec3afffbbceeab74e7350c75f5f5a9cc1305ce4e154cb0dc0
16,73,2,envelope,64,8.0,7.9999999999999964,0.0001598739909240976,0.007239771002787165,envelope_formula,1.7763568394002505e-15,181d5abd4e1c829310e797d8f3b91d43c59ebbd6be7897245cf3352f2cd93bc5,f2c1104d30949b00db38d62841366832ece19939b1ed14c317b70d22b113c5c1
16,73,3,cayley,72,8.0,7.9999999999999964,0.00641430399264209,0.0018887519981944934,character_semidihedral_no_delete,5.329070518200751e-15,d2bd49fdcbe43ae898a906533642d0deed349f3ae959da10415bdcb5dedaa354,727352a1a222d4aec3afffbbceeab74e7350c75f5f5a9cc1305ce4e154cb0dc0
16,73,3,envelope,64,8.0,7.9999999999999964,0.0001583960111020133,0.007294473005458713,envelope_formula,1.7763568394002505e-15,181d5abd4e1c829310e797d8f3b91d43c59ebbd6be7897245cf3352f2cd93bc5,f2c1104d30949b00db38d62841366832ece19939b1ed14c317b70d22b113c5c1
16,73,4,cayley,72,8.0,7.9999999999999964,0.006420026998966932,0.0018859260017052293,character_semidihedral_no_delete,5.329070518200751e-15,d2bd49fdcbe43ae898a906533642d0deed349f3ae959da10415bdcb5dedaa354,727352a1a222d4aec3afffbbceeab74e7350c75f5f5a9cc1305ce4e154cb0dc0
16,73,4,envelope,64,8.0,7.9999999999999964,0.00016452099953312427,0.007290658992133103,envelope_formula,1.7763568394002505e-15,181d5abd4e1c829310e797d8f3b91d43c59ebbd6be7897245cf3352f2cd93bc5,f2c1104d30949b00db38d62841366832ece19939b1ed14c317b70d22b113c5c1
16,74,0,cayley,72,8.0,7.999999999999998,0.006799220005632378,0.0025589459983166307,character_semidihedral_no_delete,3.552713678800501e-15,d2bd49fdcbe43ae898a906533642d0deed349f3ae959da10415bdcb5dedaa354,06aea9e0e0ae1bbc8dff1e1711911a149a3041a400267b344da44a05daabb2a2
16,74,0,envelope,64,8.0,7.9999999999999964,0.00015852399519644678,0.007998290995601565,envelope_formula,0.0,181d5abd4e1c829310e797d8f3b91d43c59ebbd6be7897245cf3352f2cd93bc5,fcff4642bdfceebcae17062b08205ab19f164f5f81173c3bbb44a860f302d492
16,74,1,cayley,72,8.0,7.999999999999998,0.006386763998307288,0.0025615450140321627,character_semidihedral_no_delete,3.552713678800501e-15,d2bd49fdcbe43ae898a906533642d0deed349f3ae959da10415bdcb5dedaa354,06aea9e0e0ae1bbc8dff1e1711911a149a3041a400267b344da44a05daabb2a2
16,74,1,envelope,64,8.0,7.9999999999999964,0.00016575200424995273,0.007981308008311316,envelope_formula,0.0,181d5abd4e1c829310e797d8f3b91d43c59ebbd6be7897245cf3352f2cd93bc5,fcff4642bdfceebcae17062b08205ab19f164f5f81173c3bbb44a860f302d492
16,74,2,cayley,72,8.0,7.999999999999998,0.006774876004783437,0.0025634710036683828,character_semidihedral_no_delete,3.552713678800501e-15,d2bd49fdcbe43ae898a906533642d0deed349f3ae959da10415bdcb5dedaa354,06aea9e0e0ae1bbc8dff1e1711911a149a3041a400267b344da44a05daabb2a2
16,74,2,envelope,64,8.0,7.9999999999999964,0.0001580420066602528,0.008003144001122564,envelope_formula,0.0,181d5abd4e1c829310e797d8f3b91d43c59ebbd6be7897245cf3352f2cd93bc5,fcff4642bdfceebcae17062b08205ab19f164f5f81173c3bbb44a860f302d492
16,74,3,cayley,72,8.0,7.999999999999998,0.006343879998894408,0.0025720330013427883,character_semidihedral_no_delete,3.552713678800501e-15,d2bd49fdcbe43ae898a906533642d0deed349f3ae959da10415bdcb5dedaa354,06aea9e0e0ae1bbc8dff1e1711911a149a3041a400267b344da44a05daabb2a2
16,74,3,envelope,64,8.0,7.9999999999999964,0.0001607349986443296,0.007995822001248598,envelope_formula,0.0,181d5abd4e1c829310e797d8f3b91d43c59ebbd6be7897245cf3352f2cd93bc5,fcff4642bdfceebcae17062b08205ab19f164f5f81173c3bbb44a860f302d492
16,74,4,cayley,72,8.0,7.999999999999998,0.006484425990493037,0.0025667809968581423,character_semidihedral_no_delete,3.552713678800501e-15,d2bd49fdcbe43ae898a906533642d0deed349f3ae959da10415bdcb5dedaa354,06aea9e0e0ae1bbc8dff1e1711911a149a3041a400267b344da44a05daabb2a2
16,74,4,envelope,64,8.0,7.9999999999999964,0.00015929198707453907,0.007959373004268855,envelope_formula,0.0,181d5abd4e1c829310e797d8f3b91d43c59ebbd6be7897245cf3352f2cd93bc5,fcff4642bdfceebcae17062b08205ab19f164f5f81173c3bbb44a860f302d492
16,75,0,cayley,72,8.0,7.9999999999999964,0.0063290960097219795,0.003188211005181074,character_semidihedral_no_delete,0.0,d2bd49fdcbe43ae898a906533642d0deed349f3ae959da10415bdcb5dedaa354,5fcd4c7d61a3ec35ae600a49e42e8d40243640e96f0962308e1457a00182a5f9
16,75,0,envelope,64,8.0,7.999999999999998,0.00015910901129245758,0.00866957900871057,envelope_formula,8.881784197001252e-16,181d5abd4e1c829310e797d8f3b91d43c59ebbd6be7897245cf3352f2cd93bc5,e4674120a66eef4b971263b65ecbd17fe4dcd249af3e11af952d6b4264d1f250
16,75,1,cayley,72,8.0,7.9999999999999964,0.006554916995810345,0.0032572020136285573,character_semidihedral_no_delete,0.0,d2bd49fdcbe43ae898a906533642d0deed349f3ae959da10415bdcb5dedaa354,5fcd4c7d61a3ec35ae600a49e42e8d40243640e96f0962308e1457a00182a5f9
16,75,1,envelope,64,8.0,7.999999999999998,0.00015919299039524049,0.008671342002344318,envelope_formula,8.881784197001252e-16,181d5abd4e1c829310e797d8f3b91d43c59ebbd6be7897245cf3352f2cd93bc5,e4674120a66eef4b971263b65ecbd17fe4dcd249af3e11af952d6b4264d1f250
16,75,2,cayley,72,8.0,7.9999999999999964,0.006476869006291963,0.0032497450010851026,character_semidihedral_no_delete,0.0,d2bd49fdcbe43ae898a906533642d0deed349f3ae959da10415bdcb5dedaa354,5fcd4c7d61a3ec35ae600a49e42e8d40243640e96f0962308e1457a00182a5f9
16,75,2,envelope,64,8.0,7.999999999999998,0.0001593409979250282,0.00868826499208808,envelope_formula,8.881784197001252e-16,181d5abd4e1c829310e797d8f3b91d43c59ebbd6be7897245cf3352f2cd93bc5,e4674120a66eef4b971263b65ecbd17fe4dcd249af3e11af952d6b4264d1f250
16,75,3,cayley,72,8.0,7.9999999999999964,0.006441234989324585,0.003265665000071749,character_semidihedral_no_delete,0.0,d2bd49fdcbe43ae898a906533642d0deed349f3ae959da10415bdcb5dedaa354,5fcd4c7d61a3ec35ae600a49e42e8d40243640e96f0962308e1457a00182a5f9
16,75,3,envelope,64,8.0,7.999999999999998,0.00015883699234109372,0.008572335995268077,envelope_formula,8.881784197001252e-16,181d5abd4e1c829310e797d8f3b91d43c59ebbd6be7897245cf3352f2cd93bc5,e4674120a66eef4b971263b65ecbd17fe4dcd249af3e11af952d6b4264d1f250
16,75,4,cayley,72,8.0,7.9999999999999964,0.006361705003655516,0.0032438929920317605,character_semidihedral_no_delete,0.0,d2bd49fdcbe43ae898a906533642d0deed349f3ae959da10415bdcb5dedaa354,5fcd4c7d61a3ec35ae600a49e42e8d40243640e96f0962308e1457a00182a5f9
16,75,4,envelope,64,8.0,7.999999999999998,0.0001599709939910099,0.008661029001814313,envelope_formula,8.881784197001252e-16,181d5abd4e1c829310e797d8f3b91d43c59ebbd6be7897245cf3352f2cd93bc5,e4674120a66eef4b971263b65ecbd17fe4dcd249af3e11af952d6b4264d1f250
16,76,0,cayley,72,8.0,7.999999999999998,0.0064557300065644085,0.003932874009478837,character_semidihedral_no_delete,1.3322676295501878e-14,d2bd49fdcbe43ae898a906533642d0deed349f3ae959da10415bdcb5dedaa354,a8299dc844f2837f084c46229e2309190e27dab33314577c88de2c05c9633f11
16,76,0,envelope,64,8.0,7.999999999999998,0.00015979300951585174,0.00935384699550923,envelope_formula,8.881784197001252e-16,181d5abd4e1c829310e797d8f3b91d43c59ebbd6be7897245cf3352f2cd93bc5,8074c1d80dff7728e63e261bff07b5a04bea60e9e1d6a6e572e6b2560d0c656b
16,76,1,cayley,72,8.0,7.999999999999998,0.00677918700966984,0.003934050997486338,character_semidihedral_no_delete,1.3322676295501878e-14,d2bd49fdcbe43ae898a906533642d0deed349f3ae959da10415bdcb5dedaa354,a8299dc844f2837f084c46229e2309190e27dab33314577c88de2c05c9633f11
16,76,1,envelope,64,8.0,7.999999999999998,0.0001585260033607483,0.009354869005619548,envelope_formula,8.881784197001252e-16,181d5abd4e1c829310e797d8f3b91d43c59ebbd6be7897245cf3352f2cd93bc5,8074c1d80dff7728e63e261bff07b5a04bea60e9e1d6a6e572e6b2560d0c656b
16,76,2,cayley,72,8.0,7.999999999999998,0.006432921989471652,0.0038931549934204668,character_semidihedral_no_delete,1.3322676295501878e-14,d2bd49fdcbe43ae898a906533642d0deed349f3ae959da10415bdcb5dedaa354,a8299dc844f2837f084c46229e2309190e27dab33314577c88de2c05c9633f11
16,76,2,envelope,64,8.0,7.999999999999998,0.00016196799697354436,0.009340689997770824,envelope_formula,8.881784197001252e-16,181d5abd4e1c829310e797d8f3b91d43c59ebbd6be7897245cf3352f2cd93bc5,8074c1d80dff7728e63e261bff07b5a04bea60e9e1d6a6e572e6b2560d0c656b
16,76,3,cayley,72,8.0,7.999999999999998,0.006436922994907945,0.003940206996048801,character_semidihedral_no_delete,1.3322676295501878e-14,d2bd49fdcbe43ae898a906533642d0deed349f3ae959da10415bdcb5dedaa354,a8299dc844f2837f084c46229e2309190e27dab33314577c88de2c05c9633f11
16,76,3,envelope,64,8.0,7.999999999999998,0.00016040599439293146,0.009255686003598385,envelope_formula,8.881784197001252e-16,181d5abd4e1c829310e797d8f3b91d43c59ebbd6be7897245cf3352f2cd93bc5,8074c1d80dff7728e63e261bff07b5a04bea60e9e1d6a6e572e6b2560d0c656b
16,76,4,cayley,72,8.0,7.999999999999998,0.006504817007225938,0.003960000001825392,character_semidihedral_no_delete,1.3322676295501878e-14,d2bd49fdcbe43ae898a906533642d0deed349f3ae959da10415bdcb5dedaa354,a8299dc844f2837f084c46229e2309190e27dab33314577c88de2c05c9633f11
16,76,4,envelope,64,8.0,7.999999999999998,0.0001702190056676045,0.009338322997791693,envelope_formula,8.881784197001252e-16,181d5abd4e1c829310e797d8f3b91d43c59ebbd6be7897245cf3352f2cd93bc5,8074c1d80dff7728e63e261bff07b5a04bea60e9e1d6a6e572e6b2560d0c656b
16,77,0,cayley,72,8.0,7.9999999999999964,0.006271631005802192,0.004561539011774585,character_semidihedral_no_delete,3.552713678800501e-15,d2bd49fdcbe43ae898a906533642d0deed349f3ae959da10415bdcb5dedaa354,ecc5a76d3aabda1cec6e878ec6cb833effcbaf81604d50cb26e6f02de6b0ec73
16,77,0,envelope,77,9.0,8.999999999999986,0.00018045600154437125,0.0002829340082826093,envelope_formula,5.329070518200751e-15,e14968dd8d6befd6e3ffcb0ccaa630c856932d3a1fe3a921c10ba8cc0c03341a,e14968dd8d6befd6e3ffcb0ccaa630c856932d3a1fe3a921c10ba8cc0c03341a
16,77,1,cayley,72,8.0,7.9999999999999964,0.006715412993798964,0.004613495999365114,character_semidihedral_no_delete,3.552713678800501e-15,d2bd49fdcbe43ae898a906533642d0deed349f3ae959da10415bdcb5dedaa354,ecc5a76d3aabda1cec6e878ec6cb833effcbaf81604d50cb26e6f02de6b0ec73
16,77,1,envelope,77,9.0,8.999999999999986,0.0001848009997047484,0.000273236000793986,envelope_formula,5.329070518200751e-15,e14968dd8d6befd6e3ffcb0ccaa630c856932d3a1fe3a921c10ba8cc0c03341a,e14968dd8d6befd6e3ffcb0ccaa630c856932d3a1fe3a921c10ba8cc0c03341a
16,77,2,cayley,72,8.0,7.9999999999999964,0.0063767499959794804,0.004606312999385409,character_semidihedral_no_delete,3.552713678800501e-15,d2bd49fdcbe43ae898a906533642d0deed349f3ae959da10415bdcb5dedaa354,ecc5a76d3aabda1cec6e878ec6cb833effcbaf81604d50cb26e6f02de6b0ec73
16,77,2,envelope,77,9.0,8.999999999999986,0.00017956600640900433,0.00027140900783706456,envelope_formula,5.329070518200751e-15,e14968dd8d6befd6e3ffcb0ccaa630c856932d3a1fe3a921c10ba8cc0c03341a,e14968dd8d6befd6e3ffcb0ccaa630c856932d3a1fe3a921c10ba8cc0c03341a
16,77,3,cayley,72,8.0,7.9999999999999964,0.006379253012710251,0.00463460199534893,character_semidihedral_no_delete,3.552713678800501e-15,d2bd49fdcbe43ae898a906533642d0deed349f3ae959da10415bdcb5dedaa354,ecc5a76d3aabda1cec6e878ec6cb833effcbaf81604d50cb26e6f02de6b0ec73
16,77,3,envelope,77,9.0,8.999999999999986,0.0001810550020309165,0.00027051300276070833,envelope_formula,5.329070518200751e-15,e14968dd8d6befd6e3ffcb0ccaa630c856932d3a1fe3a921c10ba8cc0c03341a,e14968dd8d6befd6e3ffcb0ccaa630c856932d3a1fe3a921c10ba8cc0c03341a
16,77,4,cayley,72,8.0,7.9999999999999964,0.006393221003236249,0.00456068899075035,character_semidihedral_no_delete,3.552713678800501e-15,d2bd49fdcbe43ae898a906533642d0deed349f3ae959da10415bdcb5dedaa354,ecc5a76d3aabda1cec6e878ec6cb833effcbaf81604d50cb26e6f02de6b0ec73
16,77,4,envelope,77,9.0,8.999999999999986,0.00018104800255969167,0.0002697829913813621,envelope_formula,5.329070518200751e-15,e14968dd8d6befd6e3ffcb0ccaa630c856932d3a1fe3a921c10ba8cc0c03341a,e14968dd8d6befd6e3ffcb0ccaa630c856932d3a1fe3a921c10ba8cc0c03341a
16,78,0,cayley,72,8.0,7.999999999999993,0.006543829993461259,0.005301758006680757,character_semidihedral_no_delete,1.7763568394002505e-15,d2bd49fdcbe43ae898a906533642d0deed349f3ae959da10415bdcb5dedaa354,8bc6c4bc67f0e2505ba412eda24e08837b3a17d0f4c607fb77140b225969dd31
16,78,0,envelope,77,9.0,8.999999999999988,0.00018064600590150803,0.0018549870001152158,envelope_formula,5.329070518200751e-15,e14968dd8d6befd6e3ffcb0ccaa630c856932d3a1fe3a921c10ba8cc0c03341a,325ab7fbb9d18af0f94510a921eed590ec4eb97c76e302377c6eb9b7a7758846
16,78,1,cayley,72,8.0,7.999999999999993,0.006355707999318838,0.005298244010191411,character_semidihedral_no_delete,1.7763568394002505e-15,d2bd49fdcbe43ae898a906533642d0deed349f3ae959da10415bdcb5dedaa354,8bc6c4bc67f0e2505ba412eda24e08837b3a17d0f4c607fb77140b225969dd31
16,78,1,envelope,77,9.0,8.999999999999988,0.00018017399997916073,0.0018442300060996786,envelope_formula,5.329070518200751e-15,e14968dd8d6befd6e3ffcb0ccaa630c856932d3a1fe3a921c10ba8cc0c03341a,325ab7fbb9d18af0f94510a921eed590ec4eb97c76e302377c6eb9b7a7758846
16,78,2,cayley,72,8.0,7.999999999999993,0.006425871004466899,0.005228130001341924,character_semidihedral_no_delete,1.7763568394002505e-15,d2bd49fdcbe43ae898a906533642d0deed349f3ae959da10415bdcb5dedaa354,8bc6c4bc67f0e2505ba412eda24e08837b3a17d0f4c607fb77140b225969dd31
16,78,2,envelope,77,9.0,8.999999999999988,0.00018229999113827944,0.0018501690065022558,envelope_formula,5.329070518200751e-15,e14968dd8d6befd6e3ffcb0ccaa630c856932d3a1fe3a921c10ba8cc0c03341a,325ab7fbb9d18af0f94510a921eed590ec4eb97c76e302377c6eb9b7a7758846
16,78,3,cayley,72,8.0,7.999999999999993,0.0063291900005424395,0.005311935005011037,character_semidihedral_no_delete,1.7763568394002505e-15,d2bd49fdcbe43ae898a906533642d0deed349f3ae959da10415bdcb5dedaa354,8bc6c4bc67f0e2505ba412eda24e08837b3a17d0f4c607fb77140b225969dd31
16,78,3,envelope,77,9.0,8.999999999999988,0.00018023799930233508,0.0018496670090826228,envelope_formula,5.329070518200751e-15,e14968dd8d6befd6e3ffcb0ccaa630c856932d3a1fe3a921c10ba8cc0c03341a,325ab7fbb9d18af0f94510a921eed590ec4eb97c76e302377c6eb9b7a7758846
16,78,4,cayley,72,8.0,7.999999999999993,0.00646876500104554,0.005300436998368241,character_semidihedral_no_delete,1.7763568394002505e-15,d2bd49fdcbe43ae898a906533642d0deed349f3ae959da10415bdcb5dedaa354,8bc6c4bc67f0e2505ba412eda24e08837b3a17d0f4c607fb77140b225969dd31
16,78,4,envelope,77,9.0,8.999999999999988,0.00018504299805499613,0.001844807993620634,envelope_formula,5.329070518200751e-15,e14968dd8d6befd6e3ffcb0ccaa630c856932d3a1fe3a921c10ba8cc0c03341a,325ab7fbb9d18af0f94510a921eed590ec4eb97c76e302377c6eb9b7a7758846
16,79,0,cayley,72,8.0,7.999999999999998,0.006374762000632472,0.005959315996733494,character_semidihedral_no_delete,1.7763568394002505e-14,d2bd49fdcbe43ae898a906533642d0deed349f3ae959da10415bdcb5dedaa354,98eafdf85cc45a5de55ae5449049f094ae62cb5b2d9730912931b54f7c544f51
16,79,0,envelope,77,9.0,8.999999999999995,0.00018733598699327558,0.0025292479986092076,envelope_formula,3.552713678800501e-15,e14968dd8d6befd6e3ffcb0ccaa630c856932d3a1fe3a921c10ba8cc0c03341a,3877d5cd2385f7725be57eee41c62d9bf4100fa8a43ce797e683d94ebc5d10a3
16,79,1,cayley,72,8.0,7.999999999999998,0.00677084201015532,0.005898704010178335,character_semidihedral_no_delete,1.7763568394002505e-14,d2bd49fdcbe43ae898a906533642d0deed349f3ae959da10415bdcb5dedaa354,98eafdf85cc45a5de55ae5449049f094ae62cb5b2d9730912931b54f7c544f51
16,79,1,envelope,77,9.0,8.999999999999995,0.00018072999955620617,0.002526558004319668,envelope_formula,3.552713678800501e-15,e14968dd8d6befd6e3ffcb0ccaa630c856932d3a1fe3a921c10ba8cc0c03341a,3877d5cd2385f7725be57eee41c62d9bf4100fa8a43ce797e683d94ebc5d10a3
16,79,2,cayley,72,8.0,7.999999999999998,0.006354515993734822,0.005946926001342945,character_semidihedral_no_delete,1.7763568394002505e-14,d2bd49fdcbe43ae898a906533642d0deed349f3ae959da10415bdcb5dedaa354,98eafdf85cc45a5de55ae5449049f094ae62cb5b2d9730912931b54f7c544f51
16,79,2,envelope,77,9.0,8.999999999999995,0.00018060699221678078,0.0025292060017818585,envelope_formula,3.552713678800501e-15,e14968dd8d6befd6e3ffcb0ccaa630c856932d3a1fe3a921c10ba8cc0c03341a,3877d5cd2385f7725be57eee41c62d9bf4100fa8a43ce797e683d94ebc5d10a3
16,79,3,cayley,72,8.0,7.999999999999998,0.006551553000463173,0.005957486995612271,character_semidihedral_no_delete,1.7763568394002505e-14,d2bd49fdcbe43ae898a906533642d0deed349f3ae959da10415bdcb5dedaa354,98eafdf85cc45a5de55ae5449049f094ae62cb5b2d9730912931b54f7c544f51
16,79,3,envelope,77,9.0,8.999999999999995,0.000186436009244062,0.002537342006689869,envelope_formula,3.552713678800501e-15,e14968dd8d6befd6e3ffcb0ccaa630c856932d3a1fe3a921c10ba8cc0c03341a,3877d5cd2385f7725be57eee41c62d9bf4100fa8a43ce797e683d94ebc5d10a3
16,79,4,cayley,72,8.0,7.999999999999998,0.006387240995536558,0.005888726998819038,character_semidihedral_no_delete,1.7763568394002505e-14,d2bd49fdcbe43ae898a906533642d0deed349f3ae959da10415bdcb5dedaa354,98eafdf85cc45a5de55ae5449049f094ae62cb5b2d9730912931b54f7c544f51
16,79,4,envelope,77,9.0,8.999999999999995,0.00018667199765332043,0.002518459004932083,envelope_formula,3.552713678800501e-15,e14968dd8d6befd6e3ffcb0ccaa630c856932d3a1fe3a921c10ba8cc0c03341a,3877d5cd2385f7725be57eee41c62d9bf4100fa8a43ce797e683d94ebc5d10a3
16,81,0,cayley,71,6.697224362268005,8.605048003374543,0.003920402989024296,0.008005470997886732,dense_subset_laplacian,3.552713678800501e-15,d424ba4e50c8d65914d3f44feac86b93095a754d865fa1f68d205968a33fdc76,add741cc3de323ddee04127042c53b5a9e04f7e8692388d9492b691b098c30a9
16,81,0,envelope,77,9.0,8.999999999999995,0.00018049900245387107,0.003880527990986593,envelope_formula,3.552713678800501e-15,e14968dd8d6befd6e3ffcb0ccaa630c856932d3a1fe3a921c10ba8cc0c03341a,1449a73b9cacdfb951747a70b09be49e2f2ca8d1f3dac4d3ded90cbbb1cb5f15
16,81,1,cayley,71,6.7337524960147945,9.0,0.00398153999412898,0.008006479009054601,dense_subset_laplacian,7.105427357601002e-15,62ef00c8e07f8e812ba70f3febbad65636f6fd912043e8f9de6e9372e19c28f7,e6052e1dc11f2e0c2ed1f7b4b35eac81d6ef8faf8971f4d74bb3f283da278d3f
16,81,1,envelope,77,9.0,8.999999999999995,0.00018263200763612986,0.0038941270031500608,envelope_formula,3.552713678800501e-15,e14968dd8d6befd6e3ffcb0ccaa630c856932d3a1fe3a921c10ba8cc0c03341a,1449a73b9cacdfb951747a70b09be49e2f2ca8d1f3dac4d3ded90cbbb1cb5f15
16,81,2,cayley,71,6.7337524960147945,8.999999999999988,0.0038595259975409135,0.008043560999794863,dense_subset_laplacian,7.105427357601002e-15,e247e8e7bbce754f0666caad85824245175419c776e165e625408972145247ee,b3a35798c8e2930b1b3e6b1b5fd1162a61d89a012060ad2e521e56f8a087e5b0
16,81,2,envelope,77,9.0,8.999999999999995,0.00018501000886317343,0.0038759599992772564,envelope_formula,3.552713678800501e-15,e14968dd8d6befd6e3ffcb0ccaa630c856932d3a1fe3a921c10ba8cc0c03341a,1449a73b9cacdfb951747a70b09be49e2f2ca8d1f3dac4d3ded90cbbb1cb5f15
16,81,3,cayley,71,6.697224362268005,8.605048003374543,0.004125168998143636,0.007928435996291228,dense_subset_laplacian,3.552713678800501e-15,d424ba4e50c8d65914d3f44feac86b93095a754d865fa1f68d205968a33fdc76,add741cc3de323ddee04127042c53b5a9e04f7e8692388d9492b691b098c30a9
16,81,3,envelope,77,9.0,8.999999999999995,0.00018003600416705012,0.003889505998813547,envelope_formula,3.552713678800501e-15,e14968dd8d6befd6e3ffcb0ccaa630c856932d3a1fe3a921c10ba8cc0c03341a,1449a73b9cacdfb951747a70b09be49e2f2ca8d1f3dac4d3ded90cbbb1cb5f15
16,81,4,cayley,71,6.697224362268009,8.999999999999998,0.0038351120019797236,0.007952704007038847,dense_subset_laplacian,3.552713678800501e-15,02e3fdb8e909ccf58363765fe33e3e0095878d64e4da65322c3e25122fb39a6e,16c95f5ffea5c4c9d754079a3a6982dc5b080871a0067f798c23f41e3a348d36
16,81,4,envelope,77,9.0,8.999999999999995,0.0001822680060286075,0.0038872089935466647,envelope_formula,3.552713678800501e-15,e14968dd8d6befd6e3ffcb0ccaa630c856932d3a1fe3a921c10ba8cc0c03341a,1449a73b9cacdfb951747a70b09be49e2f2ca8d1f3dac4d3ded90cbbb1cb5f15
16,82,0,cayley,71,6.697224362268005,8.999999999999998,0.00398724598926492,0.00866763100202661,dense_subset_laplacian,7.105427357601002e-15,d424ba4e50c8d65914d3f44feac86b93095a754d865fa1f68d205968a33fdc76,7c308a2fe1d29b7fef6327a8b50bcff307c4e28669f9edf6b66c001e61023316
16,82,0,envelope,77,9.0,8.999999999999991,0.00018574699060991406,0.004568192001897842,envelope_formula,1.7763568394002505e-15,e14968dd8d6befd6e3ffcb0ccaa630c856932d3a1fe3a921c10ba8cc0c03341a,5bab2384c288a3e5568e6f9110a8d9525944a06032a18a41a96428fe35963252
16,82,1,cayley,71,6.7337524960147945,9.000000000000002,0.003827359003480524,0.008669850998558104,dense_subset_laplacian,5.329070518200751e-15,62ef00c8e07f8e812ba70f3febbad65636f6fd912043e8f9de6e9372e19c28f7,4feb432b034d90c4cae7d0d5718ec7f7d799cd2f5eb678da16236a73322789e9
16,82,1,envelope,77,9.0,8.999999999999991,0.0001853079884313047,0.004555711013381369,envelope_formula,1.7763568394002505e-15,e14968dd8d6befd6e3ffcb0ccaa630c856932d3a1fe3a921c10ba8cc0c03341a,5bab2384c288a3e5568e6f9110a8d9525944a06032a18a41a96428fe35963252
16,82,2,cayley,71,6.7337524960147945,9.0,0.003980180001235567,0.008610821998445317,dense_subset_laplacian,1.7763568394002505e-15,e247e8e7bbce754f0666caad85824245175419c776e165e625408972145247ee,870091496ded2e630816c965324209853c9b2ffefc5b2d21c000f0375d5a20ed
16,82,2,envelope,77,9.0,8.999999999999991,0.0001793830015230924,0.004554786006337963,envelope_formula,1.7763568394002505e-15,e14968dd8d6befd6e3ffcb0ccaa630c856932d3a1fe3a921c10ba8cc0c03341a,5bab2384c288a3e5568e6f9110a8d9525944a06032a18a41a96428fe35963252
16,82,3,cayley,71,6.697224362268005,8.999999999999998,0.0038129940076032653,0.008688503003213555,dense_subset_laplacian,7.105427357601002e-15,d424ba4e50c8d65914d3f44feac86b93095a754d865fa1f68d205968a33fdc76,7c308a2fe1d29b7fef6327a8b50bcff307c4e28669f9edf6b66c001e61023316
16,82,3,envelope,77,9.0,8.999999999999991,0.00017936799849849194,0.004545482996036299,envelope_formula,1.7763568394002505e-15,e14968dd8d6befd6e3ffcb0ccaa630c856932d3a1fe3a921c10ba8cc0c03341a,5bab2384c288a3e5568e6f9110a8d9525944a06032a18a41a96428fe35963252
16,82,4,cayley,71,6.697224362268009,8.999999999999998,0.003993606005678885,0.008678646991029382,dense_subset_laplacian,1.7763568394002505e-15,02e3fdb8e909ccf58363765fe33e3e0095878d64e4da65322c3e25122fb39a6e,cd7e50157615aca0e0e46db780f6603b9ddf8587146b079df9b90681ccf96429
16,82,4,envelope,77,9.0,8.999999999999991,0.00018032400112133473,0.004550420999294147,envelope_formula,1.7763568394002505e-15,e14968dd8d6befd6e3ffcb0ccaa630c856932d3a1fe3a921c10ba8cc0c03341a,5bab2384c288a3e5568e6f9110a8d9525944a06032a18a41a96428fe35963252
16,83,0,cayley,71,6.697224362268005,8.999999999999996,0.0038206809986149892,0.00934266000695061,dense_subset_laplacian,1.0658141036401503e-14,d424ba4e50c8d65914d3f44feac86b93095a754d865fa1f68d205968a33fdc76,6e17dd08deacf611dabe628baee0688e8de8f36d160f02178fd05cafdfaeb09f
16,83,0,envelope,77,9.0,8.999999999999995,0.0001822010090108961,0.005223240004852414,envelope_formula,3.552713678800501e-15,e14968dd8d6befd6e3ffcb0ccaa630c856932d3a1fe3a921c10ba8cc0c03341a,45edf02d74f88f0e5ac8d2ddd99b92c347d35e23d56ec2686b63cd48ac71fb8f
16,83,1,cayley,71,6.7337524960147945,9.000000000000002,0.003977622007369064,0.009335365000879392,dense_subset_laplacian,1.7763568394002505e-15,62ef00c8e07f8e812ba70f3febbad65636f6fd912043e8f9de6e9372e19c28f7,489b3202b9ca7325f3bec6a9b05f6af9ffde102ae78eb827c95329c71ccf62d2
16,83,1,envelope,77,9.0,8.999999999999995,0.0001790229871403426,0.005203327003982849,envelope_formula,3.552713678800501e-15,e14968dd8d6befd6e3ffcb0ccaa630c856932d3a1fe3a921c10ba8cc0c03341a,45edf02d74f88f0e5ac8d2ddd99b92c347d35e23d56ec2686b63cd48ac71fb8f
16,83,2,cayley,71,6.7337524960147945,8.999999999999996,0.003830076995654963,0.009335254988400266,dense_subset_laplacian,3.552713678800501e-15,e247e8e7bbce754f0666caad85824245175419c776e165e625408972145247ee,b5bc9f74badffb7bd61c49ffbba559464477315cffbd10b050524e96b35ff461
16,83,2,envelope,77,9.0,8.999999999999995,0.0001788340014172718,0.005212760996073484,envelope_formula,3.552713678800501e-15,e14968dd8d6befd6e3ffcb0ccaa630c856932d3a1fe3a921c10ba8cc0c03341a,45edf02d74f88f0e5ac8d2ddd99b92c347d35e23d56ec2686b63cd48ac71fb8f
16,83,3,cayley,71,6.697224362268005,8.999999999999996,0.00398909900104627,0.009299789991928264,dense_subset_laplacian,1.0658141036401503e-14,d424ba4e50c8d65914d3f44feac86b93095a754d865fa1f68d205968a33fdc76,6e17dd08deacf611dabe628baee0688e8de8f36d160f02178fd05cafdfaeb09f
16,83,3,envelope,77,9.0,8.999999999999995,0.00018015099340118468,0.005234957003267482,envelope_formula,3.552713678800501e-15,e14968dd8d6befd6e3ffcb0ccaa630c856932d3a1fe3a921c10ba8cc0c03341a,45edf02d74f88f0e5ac8d2ddd99b92c347d35e23d56ec2686b63cd48ac71fb8f
16,83,4,cayley,71,6.697224362268009,9.000000000000005,0.0038334649871103466,0.009355607006000355,dense_subset_laplacian,5.329070518200751e-15,02e3fdb8e909ccf58363765fe33e3e0095878d64e4da65322c3e25122fb39a6e,b7025ae2290989f41e90e388d2cfe4f4743bbf9920b184fe3640140be9fc3716
16,83,4,envelope,77,9.0,8.999999999999995,0.0001832100097090006,0.005206467991229147,envelope_formula,3.552713678800501e-15,e14968dd8d6befd6e3ffcb0ccaa630c856932d3a1fe3a921c10ba8cc0c03341a,45edf02d74f88f0e5ac8d2ddd99b92c347d35e23d56ec2686b63cd48ac71fb8f
16,84,0,envelope,84,10.0,9.999999999999988,0.0002954639930976555,0.00031504199432674795,envelope_formula,5.329070518200751e-15,3db8c723a5a5bad58e15b487c6522118d8be5a933961a7882e9175cef4ba2d2d,3db8c723a5a5bad58e15b487c6522118d8be5a933961a7882e9175cef4ba2d2d
16,84,1,envelope,84,10.0,9.999999999999988,0.000375375006115064,0.00031773600494489074,envelope_formula,5.329070518200751e-15,3db8c723a5a5bad58e15b487c6522118d8be5a933961a7882e9175cef4ba2d2d,3db8c723a5a5bad58e15b487c6522118d8be5a933961a7882e9175cef4ba2d2d
16,84,2,envelope,84,10.0,9.999999999999988,0.0002861880057025701,0.0003097949957009405,envelope_formula,5.329070518200751e-15,3db8c723a5a5bad58e15b487c6522118d8be5a933961a7882e9175cef4ba2d2d,3db8c723a5a5bad58e15b487c6522118d8be5a933961a7882e9175cef4ba2d2d
16,84,3,envelope,84,10.0,9.999999999999988,0.00028429299709387124,0.0003103909984929487,envelope_formula,5.329070518200751e-15,3db8c723a5a5bad58e15b487c6522118d8be5a933961a7882e9175cef4ba2d2d,3db8c723a5a5bad58e15b487c6522118d8be5a933961a7882e9175cef4ba2d2d
16,84,4,envelope,84,10.0,9.999999999999988,0.0002904639986809343,0.00032179900154005736,envelope_formula,5.329070518200751e-15,3db8c723a5a5bad58e15b487c6522118d8be5a933961a7882e9175cef4ba2d2d,3db8c723a5a5bad58e15b487c6522118d8be5a933961a7882e9175cef4ba2d2d
16,85,0,cayley,85,9.999999999999998,9.999999999999998,0.004050810006447136,0.00030424298893194646,dense_subset_laplacian,1.0658141036401503e-14,ed1ef2be989ef639220e9a6def103d22c231d2683dc43126e8d22c5815998d6f,ed1ef2be989ef639220e9a6def103d22c231d2683dc43126e8d22c5815998d6f
16,85,0,envelope,84,10.0,9.999999999999991,0.00019243700080551207,0.001844041995354928,envelope_formula,3.552713678800501e-15,3db8c723a5a5bad58e15b487c6522118d8be5a933961a7882e9175cef4ba2d2d,6c092dfc059bd561735fdc2c8c229e7ace9b2e7ded95a7eab3f82781e6ed250d
16,85,1,cayley,85,9.999999999999995,9.999999999999995,0.0040128859982360154,0.00030493500526063144,dense_subset_laplacian,1.0658141036401503e-14,3b81188f0443092e92da879b680a27439d18b5b43262487cbdb6fd7c52b881be,3b81188f0443092e92da879b680a27439d18b5b43262487cbdb6fd7c52b881be
16,85,1,envelope,84,10.0,9.999999999999991,0.00019373699615243822,0.0018343219999223948,envelope_formula,3.552713678800501e-15,3db8c723a5a5bad58e15b487c6522118d8be5a933961a7882e9175cef4ba2d2d,6c092dfc059bd561735fdc2c8c229e7ace9b2e7ded95a7eab3f82781e6ed250d
16,85,2,cayley,85,9.999999999999995,9.999999999999995,0.003998939995653927,0.0002981260040542111,dense_subset_laplacian,0.0,bf6344d44dec65f8a64b7fa44322ab49252793c343445c65797901b0d2ef814c,bf6344d44dec65f8a64b7fa44322ab49252793c343445c65797901b0d2ef814c
16,85,2,envelope,84,10.0,9.999999999999991,0.00019076300668530166,0.001842885001678951,envelope_formula,3.552713678800501e-15,3db8c723a5a5bad58e15b487c6522118d8be5a933961a7882e9175cef4ba2d2d,6c092dfc059bd561735fdc2c8c229e7ace9b2e7ded95a7eab3f82781e6ed250d
16,85,3,cayley,85,9.999999999999998,9.999999999999998,0.0040019100124482065,0.0003044659970328212,dense_subset_laplacian,1.0658141036401503e-14,ed1ef2be989ef639220e9a6def103d22c231d2683dc43126e8d22c5815998d6f,ed1ef2be989ef639220e9a6def103d22c231d2683dc43126e8d22c5815998d6f
16,85,3,envelope,84,10.0,9.999999999999991,0.0001886320096673444,0.0018323440017411485,envelope_formula,3.552713678800501e-15,3db8c723a5a5bad58e15b487c6522118d8be5a933961a7882e9175cef4ba2d2d,6c092dfc059bd561735fdc2c8c229e7ace9b2e7ded95a7eab3f82781e6ed250d
16,85,4,cayley,85,9.999999999999995,9.999999999999995,0.003968535005697049,0.0002982380101457238,dense_subset_laplacian,3.552713678800501e-15,9821f393b435fe34373e91dcd533d674e7b2edc0393ea135f19d3b12944c346d,9821f393b435fe34373e91dcd533d674e7b2edc0393ea135f19d3b12944c346d
16,85,4,envelope,84,10.0,9.999999999999991,0.0001893760054372251,0.001834310998674482,envelope_formula,3.552713678800501e-15,3db8c723a5a5bad58e15b487c6522118d8be5a933961a7882e9175cef4ba2d2d,6c092dfc059bd561735fdc2c8c229e7ace9b2e7ded95a7eab3f82781e6ed250d
16,86,0,cayley,85,9.999999999999998,9.999999999999998,0.003988726006355137,0.0018753640033537522,dense_subset_laplacian,3.552713678800501e-15,ed1ef2be989ef639220e9a6def103d22c231d2683dc43126e8d22c5815998d6f,2b931a9d8867688cb4fbf42cb0b462bf9b461dc8bb4018f7f27650168804429d
16,86,0,envelope,84,10.0,9.999999999999995,0.00024015200324356556,0.0025110569986281916,envelope_formula,1.7763568394002505e-15,3db8c723a5a5bad58e15b487c6522118d8be5a933961a7882e9175cef4ba2d2d,b171fbec1007cfd8550f6f83375061036905b3c1bdc1a2eea3db8627b5b232d9
16,86,1,cayley,85,9.999999999999995,9.999999999999995,0.003947345001506619,0.0018660710047697648,dense_subset_laplacian,0.0,3b81188f0443092e92da879b680a27439d18b5b43262487cbdb6fd7c52b881be,32e9983b8d0752cbe740febb7c4a1a3f7d404cd706f1667f6c28dc08764b78f3
16,86,1,envelope,84,10.0,9.999999999999995,0.00018992600962519646,0.002510032005375251,envelope_formula,1.7763568394002505e-15,3db8c723a5a5bad58e15b487c6522118d8be5a933961a7882e9175cef4ba2d2d,b171fbec1007cfd8550f6f83375061036905b3c1bdc1a2eea3db8627b5b232d9
16,86,2,cayley,85,9.999999999999995,9.999999999999995,0.004049391995067708,0.0018719459912972525,dense_subset_laplacian,5.329070518200751e-15,bf6344d44dec65f8a64b7fa44322ab49252793c343445c65797901b0d2ef814c,d08f78cdb43deb237ef419f25b5bd9179094dfbe6a596173b057b43a068a3484
16,86,2,envelope,84,10.0,9.999999999999995,0.00018829001055564731,0.0025185039994539693,envelope_formula,1.7763568394002505e-15,3db8c723a5a5bad58e15b487c6522118d8be5a933961a7882e9175cef4ba2d2d,b171fbec1007cfd8550f6f83375061036905b3c1bdc1a2eea3db8627b5b232d9
16,86,3,cayley,85,9.999999999999998,9.999999999999998,0.003933211992261931,0.0018764330015983433,dense_subset_laplacian,3.552713678800501e-15,ed1ef2be989ef639220e9a6def103d22c231d2683dc43126e8d22c5815998d6f,2b931a9d8867688cb4fbf42cb0b462bf9b461dc8bb4018f7f27650168804429d
16,86,3,envelope,84,10.0,9.999999999999995,0.00019052901188842952,0.002518563997000456,envelope_formula,1.7763568394002505e-15,3db8c723a5a5bad58e15b487c6522118d8be5a933961a7882e9175cef4ba2d2d,b171fbec1007cfd8550f6f83375061036905b3c1bdc1a2eea3db8627b5b232d9
16,86,4,cayley,85,9.999999999999995,9.999999999999995,0.004117318007047288,0.0019097080075880513,dense_subset_laplacian,5.329070518200751e-15,9821f393b435fe34373e91dcd533d674e7b2edc0393ea135f19d3b12944c346d,9d07907caa05d11c7153fb6456a54df95fd3551456ab62ad9c270728f781e921
16,86,4,envelope,84,10.0,9.999999999999995,0.0001953470055013895,0.0025196250062435865,envelope_formula,1.7763568394002505e-15,3db8c723a5a5bad58e15b487c6522118d8be5a933961a7882e9175cef4ba2d2d,b171fbec1007cfd8550f6f83375061036905b3c1bdc1a2eea3db8627b5b232d9
16,87,0,cayley,85,9.999999999999998,9.999999999999998,0.003935271000955254,0.002576336992206052,dense_subset_laplacian,3.552713678800501e-15,ed1ef2be989ef639220e9a6def103d22c231d2683dc43126e8d22c5815998d6f,4ca0ec4d0a8f0a88bf0744fd4a97e21ea21ba1ae18ec07e1177fceb0244531e0
16,87,0,envelope,84,10.0,10.0,0.0001897750044008717,0.0031961310014594346,envelope_formula,3.552713678800501e-15,3db8c723a5a5bad58e15b487c6522118d8be5a933961a7882e9175cef4ba2d2d,3c5175b15d8e96da9b1dc294f7c0faed8c87a226e4111d9456b5e46196f02b56
16,87,1,cayley,85,9.999999999999995,9.999999999999995,0.004092424991540611,0.002569904987467453,dense_subset_laplacian,0.0,3b81188f0443092e92da879b680a27439d18b5b43262487cbdb6fd7c52b881be,4b38d638e12af86430feae914d4a5ae7cb46870c673e4579eb816be6e4e8c109
16,87,1,envelope,84,10.0,10.0,0.00019011099357157946,0.0031991840078262612,envelope_formula,3.552713678800501e-15,3db8c723a5a5bad58e15b487c6522118d8be5a933961a7882e9175cef4ba2d2d,3c5175b15d8e96da9b1dc294f7c0faed8c87a226e4111d9456b5e46196f02b56
16,87,2,cayley,85,9.999999999999995,9.999999999999998,0.003940620998037048,0.002562257999670692,dense_subset_laplacian,1.7763568394002505e-15,bf6344d44dec65f8a64b7fa44322ab49252793c343445c65797901b0d2ef814c,6b0f6b3cd29fa9d40520513a438e89ba826b81a5c20706131f48eb1e3e241d4f
16,87,2,envelope,84,10.0,10.0,0.0002442339900881052,0.003193746000761166,envelope_formula,3.552713678800501e-15,3db8c723a5a5bad58e15b487c6522118d8be5a933961a7882e9175cef4ba2d2d,3c5175b15d8e96da9b1dc294f7c0faed8c87a226e4111d9456b5e46196f02b56
16,87,3,cayley,85,9.999999999999998,9.999999999999998,0.0039998099964577705,0.0025453109992668033,dense_subset_laplacian,3.552713678800501e-15,ed1ef2be989ef639220e9a6def103d22c231d2683dc43126e8d22c5815998d6f,4ca0ec4d0a8f0a88bf0744fd4a97e21ea21ba1ae18ec07e1177fceb0244531e0
16,87,3,envelope,84,10.0,10.0,0.0001888980041258037,0.0032110030006151646,envelope_formula,3.552713678800501e-15,3db8c723a5a5bad58e15b487c6522118d8be5a933961a7882e9175cef4ba2d2d,3c5175b15d8e96da9b1dc294f7c0faed8c87a226e4111d9456b5e46196f02b56
16,87,4,cayley,85,9.999999999999995,9.999999999999993,0.003963663009926677,0.002562743000453338,dense_subset_laplacian,7.105427357601002e-15,9821f393b435fe34373e91dcd533d674e7b2edc0393ea135f19d3b12944c346d,8375e6787fe3e587ed99ec958689b0106e32e44bee6c684a647b43af9ffdbeb8
16,87,4,envelope,84,10.0,10.0,0.00019175700435880572,0.0031883170013315976,envelope_formula,3.552713678800501e-15,3db8c723a5a5bad58e15b487c6522118d8be5a933961a7882e9175cef4ba2d2d,3c5175b15d8e96da9b1dc294f7c0faed8c87a226e4111d9456b5e46196f02b56
16,88,0,cayley,85,9.999999999999998,9.999999999999998,0.006778708004276268,0.0032283059990732,dense_subset_laplacian,1.7763568394002505e-15,ed1ef2be989ef639220e9a6def103d22c231d2683dc43126e8d22c5815998d6f,05401f8642271fb4cf35b6d76923a8a059f1ac89dce1c3fe4f5aa59a7563252f
16,88,0,envelope,84,10.0,9.999999999999995,0.00024905499594751745,0.0038641659921268,envelope_formula,1.7763568394002505e-15,3db8c723a5a5bad58e15b487c6522118d8be5a933961a7882e9175cef4ba2d2d,425ae55a9d110ef079f66afb5a57f9e25e32c14277a091fbf6922efdca7fb6fa
16,88,1,cayley,85,9.999999999999995,10.0,0.006735871997079812,0.003220270009478554,dense_subset_laplacian,1.7763568394002505e-15,3b81188f0443092e92da879b680a27439d18b5b43262487cbdb6fd7c52b881be,40dd89ba35512c0795229a43e370dddd2a9f35375cc8c45c8b6a1bfdacf42602
16,88,1,envelope,84,10.0,9.999999999999995,0.00019143399549648166,0.003871794993756339,envelope_formula,1.7763568394002505e-15,3db8c723a5a5bad58e15b487c6522118d8be5a933961a7882e9175cef4ba2d2d,425ae55a9d110ef079f66afb5a57f9e25e32c14277a091fbf6922efdca7fb6fa
16,88,2,cayley,85,9.999999999999995,9.999999999999995,0.006832808998296969,0.0032271240052068606,dense_subset_laplacian,3.552713678800501e-15,bf6344d44dec65f8a64b7fa44322ab49252793c343445c65797901b0d2ef814c,96ede3f3631c41b24a1bb74d3f806d74b8380296353048a78194a20d23163389
16,88,2,envelope,84,10.0,9.999999999999995,0.0001908770063892007,0.0038695840048603714,envelope_formula,1.7763568394002505e-15,3db8c723a5a5bad58e15b487c6522118d8be5a933961a7882e9175cef4ba2d2d,425ae55a9d110ef079f66afb5a57f9e25e32c14277a091fbf6922efdca7fb6fa
16,88,3,cayley,85,9.999999999999998,9.999999999999998,0.006727354004397057,0.003176334997988306,dense_subset_laplacian,1.7763568394002505e-15,ed1ef2be989ef639220e9a6def103d22c231d2683dc43126e8d22c5815998d6f,05401f8642271fb4cf35b6d76923a8a059f1ac89dce1c3fe4f5aa59a7563252f
16,88,3,envelope,84,10.0,9.999999999999995,0.0001976810017367825,0.003863582998747006,envelope_formula,1.7763568394002505e-15,3db8c723a5a5bad58e15b487c6522118d8be5a933961a7882e9175cef4ba2d2d,425ae55a9d110ef079f66afb5a57f9e25e32c14277a091fbf6922efdca7fb6fa
16,88,4,cayley,85,9.999999999999995,9.999999999999998,0.006795551991672255,0.003233890005503781,dense_subset_laplacian,1.7763568394002505e-15,9821f393b435fe34373e91dcd533d674e7b2edc0393ea135f19d3b12944c346d,2a4fe7cf7dc6f78415fa096188d84eccc7ee150eb2db366303604ec22559e616
16,88,4,envelope,84,10.0,9.999999999999995,0.00019293799414299428,0.003867345003527589,envelope_formula,1.7763568394002505e-15,3db8c723a5a5bad58e15b487c6522118d8be5a933961a7882e9175cef4ba2d2d,425ae55a9d110ef079f66afb5a57f9e25e32c14277a091fbf6922efdca7fb6fa
16,89,0,cayley,85,9.999999999999998,10.000000000000002,0.006722545993397944,0.003907206002622843,dense_subset_laplacian,0.0,ed1ef2be989ef639220e9a6def103d22c231d2683dc43126e8d22c5815998d6f,95427b59043b7b7cbb22c4097e11ed14f397983a38ca99b213a13a8e424257cd
16,89,0,envelope,84,10.0,9.999999999999998,0.00019185700512025505,0.004511180988629349,envelope_formula,3.552713678800501e-15,3db8c723a5a5bad58e15b487c6522118d8be5a933961a7882e9175cef4ba2d2d,3b9373a82f8b205d6ccd3271886b117d478bb1bb1058d6242e94c0f0558f054f
16,89,1,cayley,85,9.999999999999995,10.000000000000004,0.006855530999018811,0.003874160989653319,dense_subset_laplacian,0.0,3b81188f0443092e92da879b680a27439d18b5b43262487cbdb6fd7c52b881be,d23acd06cf014def5b2eb409ebc1a2bf015bdd21c87c38095566c3971010693a
16,89,1,envelope,84,10.0,9.999999999999998,0.00019851299293804914,0.0045237360027385876,envelope_formula,3.552713678800501e-15,3db8c723a5a5bad58e15b487c6522118d8be5a933961a7882e9175cef4ba2d2d,3b9373a82f8b205d6ccd3271886b117d478bb1bb1058d6242e94c0f0558f054f
16,89,2,cayley,85,9.999999999999995,10.000000000000002,0.006763684999896213,0.0038928139983909205,dense_subset_laplacian,1.7763568394002505e-15,bf6344d44dec65f8a64b7fa44322ab49252793c343445c65797901b0d2ef814c,83dccb0d97c3fdb3c13556f80cf7b62ddb3dba23bf7f1854693a256dd02f75b4
16,89,2,envelope,84,10.0,9.999999999999998,0.0001928630081238225,0.004525279990048148,envelope_formula,3.552713678800501e-15,3db8c723a5a5bad58e15b487c6522118d8be5a933961a7882e9175cef4ba2d2d,3b9373a82f8b205d6ccd3271886b117d478bb1bb1058d6242e94c0f0558f054f
16,89,3,cayley,85,9.999999999999998,10.000000000000002,0.006785863006371073,0.0038964920095168054,dense_subset_laplacian,0.0,ed1ef2be989ef639220e9a6def103d22c231d2683dc43126e8d22c5815998d6f,95427b59043b7b7cbb22c4097e11ed14f397983a38ca99b213a13a8e424257cd
16,89,3,envelope,84,10.0,9.999999999999998,0.00020129000768065453,0.004532760998699814,envelope_formula,3.552713678800501e-15,3db8c723a5a5bad58e15b487c6522118d8be5a933961a7882e9175cef4ba2d2d,3b9373a82f8b205d6ccd3271886b117d478bb1bb1058d6242e94c0f0558f054f
16,89,4,cayley,85,9.999999999999995,9.999999999999995,0.0067320039961487055,0.0038934689946472645,dense_subset_laplacian,1.7763568394002505e-15,9821f393b435fe34373e91dcd533d674e7b2edc0393ea135f19d3b12944c346d,c3bde04e6e9fdfada7ff7d00ba7b6b171c73ac86026908536211695b0c68a2a3
16,89,4,envelope,84,10.0,9.999999999999998,0.00019488199905026704,0.00453408899193164,envelope_formula,3.552713678800501e-15,3db8c723a5a5bad58e15b487c6522118d8be5a933961a7882e9175cef4ba2d2d,3b9373a82f8b205d6ccd3271886b117d478bb1bb1058d6242e94c0f0558f054f
16,90,0,cayley,85,9.999999999999998,10.999999999999988,0.006846068994491361,0.004559797002002597,dense_subset_laplacian,1.7763568394002505e-15,ed1ef2be989ef639220e9a6def103d22c231d2683dc43126e8d22c5815998d6f,a8b5aa7274a47c9e1124bb305a5b7137b8b8bf00a90cacb29aabf486e201fb9b
16,90,0,envelope,90,11.0,10.999999999999991,0.00021211399871390313,0.0002822030073730275,envelope_formula,1.7763568394002505e-15,92c52f43df699fa47feafa802fbf85db08b5391def69dfba91edf14407a0c645,92c52f43df699fa47feafa802fbf85db08b5391def69dfba91edf14407a0c645
16,90,1,cayley,85,9.999999999999995,10.999999999999984,0.006855259998701513,0.00457313799415715,dense_subset_laplacian,8.881784197001252e-15,3b81188f0443092e92da879b680a27439d18b5b43262487cbdb6fd7c52b881be,d72a2f37f2f60dc39d06d99e7bbb69afb2229874afa73d58f870848879edcf4c
16,90,1,envelope,90,11.0,10.999999999999991,0.00020013900939375162,0.00027565599884837866,envelope_formula,1.7763568394002505e-15,92c52f43df699fa47feafa802fbf85db08b5391def69dfba91edf14407a0c645,92c52f43df699fa47feafa802fbf85db08b5391def69dfba91edf14407a0c645
16,90,2,cayley,85,9.999999999999995,10.99999999999999,0.006781345000490546,0.0045815519988536835,dense_subset_laplacian,3.552713678800501e-15,bf6344d44dec65f8a64b7fa44322ab49252793c343445c65797901b0d2ef814c,e578d1560bda3e9d4786254c80c9b01c94cea85b2319d0be392dfccba7b2be59
16,90,2,envelope,90,11.0,10.999999999999991,0.00020966700685676187,0.00027299500652588904,envelope_formula,1.7763568394002505e-15,92c52f43df699fa47feafa802fbf85db08b5391def69dfba91edf14407a0c645,92c52f43df699fa47feafa802fbf85db08b5391def69dfba91edf14407a0c645
16,90,3,cayley,85,9.999999999999998,10.999999999999988,0.0067493050009943545,0.004551143996650353,dense_subset_laplacian,1.7763568394002505e-15,ed1ef2be989ef639220e9a6def103d22c231d2683dc43126e8d22c5815998d6f,a8b5aa7274a47c9e1124bb305a5b7137b8b8bf00a90cacb29aabf486e201fb9b
16,90,3,envelope,90,11.0,10.999999999999991,0.00020297399896662682,0.00028353500238154083,envelope_formula,1.7763568394002505e-15,92c52f43df699fa47feafa802fbf85db08b5391def69dfba91edf14407a0c645,92c52f43df699fa47feafa802fbf85db08b5391def69dfba91edf14407a0c645
16,90,4,cayley,85,9.999999999999995,10.99999999999999,0.006794860993977636,0.004582717010634951,dense_subset_laplacian,1.7763568394002505e-15,9821f393b435fe34373e91dcd533d674e7b2edc0393ea135f19d3b12944c346d,7bbe589fd83eb3008f06ad27fa4de321b195126649c5eeba263f1d77351083e6
16,90,4,envelope,90,11.0,10.999999999999991,0.00020097100059501827,0.00027063299785368145,envelope_formula,1.7763568394002505e-15,92c52f43df699fa47feafa802fbf85db08b5391def69dfba91edf14407a0c645,92c52f43df699fa47feafa802fbf85db08b5391def69dfba91edf14407a0c645
16,91,0,cayley,80,8.585786437626904,8.999999999999998,0.0029885770054534078,0.008609940006863326,character_cyclic_no_delete,7.105427357601002e-15,1dabc907f2e865ce08be4c8f364752b0e510bcaadc83898299afe21a7c21cb09,e3e7c864d015cb5d3fcdff0b63b53dae575af250022ab12086117498e76d5296
16,91,0,envelope,90,11.0,10.99999999999999,0.00020144200243521482,0.001844465994508937,envelope_formula,5.329070518200751e-15,92c52f43df699fa47feafa802fbf85db08b5391def69dfba91edf14407a0c645,010f284ff19d0965ba839334921f6ff5dce9218882c058c136902c36b37e7d78
16,91,1,cayley,80,8.585786437626904,8.999999999999998,0.0031059559987625107,0.008633892997750081,character_cyclic_no_delete,7.105427357601002e-15,1dabc907f2e865ce08be4c8f364752b0e510bcaadc83898299afe21a7c21cb09,e3e7c864d015cb5d3fcdff0b63b53dae575af250022ab12086117498e76d5296
16,91,1,envelope,90,11.0,10.99999999999999,0.00019861898908857256,0.0018417100072838366,envelope_formula,5.329070518200751e-15,92c52f43df699fa47feafa802fbf85db08b5391def69dfba91edf14407a0c645,010f284ff19d0965ba839334921f6ff5dce9218882c058c136902c36b37e7d78
16,91,2,cayley,80,8.585786437626904,8.999999999999998,0.002967104999697767,0.00859570900502149,character_cyclic_no_delete,1.7763568394002505e-15,8c07fd94f43fea999387d63b3f7d5c9ac0cf6865af2d2593946a150cbd771103,5c09667441c4c000676f7a45ee07724d018b177ef30741ed3456b1d3eb028f54
16,91,2,envelope,90,11.0,10.99999999999999,0.00020845099061261863,0.001835466013289988,envelope_formula,5.329070518200751e-15,92c52f43df699fa47feafa802fbf85db08b5391def69dfba91edf14407a0c645,010f284ff19d0965ba839334921f6ff5dce9218882c058c136902c36b37e7d78
16,91,3,cayley,80,8.585786437626904,8.999999999999998,0.003022690987563692,0.00861888199870009,character_cyclic_no_delete,7.105427357601002e-15,1dabc907f2e865ce08be4c8f364752b0e510bcaadc83898299afe21a7c21cb09,e3e7c864d015cb5d3fcdff0b63b53dae575af250022ab12086117498e76d5296
16,91,3,envelope,90,11.0,10.99999999999999,0.00020460599625948817,0.001841891004005447,envelope_formula,5.329070518200751e-15,92c52f43df699fa47feafa802fbf85db08b5391def69dfba91edf14407a0c645,010f284ff19d0965ba839334921f6ff5dce9218882c058c136902c36b37e7d78
16,91,4,cayley,80,8.585786437626904,8.999999999999998,0.0030553090036846697,0.008594093000283465,character_cyclic_no_delete,7.105427357601002e-15,1dabc907f2e865ce08be4c8f364752b0e510bcaadc83898299afe21a7c21cb09,e3e7c864d015cb5d3fcdff0b63b53dae575af250022ab12086117498e76d5296
16,91,4,envelope,90,11.0,10.99999999999999,0.0002007709990721196,0.0018376759981038049,envelope_formula,5.329070518200751e-15,92c52f43df699fa47feafa802fbf85db08b5391def69dfba91edf14407a0c645,010f284ff19d0965ba839334921f6ff5dce9218882c058c136902c36b37e7d78
16,92,0,cayley,80,8.585786437626904,9.381966011250105,0.0030270589923020452,0.009291028996813111,character_cyclic_no_delete,5.329070518200751e-15,1dabc907f2e865ce08be4c8f364752b0e510bcaadc83898299afe21a7c21cb09,f7654f94516deaaf573d0765fe642e7e719f81354716bbd5b116bdd25fa56bd2
16,92,0,envelope,90,11.0,10.99999999999999,0.0002085630112560466,0.002518039007554762,envelope_formula,7.105427357601002e-15,92c52f43df699fa47feafa802fbf85db08b5391def69dfba91edf14407a0c645,59566e63faa3b9078e745048a8a31ed13bc3edf2235ca7eaff6d2dbf50543ef7
16,92,1,cayley,80,8.585786437626904,9.381966011250105,0.0029572080093203112,0.009285408988944255,character_cyclic_no_delete,5.329070518200751e-15,1dabc907f2e865ce08be4c8f364752b0e510bcaadc83898299afe21a7c21cb09,f7654f94516deaaf573d0765fe642e7e719f81354716bbd5b116bdd25fa56bd2
16,92,1,envelope,90,11.0,10.99999999999999,0.00024939900322351605,0.0025333160010632128,envelope_formula,7.105427357601002e-15,92c52f43df699fa47feafa802fbf85db08b5391def69dfba91edf14407a0c645,59566e63faa3b9078e745048a8a31ed13bc3edf2235ca7eaff6d2dbf50543ef7
16,92,2,cayley,80,8.585786437626904,9.381966011250105,0.0030127580102998763,0.009255674012820236,character_cyclic_no_delete,5.329070518200751e-15,8c07fd94f43fea999387d63b3f7d5c9ac0cf6865af2d2593946a150cbd771103,9b4ab0739e76b2183c3693d790bf5a883e4147c6016af28213b89b26944f3017
16,92,2,envelope,90,11.0,10.99999999999999,0.0002041380066657439,0.002524969997466542,envelope_formula,7.105427357601002e-15,92c52f43df699fa47feafa802fbf85db08b5391def69dfba91edf14407a0c645,59566e63faa3b9078e745048a8a31ed13bc3edf2235ca7eaff6d2dbf50543ef7
16,92,3,cayley,80,8.585786437626904,9.381966011250105,0.0029532750049838796,0.00927192799281329,character_cyclic_no_delete,5.329070518200751e-15,1dabc907f2e865ce08be4c8f364752b0e510bcaadc83898299afe21a7c21cb09,f7654f94516deaaf573d0765fe642e7e719f81354716bbd5b116bdd25fa56bd2
16,92,3,envelope,90,11.0,10.99999999999999,0.00020285201026126742,0.002512238992494531,envelope_formula,7.105427357601002e-15,92c52f43df699fa47feafa802fbf85db08b5391def69dfba91edf14407a0c645,59566e63faa3b9078e745048a8a31ed13bc3edf2235ca7eaff6d2dbf50543ef7
16,92,4,cayley,80,8.585786437626904,9.381966011250105,0.0030502289882861078,0.009304323000833392,character_cyclic_no_delete,5.329070518200751e-15,1dabc907f2e865ce08be4c8f364752b0e510bcaadc83898299afe21a7c21cb09,f7654f94516deaaf573d0765fe642e7e719f81354716bbd5b116bdd25fa56bd2
16,92,4,envelope,90,11.0,10.99999999999999,0.00024845900770742446,0.0025239540118491277,envelope_formula,7.105427357601002e-15,92c52f43df699fa47feafa802fbf85db08b5391def69dfba91edf14407a0c645,59566e63faa3b9078e745048a8a31ed13bc3edf2235ca7eaff6d2dbf50543ef7
16,93,0,cayley,80,8.585786437626904,9.465929803277264,0.002903881002566777,0.009947928003384732,character_cyclic_no_delete,1.7763568394002505e-15,1dabc907f2e865ce08be4c8f364752b0e510bcaadc83898299afe21a7c21cb09,3f3eff87798199f0345223c3760a0ddf0690acfe1e5e5d30d9860601aecae583
16,93,0,envelope,90,11.0,10.999999999999991,0.00020837200281675905,0.003203197004040703,envelope_formula,3.552713678800501e-15,92c52f43df699fa47feafa802fbf85db08b5391def69dfba91edf14407a0c645,8c2a087aacec3c1d22330ee42d33febd4445f2ce4178250f8834c717346694e2
16,93,1,cayley,80,8.585786437626904,9.465929803277264,0.00304360399604775,0.009884191997116432,character_cyclic_no_delete,1.7763568394002505e-15,1dabc907f2e865ce08be4c8f364752b0e510bcaadc83898299afe21a7c21cb09,3f3eff87798199f0345223c3760a0ddf0690acfe1e5e5d30d9860601aecae583
16,93,1,envelope,90,11.0,10.999999999999991,0.00020266899082344025,0.0031978240003809333,envelope_formula,3.552713678800501e-15,92c52f43df699fa47feafa802fbf85db08b5391def69dfba91edf14407a0c645,8c2a087aacec3c1d22330ee42d33febd4445f2ce4178250f8834c717346694e2
16,93,2,cayley,80,8.585786437626904,9.46592980327727,0.0030287020053947344,0.00995102799788583,character_cyclic_no_delete,5.329070518200751e-15,8c07fd94f43fea999387d63b3f7d5c9ac0cf6865af2d2593946a150cbd771103,07f6dd6b7549fd575f7ba2f0dbc7cbeb5a4efab30267e10ceefcbf4c331da78b
16,93,2,envelope,90,11.0,10.999999999999991,0.00020879399380646646,0.003191497002262622,envelope_formula,3.552713678800501e-15,92c52f43df699fa47feafa802fbf85db08b5391def69dfba91edf14407a0c645,8c2a087aacec3c1d22330ee42d33febd4445f2ce4178250f8834c717346694e2
16,93,3,cayley,80,8.585786437626904,9.465929803277264,0.003017333001480438,0.009916586001054384,character_cyclic_no_delete,1.7763568394002505e-15,1dabc907f2e865ce08be4c8f364752b0e510bcaadc83898299afe21a7c21cb09,3f3eff87798199f0345223c3760a0ddf0690acfe1e5e5d30d9860601aecae583
16,93,3,envelope,90,11.0,10.999999999999991,0.00020373599545564502,0.0031918640015646815,envelope_formula,3.552713678800501e-15,92c52f43df699fa47feafa802fbf85db08b5391def69dfba91edf14407a0c645,8c2a087aacec3c1d22330ee42d33febd4445f2ce4178250f8834c717346694e2
16,93,4,cayley,80,8.585786437626904,9.465929803277264,0.002948215013020672,0.009945439989678562,character_cyclic_no_delete,1.7763568394002505e-15,1dabc907f2e865ce08be4c8f364752b0e510bcaadc83898299afe21a7c21cb09,3f3eff87798199f0345223c3760a0ddf0690acfe1e5e5d30d9860601aecae583
16,93,4,envelope,90,11.0,10.999999999999991,0.00020247200154699385,0.0031909769895719364,envelope_formula,3.552713678800501e-15,92c52f43df699fa47feafa802fbf85db08b5391def69dfba91edf14407a0c645,8c2a087aacec3c1d22330ee42d33febd4445f2ce4178250f8834c717346694e2
16,94,0,envelope,90,11.0,10.99999999999999,0.0003849810018436983,0.0038983980048215017,envelope_formula,7.105427357601002e-15,92c52f43df699fa47feafa802fbf85db08b5391def69dfba91edf14407a0c645,a9f5f36f3c19df98a74e8b90b0f4320a9867944ea2b847a98fc98b0b09cfe55e
16,94,1,envelope,90,11.0,10.99999999999999,0.00031382999441120774,0.0038873570010764524,envelope_formula,7.105427357601002e-15,92c52f43df699fa47feafa802fbf85db08b5391def69dfba91edf14407a0c645,a9f5f36f3c19df98a74e8b90b0f4320a9867944ea2b847a98fc98b0b09cfe55e
16,94,2,envelope,90,11.0,10.99999999999999,0.0003070600068895146,0.003923361000488512,envelope_formula,7.105427357601002e-15,92c52f43df699fa47feafa802fbf85db08b5391def69dfba91edf14407a0c645,a9f5f36f3c19df98a74e8b90b0f4320a9867944ea2b847a98fc98b0b09cfe55e
16,94,3,envelope,90,11.0,10.99999999999999,0.0003211719886166975,0.003879145995597355,envelope_formula,7.105427357601002e-15,92c52f43df699fa47feafa802fbf85db08b5391def69dfba91edf14407a0c645,a9f5f36f3c19df98a74e8b90b0f4320a9867944ea2b847a98fc98b0b09cfe55e
16,94,4,envelope,90,11.0,10.99999999999999,0.00030939700081944466,0.003924905002349988,envelope_formula,7.105427357601002e-15,92c52f43df699fa47feafa802fbf85db08b5391def69dfba91edf14407a0c645,a9f5f36f3c19df98a74e8b90b0f4320a9867944ea2b847a98fc98b0b09cfe55e
16,95,0,envelope,90,11.0,10.99999999999999,0.000358071003574878,0.004537927990895696,envelope_formula,5.329070518200751e-15,92c52f43df699fa47feafa802fbf85db08b5391def69dfba91edf14407a0c645,0ec633ec3dcc4cb2f613839b1f52c6e9118c5d2f1bf2e4307a9808dcbe5197df
16,95,1,envelope,90,11.0,10.99999999999999,0.00030825298745185137,0.004596914004650898,envelope_formula,5.329070518200751e-15,92c52f43df699fa47feafa802fbf85db08b5391def69dfba91edf14407a0c645,0ec633ec3dcc4cb2f613839b1f52c6e9118c5d2f1bf2e4307a9808dcbe5197df
16,95,2,envelope,90,11.0,10.99999999999999,0.00031210199813358486,0.004558182001346722,envelope_formula,5.329070518200751e-15,92c52f43df699fa47feafa802fbf85db08b5391def69dfba91edf14407a0c645,0ec633ec3dcc4cb2f613839b1f52c6e9118c5d2f1bf2e4307a9808dcbe5197df
16,95,3,envelope,90,11.0,10.99999999999999,0.0003084899944951758,0.004594678001012653,envelope_formula,5.329070518200751e-15,92c52f43df699fa47feafa802fbf85db08b5391def69dfba91edf14407a0c645,0ec633ec3dcc4cb2f613839b1f52c6e9118c5d2f1bf2e4307a9808dcbe5197df
16,95,4,envelope,90,11.0,10.99999999999999,0.0003135739971185103,0.004550862999167293,envelope_formula,5.329070518200751e-15,92c52f43df699fa47feafa802fbf85db08b5391def69dfba91edf14407a0c645,0ec633ec3dcc4cb2f613839b1f52c6e9118c5d2f1bf2e4307a9808dcbe5197df
16,96,0,envelope,96,12.0,11.999999999999991,0.0004014619917143136,0.0002908059977926314,envelope_formula,1.7763568394002505e-15,6d1d8c312ff9872bd222eb26275da70830fd68e90e27942113186fbfd5350345,6d1d8c312ff9872bd222eb26275da70830fd68e90e27942113186fbfd5350345
16,96,1,envelope,96,12.0,11.999999999999991,0.00032795000879559666,0.00027858999965246767,envelope_formula,1.7763568394002505e-15,6d1d8c312ff9872bd222eb26275da70830fd68e90e27942113186fbfd5350345,6d1d8c312ff9872bd222eb26275da70830fd68e90e27942113186fbfd5350345
16,96,2,envelope,96,12.0,11.999999999999991,0.0003261350066168234,0.00030719200731255114,envelope_formula,1.7763568394002505e-15,6d1d8c312ff9872bd222eb26275da70830fd68e90e27942113186fbfd5350345,6d1d8c312ff9872bd222eb26275da70830fd68e90e27942113186fbfd5350345
16,96,3,envelope,96,12.0,11.999999999999991,0.0003264179977122694,0.0002765240060398355,envelope_formula,1.7763568394002505e-15,6d1d8c312ff9872bd222eb26275da70830fd68e90e27942113186fbfd5350345,6d1d8c312ff9872bd222eb26275da70830fd68e90e27942113186fbfd5350345
16,96,4,envelope,96,12.0,11.999999999999991,0.0003283529949840158,0.0003067179932259023,envelope_formula,1.7763568394002505e-15,6d1d8c312ff9872bd222eb26275da70830fd68e90e27942113186fbfd5350345,6d1d8c312ff9872bd222eb26275da70830fd68e90e27942113186fbfd5350345
16,97,0,envelope,96,12.0,11.999999999999991,0.0003765239962376654,0.0018586530059110373,envelope_formula,0.0,6d1d8c312ff9872bd222eb26275da70830fd68e90e27942113186fbfd5350345,cacca4606bf159aa633c376c1c5db371ca216d66c6fe3dd0495a4360865723b4
16,97,1,envelope,96,12.0,11.999999999999991,0.00031694400240667164,0.001886967002064921,envelope_formula,0.0,6d1d8c312ff9872bd222eb26275da70830fd68e90e27942113186fbfd5350345,cacca4606bf159aa633c376c1c5db371ca216d66c6fe3dd0495a4360865723b4
16,97,2,envelope,96,12.0,11.999999999999991,0.0003220810031052679,0.0018518190045142546,envelope_formula,0.0,6d1d8c312ff9872bd222eb26275da70830fd68e90e27942113186fbfd5350345,cacca4606bf159aa633c376c1c5db371ca216d66c6fe3dd0495a4360865723b4
16,97,3,envelope,96,12.0,11.999999999999991,0.00032768100209068507,0.0018742520041996613,envelope_formula,0.0,6d1d8c312ff9872bd222eb26275da70830fd68e90e27942113186fbfd5350345,cacca4606bf159aa633c376c1c5db371ca216d66c6fe3dd0495a4360865723b4
16,97,4,envelope,96,12.0,11.999999999999991,0.00032010099675972015,0.0018513879913371056,envelope_formula,0.0,6d1d8c312ff9872bd222eb26275da70830fd68e90e27942113186fbfd5350345,cacca4606bf159aa633c376c1c5db371ca216d66c6fe3dd0495a4360865723b4
16,98,0,envelope,96,12.0,11.999999999999991,0.00048162799794226885,0.0025422260077903047,envelope_formula,0.0,6d1d8c312ff9872bd222eb26275da70830fd68e90e27942113186fbfd5350345,6aec1356cd0347073a4b34f56ac31c0d45e4efa2a6c1490fd89a8a88d4acb211
16,98,1,envelope,96,12.0,11.999999999999991,0.0003169029951095581,0.002531982012442313,envelope_formula,0.0,6d1d8c312ff9872bd222eb26275da70830fd68e90e27942113186fbfd5350345,6aec1356cd0347073a4b34f56ac31c0d45e4efa2a6c1490fd89a8a88d4acb211
16,98,2,envelope,96,12.0,11.999999999999991,0.0003284659906057641,0.002557200990850106,envelope_formula,0.0,6d1d8c312ff9872bd222eb26275da70830fd68e90e27942113186fbfd5350345,6aec1356cd0347073a4b34f56ac31c0d45e4efa2a6c1490fd89a8a88d4acb211
16,98,3,envelope,96,12.0,11.999999999999991,0.00033475000236649066,0.002526033000322059,envelope_formula,0.0,6d1d8c312ff9872bd222eb26275da70830fd68e90e27942113186fbfd5350345,6aec1356cd0347073a4b34f56ac31c0d45e4efa2a6c1490fd89a8a88d4acb211
16,98,4,envelope,96,12.0,11.999999999999991,0.0003240280057070777,0.002565495000453666,envelope_formula,0.0,6d1d8c312ff9872bd222eb26275da70830fd68e90e27942113186fbfd5350345,6aec1356cd0347073a4b34f56ac31c0d45e4efa2a6c1490fd89a8a88d4acb211
16,99,0,envelope,96,12.0,11.999999999999991,0.00028818901046179235,0.0032338500022888184,envelope_formula,0.0,6d1d8c312ff9872bd222eb26275da70830fd68e90e27942113186fbfd5350345,811cd0fb08997e27484986937f6554072865c9d55ef076ca74385287bf8a0a37
16,99,1,envelope,96,12.0,11.999999999999991,0.0003276250063208863,0.00323517998913303,envelope_formula,0.0,6d1d8c312ff9872bd222eb26275da70830fd68e90e27942113186fbfd5350345,811cd0fb08997e27484986937f6554072865c9d55ef076ca74385287bf8a0a37
16,99,2,envelope,96,12.0,11.999999999999991,0.0003230930014979094,0.0032019610080169514,envelope_formula,0.0,6d1d8c312ff9872bd222eb26275da70830fd68e90e27942113186fbfd5350345,811cd0fb08997e27484986937f6554072865c9d55ef076ca74385287bf8a0a37
16,99,3,envelope,96,12.0,11.999999999999991,0.0003235199983464554,0.0032319820020347834,envelope_formula,0.0,6d1d8c312ff9872bd222eb26275da70830fd68e90e27942113186fbfd5350345,811cd0fb08997e27484986937f6554072865c9d55ef076ca74385287bf8a0a37
16,99,4,envelope,96,12.0,11.999999999999991,0.00032279799052048475,0.0032061679958133027,envelope_formula,0.0,6d1d8c312ff9872bd222eb26275da70830fd68e90e27942113186fbfd5350345,811cd0fb08997e27484986937f6554072865c9d55ef076ca74385287bf8a0a37
16,100,0,envelope,96,12.0,11.999999999999991,0.00038044899702072144,0.0038922469975659624,envelope_formula,1.5987211554602254e-14,6d1d8c312ff9872bd222eb26275da70830fd68e90e27942113186fbfd5350345,0c2d1b47737c1c7387fbd400786972c8f9284dea05994a904b6451b8a960b112
16,100,1,envelope,96,12.0,11.999999999999991,0.0003181890060659498,0.0038636270037386566,envelope_formula,1.5987211554602254e-14,6d1d8c312ff9872bd222eb26275da70830fd68e90e27942113186fbfd5350345,0c2d1b47737c1c7387fbd400786972c8f9284dea05994a904b6451b8a960b112
16,100,2,envelope,96,12.0,11.999999999999991,0.0003308040031697601,0.0038991439942037687,envelope_formula,1.5987211554602254e-14,6d1d8c312ff9872bd222eb26275da70830fd68e90e27942113186fbfd5350345,0c2d1b47737c1c7387fbd400786972c8f9284dea05994a904b6451b8a960b112
16,100,3,envelope,96,12.0,11.999999999999991,0.00031749700428918004,0.00386168499244377,envelope_formula,1.5987211554602254e-14,6d1d8c312ff9872bd222eb26275da70830fd68e90e27942113186fbfd5350345,0c2d1b47737c1c7387fbd400786972c8f9284dea05994a904b6451b8a960b112
16,100,4,envelope,96,12.0,11.999999999999991,0.0003300960088381544,0.0039030459884088486,envelope_formula,1.5987211554602254e-14,6d1d8c312ff9872bd222eb26275da70830fd68e90e27942113186fbfd5350345,0c2d1b47737c1c7387fbd400786972c8f9284dea05994a904b6451b8a960b112
16,101,0,envelope,96,12.0,11.999999999999991,0.00036841799737885594,0.004544104987871833,envelope_formula,8.881784197001252e-15,6d1d8c312ff9872bd222eb26275da70830fd68e90e27942113186fbfd5350345,896b480f6b2853eda8220501531468bf2f4f45c85cf52d7b41e8b283e22d725d
16,101,1,envelope,96,12.0,11.999999999999991,0.0003248790017096326,0.004570183999021538,envelope_formula,8.881784197001252e-15,6d1d8c312ff9872bd222eb26275da70830fd68e90e27942113186fbfd5350345,896b480f6b2853eda8220501531468bf2f4f45c85cf52d7b41e8b283e22d725d
16,101,2,envelope,96,12.0,11.999999999999991,0.000332886993419379,0.00452008300635498,envelope_formula,8.881784197001252e-15,6d1d8c312ff9872bd222eb26275da70830fd68e90e27942113186fbfd5350345,896b480f6b2853eda8220501531468bf2f4f45c85cf52d7b41e8b283e22d725d
16,101,3,envelope,96,12.0,11.999999999999991,0.00031733099604025483,0.004558278989861719,envelope_formula,8.881784197001252e-15,6d1d8c312ff9872bd222eb26275da70830fd68e90e27942113186fbfd5350345,896b480f6b2853eda8220501531468bf2f4f45c85cf52d7b41e8b283e22d725d
16,101,4,envelope,96,12.0,11.999999999999991,0.0003213860036339611,0.004531288999714889,envelope_formula,8.881784197001252e-15,6d1d8c312ff9872bd222eb26275da70830fd68e90e27942113186fbfd5350345,896b480f6b2853eda8220501531468bf2f4f45c85cf52d7b41e8b283e22d725d
16,102,0,envelope,96,12.0,11.999999999999991,0.0003906599886249751,0.005203289008932188,envelope_formula,1.7763568394002505e-15,6d1d8c312ff9872bd222eb26275da70830fd68e90e27942113186fbfd5350345,5bd7b3407212af77c8d4ef4cc2f7753f40ba68d09dcf5c28f98b3a0e8dcd8f70
16,102,1,envelope,96,12.0,11.999999999999991,0.0003244399995310232,0.00518945099611301,envelope_formula,1.7763568394002505e-15,6d1d8c312ff9872bd222eb26275da70830fd68e90e27942113186fbfd5350345,5bd7b3407212af77c8d4ef4cc2f7753f40ba68d09dcf5c28f98b3a0e8dcd8f70
16,102,2,envelope,96,12.0,11.999999999999991,0.0003158610052196309,0.0052660549990832806,envelope_formula,1.7763568394002505e-15,6d1d8c312ff9872bd222eb26275da70830fd68e90e27942113186fbfd5350345,5bd7b3407212af77c8d4ef4cc2f7753f40ba68d09dcf5c28f98b3a0e8dcd8f70
16,102,3,envelope,96,12.0,11.999999999999991,0.00032067199936136603,0.005179394007427618,envelope_formula,1.7763568394002505e-15,6d1d8c312ff9872bd222eb26275da70830fd68e90e27942113186fbfd5350345,5bd7b3407212af77c8d4ef4cc2f7753f40ba68d09dcf5c28f98b3a0e8dcd8f70
16,102,4,envelope,96,12.0,11.999999999999991,0.00032126599398907274,0.005239262987743132,envelope_formula,1.7763568394002505e-15,6d1d8c312ff9872bd222eb26275da70830fd68e90e27942113186fbfd5350345,5bd7b3407212af77c8d4ef4cc2f7753f40ba68d09dcf5c28f98b3a0e8dcd8f70
16,103,0,envelope,96,12.0,12.0,0.0003620269999373704,0.0058677680062828586,envelope_formula,1.0658141036401503e-14,6d1d8c312ff9872bd222eb26275da70830fd68e90e27942113186fbfd5350345,a2f7f5fbb53096c365e7261bb9def7e02b665bc82ae8b50c5beca8f0edb3754f
16,103,1,envelope,96,12.0,12.0,0.0003211470029782504,0.005888786006835289,envelope_formula,1.0658141036401503e-14,6d1d8c312ff9872bd222eb26275da70830fd68e90e27942113186fbfd5350345,a2f7f5fbb53096c365e7261bb9def7e02b665bc82ae8b50c5beca8f0edb3754f
16,103,2,envelope,96,12.0,12.0,0.0003280990058556199,0.005842026992468163,envelope_formula,1.0658141036401503e-14,6d1d8c312ff9872bd222eb26275da70830fd68e90e27942113186fbfd5350345,a2f7f5fbb53096c365e7261bb9def7e02b665bc82ae8b50c5beca8f0edb3754f
16,103,3,envelope,96,12.0,12.0,0.0003173669974785298,0.005902208999032155,envelope_formula,1.0658141036401503e-14,6d1d8c312ff9872bd222eb26275da70830fd68e90e27942113186fbfd5350345,a2f7f5fbb53096c365e7261bb9def7e02b665bc82ae8b50c5beca8f0edb3754f
16,103,4,envelope,96,12.0,12.0,0.0003273350012023002,0.005836689000716433,envelope_formula,1.0658141036401503e-14,6d1d8c312ff9872bd222eb26275da70830fd68e90e27942113186fbfd5350345,a2f7f5fbb53096c365e7261bb9def7e02b665bc82ae8b50c5beca8f0edb3754f
16,104,0,envelope,96,12.0,11.999999999999993,0.0003835820098174736,0.00656090299889911,envelope_formula,7.105427357601002e-15,6d1d8c312ff9872bd222eb26275da70830fd68e90e27942113186fbfd5350345,4c0a4253b757ca1f507c3b859ae1aae658ed2f0e8ca0be12900363afe33f5557
16,104,1,envelope,96,12.0,11.999999999999993,0.00033008799073286355,0.006502472999272868,envelope_formula,7.105427357601002e-15,6d1d8c312ff9872bd222eb26275da70830fd68e90e27942113186fbfd5350345,4c0a4253b757ca1f507c3b859ae1aae658ed2f0e8ca0be12900363afe33f5557
16,104,2,envelope,96,12.0,11.999999999999993,0.0003287230065325275,0.006562511000083759,envelope_formula,7.105427357601002e-15,6d1d8c312ff9872bd222eb26275da70830fd68e90e27942113186fbfd5350345,4c0a4253b757ca1f507c3b859ae1aae658ed2f0e8ca0be12900363afe33f5557
16,104,3,envelope,96,12.0,11.999999999999993,0.00032229500357061625,0.006503712997073308,envelope_formula,7.105427357601002e-15,6d1d8c312ff9872bd222eb26275da70830fd68e90e27942113186fbfd5350345,4c0a4253b757ca1f507c3b859ae1aae658ed2f0e8ca0be12900363afe33f5557
16,104,4,envelope,96,12.0,11.999999999999993,0.0003186599933542311,0.00660857000912074,envelope_formula,7.105427357601002e-15,6d1d8c312ff9872bd222eb26275da70830fd68e90e27942113186fbfd5350345,4c0a4253b757ca1f507c3b859ae1aae658ed2f0e8ca0be12900363afe33f5557
16,105,0,envelope,105,13.0,13.0,0.0003843329905066639,0.00031185499392449856,envelope_formula,1.7763568394002505e-14,b9e01b27c171ca45b1d01db7751ec870e5c792ab27e7145eea30d8c14f32f3b6,b9e01b27c171ca45b1d01db7751ec870e5c792ab27e7145eea30d8c14f32f3b6
16,105,1,envelope,105,13.0,13.0,0.0003399029956199229,0.0003178610058967024,envelope_formula,1.7763568394002505e-14,b9e01b27c171ca45b1d01db7751ec870e5c792ab27e7145eea30d8c14f32f3b6,b9e01b27c171ca45b1d01db7751ec870e5c792ab27e7145eea30d8c14f32f3b6
16,105,2,envelope,105,13.0,13.0,0.00033819199597928673,0.0002897340018535033,envelope_formula,1.7763568394002505e-14,b9e01b27c171ca45b1d01db7751ec870e5c792ab27e7145eea30d8c14f32f3b6,b9e01b27c171ca45b1d01db7751ec870e5c792ab27e7145eea30d8c14f32f3b6
16,105,3,envelope,105,13.0,13.0,0.0003450490039540455,0.0003183459921274334,envelope_formula,1.7763568394002505e-14,b9e01b27c171ca45b1d01db7751ec870e5c792ab27e7145eea30d8c14f32f3b6,b9e01b27c171ca45b1d01db7751ec870e5c792ab27e7145eea30d8c14f32f3b6
16,105,4,envelope,105,13.0,13.0,0.0003339720133226365,0.00027734199829865247,envelope_formula,1.7763568394002505e-14,b9e01b27c171ca45b1d01db7751ec870e5c792ab27e7145eea30d8c14f32f3b6,b9e01b27c171ca45b1d01db7751ec870e5c792ab27e7145eea30d8c14f32f3b6
16,107,0,envelope,105,13.0,12.999999999999995,0.00041459398926235735,0.0025280550034949556,envelope_formula,0.0,b9e01b27c171ca45b1d01db7751ec870e5c792ab27e7145eea30d8c14f32f3b6,8d13015d757489902083ad0a1c17c847a2d62ad3fb127dd3210efa982245908e
16,107,1,envelope,105,13.0,12.999999999999995,0.00035204300365876406,0.0025413230032427236,envelope_formula,0.0,b9e01b27c171ca45b1d01db7751ec870e5c792ab27e7145eea30d8c14f32f3b6,8d13015d757489902083ad0a1c17c847a2d62ad3fb127dd3210efa982245908e
16,107,2,envelope,105,13.0,12.999999999999995,0.0003369730111444369,0.002531247999286279,envelope_formula,0.0,b9e01b27c171ca45b1d01db7751ec870e5c792ab27e7145eea30d8c14f32f3b6,8d13015d757489902083ad0a1c17c847a2d62ad3fb127dd3210efa982245908e
16,107,3,envelope,105,13.0,12.999999999999995,0.00034123100340366364,0.002566287002991885,envelope_formula,0.0,b9e01b27c171ca45b1d01db7751ec870e5c792ab27e7145eea30d8c14f32f3b6,8d13015d757489902083ad0a1c17c847a2d62ad3fb127dd3210efa982245908e
16,107,4,envelope,105,13.0,12.999999999999995,0.0003379909903742373,0.0025234289932996035,envelope_formula,0.0,b9e01b27c171ca45b1d01db7751ec870e5c792ab27e7145eea30d8c14f32f3b6,8d13015d757489902083ad0a1c17c847a2d62ad3fb127dd3210efa982245908e
16,108,0,envelope,105,13.0,12.99999999999999,0.0004183950077276677,0.003199853003025055,envelope_formula,0.0,b9e01b27c171ca45b1d01db7751ec870e5c792ab27e7145eea30d8c14f32f3b6,2a73972f78fc9df885a723b52b7afba221273426ebbd35be5628849d73493b45
16,108,1,envelope,105,13.0,12.99999999999999,0.0003381970018381253,0.003202528998372145,envelope_formula,0.0,b9e01b27c171ca45b1d01db7751ec870e5c792ab27e7145eea30d8c14f32f3b6,2a73972f78fc9df885a723b52b7afba221273426ebbd35be5628849d73493b45
16,108,2,envelope,105,13.0,12.99999999999999,0.00034625000262167305,0.0032210290082730353,envelope_formula,0.0,b9e01b27c171ca45b1d01db7751ec870e5c792ab27e7145eea30d8c14f32f3b6,2a73972f78fc9df885a723b52b7afba221273426ebbd35be5628849d73493b45
16,108,3,envelope,105,13.0,12.99999999999999,0.000342397004715167,0.003193287004251033,envelope_formula,0.0,b9e01b27c171ca45b1d01db7751ec870e5c792ab27e7145eea30d8c14f32f3b6,2a73972f78fc9df885a723b52b7afba221273426ebbd35be5628849d73493b45
16,108,4,envelope,105,13.0,12.99999999999999,0.0003437020059209317,0.003221791994292289,envelope_formula,0.0,b9e01b27c171ca45b1d01db7751ec870e5c792ab27e7145eea30d8c14f32f3b6,2a73972f78fc9df885a723b52b7afba221273426ebbd35be5628849d73493b45
16,109,0,envelope,105,13.0,12.99999999999999,0.00038205200689844787,0.003849963002721779,envelope_formula,1.7763568394002505e-15,b9e01b27c171ca45b1d01db7751ec870e5c792ab27e7145eea30d8c14f32f3b6,c8f43e04873a28a1b250b54c50088de46563c15ae0485f3d3ef10aab9f43060b
16,109,1,envelope,105,13.0,12.99999999999999,0.00034322700230404735,0.0038931900053285062,envelope_formula,1.7763568394002505e-15,b9e01b27c171ca45b1d01db7751ec870e5c792ab27e7145eea30d8c14f32f3b6,c8f43e04873a28a1b250b54c50088de46563c15ae0485f3d3ef10aab9f43060b
16,109,2,envelope,105,13.0,12.99999999999999,0.0003406530013307929,0.003842382997390814,envelope_formula,1.7763568394002505e-15,b9e01b27c171ca45b1d01db7751ec870e5c792ab27e7145eea30d8c14f32f3b6,c8f43e04873a28a1b250b54c50088de46563c15ae0485f3d3ef10aab9f43060b
16,109,3,envelope,105,13.0,12.99999999999999,0.0003434000100241974,0.0038998110103420913,envelope_formula,1.7763568394002505e-15,b9e01b27c171ca45b1d01db7751ec870e5c792ab27e7145eea30d8c14f32f3b6,c8f43e04873a28a1b250b54c50088de46563c15ae0485f3d3ef10aab9f43060b
16,109,4,envelope,105,13.0,12.99999999999999,0.0003785379958571866,0.0038549330056412145,envelope_formula,1.7763568394002505e-15,b9e01b27c171ca45b1d01db7751ec870e5c792ab27e7145eea30d8c14f32f3b6,c8f43e04873a28a1b250b54c50088de46563c15ae0485f3d3ef10aab9f43060b
16,110,0,envelope,105,13.0,12.999999999999993,0.0003460629959590733,0.00456309100263752,envelope_formula,0.0,b9e01b27c171ca45b1d01db7751ec870e5c792ab27e7145eea30d8c14f32f3b6,99b425ba656a763117a93010dc4d7b70ceebab3b3729785a86ddc2ee4eedd342
16,110,1,envelope,105,13.0,12.999999999999993,0.00033951499790418893,0.004509975013206713,envelope_formula,0.0,b9e01b27c171ca45b1d01db7751ec870e5c792ab27e7145eea30d8c14f32f3b6,99b425ba656a763117a93010dc4d7b70ceebab3b3729785a86ddc2ee4eedd342
16,110,2,envelope,105,13.0,12.999999999999993,0.00034407399652991444,0.004565901996102184,envelope_formula,0.0,b9e01b27c171ca45b1d01db7751ec870e5c792ab27e7145eea30d8c14f32f3b6,99b425ba656a763117a93010dc4d7b70ceebab3b3729785a86ddc2ee4eedd342
16,110,3,envelope,105,13.0,12.999999999999993,0.0003502949984977022,0.0045072180073475465,envelope_formula,0.0,b9e01b27c171ca45b1d01db7751ec870e5c792ab27e7145eea30d8c14f32f3b6,99b425ba656a763117a93010dc4d7b70ceebab3b3729785a86ddc2ee4eedd342
16,110,4,envelope,105,13.0,12.999999999999993,0.0005163309979252517,0.0045279350015334785,envelope_formula,0.0,b9e01b27c171ca45b1d01db7751ec870e5c792ab27e7145eea30d8c14f32f3b6,99b425ba656a763117a93010dc4d7b70ceebab3b3729785a86ddc2ee4eedd342
16,111,0,envelope,105,13.0,13.0,0.00033442700805608183,0.005170488002477214,envelope_formula,5.329070518200751e-15,b9e01b27c171ca45b1d01db7751ec870e5c792ab27e7145eea30d8c14f32f3b6,95d77b886e226f89f3b9bd7f4e7e8be2fc3eea6418bbdb3c8030d1bf95916699
16,111,1,envelope,105,13.0,13.0,0.00035189201298635453,0.0052151989948470145,envelope_formula,5.329070518200751e-15,b9e01b27c171ca45b1d01db7751ec870e5c792ab27e7145eea30d8c14f32f3b6,95d77b886e226f89f3b9bd7f4e7e8be2fc3eea6418bbdb3c8030d1bf95916699
16,111,2,envelope,105,13.0,13.0,0.00034594400494825095,0.0051687870000023395,envelope_formula,5.329070518200751e-15,b9e01b27c171ca45b1d01db7751ec870e5c792ab27e7145eea30d8c14f32f3b6,95d77b886e226f89f3b9bd7f4e7e8be2fc3eea6418bbdb3c8030d1bf95916699
16,111,3,envelope,105,13.0,13.0,0.0003409390046726912,0.00523411099857185,envelope_formula,5.329070518200751e-15,b9e01b27c171ca45b1d01db7751ec870e5c792ab27e7145eea30d8c14f32f3b6,95d77b886e226f89f3b9bd7f4e7e8be2fc3eea6418bbdb3c8030d1bf95916699
16,111,4,envelope,105,13.0,13.0,0.00037942199560347944,0.005171920987777412,envelope_formula,5.329070518200751e-15,b9e01b27c171ca45b1d01db7751ec870e5c792ab27e7145eea30d8c14f32f3b6,95d77b886e226f89f3b9bd7f4e7e8be2fc3eea6418bbdb3c8030d1bf95916699
16,112,0,envelope,112,14.0,14.0,0.0003764709981624037,0.00030124199111014605,envelope_formula,1.2434497875801753e-14,cf08c5ec801ba0d3a66e7ea2b55ab757c566bc67b6ccf4b034db0c23cd2cfbad,cf08c5ec801ba0d3a66e7ea2b55ab757c566bc67b6ccf4b034db0c23cd2cfbad
16,112,1,envelope,112,14.0,14.0,0.00035289199149701744,0.0002785719989333302,envelope_formula,1.2434497875801753e-14,cf08c5ec801ba0d3a66e7ea2b55ab757c566bc67b6ccf4b034db0c23cd2cfbad,cf08c5ec801ba0d3a66e7ea2b55ab757c566bc67b6ccf4b034db0c23cd2cfbad
16,112,2,envelope,112,14.0,14.0,0.0003658680070657283,0.0003017129929503426,envelope_formula,1.2434497875801753e-14,cf08c5ec801ba0d3a66e7ea2b55ab757c566bc67b6ccf4b034db0c23cd2cfbad,cf08c5ec801ba0d3a66e7ea2b55ab757c566bc67b6ccf4b034db0c23cd2cfbad
16,112,3,envelope,112,14.0,14.0,0.0004048839909955859,0.0002891180047299713,envelope_formula,1.2434497875801753e-14,cf08c5ec801ba0d3a66e7ea2b55ab757c566bc67b6ccf4b034db0c23cd2cfbad,cf08c5ec801ba0d3a66e7ea2b55ab757c566bc67b6ccf4b034db0c23cd2cfbad
16,112,4,envelope,112,14.0,14.0,0.0003735249920282513,0.0003010929940501228,envelope_formula,1.2434497875801753e-14,cf08c5ec801ba0d3a66e7ea2b55ab757c566bc67b6ccf4b034db0c23cd2cfbad,cf08c5ec801ba0d3a66e7ea2b55ab757c566bc67b6ccf4b034db0c23cd2cfbad
16,113,0,envelope,112,14.0,13.99999999999999,0.00036539700522553176,0.00185350701212883,envelope_formula,5.329070518200751e-15,cf08c5ec801ba0d3a66e7ea2b55ab757c566bc67b6ccf4b034db0c23cd2cfbad,c1c48ee708dad5d3622833055f017dc5ec0748cab30f733d02ed51e4ca955bdd
16,113,1,envelope,112,14.0,13.99999999999999,0.0003724979906110093,0.0018638170004123822,envelope_formula,5.329070518200751e-15,cf08c5ec801ba0d3a66e7ea2b55ab757c566bc67b6ccf4b034db0c23cd2cfbad,c1c48ee708dad5d3622833055f017dc5ec0748cab30f733d02ed51e4ca955bdd
16,113,2,envelope,112,14.0,13.99999999999999,0.000363882994861342,0.0018452719959896058,envelope_formula,5.329070518200751e-15,cf08c5ec801ba0d3a66e7ea2b55ab757c566bc67b6ccf4b034db0c23cd2cfbad,c1c48ee708dad5d3622833055f017dc5ec0748cab30f733d02ed51e4ca955bdd
16,113,3,envelope,112,14.0,13.99999999999999,0.00043072701373603195,0.001852861008956097,envelope_formula,5.329070518200751e-15,cf08c5ec801ba0d3a66e7ea2b55ab757c566bc67b6ccf4b034db0c23cd2cfbad,c1c48ee708dad5d3622833055f017dc5ec0748cab30f733d02ed51e4ca955bdd
16,113,4,envelope,112,14.0,13.99999999999999,0.00035388499964028597,0.001841546007199213,envelope_formula,5.329070518200751e-15,cf08c5ec801ba0d3a66e7ea2b55ab757c566bc67b6ccf4b034db0c23cd2cfbad,c1c48ee708dad5d3622833055f017dc5ec0748cab30f733d02ed51e4ca955bdd
16,114,0,envelope,112,14.0,13.999999999999991,0.00036555899714585394,0.002542155998526141,envelope_formula,5.329070518200751e-15,cf08c5ec801ba0d3a66e7ea2b55ab757c566bc67b6ccf4b034db0c23cd2cfbad,32796f84c629f5f9f6c5259a9db2198cfb82291000d3e6e25035111afa991b8c
16,114,1,envelope,112,14.0,13.999999999999991,0.00036391199682839215,0.002512252001906745,envelope_formula,5.329070518200751e-15,cf08c5ec801ba0d3a66e7ea2b55ab757c566bc67b6ccf4b034db0c23cd2cfbad,32796f84c629f5f9f6c5259a9db2198cfb82291000d3e6e25035111afa991b8c
16,114,2,envelope,112,14.0,13.999999999999991,0.00043545600783545524,0.0025163249956676736,envelope_formula,5.329070518200751e-15,cf08c5ec801ba0d3a66e7ea2b55ab757c566bc67b6ccf4b034db0c23cd2cfbad,32796f84c629f5f9f6c5259a9db2198cfb82291000d3e6e25035111afa991b8c
16,114,3,envelope,112,14.0,13.999999999999991,0.0003550309920683503,0.0025065689987968653,envelope_formula,5.329070518200751e-15,cf08c5ec801ba0d3a66e7ea2b55ab757c566bc67b6ccf4b034db0c23cd2cfbad,32796f84c629f5f9f6c5259a9db2198cfb82291000d3e6e25035111afa991b8c
16,114,4,envelope,112,14.0,13.999999999999991,0.0003662360104499385,0.002550509001594037,envelope_formula,5.329070518200751e-15,cf08c5ec801ba0d3a66e7ea2b55ab757c566bc67b6ccf4b034db0c23cd2cfbad,32796f84c629f5f9f6c5259a9db2198cfb82291000d3e6e25035111afa991b8c
16,115,0,envelope,112,14.0,13.999999999999993,0.00035396199382375926,0.003176680998876691,envelope_formula,1.7763568394002505e-15,cf08c5ec801ba0d3a66e7ea2b55ab757c566bc67b6ccf4b034db0c23cd2cfbad,fc3f5f73fb131c842ad2693896879f934cedbfd4669e60dac2e81c4441ed46da
16,115,1,envelope,112,14.0,13.999999999999993,0.00037486500514205545,0.0031928579992381856,envelope_formula,1.7763568394002505e-15,cf08c5ec801ba0d3a66e7ea2b55ab757c566bc67b6ccf4b034db0c23cd2cfbad,fc3f5f73fb131c842ad2693896879f934cedbfd4669e60dac2e81c4441ed46da
16,115,2,envelope,112,14.0,13.999999999999993,0.00039955900865606964,0.003173247998347506,envelope_formula,1.7763568394002505e-15,cf08c5ec801ba0d3a66e7ea2b55ab757c566bc67b6ccf4b034db0c23cd2cfbad,fc3f5f73fb131c842ad2693896879f934cedbfd4669e60dac2e81c4441ed46da
16,115,3,envelope,112,14.0,13.999999999999993,0.0003832640068139881,0.0032075650087790564,envelope_formula,1.7763568394002505e-15,cf08c5ec801ba0d3a66e7ea2b55ab757c566bc67b6ccf4b034db0c23cd2cfbad,fc3f5f73fb131c842ad2693896879f934cedbfd4669e60dac2e81c4441ed46da
16,115,4,envelope,112,14.0,13.999999999999993,0.0003656780027085915,0.0031789079948794097,envelope_formula,1.7763568394002505e-15,cf08c5ec801ba0d3a66e7ea2b55ab757c566bc67b6ccf4b034db0c23cd2cfbad,fc3f5f73fb131c842ad2693896879f934cedbfd4669e60dac2e81c4441ed46da
16,116,0,envelope,112,14.0,13.999999999999993,0.0003784800064750016,0.00386509599047713,envelope_formula,0.0,cf08c5ec801ba0d3a66e7ea2b55ab757c566bc67b6ccf4b034db0c23cd2cfbad,cd2258c2b6a34da0aa6261381f493889094591d4a745367f3075b378de42d6ad
16,116,1,envelope,112,14.0,13.999999999999993,0.0003944509953726083,0.0038444360106950626,envelope_formula,0.0,cf08c5ec801ba0d3a66e7ea2b55ab757c566bc67b6ccf4b034db0c23cd2cfbad,cd2258c2b6a34da0aa6261381f493889094591d4a745367f3075b378de42d6ad
16,116,2,envelope,112,14.0,13.999999999999993,0.0003775930090341717,0.003858700001728721,envelope_formula,0.0,cf08c5ec801ba0d3a66e7ea2b55ab757c566bc67b6ccf4b034db0c23cd2cfbad,cd2258c2b6a34da0aa6261381f493889094591d4a745367f3075b378de42d6ad
16,116,3,envelope,112,14.0,13.999999999999993,0.00035423300869297236,0.003829173991107382,envelope_formula,0.0,cf08c5ec801ba0d3a66e7ea2b55ab757c566bc67b6ccf4b034db0c23cd2cfbad,cd2258c2b6a34da0aa6261381f493889094591d4a745367f3075b378de42d6ad
16,116,4,envelope,112,14.0,13.999999999999993,0.00036650900437962264,0.003871494991471991,envelope_formula,0.0,cf08c5ec801ba0d3a66e7ea2b55ab757c566bc67b6ccf4b034db0c23cd2cfbad,cd2258c2b6a34da0aa6261381f493889094591d4a745367f3075b378de42d6ad
16,117,0,envelope,112,14.0,13.999999999999993,0.0003532639966579154,0.0044897670013597235,envelope_formula,5.329070518200751e-15,cf08c5ec801ba0d3a66e7ea2b55ab757c566bc67b6ccf4b034db0c23cd2cfbad,2f766e4cd1802afb64063560ca832b2ba4d04ef7636b0f779af25cf37187551e
16,117,1,envelope,112,14.0,13.999999999999993,0.00043416800326667726,0.004513341002166271,envelope_formula,5.329070518200751e-15,cf08c5ec801ba0d3a66e7ea2b55ab757c566bc67b6ccf4b034db0c23cd2cfbad,2f766e4cd1802afb64063560ca832b2ba4d04ef7636b0f779af25cf37187551e
16,117,2,envelope,112,14.0,13.999999999999993,0.00035585799196269363,0.004484624994802289,envelope_formula,5.329070518200751e-15,cf08c5ec801ba0d3a66e7ea2b55ab757c566bc67b6ccf4b034db0c23cd2cfbad,2f766e4cd1802afb64063560ca832b2ba4d04ef7636b0f779af25cf37187551e
16,117,3,envelope,112,14.0,13.999999999999993,0.0003674409963423386,0.004516102009802125,envelope_formula,5.329070518200751e-15,cf08c5ec801ba0d3a66e7ea2b55ab757c566bc67b6ccf4b034db0c23cd2cfbad,2f766e4cd1802afb64063560ca832b2ba4d04ef7636b0f779af25cf37187551e
16,117,4,envelope,112,14.0,13.999999999999993,0.0003539099998306483,0.004502614989178255,envelope_formula,5.329070518200751e-15,cf08c5ec801ba0d3a66e7ea2b55ab757c566bc67b6ccf4b034db0c23cd2cfbad,2f766e4cd1802afb64063560ca832b2ba4d04ef7636b0f779af25cf37187551e
16,118,0,envelope,112,14.0,13.999999999999993,0.0004340960003901273,0.00514830500469543,envelope_formula,3.552713678800501e-15,cf08c5ec801ba0d3a66e7ea2b55ab757c566bc67b6ccf4b034db0c23cd2cfbad,77715032011003d681ef50ffcf1fddc228d92f9c251ea454f0efed0731aee809
16,118,1,envelope,112,14.0,13.999999999999993,0.0003585610102163628,0.005132837002747692,envelope_formula,3.552713678800501e-15,cf08c5ec801ba0d3a66e7ea2b55ab757c566bc67b6ccf4b034db0c23cd2cfbad,77715032011003d681ef50ffcf1fddc228d92f9c251ea454f0efed0731aee809
16,118,2,envelope,112,14.0,13.999999999999993,0.0003647109988378361,0.005173155994270928,envelope_formula,3.552713678800501e-15,cf08c5ec801ba0d3a66e7ea2b55ab757c566bc67b6ccf4b034db0c23cd2cfbad,77715032011003d681ef50ffcf1fddc228d92f9c251ea454f0efed0731aee809
16,118,3,envelope,112,14.0,13.999999999999993,0.00035295900306664407,0.00514254899462685,envelope_formula,3.552713678800501e-15,cf08c5ec801ba0d3a66e7ea2b55ab757c566bc67b6ccf4b034db0c23cd2cfbad,77715032011003d681ef50ffcf1fddc228d92f9c251ea454f0efed0731aee809
16,118,4,envelope,112,14.0,13.999999999999993,0.00037457500002346933,0.005179870000574738,envelope_formula,3.552713678800501e-15,cf08c5ec801ba0d3a66e7ea2b55ab757c566bc67b6ccf4b034db0c23cd2cfbad,77715032011003d681ef50ffcf1fddc228d92f9c251ea454f0efed0731aee809
16,119,0,envelope,112,14.0,14.000000000000002,0.0004015869926661253,0.0057772639993345365,envelope_formula,5.329070518200751e-15,cf08c5ec801ba0d3a66e7ea2b55ab757c566bc67b6ccf4b034db0c23cd2cfbad,7b93f8ce86d978a927f5688646f216be7a95513d00a8122f48101cc83f72cdc3
16,119,1,envelope,112,14.0,14.000000000000002,0.00037485499342437834,0.00579299998935312,envelope_formula,5.329070518200751e-15,cf08c5ec801ba0d3a66e7ea2b55ab757c566bc67b6ccf4b034db0c23cd2cfbad,7b93f8ce86d978a927f5688646f216be7a95513d00a8122f48101cc83f72cdc3
16,119,2,envelope,112,14.0,14.000000000000002,0.0003529759997036308,0.005790455994429067,envelope_formula,5.329070518200751e-15,cf08c5ec801ba0d3a66e7ea2b55ab757c566bc67b6ccf4b034db0c23cd2cfbad,7b93f8ce86d978a927f5688646f216be7a95513d00a8122f48101cc83f72cdc3
16,119,3,envelope,112,14.0,14.000000000000002,0.00036747199192177504,0.005831529997522011,envelope_formula,5.329070518200751e-15,cf08c5ec801ba0d3a66e7ea2b55ab757c566bc67b6ccf4b034db0c23cd2cfbad,7b93f8ce86d978a927f5688646f216be7a95513d00a8122f48101cc83f72cdc3
16,119,4,envelope,112,14.0,14.000000000000002,0.0004115149931749329,0.005785593995824456,envelope_formula,5.329070518200751e-15,cf08c5ec801ba0d3a66e7ea2b55ab757c566bc67b6ccf4b034db0c23cd2cfbad,7b93f8ce86d978a927f5688646f216be7a95513d00a8122f48101cc83f72cdc3
32,32,0,envelope,31,1.0,1.0,0.00022263200662564486,0.0023053420009091496,envelope_formula,1.6653345369377348e-15,c4f8a57d942430f0b100293f2f64997eb357d74e5c6359c789af5795fc52a640,bfa096a0ad775993c54738e6134d915bd500bba1da8b9569946c1ab30bb31089
32,32,1,envelope,31,1.0,1.0,0.00021879900305066258,0.002391442991211079,envelope_formula,1.6653345369377348e-15,c4f8a57d942430f0b100293f2f64997eb357d74e5c6359c789af5795fc52a640,bfa096a0ad775993c54738e6134d915bd500bba1da8b9569946c1ab30bb31089
32,32,2,envelope,31,1.0,1.0,0.00021406399901024997,0.002429119005682878,envelope_formula,1.6653345369377348e-15,c4f8a57d942430f0b100293f2f64997eb357d74e5c6359c789af5795fc52a640,bfa096a0ad775993c54738e6134d915bd500bba1da8b9569946c1ab30bb31089
32,32,3,envelope,31,1.0,1.0,0.00022021299810148776,0.002394700000877492,envelope_formula,1.6653345369377348e-15,c4f8a57d942430f0b100293f2f64997eb357d74e5c6359c789af5795fc52a640,bfa096a0ad775993c54738e6134d915bd500bba1da8b9569946c1ab30bb31089
32,32,4,envelope,31,1.0,1.0,0.00022467300004791468,0.002430064996588044,envelope_formula,1.6653345369377348e-15,c4f8a57d942430f0b100293f2f64997eb357d74e5c6359c789af5795fc52a640,bfa096a0ad775993c54738e6134d915bd500bba1da8b9569946c1ab30bb31089
32,37,0,envelope,31,1.0,0.9999999999999998,0.00022459799947682768,0.006373219002853148,envelope_formula,3.3306690738754696e-15,c4f8a57d942430f0b100293f2f64997eb357d74e5c6359c789af5795fc52a640,2478944b0f42d7ed2a9093ee5c1a4510a2a974c46a42926e925a0725cfab906c
32,37,1,envelope,31,1.0,0.9999999999999998,0.00029501100652851164,0.0063707390072522685,envelope_formula,3.3306690738754696e-15,c4f8a57d942430f0b100293f2f64997eb357d74e5c6359c789af5795fc52a640,2478944b0f42d7ed2a9093ee5c1a4510a2a974c46a42926e925a0725cfab906c
32,37,2,envelope,31,1.0,0.9999999999999998,0.00021397200180217624,0.0063576009997632354,envelope_formula,3.3306690738754696e-15,c4f8a57d942430f0b100293f2f64997eb357d74e5c6359c789af5795fc52a640,2478944b0f42d7ed2a9093ee5c1a4510a2a974c46a42926e925a0725cfab906c
32,37,3,envelope,31,1.0,0.9999999999999998,0.0002154889953089878,0.006395461008651182,envelope_formula,3.3306690738754696e-15,c4f8a57d942430f0b100293f2f64997eb357d74e5c6359c789af5795fc52a640,2478944b0f42d7ed2a9093ee5c1a4510a2a974c46a42926e925a0725cfab906c
32,37,4,envelope,31,1.0,0.9999999999999998,0.0002161820011679083,0.0063450370071223006,envelope_formula,3.3306690738754696e-15,c4f8a57d942430f0b100293f2f64997eb357d74e5c6359c789af5795fc52a640,2478944b0f42d7ed2a9093ee5c1a4510a2a974c46a42926e925a0725cfab906c
32,41,0,envelope,31,1.0,1.0000000000000002,0.00021399300021585077,0.009553873998811468,envelope_formula,1.5543122344752192e-15,c4f8a57d942430f0b100293f2f64997eb357d74e5c6359c789af5795fc52a640,30133acf400a6070c5226b56baf3c9b4bec48c41a8907bec2ec9105145019b0d
32,41,1,envelope,31,1.0,1.0000000000000002,0.00021299099898897111,0.009538139012875035,envelope_formula,1.5543122344752192e-15,c4f8a57d942430f0b100293f2f64997eb357d74e5c6359c789af5795fc52a640,30133acf400a6070c5226b56baf3c9b4bec48c41a8907bec2ec9105145019b0d
32,41,2,envelope,31,1.0,1.0000000000000002,0.00028491299599409103,0.009555997006827965,envelope_formula,1.5543122344752192e-15,c4f8a57d942430f0b100293f2f64997eb357d74e5c6359c789af5795fc52a640,30133acf400a6070c5226b56baf3c9b4bec48c41a8907bec2ec9105145019b0d
32,41,3,envelope,31,1.0,1.0000000000000002,0.00021343000116758049,0.009568834997480735,envelope_formula,1.5543122344752192e-15,c4f8a57d942430f0b100293f2f64997eb357d74e5c6359c789af5795fc52a640,30133acf400a6070c5226b56baf3c9b4bec48c41a8907bec2ec9105145019b0d
32,41,4,envelope,31,1.0,1.0000000000000002,0.00021418299002107233,0.009520135005004704,envelope_formula,1.5543122344752192e-15,c4f8a57d942430f0b100293f2f64997eb357d74e5c6359c789af5795fc52a640,30133acf400a6070c5226b56baf3c9b4bec48c41a8907bec2ec9105145019b0d
32,46,0,envelope,31,1.0,1.0,0.00021285800903569907,0.013539350999053568,envelope_formula,1.5543122344752192e-15,c4f8a57d942430f0b100293f2f64997eb357d74e5c6359c789af5795fc52a640,da51d009e30782319d221126e79b937f56c4860c2e323f9b6aae176cf72c5568
32,46,1,envelope,31,1.0,1.0,0.0002241890033474192,0.013417567999567837,envelope_formula,1.5543122344752192e-15,c4f8a57d942430f0b100293f2f64997eb357d74e5c6359c789af5795fc52a640,da51d009e30782319d221126e79b937f56c4860c2e323f9b6aae176cf72c5568
32,46,2,envelope,31,1.0,1.0,0.00022438699670601636,0.013515989994630218,envelope_formula,1.5543122344752192e-15,c4f8a57d942430f0b100293f2f64997eb357d74e5c6359c789af5795fc52a640,da51d009e30782319d221126e79b937f56c4860c2e323f9b6aae176cf72c5568
32,46,3,envelope,31,1.0,1.0,0.00021697899501305073,0.013469469005940482,envelope_formula,1.5543122344752192e-15,c4f8a57d942430f0b100293f2f64997eb357d74e5c6359c789af5795fc52a640,da51d009e30782319d221126e79b937f56c4860c2e323f9b6aae176cf72c5568
32,46,4,envelope,31,1.0,1.0,0.0002898849925259128,0.013489306991687045,envelope_formula,1.5543122344752192e-15,c4f8a57d942430f0b100293f2f64997eb357d74e5c6359c789af5795fc52a640,da51d009e30782319d221126e79b937f56c4860c2e323f9b6aae176cf72c5568
32,51,0,envelope,31,1.0,0.9999999999999997,0.00021451199427247047,0.017341851998935454,envelope_formula,7.771561172376096e-16,c4f8a57d942430f0b100293f2f64997eb357d74e5c6359c789af5795fc52a640,70e353eca8e6fbe51d1e7c4beaf43b99ff63281a55fa4f900e1a856fa28832a3
32,51,1,envelope,31,1.0,0.9999999999999997,0.00021491599909495562,0.01747038000030443,envelope_formula,7.771561172376096e-16,c4f8a57d942430f0b100293f2f64997eb357d74e5c6359c789af5795fc52a640,70e353eca8e6fbe51d1e7c4beaf43b99ff63281a55fa4f900e1a856fa28832a3
32,51,2,envelope,31,1.0,0.9999999999999997,0.00021568400552496314,0.01737159201002214,envelope_formula,7.771561172376096e-16,c4f8a57d942430f0b100293f2f64997eb357d74e5c6359c789af5795fc52a640,70e353eca8e6fbe51d1e7c4beaf43b99ff63281a55fa4f900e1a856fa28832a3
32,51,3,envelope,31,1.0,0.9999999999999997,0.00021497299894690514,0.01746820198604837,envelope_formula,7.771561172376096e-16,c4f8a57d942430f0b100293f2f64997eb357d74e5c6359c789af5795fc52a640,70e353eca8e6fbe51d1e7c4beaf43b99ff63281a55fa4f900e1a856fa28832a3
32,51,4,envelope,31,1.0,0.9999999999999997,0.0002158310089726001,0.01738145499257371,envelope_formula,7.771561172376096e-16,c4f8a57d942430f0b100293f2f64997eb357d74e5c6359c789af5795fc52a640,70e353eca8e6fbe51d1e7c4beaf43b99ff63281a55fa4f900e1a856fa28832a3
32,55,0,cayley,48,0.20206734806818671,0.3687306606881756,0.003036106994841248,0.0072259709995705634,character_semidihedral_no_delete,6.106226635438361e-16,13fd50624a57bd571ff1e9c9ef118c7407179dbcd646a461b142bce5b9e49361,f8c4ae1118a73a69d6437184f6d4e8b64eb28d28139812effb8e7e12285b8371
32,55,0,envelope,31,1.0,0.9999999999999977,0.00016816800052765757,0.021170228996197693,envelope_formula,1.5543122344752192e-15,c4f8a57d942430f0b100293f2f64997eb357d74e5c6359c789af5795fc52a640,22bde91672730fae4181aa8010b9c421718bec1cd90a1fbf2703b6b8304e547d
32,55,1,cayley,48,0.20206734806818671,0.3977771727237957,0.0030618470045737922,0.007236724995891564,character_semidihedral_no_delete,2.275957200481571e-15,36f9d9532533daf461d52a934adfd24ef921ea6cdfc109fccbfdb8eb0019f170,41f7c923cff7df2aa3a481c24bc2232c3a1679c14a23113acbb17d05a80e20ea
32,55,1,envelope,31,1.0,0.9999999999999977,0.00016241100092884153,0.02053836200502701,envelope_formula,1.5543122344752192e-15,c4f8a57d942430f0b100293f2f64997eb357d74e5c6359c789af5795fc52a640,22bde91672730fae4181aa8010b9c421718bec1cd90a1fbf2703b6b8304e547d
32,55,2,cayley,48,0.20206734806818671,0.4192566834984386,0.0030729839927516878,0.007182803994510323,character_semidihedral_no_delete,4.718447854656915e-15,d655530941476b9d97a7f6d776a8341207a21fba3d8345409fbbdf1fb78811d2,8db491b4f8cf316e850fb910fec7be4c2aa0468c166ac8809bd1d569768e8699
32,55,2,envelope,31,1.0,0.9999999999999977,0.0001704599999357015,0.02051476800988894,envelope_formula,1.5543122344752192e-15,c4f8a57d942430f0b100293f2f64997eb357d74e5c6359c789af5795fc52a640,22bde91672730fae4181aa8010b9c421718bec1cd90a1fbf2703b6b8304e547d
32,55,3,cayley,48,0.20206734806818671,0.2704170049927166,0.003047869002330117,0.007195899001089856,character_semidihedral_no_delete,1.3877787807814457e-15,7010ba2f9769531ef48924ff6f2484bb46306e6c8f2a29253864ec039d6fb04c,d9337aa2671ad7e7c5bb2a11a45c40561f78d065b9137dcf5ce1c0143c76341a
32,55,3,envelope,31,1.0,0.9999999999999977,0.00016130499716382474,0.020536661002552137,envelope_formula,1.5543122344752192e-15,c4f8a57d942430f0b100293f2f64997eb357d74e5c6359c789af5795fc52a640,22bde91672730fae4181aa8010b9c421718bec1cd90a1fbf2703b6b8304e547d
32,55,4,cayley,48,0.20206734806818671,0.38433951599838445,0.0030594389972975478,0.007229178998386487,character_semidihedral_no_delete,6.106226635438361e-16,27dda1da208064f84e2038892346e298a2202bea56e1334e31806cff695dd29c,3fb325dd5fe698c5b1019e64101c16dfdf1fd96771ec63a66503f6d7f7166c57
32,55,4,envelope,31,1.0,0.9999999999999977,0.00016020200564526021,0.02051589199982118,envelope_formula,1.5543122344752192e-15,c4f8a57d942430f0b100293f2f64997eb357d74e5c6359c789af5795fc52a640,22bde91672730fae4181aa8010b9c421718bec1cd90a1fbf2703b6b8304e547d
32,60,0,cayley,48,0.20206734806818671,0.5653079014495835,0.003039734991034493,0.011136418004753068,character_semidihedral_no_delete,7.771561172376096e-16,13fd50624a57bd571ff1e9c9ef118c7407179dbcd646a461b142bce5b9e49361,edafbb2108aae8b35671652524628ca3eb27247286828923ed838ca48c4b6449
32,60,0,envelope,60,2.0,1.9999999999999947,0.0002126840117853135,0.000314017990604043,envelope_formula,2.886579864025407e-15,4ac75107980b349c69ebca4b68c2369638cd594c87643d7f413978daff0b0f41,4ac75107980b349c69ebca4b68c2369638cd594c87643d7f413978daff0b0f41
32,60,1,cayley,48,0.20206734806818671,0.5418096476543072,0.0031023159972392023,0.011101070995209739,character_semidihedral_no_delete,1.2212453270876722e-15,36f9d9532533daf461d52a934adfd24ef921ea6cdfc109fccbfdb8eb0019f170,e82e6bb332d6ac44b7e44506af5135e77c585caf3b997a348fee892f05a0e938
32,60,1,envelope,60,2.0,1.9999999999999947,0.00020661800226662308,0.00031340299756266177,envelope_formula,2.886579864025407e-15,4ac75107980b349c69ebca4b68c2369638cd594c87643d7f413978daff0b0f41,4ac75107980b349c69ebca4b68c2369638cd594c87643d7f413978daff0b0f41
32,60,2,cayley,48,0.20206734806818671,0.5604567621901863,0.0030684309895150363,0.011117825997644104,character_semidihedral_no_delete,3.9968028886505635e-15,d655530941476b9d97a7f6d776a8341207a21fba3d8345409fbbdf1fb78811d2,52046aef627160cd7f9f59b49e47aaa2d1c0a1cc67d9fdb76069f8e9f9009499
32,60,2,envelope,60,2.0,1.9999999999999947,0.0002035999932559207,0.00032600499980617315,envelope_formula,2.886579864025407e-15,4ac75107980b349c69ebca4b68c2369638cd594c87643d7f413978daff0b0f41,4ac75107980b349c69ebca4b68c2369638cd594c87643d7f413978daff0b0f41
32,60,3,cayley,48,0.20206734806818671,0.5367491445048747,0.0030514559912262484,0.011127846999443136,character_semidihedral_no_delete,9.992007221626409e-16,7010ba2f9769531ef48924ff6f2484bb46306e6c8f2a29253864ec039d6fb04c,cbb526cadb91c8cb46530fb0807fc077f51293f285c47151699d11b2b0a94b74
32,60,3,envelope,60,2.0,1.9999999999999947,0.0002118760021403432,0.00031043600756675005,envelope_formula,2.886579864025407e-15,4ac75107980b349c69ebca4b68c2369638cd594c87643d7f413978daff0b0f41,4ac75107980b349c69ebca4b68c2369638cd594c87643d7f413978daff0b0f41
32,60,4,cayley,48,0.20206734806818671,0.5643502508952662,0.0031480960024055094,0.011095496010966599,character_semidihedral_no_delete,2.220446049250313e-16,27dda1da208064f84e2038892346e298a2202bea56e1334e31806cff695dd29c,25b2baac4e4066a1dc9432736612a4fd031357578b8c789bbe2b8f2ba4dea9bf
32,60,4,envelope,60,2.0,1.9999999999999947,0.00020211700757499784,0.0003143150097457692,envelope_formula,2.886579864025407e-15,4ac75107980b349c69ebca4b68c2369638cd594c87643d7f413978daff0b0f41,4ac75107980b349c69ebca4b68c2369638cd594c87643d7f413978daff0b0f41
32,65,0,cayley,64,1.5505102572168221,1.5505102572168208,0.0036912170035066083,0.0024989530065795407,character_semidihedral_no_delete,8.881784197001252e-16,1740fe6310c67d5fc28dfa5f640f443d1a797b8a6a7e8413cbaabe33842b0337,324322583491a5a4cb5e87ac514bf0017724a7c669e0643446387aeab361fe7f
32,65,0,envelope,60,2.0,2.0000000000000013,0.0002019359963014722,0.005547918000956997,envelope_formula,5.329070518200751e-15,4ac75107980b349c69ebca4b68c2369638cd594c87643d7f413978daff0b0f41,dda51bbf904ed7ea579f9c36f28984c23b48c0f2fb2825a9259eb24270dbd8a2
32,65,1,cayley,64,1.5505102572168221,1.5505102572168203,0.0035222439910285175,0.002490923012373969,character_semidihedral_no_delete,2.6645352591003757e-15,34117cb276cd7b9c05cdd98e2516e9c34721f070f3eac02340d82f190de836f1,e78cddc08036e597131cbf7273db1e28e9f7b4383bbec4209dc46e56d0090b4b
32,65,1,envelope,60,2.0,2.0000000000000013,0.00021508100326173007,0.005578272001002915,envelope_formula,5.329070518200751e-15,4ac75107980b349c69ebca4b68c2369638cd594c87643d7f413978daff0b0f41,dda51bbf904ed7ea579f9c36f28984c23b48c0f2fb2825a9259eb24270dbd8a2
32,65,2,cayley,64,1.5505102572168221,1.5505102572168217,0.00353473900759127,0.0025069570110645145,character_semidihedral_no_delete,2.220446049250313e-16,02ae348c6beb7686a5a0b0fe0fe96efb18558510049fb75d0c83134d7c0dd887,c73a7246bc808bb5b18a3fc9265cd386f75b205c63f297dabd694b2a359de146
32,65,2,envelope,60,2.0,2.0000000000000013,0.00020772599964402616,0.005555098003242165,envelope_formula,5.329070518200751e-15,4ac75107980b349c69ebca4b68c2369638cd594c87643d7f413978daff0b0f41,dda51bbf904ed7ea579f9c36f28984c23b48c0f2fb2825a9259eb24270dbd8a2
32,65,3,cayley,64,1.5505102572168221,1.5505102572168217,0.0034480399917811155,0.0024991319951368496,character_semidihedral_no_delete,2.220446049250313e-16,02ae348c6beb7686a5a0b0fe0fe96efb18558510049fb75d0c83134d7c0dd887,c73a7246bc808bb5b18a3fc9265cd386f75b205c63f297dabd694b2a359de146
32,65,3,envelope,60,2.0,2.0000000000000013,0.00026655600231606513,0.005569344008108601,envelope_formula,5.329070518200751e-15,4ac75107980b349c69ebca4b68c2369638cd594c87643d7f413978daff0b0f41,dda51bbf904ed7ea579f9c36f28984c23b48c0f2fb2825a9259eb24270dbd8a2
32,65,4,cayley,64,1.5505102572168221,1.5505102572168212,0.0034898470039479434,0.0024970069935079664,character_semidihedral_no_delete,3.1086244689504383e-15,16f218cc26b09ea7ab6c9458195aca71122d080df4d600f910847a32a50e01ce,59a35274cbd912fb19b7cacb1c2c4acf2fc4529c5dd4b26cf0af5f707a5c1181
32,65,4,envelope,60,2.0,2.0000000000000013,0.00020445299742277712,0.005555095005547628,envelope_formula,5.329070518200751e-15,4ac75107980b349c69ebca4b68c2369638cd594c87643d7f413978daff0b0f41,dda51bbf904ed7ea579f9c36f28984c23b48c0f2fb2825a9259eb24270dbd8a2
32,69,0,cayley,64,1.5505102572168221,1.6096956386495842,0.003474878001725301,0.005753725999966264,character_semidihedral_no_delete,4.6629367034256575e-15,1740fe6310c67d5fc28dfa5f640f443d1a797b8a6a7e8413cbaabe33842b0337,df4663dfa1459e79a0c401673c30c02771c6c3fca48444ec25385837b9ecf673
32,69,0,envelope,60,2.0,2.0,0.00020446999405976385,0.00873627200780902,envelope_formula,4.884981308350689e-15,4ac75107980b349c69ebca4b68c2369638cd594c87643d7f413978daff0b0f41,faadbc54e2b5e06d56f4b2b28e8f14da68ccae4eebb3caabc59f2047f696f961
32,69,1,cayley,64,1.5505102572168221,1.6096956386495842,0.0035099509987048805,0.0056651269987924024,character_semidihedral_no_delete,1.3322676295501878e-15,34117cb276cd7b9c05cdd98e2516e9c34721f070f3eac02340d82f190de836f1,6f7eb80507540eb06f5cd7f8078745314f6cb722947f13a9de0c78fa44bf1ce3
32,69,1,envelope,60,2.0,2.0,0.00020474099437706172,0.008715720003237948,envelope_formula,4.884981308350689e-15,4ac75107980b349c69ebca4b68c2369638cd594c87643d7f413978daff0b0f41,faadbc54e2b5e06d56f4b2b28e8f14da68ccae4eebb3caabc59f2047f696f961
32,69,2,cayley,64,1.5505102572168221,1.6075761216694007,0.0034540330088930205,0.005673574996762909,character_semidihedral_no_delete,4.440892098500626e-16,02ae348c6beb7686a5a0b0fe0fe96efb18558510049fb75d0c83134d7c0dd887,50729ec6f64d9bbd3a8d7c3ae4de6d22c41240089a4d2964208b1e4c5e4fe7b4
32,69,2,envelope,60,2.0,2.0,0.00020483699336182326,0.008708740002475679,envelope_formula,4.884981308350689e-15,4ac75107980b349c69ebca4b68c2369638cd594c87643d7f413978daff0b0f41,faadbc54e2b5e06d56f4b2b28e8f14da68ccae4eebb3caabc59f2047f696f961
32,69,3,cayley,64,1.5505102572168221,1.6075761216694007,0.003453338998951949,0.005668272002367303,character_semidihedral_no_delete,4.440892098500626e-16,02ae348c6beb7686a5a0b0fe0fe96efb18558510049fb75d0c83134d7c0dd887,50729ec6f64d9bbd3a8d7c3ae4de6d22c41240089a4d2964208b1e4c5e4fe7b4
32,69,3,envelope,60,2.0,2.0,0.00020261199097149074,0.008693569005117752,envelope_formula,4.884981308350689e-15,4ac75107980b349c69ebca4b68c2369638cd594c87643d7f413978daff0b0f41,faadbc54e2b5e06d56f4b2b28e8f14da68ccae4eebb3caabc59f2047f696f961
32,69,4,cayley,64,1.5505102572168221,1.6096956386495842,0.003557573989382945,0.005654325999785215,character_semidihedral_no_delete,2.220446049250313e-15,16f218cc26b09ea7ab6c9458195aca71122d080df4d600f910847a32a50e01ce,48355194ba54b877d5338edb345d76429423b24996fd8598f4865d84108983b5
32,69,4,envelope,60,2.0,2.0,0.0002103990118484944,0.008707943008630536,envelope_formula,4.884981308350689e-15,4ac75107980b349c69ebca4b68c2369638cd594c87643d7f413978daff0b0f41,faadbc54e2b5e06d56f4b2b28e8f14da68ccae4eebb3caabc59f2047f696f961
32,74,0,cayley,64,1.5505102572168221,1.7221690730675139,0.003514308002195321,0.009576008000294678,character_semidihedral_no_delete,4.440892098500626e-16,1740fe6310c67d5fc28dfa5f640f443d1a797b8a6a7e8413cbaabe33842b0337,a5ff63433e9ff0e9d62336a7d482658c5a1a02b465c8170acfd5af31ee322074
32,74,0,envelope,60,2.0,1.9999999999999978,0.00021083700994495302,0.012638113999855705,envelope_formula,2.220446049250313e-16,4ac75107980b349c69ebca4b68c2369638cd594c87643d7f413978daff0b0f41,59505e9284e75e4220a5d65c0510442f222348d70edeb34be37fad2148e849f4
32,74,1,cayley,64,1.5505102572168221,1.7221690730675157,0.003513732008286752,0.009577635006280616,character_semidihedral_no_delete,1.5543122344752192e-15,34117cb276cd7b9c05cdd98e2516e9c34721f070f3eac02340d82f190de836f1,0d4e33a2fa74895ca6f4266f81fd14601132ae935a9cc84bc9a8856585828f40
32,74,1,envelope,60,2.0,1.9999999999999978,0.0002659679885255173,0.012649058000533842,envelope_formula,2.220446049250313e-16,4ac75107980b349c69ebca4b68c2369638cd594c87643d7f413978daff0b0f41,59505e9284e75e4220a5d65c0510442f222348d70edeb34be37fad2148e849f4
32,74,2,cayley,64,1.5505102572168221,1.722169073067512,0.0034060220059473068,0.009593794995453209,character_semidihedral_no_delete,1.7763568394002505e-15,02ae348c6beb7686a5a0b0fe0fe96efb18558510049fb75d0c83134d7c0dd887,552778e5183d4d018f5c61303b18183e3be3985323123f01e611b88b7fa836d8
32,74,2,envelope,60,2.0,1.9999999999999978,0.0002034799981629476,0.012640849003219046,envelope_formula,2.220446049250313e-16,4ac75107980b349c69ebca4b68c2369638cd594c87643d7f413978daff0b0f41,59505e9284e75e4220a5d65c0510442f222348d70edeb34be37fad2148e849f4
32,74,3,cayley,64,1.5505102572168221,1.722169073067512,0.0035196389944758266,0.009582411992596462,character_semidihedral_no_delete,1.7763568394002505e-15,02ae348c6beb7686a5a0b0fe0fe96efb18558510049fb75d0c83134d7c0dd887,552778e5183d4d018f5c61303b18183e3be3985323123f01e611b88b7fa836d8
32,74,3,envelope,60,2.0,1.9999999999999978,0.00021662098879460245,0.012655201004236005,envelope_formula,2.220446049250313e-16,4ac75107980b349c69ebca4b68c2369638cd594c87643d7f413978daff0b0f41,59505e9284e75e4220a5d65c0510442f222348d70edeb34be37fad2148e849f4
32,74,4,cayley,64,1.5505102572168221,1.7221690730675139,0.00351733599381987,0.009606327002984472,character_semidihedral_no_delete,3.9968028886505635e-15,16f218cc26b09ea7ab6c9458195aca71122d080df4d600f910847a32a50e01ce,de49ed794d3764cd59b2dc8650dd269d59151ac1c75daad94415666c53af30ef
32,74,4,envelope,60,2.0,1.9999999999999978,0.00020127800235059112,0.012634790007723495,envelope_formula,2.220446049250313e-16,4ac75107980b349c69ebca4b68c2369638cd594c87643d7f413978daff0b0f41,59505e9284e75e4220a5d65c0510442f222348d70edeb34be37fad2148e849f4
32,79,0,cayley,64,1.5505102572168221,1.999999999999998,0.003528754008584656,0.013596613993286155,character_semidihedral_no_delete,1.5543122344752192e-15,1740fe6310c67d5fc28dfa5f640f443d1a797b8a6a7e8413cbaabe33842b0337,2484b1d6fa6e2cd1b79e6d8711deb6b9e4976874c1e4fc0dc6a6cbb9db4d1c74
32,79,1,cayley,64,1.5505102572168221,1.999999999999998,0.0034351270005572587,0.013598319987067953,character_semidihedral_no_delete,1.9984014443252818e-15,34117cb276cd7b9c05cdd98e2516e9c34721f070f3eac02340d82f190de836f1,4e1cd287695ab2a7acfebaf7174224852ea11f68a586f5bd1b99ab49cd39bcc6
32,79,2,cayley,64,1.5505102572168221,1.9999999999999958,0.0035249069915153086,0.013547068010666408,character_semidihedral_no_delete,2.4424906541753444e-15,02ae348c6beb7686a5a0b0fe0fe96efb18558510049fb75d0c83134d7c0dd887,fac751d0851142d59708526a63063df7e0a2c1f103345df464016ec271e013dd
32,79,3,cayley,64,1.5505102572168221,1.9999999999999958,0.0035268829960841686,0.01357323900447227,character_semidihedral_no_delete,2.4424906541753444e-15,02ae348c6beb7686a5a0b0fe0fe96efb18558510049fb75d0c83134d7c0dd887,fac751d0851142d59708526a63063df7e0a2c1f103345df464016ec271e013dd
32,79,4,cayley,64,1.5505102572168221,1.999999999999998,0.003472292999504134,0.013577300007455051,character_semidihedral_no_delete,8.881784197001252e-16,16f218cc26b09ea7ab6c9458195aca71122d080df4d600f910847a32a50e01ce,cdd78e1bac103edacd8312b7139890c23aa274f576b25e4bfdbadeeb3dec5224
32,83,0,cayley,80,2.2020673480681867,2.2233636781386013,0.004078069992829114,0.0040997869946295395,character_semidihedral_no_delete,8.881784197001252e-16,48b4aaac526eb8b1f1298a6400e7f794ea6596caf80d7990a3a1a8458e50da4a,3eef320d6d76e916b47f08bd806d3feed723fc6ee935641a2e2cd33372e2fc00
32,83,1,cayley,80,2.2020673480681867,2.304419626724144,0.004088379006134346,0.004077154007973149,character_semidihedral_no_delete,1.3322676295501878e-15,e50d522419a0698ea4a4ad0583bde2d1509380316c6a4f9bd4d363d5e5180bc5,af426dfe2df3696b18a9a866568c2f881cb01fcc232fd22f9a86df66b4e44ee9
32,83,2,cayley,80,2.2020673480681867,2.296737216989901,0.004016768012661487,0.004111130998353474,character_semidihedral_no_delete,1.7763568394002505e-15,d805757aee588762d3f617285d38223f5a567e965bb41f9ed1921b3fb8735469,032764183027909c528be4a6a62967ddc6b3b8cf2f0d61755e24ff2c6bbf5e2b
32,83,3,cayley,80,2.2020673480681867,2.2970936600977376,0.004031311007565819,0.004135775991016999,character_semidihedral_no_delete,2.220446049250313e-15,e18e6d54787a5110de8201a2da5bd2170a087ede2bfe8bd635f6ab9ef2b6012d,21986df1dd58085c92b4ca00fa4c3b1e046d5718a779f683748f86eb0da73437
32,83,4,cayley,80,2.2020673480681867,2.304419626724145,0.003943547999369912,0.004069429996889085,character_semidihedral_no_delete,1.3322676295501878e-15,965f90c6bd463332436a37434336608af111f66080491f3b8f04fb93923119b2,53e09dd13ca4bcb38dad019aa0451fb0416e049e67f5d30e02080bef4c3b0ecc
32,88,0,cayley,80,2.2020673480681867,2.4539254186902015,0.0039765730034559965,0.008066340000368655,character_semidihedral_no_delete,1.7763568394002505e-15,48b4aaac526eb8b1f1298a6400e7f794ea6596caf80d7990a3a1a8458e50da4a,c158cdb8b0c682a637450980fb8406199534da17879ff7b9b65fca7061a98b73
32,88,1,cayley,80,2.2020673480681867,2.410260731476808,0.00392726699647028,0.008030910001252778,character_semidihedral_no_delete,2.220446049250313e-15,e50d522419a0698ea4a4ad0583bde2d1509380316c6a4f9bd4d363d5e5180bc5,991aad31f23a4ef3efd2830ab1387d08c2bc515790da63026eb179c8415d70cc
32,88,2,cayley,80,2.2020673480681867,2.507437385062982,0.004070674011018127,0.0080899399908958,character_semidihedral_no_delete,0.0,d805757aee588762d3f617285d38223f5a567e965bb41f9ed1921b3fb8735469,e031647375e4ca22a6df5f2fba3d90c7ce89370be539970cf4161f339e6e8722
32,88,3,cayley,80,2.2020673480681867,2.438002972567679,0.003840674995444715,0.008143641010974534,character_semidihedral_no_delete,2.220446049250313e-15,e18e6d54787a5110de8201a2da5bd2170a087ede2bfe8bd635f6ab9ef2b6012d,6a0ef97d47361a9571fd9d0bdf74eb07d8077eb16d9a9aca994e8c41ea58d007
32,88,4,cayley,80,2.2020673480681867,2.410260731476808,0.003932302002795041,0.008136327000102028,character_semidihedral_no_delete,3.552713678800501e-15,965f90c6bd463332436a37434336608af111f66080491f3b8f04fb93923119b2,9b9ade93a758fd1058dfa43466f689c082d22756249ed11466783cb655ff2038
32,93,0,cayley,80,2.2020673480681867,2.627539502257662,0.003932155988877639,0.011992494997684844,character_semidihedral_no_delete,2.220446049250313e-15,48b4aaac526eb8b1f1298a6400e7f794ea6596caf80d7990a3a1a8458e50da4a,19f83c201e5a5a1b35367878654318693dcde8972ef790ff978aabb6873371fa
32,93,1,cayley,80,2.2020673480681867,2.553143671264613,0.004056983991176821,0.012019690999295563,character_semidihedral_no_delete,3.552713678800501e-15,e50d522419a0698ea4a4ad0583bde2d1509380316c6a4f9bd4d363d5e5180bc5,ef43a988e4acfa9634c56e2b63d7069c36e34c452dff9b75b18df0b4e93c34b1
32,93,2,cayley,80,2.2020673480681867,2.6683299126065387,0.004000718996394426,0.012017617002129555,character_semidihedral_no_delete,2.6645352591003757e-15,d805757aee588762d3f617285d38223f5a567e965bb41f9ed1921b3fb8735469,141bd16d824247a69541e3bb43d59e8bbcf777f82294f1b49b3e7cd0e7f78aa7
32,93,3,cayley,80,2.2020673480681867,2.556118910857207,0.004003399997600354,0.012051408994011581,character_semidihedral_no_delete,0.0,e18e6d54787a5110de8201a2da5bd2170a087ede2bfe8bd635f6ab9ef2b6012d,9125c7f0e3ed1adddde1777ace2cdf99e1262e88b260aea472d37cbfbd6bd24a
32,93,4,cayley,80,2.2020673480681867,2.5531436712646114,0.0038236359978327528,0.011990102007985115,character_semidihedral_no_delete,1.7763568394002505e-15,965f90c6bd463332436a37434336608af111f66080491f3b8f04fb93923119b2,a05333c48af9a04e87514c46d186eba855714b3ffa573ac6f6d674846780daba
32,97,0,cayley,96,3.386874070247247,3.386874070247245,0.004307041002903134,0.002528799988795072,character_semidihedral_no_delete,4.440892098500626e-16,4926be3b5137d0f5e12317547d7499418bb7268a4e3e0e50e105f50f43b44e30,f67b4f7db61333473d0ade4a23a42dfb6930a429ab39fa6881ed86ce98b1e0a9
32,97,1,cayley,96,3.386874070247247,3.386874070247246,0.004100325997569598,0.002525481002521701,character_semidihedral_no_delete,4.884981308350689e-15,afbaf37baf7d43036336ede572e880d50705623c00a6fcd695afd956e3ad575f,54e79b52b514d069230069f0e2e07cde5a51d5b6fc4ea8512f841c7fc0ce6630
32,97,2,cayley,96,3.386874070247247,3.386874070247245,0.004137292999075726,0.0025259160029236227,character_semidihedral_no_delete,4.440892098500626e-15,5f16c69b08111fee2dab38528cd015680a5299c7310025f867f028cd13b8ee27,94a51e4f715b367dbc88220b65efad0bac36c652630f0489436258921a8fb838
32,97,3,cayley,96,3.386874070247247,3.386874070247247,0.004245385993272066,0.00254376299562864,character_semidihedral_no_delete,3.552713678800501e-15,6ae6fcecde75af7c18a8a9cd41bbd22b861cd08945aacefe7b216b63edc7dcbb,ecd48d6664d656b163cb52845466037bb506fc2cf2a14c8b45fd650709bc9a63
32,97,4,cayley,96,3.386874070247247,3.386874070247247,0.004282140012946911,0.002539332999731414,character_semidihedral_no_delete,2.220446049250313e-15,0a8ed505643388133fac6cb0cf56e3655d2cf3c0f9bd987dbf7db9f068d25b52,077d0ca221f90657a3a7a8ecfcbd140edca01b2e356f1ae70ea32640902ca801
32,102,0,cayley,96,3.386874070247247,3.4619753546075085,0.004182759992545471,0.006491659005405381,character_semidihedral_no_delete,3.1086244689504383e-15,4926be3b5137d0f5e12317547d7499418bb7268a4e3e0e50e105f50f43b44e30,0babd4e6612ec283d572a3fee45723e3614af82d9163d1b927907a15014fb292
32,102,1,cayley,96,3.386874070247247,3.4619753546075076,0.00408875200082548,0.006486001002485864,character_semidihedral_no_delete,4.884981308350689e-15,afbaf37baf7d43036336ede572e880d50705623c00a6fcd695afd956e3ad575f,4bf62e2d49b6dbfa73a693964c7787829f8188a51861f56cb623806954a7651a
32,102,2,cayley,96,3.386874070247247,3.5634205644743684,0.004259744004230015,0.0065111979929497465,character_semidihedral_no_delete,4.440892098500626e-16,5f16c69b08111fee2dab38528cd015680a5299c7310025f867f028cd13b8ee27,db2bd0831449ba598c2a72932851c84c97987a74536678ae48c970ec352e5b28
32,102,3,cayley,96,3.386874070247247,3.5634205644743684,0.004288850002922118,0.006520900002215058,character_semidihedral_no_delete,8.881784197001252e-16,6ae6fcecde75af7c18a8a9cd41bbd22b861cd08945aacefe7b216b63edc7dcbb,85b9a85baf19aa2bbaa7c6b917c75f4698d85a9042df13d2e2929a0a6f300fa2
32,102,4,cayley,96,3.386874070247247,3.5634205644743675,0.004165215999819338,0.006498836999526247,character_semidihedral_no_delete,4.440892098500626e-16,0a8ed505643388133fac6cb0cf56e3655d2cf3c0f9bd987dbf7db9f068d25b52,2a5d8d077249c67673578bbebf53fcb0978764dbba589978bcdf2e2872d07655
32,107,0,cayley,96,3.386874070247247,3.5448478495130056,0.004180431991699152,0.010421244005556218,character_semidihedral_no_delete,4.440892098500626e-16,4926be3b5137d0f5e12317547d7499418bb7268a4e3e0e50e105f50f43b44e30,9dbb54882394efdfe8b4833cd1a3255c53443caeb82c8239e74bd8f308a92754
32,107,1,cayley,96,3.386874070247247,3.5725109971832394,0.0042025950097013265,0.010488758998690173,character_semidihedral_no_delete,1.7763568394002505e-15,afbaf37baf7d43036336ede572e880d50705623c00a6fcd695afd956e3ad575f,fb3c322f2bde071776f20e7bfc23af03266c39d27b8064dd4046df61be388500
32,107,2,cayley,96,3.386874070247247,3.633122809313012,0.004314425998018123,0.010447071006637998,character_semidihedral_no_delete,8.881784197001252e-16,5f16c69b08111fee2dab38528cd015680a5299c7310025f867f028cd13b8ee27,389640c88782d6b1b786bd976e588f097de2041b538b6e301c74701d4ecbd590
32,107,3,cayley,96,3.386874070247247,3.6331228093130146,0.004413513990584761,0.01045531099953223,character_semidihedral_no_delete,0.0,6ae6fcecde75af7c18a8a9cd41bbd22b861cd08945aacefe7b216b63edc7dcbb,9c265328e1b2d929f17a15666b2cde90c867287de7ac4a40a101a24c49d8e2fe
32,107,4,cayley,96,3.386874070247247,3.6211032181550924,0.0042126449989154935,0.010432812006911263,character_semidihedral_no_delete,0.0,0a8ed505643388133fac6cb0cf56e3655d2cf3c0f9bd987dbf7db9f068d25b52,87bf13ec5205a09b46ad4d691bb5ab8bfb567ebe6bb9f3203d8e961ab9e12ae7
32,112,0,cayley,112,4.0,4.000000000000001,0.0044561139948200434,0.0003309400053694844,character_semidihedral_no_delete,3.552713678800501e-15,87b15a98e12b6122887f145eef1f6204a385b8a621852a2523b03d7c2366d25e,87b15a98e12b6122887f145eef1f6204a385b8a621852a2523b03d7c2366d25e
32,112,1,cayley,112,4.0,3.9999999999999987,0.004425335995620117,0.00033858099777717143,character_semidihedral_no_delete,1.7763568394002505e-15,153c9b847edb024c43aff14997c402d3c6667c2c00edb2b0ec517052290934a1,153c9b847edb024c43aff14997c402d3c6667c2c00edb2b0ec517052290934a1
32,112,2,cayley,112,4.0,3.9999999999999987,0.0045084110024617985,0.00034969400439877063,character_semidihedral_no_delete,2.6645352591003757e-15,ef43b51cd8e618ef6e6a56207eb8b2d13ea83b7c29218d2f0ed62c6d29dfed86,ef43b51cd8e618ef6e6a56207eb8b2d13ea83b7c29218d2f0ed62c6d29dfed86
32,112,3,cayley,112,4.0,3.999999999999997,0.004419807999511249,0.0003473690012469888,character_semidihedral_no_delete,7.549516567451064e-15,12f87ed3551f4343758385a1a4be060cc5b5db90be727085e6ef5f317712d448,12f87ed3551f4343758385a1a4be060cc5b5db90be727085e6ef5f317712d448
32,112,4,cayley,112,4.0,4.000000000000001,0.004765810008393601,0.00034132700238842517,character_semidihedral_no_delete,3.552713678800501e-15,32656d1d5bcb91e9429036fd97df08caa6e73200a8e8d4fbc5d3e1cbeaf9c2f4,32656d1d5bcb91e9429036fd97df08caa6e73200a8e8d4fbc5d3e1cbeaf9c2f4
32,116,0,cayley,112,4.0,4.062219780135152,0.004308025003410876,0.004980026991688646,character_semidihedral_no_delete,1.7763568394002505e-15,87b15a98e12b6122887f145eef1f6204a385b8a621852a2523b03d7c2366d25e,e36baf55700e0f9d62f7516c23242e27d97bcf882ad7eeb11086ca3a3dead8b3
32,116,1,cayley,112,4.0,4.0,0.004312555000069551,0.0049303639971185476,character_semidihedral_no_delete,6.661338147750939e-15,153c9b847edb024c43aff14997c402d3c6667c2c00edb2b0ec517052290934a1,c92fe6e2a289823ca2763f3a2630811b53986a40ee74d6fa38c79fd289982283
32,116,2,cayley,112,4.0,4.000000000000001,0.004516018001595512,0.00492085498990491,character_semidihedral_no_delete,8.881784197001252e-16,ef43b51cd8e618ef6e6a56207eb8b2d13ea83b7c29218d2f0ed62c6d29dfed86,7afceb9a8cc11d6c2d752873032e6326a9a8b861e8c0ba23ec535c0152c343b5
32,116,3,cayley,112,4.0,3.9999999999999973,0.004247231991030276,0.004915563011309132,character_semidihedral_no_delete,8.881784197001252e-16,12f87ed3551f4343758385a1a4be060cc5b5db90be727085e6ef5f317712d448,de319412dba76e65241ac298527512375132bd28a78a1a7f8197e5abd0be8a57
32,116,4,cayley,112,4.0,4.073929010179574,0.00447559601161629,0.004905396999674849,character_semidihedral_no_delete,8.881784197001252e-16,32656d1d5bcb91e9429036fd97df08caa6e73200a8e8d4fbc5d3e1cbeaf9c2f4,f93759e36cdde8a2e000a8f5c03a8a97b68332bf417297cbfdd8f24097c8ef2f
32,121,0,cayley,112,4.0,4.219894850379301,0.004318500010413118,0.008846583004924469,character_semidihedral_no_delete,3.552713678800501e-15,87b15a98e12b6122887f145eef1f6204a385b8a621852a2523b03d7c2366d25e,d765a35be6b7e949386866d1419a13b84f80eff9aec5bf9e3e99ebc59a32aa07
32,121,1,cayley,112,4.0,4.072749381927911,0.004473113993299194,0.008880788998794742,character_semidihedral_no_delete,3.552713678800501e-15,153c9b847edb024c43aff14997c402d3c6667c2c00edb2b0ec517052290934a1,234e18e4b98d6301ef7a404ac32e831ff290c2ad08ad67bdab6915b626c89765
32,121,2,cayley,112,4.0,4.081991923450481,0.004432310000993311,0.008863438997650519,character_semidihedral_no_delete,4.440892098500626e-15,ef43b51cd8e618ef6e6a56207eb8b2d13ea83b7c29218d2f0ed62c6d29dfed86,92a5e1b106afce4dc0fe31243af9fc83a2ac65079275a3d62b9535a725211cf3
32,121,3,cayley,112,4.0,4.081991923450481,0.004321182001149282,0.008898206011508591,character_semidihedral_no_delete,1.7763568394002505e-15,12f87ed3551f4343758385a1a4be060cc5b5db90be727085e6ef5f317712d448,f77a21cdf6a3f69ef02c032f3b3e965a67957248081a59e155506b09fdbfa649
32,121,4,cayley,112,4.0,4.171528585776981,0.004480120012885891,0.008857774999341927,character_semidihedral_no_delete,5.329070518200751e-15,32656d1d5bcb91e9429036fd97df08caa6e73200a8e8d4fbc5d3e1cbeaf9c2f4,a58352273cee72a67e58d3f2b8bcc08457dcfebaf4e9352dbe40c6bd2f14101f
32,126,0,cayley,112,4.0,4.339534896742821,0.004548683005850762,0.012853150998125784,character_semidihedral_no_delete,8.881784197001252e-16,87b15a98e12b6122887f145eef1f6204a385b8a621852a2523b03d7c2366d25e,16b2e0f28a9366c9b5216daf5f168251ee7d974a85382597ce831168baa976c5
32,126,1,cayley,112,4.0,4.210177191223503,0.004407397995237261,0.012850767991039902,character_semidihedral_no_delete,3.552713678800501e-15,153c9b847edb024c43aff14997c402d3c6667c2c00edb2b0ec517052290934a1,78fe53da035cea8229f2df149e7f4edf35fa4b27f3e865f102c65695bf7ce1c5
32,126,2,cayley,112,4.0,4.213518199776482,0.00437201900058426,0.012866157994722016,character_semidihedral_no_delete,2.6645352591003757e-15,ef43b51cd8e618ef6e6a56207eb8b2d13ea83b7c29218d2f0ed62c6d29dfed86,5981f60085af1ee5d055645b395da8759473e5a48e363b6324161440d7cfa492
32,126,3,cayley,112,4.0,4.213518199776486,0.004287051007850096,0.01284167799167335,character_semidihedral_no_delete,1.7763568394002505e-15,12f87ed3551f4343758385a1a4be060cc5b5db90be727085e6ef5f317712d448,3821cb1adc1883425f6ee4292b17ea5edcb34a2af12282afba33545ea1739fbd
32,126,4,cayley,112,4.0,4.270061931641045,0.004571316996589303,0.012819720999686979,character_semidihedral_no_delete,0.0,32656d1d5bcb91e9429036fd97df08caa6e73200a8e8d4fbc5d3e1cbeaf9c2f4,09956cc414fdecfa9fdb1dedcaa3aa4ceffffcf6ca071ea55ba087de03ea2c18
32,130,0,cayley,128,5.17157287525381,5.171572875253808,0.004418003998580389,0.002948794004623778,character_semidihedral_no_delete,8.881784197001252e-16,48fe3553cdb683f941d3609c516ef8b48af9b995907f9de1598c5b54271f752f,c7f10e9d994344ac75d30fda11acb2f5a4d169651a03526544b6fe9f94aa11b0
32,130,1,cayley,128,5.17157287525381,5.171572875253808,0.00455765200604219,0.0029664739995496348,character_semidihedral_no_delete,8.881784197001252e-16,e6ef0a4d04512befdfdd712c677430a346337eebb537117bc8c2685d8974e37f,64760363c4e51ba80beba1615d3a5dbd1620a6bdf6fff1ad239252196cbdc29e
32,130,2,cayley,128,5.17157287525381,5.171572875253808,0.004558312997687608,0.0029559019894804806,character_semidihedral_no_delete,1.7763568394002505e-15,7234666e8d0d3818bb22abab1383786c4e10f17552f285a6e1b7e75e83d89402,5721b3e4b3d8be672fb8430337632862d2d0901a771ffbbc7fdcc43ebcf4fcf9
32,130,3,cayley,128,5.17157287525381,5.17157287525381,0.0045598629949381575,0.002954529001726769,character_semidihedral_no_delete,5.329070518200751e-15,58f7237bc5af847fec61324a81e794d05bbc1ebdd74d9954ed5d07c7ec794811,f705bfe104b61c3ef21e0694336ca52fd24f6b676826d4e1ba9fe24f0d1fb309
32,130,4,cayley,128,5.17157287525381,5.17157287525381,0.004591650009388104,0.0029597630054922774,character_semidihedral_no_delete,5.329070518200751e-15,58f7237bc5af847fec61324a81e794d05bbc1ebdd74d9954ed5d07c7ec794811,f705bfe104b61c3ef21e0694336ca52fd24f6b676826d4e1ba9fe24f0d1fb309
32,135,0,cayley,128,5.17157287525381,5.206613415723616,0.004349277995061129,0.006902741006342694,character_semidihedral_no_delete,2.6645352591003757e-15,48fe3553cdb683f941d3609c516ef8b48af9b995907f9de1598c5b54271f752f,4368ed356741cfa4c9e860b65651a76cfcae1669af0627bdd67bb4f6f9c08a7e
32,135,1,cayley,128,5.17157287525381,5.206613415723616,0.004455734000657685,0.0069180059945210814,character_semidihedral_no_delete,4.440892098500626e-15,e6ef0a4d04512befdfdd712c677430a346337eebb537117bc8c2685d8974e37f,dbe5786750994cb8d4f159e664ed2365f686ec51302402a3fa8ba79c6878bf9f
32,135,2,cayley,128,5.17157287525381,5.206613415723618,0.004564144997857511,0.006922743996256031,character_semidihedral_no_delete,8.881784197001252e-15,7234666e8d0d3818bb22abab1383786c4e10f17552f285a6e1b7e75e83d89402,326e5fc7a79807d067723a983c844a5c43fca9067391c2c50c50642cbc615043
32,135,3,cayley,128,5.17157287525381,5.206613415723618,0.00464765599463135,0.0069187949993647635,character_semidihedral_no_delete,6.217248937900877e-15,58f7237bc5af847fec61324a81e794d05bbc1ebdd74d9954ed5d07c7ec794811,346ae5289aa8af238439e5fd6efb9c9c165b93123990db43dbc3414788026ea7
32,135,4,cayley,128,5.17157287525381,5.206613415723618,0.004553567006951198,0.0069172660005278885,character_semidihedral_no_delete,6.217248937900877e-15,58f7237bc5af847fec61324a81e794d05bbc1ebdd74d9954ed5d07c7ec794811,346ae5289aa8af238439e5fd6efb9c9c165b93123990db43dbc3414788026ea7
32,140,0,cayley,128,5.17157287525381,5.322749522150703,0.004541406990028918,0.010874685001908801,character_semidihedral_no_delete,7.993605777301127e-15,48fe3553cdb683f941d3609c516ef8b48af9b995907f9de1598c5b54271f752f,467b68b82bbf071639b5472df5c3cdf3978557dffa6c2835144d02186d43c7e0
32,140,1,cayley,128,5.17157287525381,5.3227495221506995,0.004544068011455238,0.010847925004782155,character_semidihedral_no_delete,1.7763568394002505e-15,e6ef0a4d04512befdfdd712c677430a346337eebb537117bc8c2685d8974e37f,fa0d54eb1b5b3c75082423dfa7c28f368578a52af0fa914fabc5b0a03e45de2e
32,140,2,cayley,128,5.17157287525381,5.324869401462713,0.004529469006229192,0.010884816001635045,character_semidihedral_no_delete,7.993605777301127e-15,7234666e8d0d3818bb22abab1383786c4e10f17552f285a6e1b7e75e83d89402,cac8999753e92322bb3335b6bd2d8cdf4475096330d3eec331a323b205344415
32,140,3,cayley,128,5.17157287525381,5.387795005317026,0.004427034000400454,0.010826056997757405,character_semidihedral_no_delete,2.6645352591003757e-15,58f7237bc5af847fec61324a81e794d05bbc1ebdd74d9954ed5d07c7ec794811,fdd6418b998fd00942a082457748acd803407902cd0b45fe9b8dca8fe57f7998
32,140,4,cayley,128,5.17157287525381,5.387795005317026,0.004604265006491914,0.010875096995732747,character_semidihedral_no_delete,2.6645352591003757e-15,58f7237bc5af847fec61324a81e794d05bbc1ebdd74d9954ed5d07c7ec794811,fdd6418b998fd00942a082457748acd803407902cd0b45fe9b8dca8fe57f7998
32,144,0,cayley,144,6.0,5.9999999999999964,0.004700103992945515,0.0003430579963605851,character_semidihedral_no_delete,0.0,44947bcb115e97d47b12846e12f4690aaf0e8d29dead4494b22bfd1de60a783d,44947bcb115e97d47b12846e12f4690aaf0e8d29dead4494b22bfd1de60a783d
32,144,1,cayley,144,6.0,6.0,0.004674815994803794,0.00032841799838934094,character_semidihedral_no_delete,8.881784197001252e-16,795a7c9acfd6d8ecca62a2491c6198c342ba5a92191c6620ad0cefb3150b0b4f,795a7c9acfd6d8ecca62a2491c6198c342ba5a92191c6620ad0cefb3150b0b4f
32,144,2,cayley,144,6.0,5.999999999999993,0.004856005005422048,0.00034479500027373433,character_semidihedral_no_delete,2.6645352591003757e-15,971e5cd107e66a61954b6ca4b6077adfddab7b157035bd76b798d98c5ebecc81,971e5cd107e66a61954b6ca4b6077adfddab7b157035bd76b798d98c5ebecc81
32,144,3,cayley,144,6.0,5.9999999999999964,0.004748603998450562,0.00033729099959600717,character_semidihedral_no_delete,5.329070518200751e-15,6498e3b3b7d3f5e98d51eeea8b2b25ecf2ae2c02c67319a2b3d94696e463da94,6498e3b3b7d3f5e98d51eeea8b2b25ecf2ae2c02c67319a2b3d94696e463da94
32,144,4,cayley,144,6.0,5.999999999999995,0.004672023991588503,0.00034961399796884507,character_semidihedral_no_delete,1.7763568394002505e-15,fd1d2cb5148c601972ecc07250833dd1c77342cc0cd9a169f693ce96681c5ecd,fd1d2cb5148c601972ecc07250833dd1c77342cc0cd9a169f693ce96681c5ecd
32,149,0,cayley,144,6.0,6.000000000000005,0.004727895007818006,0.005324202997144312,character_semidihedral_no_delete,1.1546319456101628e-14,44947bcb115e97d47b12846e12f4690aaf0e8d29dead4494b22bfd1de60a783d,95d45e203663ce999cd4a40020e27dae0719c48edd90f6045edd225a4db99f94
32,149,1,cayley,144,6.0,6.124838809122117,0.004748007006128319,0.005309341009706259,character_semidihedral_no_delete,0.0,795a7c9acfd6d8ecca62a2491c6198c342ba5a92191c6620ad0cefb3150b0b4f,6a1d0ed6949286c1bca2b735b1a5112411b5c779659a7bb51c0fd4a9d6c1dea2
32,149,2,cayley,144,6.0,6.004439556313571,0.004795398999704048,0.005304909005644731,character_semidihedral_no_delete,8.881784197001252e-16,971e5cd107e66a61954b6ca4b6077adfddab7b157035bd76b798d98c5ebecc81,18adda1f193de77e59b22320899ddc7c340a0b0c47fc09aa3c81576c2ca06193
32,149,3,cayley,144,6.0,6.113307921092547,0.00492963899159804,0.005331338004907593,character_semidihedral_no_delete,4.440892098500626e-15,6498e3b3b7d3f5e98d51eeea8b2b25ecf2ae2c02c67319a2b3d94696e463da94,676bbec8b30a222f3d555020537e255866288a658772dc1b6f136b3a098386e3
32,149,4,cayley,144,6.0,5.999999999999998,0.004625282002962194,0.005326586004230194,character_semidihedral_no_delete,4.440892098500626e-15,fd1d2cb5148c601972ecc07250833dd1c77342cc0cd9a169f693ce96681c5ecd,5f0937edd1141c1d6988de08e50c8d3754d7053ba7b53c9cb6ecd531344caef7
32,154,0,cayley,144,6.0,6.092096447883527,0.004595204009092413,0.009272320996387862,character_semidihedral_no_delete,5.329070518200751e-15,44947bcb115e97d47b12846e12f4690aaf0e8d29dead4494b22bfd1de60a783d,893b1458bae76c32781b19f7768b838542b2d3670d473efa28d18bf495cfc78c
32,154,1,cayley,144,6.0,6.168533087391797,0.004798637004569173,0.009259723010472953,character_semidihedral_no_delete,1.7763568394002505e-15,795a7c9acfd6d8ecca62a2491c6198c342ba5a92191c6620ad0cefb3150b0b4f,0d0bb52265f131c1863ab831c7d0a0965ef35ed1e80bcdea80e9b20c4390efcc
32,154,2,cayley,144,6.0,6.149670022116812,0.004751984000904486,0.009285969994380139,character_semidihedral_no_delete,5.329070518200751e-15,971e5cd107e66a61954b6ca4b6077adfddab7b157035bd76b798d98c5ebecc81,9fedbff0d892b2c2a8b4ec9efaba19b731b6b3d1435e68ece8da5867371f4f4a
32,154,3,cayley,144,6.0,6.233988739616613,0.004714829992735758,0.009236737998435274,character_semidihedral_no_delete,0.0,6498e3b3b7d3f5e98d51eeea8b2b25ecf2ae2c02c67319a2b3d94696e463da94,e79568b960d5ca9b0c11ad394b85a80a2923ef6604b4d0e15d0be28cd4744acb
32,154,4,cayley,144,6.0,6.065074255189151,0.00485206900339108,0.009295664000092074,character_semidihedral_no_delete,1.7763568394002505e-15,fd1d2cb5148c601972ecc07250833dd1c77342cc0cd9a169f693ce96681c5ecd,577887221c5c37375b7b17f3957cb987b5a68e42a188407f2c937dde8325d8b7
32,158,0,cayley,144,6.0,6.186017263279188,0.004569254000671208,0.012416688012308441,character_semidihedral_no_delete,0.0,44947bcb115e97d47b12846e12f4690aaf0e8d29dead4494b22bfd1de60a783d,d2f64e2edcfd115e670c46104d295999b613d78751c4adde803e16abc59076ac
32,158,1,cayley,144,6.0,6.365744776931276,0.0047717790002934635,0.012422665997291915,character_semidihedral_no_delete,1.7763568394002505e-15,795a7c9acfd6d8ecca62a2491c6198c342ba5a92191c6620ad0cefb3150b0b4f,a33d831e739d6538a0f0a892719fb6e959b1fe7229a85524303db811d782f5d6
32,158,2,cayley,144,6.0,6.186017263279192,0.004894840007182211,0.01243200599856209,character_semidihedral_no_delete,2.6645352591003757e-15,971e5cd107e66a61954b6ca4b6077adfddab7b157035bd76b798d98c5ebecc81,b2bd785a7617ce65501d1ed11fca56394fe47583cfe226e686225f14da5711ea
32,158,3,cayley,144,6.0,6.3431601184363355,0.0046424750034930184,0.012399553990690038,character_semidihedral_no_delete,0.0,6498e3b3b7d3f5e98d51eeea8b2b25ecf2ae2c02c67319a2b3d94696e463da94,afa5fc621c18bd8f74d8fecbde75ae458a62b6d6c6cc8b62ccaaf59497cfbdfc
32,158,4,cayley,144,6.0,6.186121985245753,0.004796681008883752,0.01242976900539361,character_semidihedral_no_delete,4.440892098500626e-15,fd1d2cb5148c601972ecc07250833dd1c77342cc0cd9a169f693ce96681c5ecd,730f12796de2d3036319ee188f97fe93fa3d8d60237a7f6b441856a198135303
32,163,0,cayley,160,7.386874070247247,7.3868740702472415,0.004766983998706564,0.0037245230050757527,character_semidihedral_no_delete,3.552713678800501e-15,aaea125c4fd22c72d7299ceb60be0712655f7a69046f26bbbbb002a4679597a3,a69a3e51a756849e5bfb2902d38855e8c6e5d4762d9fc383b5e74687432ec540
32,163,1,cayley,160,7.386874070247247,7.386874070247243,0.004728639993118122,0.0037248959997668862,character_semidihedral_no_delete,8.881784197001252e-16,3d228ed5e090dcf4c1989d9778d7586bdc1895fd6a51e6052f15c5ee60f2ecdc,8de60effdfd32565b90ac196264bba8623e4a31a1ab3605060230c11af89b966
32,163,2,cayley,160,7.386874070247247,7.38687407024725,0.004935161006869748,0.0037333349901018664,character_semidihedral_no_delete,5.329070518200751e-15,cabc251ff4d8efee045750a3b33affa7361c3fddf23f8c590f4123557eca23b4,2b750ac189a703a39872c4ae97fafc78e1072efcb329eae35d091578b972e122
32,163,3,cayley,160,7.386874070247247,7.38687407024725,0.00485543800459709,0.003738301995326765,character_semidihedral_no_delete,8.881784197001252e-16,b1bce352d2b43c29073537f0ae4384f19a3e57c5c5016580bae4fb14d6f040a7,766f8cc65aaa098b0e71e6327af454183a3d3c0a7502900316525d324537552c
32,163,4,cayley,160,7.386874070247247,7.386874070247247,0.004786945995874703,0.003746161994058639,character_semidihedral_no_delete,1.7763568394002505e-15,689726ddf515770e69ab5451e0a57be5586b7367362b0550fb29b30412df6624,843ea3da153786021c75f1ebb99643e9385431e3cbc28bf36accb73d7dbe3f96
32,168,0,cayley,160,7.386874070247247,7.408662223143484,0.004901161999441683,0.007708707998972386,character_semidihedral_no_delete,4.440892098500626e-15,aaea125c4fd22c72d7299ceb60be0712655f7a69046f26bbbbb002a4679597a3,ec6266be9dbf0257df90db6e75f82efd762a63c0462baa77cb2f1fccb9c0b581
32,168,1,cayley,160,7.386874070247247,7.408662223143482,0.004782199001056142,0.007694443003856577,character_semidihedral_no_delete,2.6645352591003757e-15,3d228ed5e090dcf4c1989d9778d7586bdc1895fd6a51e6052f15c5ee60f2ecdc,b956e9d48ec60e9d6a6c4db118a4098f038f4a91f9a053bb0ae59980f6090cb3
32,168,2,cayley,160,7.386874070247247,7.411466489673156,0.004835411993553862,0.00770300900330767,character_semidihedral_no_delete,8.881784197001252e-16,cabc251ff4d8efee045750a3b33affa7361c3fddf23f8c590f4123557eca23b4,43ce60a99c2e3b2acb6ada332a0f33c2fce28661ce8f7a1ae911c68429a45923
32,168,3,cayley,160,7.386874070247247,7.408662223143478,0.005054210007074289,0.007685506992856972,character_semidihedral_no_delete,1.0658141036401503e-14,b1bce352d2b43c29073537f0ae4384f19a3e57c5c5016580bae4fb14d6f040a7,30b2a016d57e357c803189d8f1cf0365d8d6cbdc70cfbacfa56059722a901a72
32,168,4,cayley,160,7.386874070247247,7.408662223143482,0.004876639999565668,0.007701907001319341,character_semidihedral_no_delete,8.881784197001252e-16,689726ddf515770e69ab5451e0a57be5586b7367362b0550fb29b30412df6624,fe8114ef009640b2743ba5153e76d27bfac7c08f9996e1d2a543598d5b0a8154
32,172,0,cayley,160,7.386874070247247,7.438447187191169,0.0048254970024572685,0.010845717988559045,character_semidihedral_no_delete,2.6645352591003757e-15,aaea125c4fd22c72d7299ceb60be0712655f7a69046f26bbbbb002a4679597a3,1684f82e1485c55adcaeedc6faff0e2dc38268d6be81e492a74e40ab89955e89
32,172,1,cayley,160,7.386874070247247,7.438447187191173,0.00480379001237452,0.01086463499814272,character_semidihedral_no_delete,0.0,3d228ed5e090dcf4c1989d9778d7586bdc1895fd6a51e6052f15c5ee60f2ecdc,2f9eb73886d1f8944bb2383bd81e37b47e1178bd03c83d2554aa83ce6f137963
32,172,2,cayley,160,7.386874070247247,7.438447187191169,0.004873500001849607,0.01088113899459131,character_semidihedral_no_delete,2.6645352591003757e-15,cabc251ff4d8efee045750a3b33affa7361c3fddf23f8c590f4123557eca23b4,12e882b7105cad5c3bcc0acbebdf89cab9ccd343d1d6e46d2559492945b6a3cf
32,172,3,cayley,160,7.386874070247247,7.438447187191173,0.00483636099670548,0.01084090699441731,character_semidihedral_no_delete,1.2434497875801753e-14,b1bce352d2b43c29073537f0ae4384f19a3e57c5c5016580bae4fb14d6f040a7,dba6b6bbbfe7232a556c767fc75273260df0ad316a71c2ad50d54419908e56f1
32,172,4,cayley,160,7.386874070247247,7.438447187191173,0.004937354009598494,0.010884211995289661,character_semidihedral_no_delete,1.0658141036401503e-14,689726ddf515770e69ab5451e0a57be5586b7367362b0550fb29b30412df6624,da0b1cc72e65307a85766faff9f4751d9656c653a900015e8d91892d4f35cc16
32,177,0,cayley,176,8.202067348068187,8.202067348068187,0.004788389996974729,0.002138799987733364,character_semidihedral_no_delete,1.7763568394002505e-15,07bada84b3730108d9a8b45726555e1cd44ff3fbcef0932f78af9635869cc846,2ff5ef1bcdd63d4684ff3e1c413a9dbb75d877fcd002a2fc0667b92336a02216
32,177,1,cayley,176,8.202067348068187,8.202067348068187,0.004871333003393374,0.002148368992493488,character_semidihedral_no_delete,0.0,63e668ce4a8735ba1de74d10afd9f5596f562837d03db675565de722634f949b,8a2e4c6a6217ee10a3f21182cfd0500d1f517a67e4ff49fbc77d4681390f1111
32,177,2,cayley,176,8.202067348068187,8.202067348068189,0.0048423409898532555,0.0021388230088632554,character_semidihedral_no_delete,7.105427357601002e-15,d9587b77b72b7d6edaf7c6875522b4cba1851d24d2389812970c120db87e7c32,a34cf42fbd324e1bd3a951e0cfad6ed981f42926141dc5ec94755eb7b1a38364
32,177,3,cayley,176,8.202067348068187,8.202067348068185,0.004803290998097509,0.0021315579942893237,character_semidihedral_no_delete,0.0,3e011546e7e0d957c5f71f4a74840a6a21620e93dc3e969d2b76daa51f64e3c6,969bbc9ca6ec0e67d38c77d4531e7a867853b0505a7e88c51ad8f7f0af87f42a
32,177,4,cayley,176,8.202067348068187,8.202067348068187,0.004937383986543864,0.0021442330034915358,character_semidihedral_no_delete,3.552713678800501e-15,f06dd9d237ad08f84709f6a665b77a4e210499f7b4920fc5352c0276103802cd,e745b9cb4a6cf2fa37c894da9fb3fe68daf96dda200a912142335df16de24ffe
32,182,0,cayley,176,8.202067348068187,8.282978631931206,0.004813793988432735,0.006107793000410311,character_semidihedral_no_delete,5.329070518200751e-15,07bada84b3730108d9a8b45726555e1cd44ff3fbcef0932f78af9635869cc846,a530e7c9b4141d3a4bf2ad7f45115912a576841b47de1ff6ff7c25c2484d4e5d
32,182,1,cayley,176,8.202067348068187,8.282978631931206,0.004870095988735557,0.006092612005886622,character_semidihedral_no_delete,1.7763568394002505e-15,63e668ce4a8735ba1de74d10afd9f5596f562837d03db675565de722634f949b,2820842486484ddc04b69843a4099f32393c6a01ad541c48174f42590fc4a833
32,182,2,cayley,176,8.202067348068187,8.310468853234529,0.00504602599539794,0.006125255007646047,character_semidihedral_no_delete,7.105427357601002e-15,d9587b77b72b7d6edaf7c6875522b4cba1851d24d2389812970c120db87e7c32,b585b0210994fd58b55e52797acaa20c283cd716053381bfabeb73522d65f060
32,182,3,cayley,176,8.202067348068187,8.290587062638693,0.004716843002825044,0.006082263003918342,character_semidihedral_no_delete,5.329070518200751e-15,3e011546e7e0d957c5f71f4a74840a6a21620e93dc3e969d2b76daa51f64e3c6,4209046628a5ceef064339599478b36ba7c60937450bce1e5058570136feefac
32,182,4,cayley,176,8.202067348068187,8.282978631931204,0.004823914001462981,0.006103141000494361,character_semidihedral_no_delete,1.4210854715202004e-14,f06dd9d237ad08f84709f6a665b77a4e210499f7b4920fc5352c0276103802cd,e3d909713d8f26e3954203a1521d3a74353d6bcee98b96b9e8f6b7a731487bd1
32,186,0,cayley,176,8.202067348068187,8.436600836191799,0.0049374609952792525,0.009266030989238061,character_semidihedral_no_delete,1.7763568394002505e-15,07bada84b3730108d9a8b45726555e1cd44ff3fbcef0932f78af9635869cc846,cfc5c9ff4b35f793741007a69668d7fc7dd43eb2497ed18a1952abe63c8f470f
32,186,1,cayley,176,8.202067348068187,8.413254986235248,0.004715903996839188,0.009249666996765882,character_semidihedral_no_delete,1.4210854715202004e-14,63e668ce4a8735ba1de74d10afd9f5596f562837d03db675565de722634f949b,fc2c6403550ed85eaf8d2ec6c2da994645d75d61a6dda9e96ea2bf91aebd4487
32,186,2,cayley,176,8.202067348068187,8.395689404440269,0.004881754008238204,0.009273488991311751,character_semidihedral_no_delete,8.881784197001252e-15,d9587b77b72b7d6edaf7c6875522b4cba1851d24d2389812970c120db87e7c32,e6968c450654fbd873d8996145c1bed0ba81c5bbdcf39edce308968ee72aaca0
32,186,3,cayley,176,8.202067348068187,8.38497270266542,0.0049345440056640655,0.009237569000106305,character_semidihedral_no_delete,1.7763568394002505e-15,3e011546e7e0d957c5f71f4a74840a6a21620e93dc3e969d2b76daa51f64e3c6,1fc70891e684ef027300135dbc9d2fbbdbbd9c7333c812d9d9e1d1c65511684e
32,186,4,cayley,176,8.202067348068187,8.413254986235252,0.004803155999979936,0.00927507400047034,character_semidihedral_no_delete,3.552713678800501e-15,f06dd9d237ad08f84709f6a665b77a4e210499f7b4920fc5352c0276103802cd,d0292f49b4412cddef7ad1b7e7767c18a7a998ce641a1c4d8506a3a40d8f7332
32,191,0,cayley,176,8.202067348068187,8.58797232152807,0.004882691995589994,0.013204382004914805,character_semidihedral_no_delete,1.7763568394002505e-15,07bada84b3730108d9a8b45726555e1cd44ff3fbcef0932f78af9635869cc846,a31af2fde86d6ffc457043783ea038e16ac093af3830d018ee5c838de4b41039
32,191,1,cayley,176,8.202067348068187,8.536738896538441,0.0049902339960681275,0.013220559994806536,character_semidihedral_no_delete,8.881784197001252e-15,63e668ce4a8735ba1de74d10afd9f5596f562837d03db675565de722634f949b,c22bc0bebb4434d9500bceb58f4fbb57d41fe11ea38b71f1af065dbe926b735f
32,191,2,cayley,176,8.202067348068187,8.474333033219173,0.004900997009826824,0.013229397998657078,character_semidihedral_no_delete,0.0,d9587b77b72b7d6edaf7c6875522b4cba1851d24d2389812970c120db87e7c32,a38f7778d499f7bde9280ac9eef14cba73947df68f80694fdfecab63ad888c6b
32,191,3,cayley,176,8.202067348068187,8.549324480285028,0.004837448999751359,0.013194051003665663,character_semidihedral_no_delete,0.0,3e011546e7e0d957c5f71f4a74840a6a21620e93dc3e969d2b76daa51f64e3c6,938569bee32198c8a617dbe1fb33d4a334e7bc61b69131e4671cb811d9834683
32,191,4,cayley,176,8.202067348068187,8.572103083779322,0.005006236009649001,0.013209142998675816,character_semidihedral_no_delete,0.0,f06dd9d237ad08f84709f6a665b77a4e210499f7b4920fc5352c0276103802cd,c7d6b43e0a88ecef8d4662d8c5f7095072f2d1d7ab35fbeb83a05edd68739b33
32,196,0,cayley,192,9.550510257216821,9.550510257216825,0.004847819000133313,0.00453188200481236,character_semidihedral_no_delete,5.329070518200751e-15,18199b7d04b84ca4f0b4bfcb618e2019a88da0b7fa42db876eee04e13ac4a304,c283b25462b708bf177dabb2c68c85a3c879007bc3a2d24bfa8488536c2a377c
32,196,1,cayley,192,9.550510257216821,9.57884047059202,0.004907974987872876,0.004505939010414295,character_semidihedral_no_delete,3.552713678800501e-15,f95e936f72360666d04c45db68c697fbb058d22ea42e01a2c352680c7d1e8b59,3222674e11eec951ef18b3bdb30713d98bdf31df607897f407b31ada35451b1d
32,196,2,cayley,192,9.550510257216821,9.550510257216821,0.004871661993092857,0.004536057997029275,character_semidihedral_no_delete,1.0658141036401503e-14,143165afbffcc617b1bec5ce521816d20c17722c50decf94b20fbfa620cb5161,eff405490816c114e04f3a4e61942d38f9b5be7a3539284621a32e5a6f8c0c18
32,196,3,cayley,192,9.550510257216821,9.550510257216818,0.00495899400266353,0.004521322000073269,character_semidihedral_no_delete,7.105427357601002e-15,6ae53cc1d8b8618e8fe80a3c3c2426e8107fdbcb3a0845f97e35c310ecb4326e,432f63a326fb6436e14a7cdc6fe04cfbda085e2585e675603bbfdfe276aa1dbc
32,196,4,cayley,192,9.550510257216821,9.578840470592018,0.004900308005744591,0.00452785000379663,character_semidihedral_no_delete,1.7763568394002505e-15,73c9420851b1559ecc695d2f272576ffbf642c71df37a023bf80086d9e530d54,169f252075f9fcb628b5743e0a833817eb2e4901797e15c1397264cffd2c8119
32,200,0,cayley,192,9.550510257216821,9.636982607634394,0.00472788600018248,0.007696058004512452,character_semidihedral_no_delete,1.7763568394002505e-15,18199b7d04b84ca4f0b4bfcb618e2019a88da0b7fa42db876eee04e13ac4a304,0f58352bd13862a67ddbfae2e38a8713f0d6f810a77c0ee8e2538141f8f7f675
32,200,1,cayley,192,9.550510257216821,9.636982607634396,0.004919601007713936,0.007697913999436423,character_semidihedral_no_delete,0.0,f95e936f72360666d04c45db68c697fbb058d22ea42e01a2c352680c7d1e8b59,d96aaf6801fff197534cf167a68d53ab388b6735f386fd61c0ae7e933a2b191a
32,200,2,cayley,192,9.550510257216821,9.661631384472745,0.0048222440091194585,0.007688140001846477,character_semidihedral_no_delete,1.0658141036401503e-14,143165afbffcc617b1bec5ce521816d20c17722c50decf94b20fbfa620cb5161,fab2a6892f7e4397ca608392b01425534d47f466d15e86ece4a260b9e6f526f1
32,200,3,cayley,192,9.550510257216821,9.550510257216814,0.004923635002342053,0.007679703994654119,character_semidihedral_no_delete,1.4210854715202004e-14,6ae53cc1d8b8618e8fe80a3c3c2426e8107fdbcb3a0845f97e35c310ecb4326e,d9fd4a8ae6ebf00914b80e2c95cb2452e2bef8a160648c56ad3e6ca14caa6bc2
32,200,4,cayley,192,9.550510257216821,9.636982607634394,0.005004575999919325,0.0077095049928175285,character_semidihedral_no_delete,5.329070518200751e-15,73c9420851b1559ecc695d2f272576ffbf642c71df37a023bf80086d9e530d54,c3743a925c7427329b7acdd02ff00391b91eef2c4656934d23633be8feebe58a
32,205,0,cayley,192,9.550510257216821,9.723663949055375,0.0047439089976251125,0.011644520011032,character_semidihedral_no_delete,1.7763568394002505e-15,18199b7d04b84ca4f0b4bfcb618e2019a88da0b7fa42db876eee04e13ac4a304,9432fe7b56cf2b11cfff1f450c74ca9751c036b73bd0c362ece94b4361ecc73d
32,205,1,cayley,192,9.550510257216821,9.704698347429904,0.004809258010936901,0.011631613000645302,character_semidihedral_no_delete,5.329070518200751e-15,f95e936f72360666d04c45db68c697fbb058d22ea42e01a2c352680c7d1e8b59,670b3eeb266b467ac16437abb608fc661e7e7ed5a0f98832e9cb85b69862736c
32,205,2,cayley,192,9.550510257216821,9.704698347429908,0.004935723001835868,0.011620620003668591,character_semidihedral_no_delete,1.7763568394002505e-15,143165afbffcc617b1bec5ce521816d20c17722c50decf94b20fbfa620cb5161,0059673bab5914cc828ca549406e3e4858192ef4734affeec6466911cfa473dc
32,205,3,cayley,192,9.550510257216821,9.617900746565038,0.004885473012109287,0.011641026008874178,character_semidihedral_no_delete,1.7763568394002505e-15,6ae53cc1d8b8618e8fe80a3c3c2426e8107fdbcb3a0845f97e35c310ecb4326e,f872fe098f6e34ffaf4f9fd267398446e0a75758b79e4025097579319313e8bb
32,205,4,cayley,192,9.550510257216821,9.723663949055375,0.004860034008743241,0.011639315009233542,character_semidihedral_no_delete,8.881784197001252e-15,73c9420851b1559ecc695d2f272576ffbf642c71df37a023bf80086d9e530d54,54adf4d75bad1ccdab18061da2dde6468f6c1c5f9913dabbed65f98a7cccf8b2
32,210,0,cayley,208,10.202067348068187,10.216698570642949,0.004529641009867191,0.0029350249969866127,character_semidihedral_no_delete,5.329070518200751e-15,72a99d5ee3317b55b4bc7c8d80945f52314bc1358c9ceec3f37e0480801ae3d0,2be3714023b3e744bcfefdccca3d6433aed1cd3a10ed0ced57d039112677a9b7
32,210,1,cayley,208,10.202067348068187,10.20745782598344,0.004668528999900445,0.0029568089958047494,character_semidihedral_no_delete,0.0,1401343983e33563c70a710384d2c61e56cdd93162a8e4dbed1f76f2a640eece,70250f5e7a09cf12b56d51d3131966ca1029e3a02499dca74794c436a1984f58
32,210,2,cayley,208,10.202067348068187,10.223483112747303,0.0045404370030155405,0.002927400986663997,character_semidihedral_no_delete,1.7763568394002505e-15,4f0d88bc2a47c270e912e37a2a268bb6f5726577a2c3f7f579a961814fe9bcc7,32e2da73a00508248b8322263807a4b8125968b9fe1c6dc6d667287f1d5dae55
32,210,3,cayley,208,10.202067348068187,10.20745782598344,0.004622468011802994,0.002913504999014549,character_semidihedral_no_delete,1.7763568394002505e-15,b787dc379f906129464143033bb210fc6dbaa9e488a9cb6bf76fcf2f9f727a27,3716eb749b9cb858c5db53412ee25bcb0ae3cca0d411c7aa9a9a1d6b78e22044
32,210,4,cayley,208,10.202067348068187,10.223483112747303,0.0047949119907571,0.0029317300068214536,character_semidihedral_no_delete,1.7763568394002505e-15,4f0d88bc2a47c270e912e37a2a268bb6f5726577a2c3f7f579a961814fe9bcc7,32e2da73a00508248b8322263807a4b8125968b9fe1c6dc6d667287f1d5dae55
32,214,0,cayley,208,10.202067348068187,10.344234057663655,0.004622107007890008,0.006093222997151315,character_semidihedral_no_delete,0.0,72a99d5ee3317b55b4bc7c8d80945f52314bc1358c9ceec3f37e0480801ae3d0,32c017e930b0e88b1a2fa579ca09b44c41bfb4af48ba0a78244a8fd8764d190c
32,214,1,cayley,208,10.202067348068187,10.278164691177329,0.004548001001239754,0.006091221002861857,character_semidihedral_no_delete,1.2434497875801753e-14,1401343983e33563c70a710384d2c61e56cdd93162a8e4dbed1f76f2a640eece,3a1a88ae4348da9574d7895ecc9c0d719e20e2af644ad5c75c0d446f08af0a30
32,214,2,cayley,208,10.202067348068187,10.296110278018666,0.004599456995492801,0.0060862620011903346,character_semidihedral_no_delete,3.552713678800501e-15,4f0d88bc2a47c270e912e37a2a268bb6f5726577a2c3f7f579a961814fe9bcc7,c868e15d19c701f10be4d2c0eeef6dd462a91da8590b6a5496b2f9609a0cf95a
32,214,3,cayley,208,10.202067348068187,10.278164691177333,0.004512473999056965,0.006089694012189284,character_semidihedral_no_delete,8.881784197001252e-15,b787dc379f906129464143033bb210fc6dbaa9e488a9cb6bf76fcf2f9f727a27,3d33b59a9da82068adc3eb5b7d106aba0884916c2267d83f4be12466a551acc2
32,214,4,cayley,208,10.202067348068187,10.296110278018666,0.004684478000854142,0.006098922996898182,character_semidihedral_no_delete,3.552713678800501e-15,4f0d88bc2a47c270e912e37a2a268bb6f5726577a2c3f7f579a961814fe9bcc7,c868e15d19c701f10be4d2c0eeef6dd462a91da8590b6a5496b2f9609a0cf95a
32,219,0,cayley,208,10.202067348068187,10.451133418310816,0.004445219004992396,0.01004452898632735,character_semidihedral_no_delete,1.7763568394002505e-15,72a99d5ee3317b55b4bc7c8d80945f52314bc1358c9ceec3f37e0480801ae3d0,9b7f8e84eb87f3e84e8074974335d58923e51d41f8fb696f9ee136be955f90b4
32,219,1,cayley,208,10.202067348068187,10.368762379063746,0.004596684011630714,0.010052747995359823,character_semidihedral_no_delete,7.105427357601002e-15,1401343983e33563c70a710384d2c61e56cdd93162a8e4dbed1f76f2a640eece,0beb94ce6ffdbcc8ef4f701e3a4b511ccf114d93939ca57e2c42b5a84a578b7c
32,219,2,cayley,208,10.202067348068187,10.48624017796566,0.0044618520041694865,0.010022540998761542,character_semidihedral_no_delete,5.329070518200751e-15,4f0d88bc2a47c270e912e37a2a268bb6f5726577a2c3f7f579a961814fe9bcc7,0accd74954a466154371d5965edd240bd9fe56002cc71efa97d9406e8518dda5
32,219,3,cayley,208,10.202067348068187,10.523130178393544,0.004525310010649264,0.01003259199205786,character_semidihedral_no_delete,8.881784197001252e-15,b787dc379f906129464143033bb210fc6dbaa9e488a9cb6bf76fcf2f9f727a27,4b7e53907065a4e6ff2eca3755850249f1f637fa92f423a92806cc876fee766b
32,219,4,cayley,208,10.202067348068187,10.48624017796566,0.004617504004272632,0.010025408992078155,character_semidihedral_no_delete,5.329070518200751e-15,4f0d88bc2a47c270e912e37a2a268bb6f5726577a2c3f7f579a961814fe9bcc7,0accd74954a466154371d5965edd240bd9fe56002cc71efa97d9406e8518dda5
32,224,0,cayley,224,12.0,12.000000000000004,0.004530311998678371,0.0003289900050731376,character_semidihedral_no_delete,3.552713678800501e-15,ed887867ec2d68e446123f49749160573fad1e853bbd1bc4d3ab15df85a5384b,ed887867ec2d68e446123f49749160573fad1e853bbd1bc4d3ab15df85a5384b
32,224,1,cayley,224,12.0,11.999999999999995,0.004521918992395513,0.00033569999504834414,character_semidihedral_no_delete,7.105427357601002e-15,e3a5bb5f10818f7e2f42942ea009a1a7f3cc6e049dfd1dfdb8d693193fc910db,e3a5bb5f10818f7e2f42942ea009a1a7f3cc6e049dfd1dfdb8d693193fc910db
32,224,2,cayley,224,12.0,11.999999999999998,0.004603449997375719,0.00033754399919416755,character_semidihedral_no_delete,0.0,ac63f7c423afc13d88c09923d1f331ac4f037c14352bc507114190e0596631b5,ac63f7c423afc13d88c09923d1f331ac4f037c14352bc507114190e0596631b5
32,224,3,cayley,224,12.0,11.999999999999998,0.004537375993095338,0.0003459919971646741,character_semidihedral_no_delete,0.0,ac63f7c423afc13d88c09923d1f331ac4f037c14352bc507114190e0596631b5,ac63f7c423afc13d88c09923d1f331ac4f037c14352bc507114190e0596631b5
32,224,4,cayley,224,12.0,11.999999999999991,0.0045189340016804636,0.0003430479991948232,character_semidihedral_no_delete,0.0,835c5020cb0ab2b7b244bf8be7135fd2f75615d164ba6cf91c8fcb4241cea9b1,835c5020cb0ab2b7b244bf8be7135fd2f75615d164ba6cf91c8fcb4241cea9b1
32,228,0,cayley,224,12.0,12.041477483758516,0.004566752992104739,0.004488054997636937,character_semidihedral_no_delete,7.105427357601002e-15,ed887867ec2d68e446123f49749160573fad1e853bbd1bc4d3ab15df85a5384b,6523c634c01818d2dc0212b0093c076812d9ca3caaf41e4b87cf0ccca1459322
32,228,1,cayley,224,12.0,11.999999999999993,0.004551901001832448,0.004509259000769816,character_semidihedral_no_delete,3.552713678800501e-15,e3a5bb5f10818f7e2f42942ea009a1a7f3cc6e049dfd1dfdb8d693193fc910db,8823a0f7a23cb6f97aab26c5bde01782968745e85bad3a65c064f6c4549d10f5
32,228,2,cayley,224,12.0,12.0,0.00453804200515151,0.004507235003984533,character_semidihedral_no_delete,3.552713678800501e-15,ac63f7c423afc13d88c09923d1f331ac4f037c14352bc507114190e0596631b5,e374f4cc142af9d8ae63478f64da69b7f1bfa7690c0b00d2172a76fca6f71093
32,228,3,cayley,224,12.0,12.0,0.0045508820039685816,0.004499112998018973,character_semidihedral_no_delete,3.552713678800501e-15,ac63f7c423afc13d88c09923d1f331ac4f037c14352bc507114190e0596631b5,e374f4cc142af9d8ae63478f64da69b7f1bfa7690c0b00d2172a76fca6f71093
32,228,4,cayley,224,12.0,12.0,0.0045787520066369325,0.004508832993451506,character_semidihedral_no_delete,0.0,835c5020cb0ab2b7b244bf8be7135fd2f75615d164ba6cf91c8fcb4241cea9b1,dd99ac0114d2964b06fafe71a7892cc507a4931a932e61f971ce028fec0e5661
32,233,0,cayley,224,12.0,12.058116365147892,0.004648791000363417,0.008418173994868994,character_semidihedral_no_delete,1.7763568394002505e-15,ed887867ec2d68e446123f49749160573fad1e853bbd1bc4d3ab15df85a5384b,60235d6650d6a34de1b16539d81bf662e6957a23bb9d7e2b13291a5524d9b2e2
32,233,1,cayley,224,12.0,11.999999999999986,0.004439608004759066,0.00845098600257188,character_semidihedral_no_delete,1.2434497875801753e-14,e3a5bb5f10818f7e2f42942ea009a1a7f3cc6e049dfd1dfdb8d693193fc910db,359c3b7a0d33c034bacbd4ec523330e15808d64e609294be7d18c400182a6968
32,233,2,cayley,224,12.0,12.168729083878134,0.004555566003546119,0.008411060000071302,character_semidihedral_no_delete,7.105427357601002e-15,ac63f7c423afc13d88c09923d1f331ac4f037c14352bc507114190e0596631b5,07bab23d2876e7164f538923cfa72995d97f916b95c7a3c170cb262870493a64
32,233,3,cayley,224,12.0,12.168729083878134,0.004652991992770694,0.008449280998320319,character_semidihedral_no_delete,7.105427357601002e-15,ac63f7c423afc13d88c09923d1f331ac4f037c14352bc507114190e0596631b5,07bab23d2876e7164f538923cfa72995d97f916b95c7a3c170cb262870493a64
32,233,4,cayley,224,12.0,12.168729083878144,0.004564200004097074,0.00842294299218338,character_semidihedral_no_delete,5.329070518200751e-15,835c5020cb0ab2b7b244bf8be7135fd2f75615d164ba6cf91c8fcb4241cea9b1,c21fb4c63aa61fa058a0c442e2fe8a5be402fe08db62e365df4e46f1d8285e94
32,238,0,cayley,224,12.0,12.083633857935617,0.004533874001936056,0.01241629000287503,character_semidihedral_no_delete,0.0,ed887867ec2d68e446123f49749160573fad1e853bbd1bc4d3ab15df85a5384b,c7c58e59cc68ee1963fbf9f2cdb8ad6be29b04ba9174fbffaac0ad3856bc934d
32,238,1,cayley,224,12.0,11.999999999999993,0.004560437999316491,0.01237629800743889,character_semidihedral_no_delete,8.881784197001252e-15,e3a5bb5f10818f7e2f42942ea009a1a7f3cc6e049dfd1dfdb8d693193fc910db,3f38625544e7f7a58ef775ae0c65d896f3b70e454f28884be406cfa2a3b5fd8a
32,238,2,cayley,224,12.0,12.220755110451726,0.004904982008156367,0.012389245006488636,character_semidihedral_no_delete,5.329070518200751e-15,ac63f7c423afc13d88c09923d1f331ac4f037c14352bc507114190e0596631b5,cb04c46d7928a4acd406f978d45de578eac9f139b89289afec063edecd588660
32,238,3,cayley,224,12.0,12.220755110451726,0.004533550003543496,0.012325243995292112,character_semidihedral_no_delete,5.329070518200751e-15,ac63f7c423afc13d88c09923d1f331ac4f037c14352bc507114190e0596631b5,cb04c46d7928a4acd406f978d45de578eac9f139b89289afec063edecd588660
32,238,4,cayley,224,12.0,12.220755110451737,0.004569419994368218,0.012350050994427875,character_semidihedral_no_delete,1.7763568394002505e-15,835c5020cb0ab2b7b244bf8be7135fd2f75615d164ba6cf91c8fcb4241cea9b1,0fb1d49c226945222c1e425c69fda570662d651d61693fb2c9a62cc69263d454
32,242,0,cayley,240,14.0,13.99999999999999,0.004627324000466615,0.0029248490027384833,character_semidihedral_no_delete,7.105427357601002e-15,6454bb870dc19c3f8fe0b47732c628e1add1d74cef470477b7c029ea9adce1e4,7786b9410fdd1cb9c12ffc41d59c4aaca441fd92605504a506d1f62be1ad2188
32,242,1,cayley,240,14.0,13.999999999999993,0.0044596710067708045,0.0029079040104988962,character_semidihedral_no_delete,1.0658141036401503e-14,7591a6e52bc329f40c089d3bbeec41a075d7d333a483f11cda43f775f21bfe99,a894c144035e25c2501c509bf94e991be3e44accf376c26d262e7cfe7852356f
32,242,2,cayley,240,14.0,13.999999999999982,0.004609131996403448,0.002919969003414735,character_semidihedral_no_delete,1.7763568394002505e-15,b81a17e0e763d292337406f64c8f2ab1f49c4421402c1cb17d234eb508ec6d35,d735ff73e9814a1e24793e6d802edf7037e39d136f0d147b9b1a2a796525ba7d
32,242,3,cayley,240,14.0,13.999999999999993,0.004585005997796543,0.002901300002122298,character_semidihedral_no_delete,1.0658141036401503e-14,7591a6e52bc329f40c089d3bbeec41a075d7d333a483f11cda43f775f21bfe99,a894c144035e25c2501c509bf94e991be3e44accf376c26d262e7cfe7852356f
32,242,4,cayley,240,14.0,13.999999999999982,0.004593445992213674,0.0029483130056178197,character_semidihedral_no_delete,0.0,e47706d3c22986d882b3c383617a2e8a212038043ce667de649c1a4c0fa0b751,b97770af8ba479d19ef1c01a467606934ceda7e66860ca7f3c740481a880be7a
32,247,0,cayley,240,14.0,13.99999999999999,0.004474963003303856,0.006853835002402775,character_semidihedral_no_delete,5.329070518200751e-15,6454bb870dc19c3f8fe0b47732c628e1add1d74cef470477b7c029ea9adce1e4,b15f2a0b7dc9787a07f262df0da5fb70301f7d9a3c81fdd60b6aaed0ee49a960
32,247,1,cayley,240,14.0,13.99999999999999,0.004615037993062288,0.006864820999908261,character_semidihedral_no_delete,0.0,7591a6e52bc329f40c089d3bbeec41a075d7d333a483f11cda43f775f21bfe99,0faeb8313c1ecca2b1ff8e09d8a40ef467417f9fe868f6d7de4b8a9e92794e48
32,247,2,cayley,240,14.0,13.999999999999996,0.004577168001560494,0.006842802002211101,character_semidihedral_no_delete,1.2434497875801753e-14,b81a17e0e763d292337406f64c8f2ab1f49c4421402c1cb17d234eb508ec6d35,824dd99b6e382bbfb8d37f9647e531bcba339fce4315a6bd614ced0a57157179
32,247,3,cayley,240,14.0,13.99999999999999,0.0045748099946649745,0.006854712002677843,character_semidihedral_no_delete,0.0,7591a6e52bc329f40c089d3bbeec41a075d7d333a483f11cda43f775f21bfe99,0faeb8313c1ecca2b1ff8e09d8a40ef467417f9fe868f6d7de4b8a9e92794e48
32,247,4,cayley,240,14.0,13.999999999999986,0.004632352996850386,0.006838721994427033,character_semidihedral_no_delete,3.552713678800501e-15,e47706d3c22986d882b3c383617a2e8a212038043ce667de649c1a4c0fa0b751,83bc24d562e5fa7f8a27b2cefb374d3ade7848f4f0f0dad5411a9e812c7f412c
32,252,0,cayley,240,14.0,13.999999999999991,0.0045693299907725304,0.01080278999870643,character_semidihedral_no_delete,1.7763568394002505e-15,6454bb870dc19c3f8fe0b47732c628e1add1d74cef470477b7c029ea9adce1e4,750e87fdd2e785788649a3d3c77caab3cc3659dca01a4f6e738655b8d4b0bbbb
32,252,1,cayley,240,14.0,13.999999999999991,0.004594847996486351,0.01075101998867467,character_semidihedral_no_delete,0.0,7591a6e52bc329f40c089d3bbeec41a075d7d333a483f11cda43f775f21bfe99,7f2d3ccc5306e22d0e979587528bbdf5026da71354d63f90322d0066d0dbd11a
32,252,2,cayley,240,14.0,13.999999999999991,0.00451564000104554,0.010794428992085159,character_semidihedral_no_delete,1.7763568394002505e-15,b81a17e0e763d292337406f64c8f2ab1f49c4421402c1cb17d234eb508ec6d35,a37076e66d510607ebd9f6345b3b3c68444bc2d6eae8cc3ee944ba5a7e893c18
32,252,3,cayley,240,14.0,13.999999999999991,0.00455671499366872,0.010759094002423808,character_semidihedral_no_delete,0.0,7591a6e52bc329f40c089d3bbeec41a075d7d333a483f11cda43f775f21bfe99,7f2d3ccc5306e22d0e979587528bbdf5026da71354d63f90322d0066d0dbd11a
32,252,4,cayley,240,14.0,13.999999999999996,0.004612816002918407,0.010788161001983099,character_semidihedral_no_delete,1.7763568394002505e-15,e47706d3c22986d882b3c383617a2e8a212038043ce667de649c1a4c0fa0b751,c5b4f3be35d20f8fb893547b60c77cb7ab0691d889e8d431dc27e4a5bd4113a5
32,256,0,cayley,256,16.0,15.99999999999999,0.0046904420014470816,0.000324945998727344,character_semidihedral_no_delete,2.4868995751603507e-14,ea6cf7c22f8a85609689b74d81a766d4b7979c7a505096e03b904d801dd34c4d,ea6cf7c22f8a85609689b74d81a766d4b7979c7a505096e03b904d801dd34c4d
32,256,1,cayley,256,16.0,15.99999999999999,0.004693762006354518,0.00032952800393104553,character_semidihedral_no_delete,2.4868995751603507e-14,ea6cf7c22f8a85609689b74d81a766d4b7979c7a505096e03b904d801dd34c4d,ea6cf7c22f8a85609689b74d81a766d4b7979c7a505096e03b904d801dd34c4d
32,256,2,cayley,256,16.0,15.99999999999999,0.004678780009271577,0.00033117999555543065,character_semidihedral_no_delete,2.4868995751603507e-14,ea6cf7c22f8a85609689b74d81a766d4b7979c7a505096e03b904d801dd34c4d,ea6cf7c22f8a85609689b74d81a766d4b7979c7a505096e03b904d801dd34c4d
32,256,3,cayley,256,16.0,15.99999999999999,0.0046632150042569265,0.00032073100737761706,character_semidihedral_no_delete,2.4868995751603507e-14,ea6cf7c22f8a85609689b74d81a766d4b7979c7a505096e03b904d801dd34c4d,ea6cf7c22f8a85609689b74d81a766d4b7979c7a505096e03b904d801dd34c4d
32,256,4,cayley,256,16.0,15.99999999999999,0.004699639001046307,0.0003236600023228675,character_semidihedral_no_delete,2.4868995751603507e-14,ea6cf7c22f8a85609689b74d81a766d4b7979c7a505096e03b904d801dd34c4d,ea6cf7c22f8a85609689b74d81a766d4b7979c7a505096e03b904d801dd34c4d
32,261,0,cayley,256,16.0,15.999999999999982,0.004694808987551369,0.005230823007877916,character_semidihedral_no_delete,1.5987211554602254e-14,ea6cf7c22f8a85609689b74d81a766d4b7979c7a505096e03b904d801dd34c4d,c5d3762ac728e2e35188b6aef1f601ff57636467742aac19f7af4bbff7986abe
32,261,1,cayley,256,16.0,15.999999999999982,0.004769867999129929,0.005231536997598596,character_semidihedral_no_delete,1.5987211554602254e-14,ea6cf7c22f8a85609689b74d81a766d4b7979c7a505096e03b904d801dd34c4d,c5d3762ac728e2e35188b6aef1f601ff57636467742aac19f7af4bbff7986abe
32,261,2,cayley,256,16.0,15.999999999999982,0.004570864999550395,0.005210899005760439,character_semidihedral_no_delete,1.5987211554602254e-14,ea6cf7c22f8a85609689b74d81a766d4b7979c7a505096e03b904d801dd34c4d,c5d3762ac728e2e35188b6aef1f601ff57636467742aac19f7af4bbff7986abe
32,261,3,cayley,256,16.0,15.999999999999982,0.0050022900104522705,0.005248767003649846,character_semidihedral_no_delete,1.5987211554602254e-14,ea6cf7c22f8a85609689b74d81a766d4b7979c7a505096e03b904d801dd34c4d,c5d3762ac728e2e35188b6aef1f601ff57636467742aac19f7af4bbff7986abe
32,261,4,cayley,256,16.0,15.999999999999982,0.004548757991869934,0.005223606000072323,character_semidihedral_no_delete,1.5987211554602254e-14,ea6cf7c22f8a85609689b74d81a766d4b7979c7a505096e03b904d801dd34c4d,c5d3762ac728e2e35188b6aef1f601ff57636467742aac19f7af4bbff7986abe
32,266,0,cayley,256,16.0,15.999999999999986,0.020200276994728483,0.009172477992251515,character_semidihedral_no_delete,7.105427357601002e-15,ea6cf7c22f8a85609689b74d81a766d4b7979c7a505096e03b904d801dd34c4d,711b3db9bb08664c808d4a5106839d3e9da48a66f55133ce99ba1083785fdb40
32,266,0,envelope,256,16.0,15.999999999999986,0.000423163000959903,0.009128089994192123,envelope_formula,7.105427357601002e-15,ea6cf7c22f8a85609689b74d81a766d4b7979c7a505096e03b904d801dd34c4d,711b3db9bb08664c808d4a5106839d3e9da48a66f55133ce99ba1083785fdb40
32,266,1,cayley,256,16.0,15.999999999999986,0.020124422997469082,0.00916791200870648,character_semidihedral_no_delete,7.105427357601002e-15,ea6cf7c22f8a85609689b74d81a766d4b7979c7a505096e03b904d801dd34c4d,711b3db9bb08664c808d4a5106839d3e9da48a66f55133ce99ba1083785fdb40
32,266,1,envelope,256,16.0,15.999999999999986,0.00042874198697973043,0.009121869006776251,envelope_formula,7.105427357601002e-15,ea6cf7c22f8a85609689b74d81a766d4b7979c7a505096e03b904d801dd34c4d,711b3db9bb08664c808d4a5106839d3e9da48a66f55133ce99ba1083785fdb40
32,266,2,cayley,256,16.0,15.999999999999986,0.02042972900380846,0.009160502988379449,character_semidihedral_no_delete,7.105427357601002e-15,ea6cf7c22f8a85609689b74d81a766d4b7979c7a505096e03b904d801dd34c4d,711b3db9bb08664c808d4a5106839d3e9da48a66f55133ce99ba1083785fdb40
32,266,2,envelope,256,16.0,15.999999999999986,0.0004305969923734665,0.009121930997935124,envelope_formula,7.105427357601002e-15,ea6cf7c22f8a85609689b74d81a766d4b7979c7a505096e03b904d801dd34c4d,711b3db9bb08664c808d4a5106839d3e9da48a66f55133ce99ba1083785fdb40
32,266,3,cayley,256,16.0,15.999999999999986,0.019911983006750233,0.009125376003794372,character_semidihedral_no_delete,7.105427357601002e-15,ea6cf7c22f8a85609689b74d81a766d4b7979c7a505096e03b904d801dd34c4d,711b3db9bb08664c808d4a5106839d3e9da48a66f55133ce99ba1083785fdb40
32,266,3,envelope,256,16.0,15.999999999999986,0.0004180469986749813,0.009111173989367671,envelope_formula,7.105427357601002e-15,ea6cf7c22f8a85609689b74d81a766d4b7979c7a505096e03b904d801dd34c4d,711b3db9bb08664c808d4a5106839d3e9da48a66f55133ce99ba1083785fdb40
32,266,4,cayley,256,16.0,15.999999999999986,0.019794723004451953,0.009162998001556844,character_semidihedral_no_delete,7.105427357601002e-15,ea6cf7c22f8a85609689b74d81a766d4b7979c7a505096e03b904d801dd34c4d,711b3db9bb08664c808d4a5106839d3e9da48a66f55133ce99ba1083785fdb40
32,266,4,envelope,256,16.0,15.999999999999986,0.0004250549973221496,0.00911912799347192,envelope_formula,7.105427357601002e-15,ea6cf7c22f8a85609689b74d81a766d4b7979c7a505096e03b904d801dd34c4d,711b3db9bb08664c808d4a5106839d3e9da48a66f55133ce99ba1083785fdb40
32,271,0,cayley,256,16.0,15.999999999999991,0.020442159002413973,0.01308806799352169,character_semidihedral_no_delete,1.4210854715202004e-14,ea6cf7c22f8a85609689b74d81a766d4b7979c7a505096e03b904d801dd34c4d,91f8016990534bfd84f4d84969e6e9be08e630134fa7068b781941ed9f1fea7a
32,271,0,envelope,256,16.0,15.999999999999991,0.00041477399645373225,0.013025264997850172,envelope_formula,1.4210854715202004e-14,ea6cf7c22f8a85609689b74d81a766d4b7979c7a505096e03b904d801dd34c4d,91f8016990534bfd84f4d84969e6e9be08e630134fa7068b781941ed9f1fea7a
32,271,1,cayley,256,16.0,15.999999999999991,0.020311165004386567,0.013057413991191424,character_semidihedral_no_delete,1.4210854715202004e-14,ea6cf7c22f8a85609689b74d81a766d4b7979c7a505096e03b904d801dd34c4d,91f8016990534bfd84f4d84969e6e9be08e630134fa7068b781941ed9f1fea7a
32,271,1,envelope,256,16.0,15.999999999999991,0.0004145179991610348,0.01303492599981837,envelope_formula,1.4210854715202004e-14,ea6cf7c22f8a85609689b74d81a766d4b7979c7a505096e03b904d801dd34c4d,91f8016990534bfd84f4d84969e6e9be08e630134fa7068b781941ed9f1fea7a
32,271,2,cayley,256,16.0,15.999999999999991,0.020061092000105418,0.01308109299861826,character_semidihedral_no_delete,1.4210854715202004e-14,ea6cf7c22f8a85609689b74d81a766d4b7979c7a505096e03b904d801dd34c4d,91f8016990534bfd84f4d84969e6e9be08e630134fa7068b781941ed9f1fea7a
32,271,2,envelope,256,16.0,15.999999999999991,0.0004345519992057234,0.013026546002947725,envelope_formula,1.4210854715202004e-14,ea6cf7c22f8a85609689b74d81a766d4b7979c7a505096e03b904d801dd34c4d,91f8016990534bfd84f4d84969e6e9be08e630134fa7068b781941ed9f1fea7a
32,271,3,cayley,256,16.0,15.999999999999991,0.02008873400336597,0.013078541000140831,character_semidihedral_no_delete,1.4210854715202004e-14,ea6cf7c22f8a85609689b74d81a766d4b7979c7a505096e03b904d801dd34c4d,91f8016990534bfd84f4d84969e6e9be08e630134fa7068b781941ed9f1fea7a
32,271,3,envelope,256,16.0,15.999999999999991,0.0004276300023775548,0.013012541996431537,envelope_formula,1.4210854715202004e-14,ea6cf7c22f8a85609689b74d81a766d4b7979c7a505096e03b904d801dd34c4d,91f8016990534bfd84f4d84969e6e9be08e630134fa7068b781941ed9f1fea7a
32,271,4,cayley,256,16.0,15.999999999999991,0.019827504991553724,0.013067248000879772,character_semidihedral_no_delete,1.4210854715202004e-14,ea6cf7c22f8a85609689b74d81a766d4b7979c7a505096e03b904d801dd34c4d,91f8016990534bfd84f4d84969e6e9be08e630134fa7068b781941ed9f1fea7a
32,271,4,envelope,256,16.0,15.999999999999991,0.00041815900476649404,0.01302132400451228,envelope_formula,1.4210854715202004e-14,ea6cf7c22f8a85609689b74d81a766d4b7979c7a505096e03b904d801dd34c4d,91f8016990534bfd84f4d84969e6e9be08e630134fa7068b781941ed9f1fea7a
32,275,0,cayley,272,16.0,15.999999999999986,0.01849706200300716,0.003711757992277853,character_semidihedral_no_delete,4.618527782440651e-14,5a92eb25600a685af6ad4b4531f1006b75d32dbde72b559ab561f664f5b8aeae,2c033a04eaff58a087475420f3cb543f5a079d43e618c995ed44dfb5bba2566c
32,275,0,envelope,256,16.0,15.999999999999988,0.0004171150067122653,0.016155295001226477,envelope_formula,2.3092638912203256e-14,ea6cf7c22f8a85609689b74d81a766d4b7979c7a505096e03b904d801dd34c4d,b9a3447df4a33db80e972fe472502632412b17412661c9b75971c0f23135c236
32,275,1,cayley,272,16.0,15.999999999999986,0.018758767007966526,0.0036987169878557324,character_semidihedral_no_delete,4.618527782440651e-14,5a92eb25600a685af6ad4b4531f1006b75d32dbde72b559ab561f664f5b8aeae,2c033a04eaff58a087475420f3cb543f5a079d43e618c995ed44dfb5bba2566c
32,275,1,envelope,256,16.0,15.999999999999988,0.0004120600060559809,0.01613968299352564,envelope_formula,2.3092638912203256e-14,ea6cf7c22f8a85609689b74d81a766d4b7979c7a505096e03b904d801dd34c4d,b9a3447df4a33db80e972fe472502632412b17412661c9b75971c0f23135c236
32,275,2,cayley,272,16.0,15.999999999999986,0.018545202998211607,0.0036978429998271167,character_semidihedral_no_delete,4.618527782440651e-14,5a92eb25600a685af6ad4b4531f1006b75d32dbde72b559ab561f664f5b8aeae,2c033a04eaff58a087475420f3cb543f5a079d43e618c995ed44dfb5bba2566c
32,275,2,envelope,256,16.0,15.999999999999988,0.0004214529908495024,0.016137047001393512,envelope_formula,2.3092638912203256e-14,ea6cf7c22f8a85609689b74d81a766d4b7979c7a505096e03b904d801dd34c4d,b9a3447df4a33db80e972fe472502632412b17412661c9b75971c0f23135c236
32,275,3,cayley,272,16.0,15.999999999999986,0.018538213000283577,0.0037103630020283163,character_semidihedral_no_delete,4.618527782440651e-14,5a92eb25600a685af6ad4b4531f1006b75d32dbde72b559ab561f664f5b8aeae,2c033a04eaff58a087475420f3cb543f5a079d43e618c995ed44dfb5bba2566c
32,275,3,envelope,256,16.0,15.999999999999988,0.0004218660033075139,0.016161729989107698,envelope_formula,2.3092638912203256e-14,ea6cf7c22f8a85609689b74d81a766d4b7979c7a505096e03b904d801dd34c4d,b9a3447df4a33db80e972fe472502632412b17412661c9b75971c0f23135c236
32,275,4,cayley,272,16.0,15.999999999999986,0.018283943994902074,0.003702009009430185,character_semidihedral_no_delete,4.618527782440651e-14,5a92eb25600a685af6ad4b4531f1006b75d32dbde72b559ab561f664f5b8aeae,2c033a04eaff58a087475420f3cb543f5a079d43e618c995ed44dfb5bba2566c
32,275,4,envelope,256,16.0,15.999999999999988,0.00041576899820938706,0.016125743990414776,envelope_formula,2.3092638912203256e-14,ea6cf7c22f8a85609689b74d81a766d4b7979c7a505096e03b904d801dd34c4d,b9a3447df4a33db80e972fe472502632412b17412661c9b75971c0f23135c236
32,280,0,cayley,272,16.0,15.999999999999996,0.011960650008404627,0.007613032998051494,character_semidihedral_no_delete,1.7763568394002505e-15,5a92eb25600a685af6ad4b4531f1006b75d32dbde72b559ab561f664f5b8aeae,77a261c806a0ec5c1ac1f1392afead9c6eef0aa00da557a327b1d11a5bebd594
32,280,0,envelope,256,16.0,15.999999999999982,0.0004196170048089698,0.020063809002749622,envelope_formula,1.4210854715202004e-14,ea6cf7c22f8a85609689b74d81a766d4b7979c7a505096e03b904d801dd34c4d,6d1b10a96a541b6199d660c3ea5829166d7271cef954c534a509dfb5e74a3e1c
32,280,1,cayley,272,16.0,15.999999999999996,0.012052723002852872,0.007620884993229993,character_semidihedral_no_delete,1.7763568394002505e-15,5a92eb25600a685af6ad4b4531f1006b75d32dbde72b559ab561f664f5b8aeae,77a261c806a0ec5c1ac1f1392afead9c6eef0aa00da557a327b1d11a5bebd594
32,280,1,envelope,256,16.0,15.999999999999982,0.0004172930057393387,0.020058313995832577,envelope_formula,1.4210854715202004e-14,ea6cf7c22f8a85609689b74d81a766d4b7979c7a505096e03b904d801dd34c4d,6d1b10a96a541b6199d660c3ea5829166d7271cef954c534a509dfb5e74a3e1c
32,280,2,cayley,272,16.0,15.999999999999996,0.012085087000741623,0.007627266997587867,character_semidihedral_no_delete,1.7763568394002505e-15,5a92eb25600a685af6ad4b4531f1006b75d32dbde72b559ab561f664f5b8aeae,77a261c806a0ec5c1ac1f1392afead9c6eef0aa00da557a327b1d11a5bebd594
32,280,2,envelope,256,16.0,15.999999999999982,0.00041793700074777007,0.02001719300460536,envelope_formula,1.4210854715202004e-14,ea6cf7c22f8a85609689b74d81a766d4b7979c7a505096e03b904d801dd34c4d,6d1b10a96a541b6199d660c3ea5829166d7271cef954c534a509dfb5e74a3e1c
32,280,3,cayley,272,16.0,15.999999999999996,0.011986316996626556,0.007602486002724618,character_semidihedral_no_delete,1.7763568394002505e-15,5a92eb25600a685af6ad4b4531f1006b75d32dbde72b559ab561f664f5b8aeae,77a261c806a0ec5c1ac1f1392afead9c6eef0aa00da557a327b1d11a5bebd594
32,280,3,envelope,256,16.0,15.999999999999982,0.000434335001045838,0.020035441004438326,envelope_formula,1.4210854715202004e-14,ea6cf7c22f8a85609689b74d81a766d4b7979c7a505096e03b904d801dd34c4d,6d1b10a96a541b6199d660c3ea5829166d7271cef954c534a509dfb5e74a3e1c
32,280,4,cayley,272,16.0,15.999999999999996,0.012078814004780725,0.007638264010893181,character_semidihedral_no_delete,1.7763568394002505e-15,5a92eb25600a685af6ad4b4531f1006b75d32dbde72b559ab561f664f5b8aeae,77a261c806a0ec5c1ac1f1392afead9c6eef0aa00da557a327b1d11a5bebd594
32,280,4,envelope,256,16.0,15.999999999999982,0.00041536500793881714,0.020084246003534645,envelope_formula,1.4210854715202004e-14,ea6cf7c22f8a85609689b74d81a766d4b7979c7a505096e03b904d801dd34c4d,6d1b10a96a541b6199d660c3ea5829166d7271cef954c534a509dfb5e74a3e1c
32,285,0,cayley,272,16.0,15.999999999999979,0.012017433997243643,0.01152373300283216,character_semidihedral_no_delete,5.329070518200751e-15,5a92eb25600a685af6ad4b4531f1006b75d32dbde72b559ab561f664f5b8aeae,33e19da2d1e0e588cd9426d1a9c851f3141011ef0f0faa657e39cdc25cc46307
32,285,0,envelope,285,17.0,16.999999999999975,0.00047257800179068,0.0003061749885091558,envelope_formula,7.105427357601002e-15,1afa3973b6d8921ad8cdf529bd64a1f51694de62caa51921983ff53cc4efaff9,1afa3973b6d8921ad8cdf529bd64a1f51694de62caa51921983ff53cc4efaff9
32,285,1,cayley,272,16.0,15.999999999999979,0.01185144299233798,0.011534077988471836,character_semidihedral_no_delete,5.329070518200751e-15,5a92eb25600a685af6ad4b4531f1006b75d32dbde72b559ab561f664f5b8aeae,33e19da2d1e0e588cd9426d1a9c851f3141011ef0f0faa657e39cdc25cc46307
32,285,1,envelope,285,17.0,16.999999999999975,0.0004614540084730834,0.00032015300530474633,envelope_formula,7.105427357601002e-15,1afa3973b6d8921ad8cdf529bd64a1f51694de62caa51921983ff53cc4efaff9,1afa3973b6d8921ad8cdf529bd64a1f51694de62caa51921983ff53cc4efaff9
32,285,2,cayley,272,16.0,15.999999999999979,0.011843810003483668,0.011524538000230677,character_semidihedral_no_delete,5.329070518200751e-15,5a92eb25600a685af6ad4b4531f1006b75d32dbde72b559ab561f664f5b8aeae,33e19da2d1e0e588cd9426d1a9c851f3141011ef0f0faa657e39cdc25cc46307
32,285,2,envelope,285,17.0,16.999999999999975,0.0004586279974319041,0.0003135339939035475,envelope_formula,7.105427357601002e-15,1afa3973b6d8921ad8cdf529bd64a1f51694de62caa51921983ff53cc4efaff9,1afa3973b6d8921ad8cdf529bd64a1f51694de62caa51921983ff53cc4efaff9
32,285,3,cayley,272,16.0,15.999999999999979,0.01198892600950785,0.011524151006597094,character_semidihedral_no_delete,5.329070518200751e-15,5a92eb25600a685af6ad4b4531f1006b75d32dbde72b559ab561f664f5b8aeae,33e19da2d1e0e588cd9426d1a9c851f3141011ef0f0faa657e39cdc25cc46307
32,285,3,envelope,285,17.0,16.999999999999975,0.00045625500206369907,0.0003056010027648881,envelope_formula,7.105427357601002e-15,1afa3973b6d8921ad8cdf529bd64a1f51694de62caa51921983ff53cc4efaff9,1afa3973b6d8921ad8cdf529bd64a1f51694de62caa51921983ff53cc4efaff9
32,285,4,cayley,272,16.0,15.999999999999979,0.0119797220104374,0.011503060988616198,character_semidihedral_no_delete,5.329070518200751e-15,5a92eb25600a685af6ad4b4531f1006b75d32dbde72b559ab561f664f5b8aeae,33e19da2d1e0e588cd9426d1a9c851f3141011ef0f0faa657e39cdc25cc46307
32,285,4,envelope,285,17.0,16.999999999999975,0.0004668119945563376,0.00030321700614877045,envelope_formula,7.105427357601002e-15,1afa3973b6d8921ad8cdf529bd64a1f51694de62caa51921983ff53cc4efaff9,1afa3973b6d8921ad8cdf529bd64a1f51694de62caa51921983ff53cc4efaff9
32,289,0,cayley,288,16.152240934977428,16.152240934977417,0.011934483001823537,0.0021428879990708083,character_semidihedral_no_delete,3.552713678800501e-15,b3a35b6323ebff38c055f98bd4e070e1e2627e709e581f7695c6b2677bddbb77,fe39440aaba1df797546ff3cbdd459fe7082314abc3deb1a7c2d4444817ae8e6
32,289,0,envelope,285,17.0,16.99999999999997,0.00045312600559554994,0.004432412999449298,envelope_formula,1.4210854715202004e-14,1afa3973b6d8921ad8cdf529bd64a1f51694de62caa51921983ff53cc4efaff9,e5822375ce838b5ea631e548ebf3033ff977c570a1a73e33db95e1b7dfbac9c8
32,289,1,cayley,288,16.152240934977428,16.152240934977407,0.011905444989679381,0.0021416359959403053,character_semidihedral_no_delete,1.4210854715202004e-14,fa387cf4afcbb6070a4c98a792c508ae6dfce6399f23ddc4022019b6cb6188c6,c3b77ce87b10e1013c678e1c2d669fc57d1dc274bb5220403d25830827e5588d
32,289,1,envelope,285,17.0,16.99999999999997,0.0004737100098282099,0.0044250860082684085,envelope_formula,1.4210854715202004e-14,1afa3973b6d8921ad8cdf529bd64a1f51694de62caa51921983ff53cc4efaff9,e5822375ce838b5ea631e548ebf3033ff977c570a1a73e33db95e1b7dfbac9c8
32,289,2,cayley,288,16.152240934977428,16.15224093497742,0.012053914004354738,0.0021596540027530864,character_semidihedral_no_delete,1.4210854715202004e-14,6a014ffbe4e9ce84cb6c4fedcc5fae46afb2649d75b687f9ca515dc9bea681a4,a0b7dabc5719b53864fc1cd89bc91bb2d8f1e62399205f7902ef69e0833f1b1b
32,289,2,envelope,285,17.0,16.99999999999997,0.0004558159998850897,0.0044055089965695515,envelope_formula,1.4210854715202004e-14,1afa3973b6d8921ad8cdf529bd64a1f51694de62caa51921983ff53cc4efaff9,e5822375ce838b5ea631e548ebf3033ff977c570a1a73e33db95e1b7dfbac9c8
32,289,3,cayley,288,16.152240934977428,16.152240934977417,0.011979236995102838,0.0021414079965325072,character_semidihedral_no_delete,3.552713678800501e-15,b3a35b6323ebff38c055f98bd4e070e1e2627e709e581f7695c6b2677bddbb77,fe39440aaba1df797546ff3cbdd459fe7082314abc3deb1a7c2d4444817ae8e6
32,289,3,envelope,285,17.0,16.99999999999997,0.00045486100134439766,0.004436038987478241,envelope_formula,1.4210854715202004e-14,1afa3973b6d8921ad8cdf529bd64a1f51694de62caa51921983ff53cc4efaff9,e5822375ce838b5ea631e548ebf3033ff977c570a1a73e33db95e1b7dfbac9c8
32,289,4,cayley,288,16.152240934977428,16.15224093497742,0.012076757004251704,0.0021516150009119883,character_semidihedral_no_delete,1.7763568394002505e-14,011f440fb8ae906d19bc3761177210471b130a0a9b004902019740bf0ba44394,e235e336a7c22e0806b8bd1f789febecdf846c44c1bf13d568c7d1109385195e
32,289,4,envelope,285,17.0,16.99999999999997,0.0005096069944556803,0.00442740399739705,envelope_formula,1.4210854715202004e-14,1afa3973b6d8921ad8cdf529bd64a1f51694de62caa51921983ff53cc4efaff9,e5822375ce838b5ea631e548ebf3033ff977c570a1a73e33db95e1b7dfbac9c8
32,294,0,cayley,288,16.152240934977428,16.152240934977417,0.011888244989677332,0.006060639992938377,character_semidihedral_no_delete,1.7763568394002505e-14,b3a35b6323ebff38c055f98bd4e070e1e2627e709e581f7695c6b2677bddbb77,b6cf022b08f90d2aa88d0b5d9723ace076627bb72c03ac2f3d6471ce935f0343
32,294,0,envelope,285,17.0,16.999999999999982,0.0005227249930612743,0.008336109996889718,envelope_formula,3.552713678800501e-15,1afa3973b6d8921ad8cdf529bd64a1f51694de62caa51921983ff53cc4efaff9,ffc64021250ee0dbaf97a8290d45e0bc455d45d55687f9fb72a4e6cb48041afb
32,294,1,cayley,288,16.152240934977428,16.15224093497743,0.011803538000094704,0.00607076300366316,character_semidihedral_no_delete,3.552713678800501e-15,fa387cf4afcbb6070a4c98a792c508ae6dfce6399f23ddc4022019b6cb6188c6,354d3146aab5710cbaecdc540428c64853e4ecf14224a9decd41c1772bcc8525
32,294,1,envelope,285,17.0,16.999999999999982,0.0005166100017959252,0.008340715998201631,envelope_formula,3.552713678800501e-15,1afa3973b6d8921ad8cdf529bd64a1f51694de62caa51921983ff53cc4efaff9,ffc64021250ee0dbaf97a8290d45e0bc455d45d55687f9fb72a4e6cb48041afb
32,294,2,cayley,288,16.152240934977428,16.15224093497743,0.011983370990492404,0.006063079010345973,character_semidihedral_no_delete,1.4210854715202004e-14,6a014ffbe4e9ce84cb6c4fedcc5fae46afb2649d75b687f9ca515dc9bea681a4,6097fdd350a3e4adedfa8983572f36e767a6f456a5e859e3eba92b9aa61a4eb0
32,294,2,envelope,285,17.0,16.999999999999982,0.0005101669958094135,0.008356436010217294,envelope_formula,3.552713678800501e-15,1afa3973b6d8921ad8cdf529bd64a1f51694de62caa51921983ff53cc4efaff9,ffc64021250ee0dbaf97a8290d45e0bc455d45d55687f9fb72a4e6cb48041afb
32,294,3,cayley,288,16.152240934977428,16.152240934977417,0.011889358996995725,0.006069776994991116,character_semidihedral_no_delete,1.7763568394002505e-14,b3a35b6323ebff38c055f98bd4e070e1e2627e709e581f7695c6b2677bddbb77,b6cf022b08f90d2aa88d0b5d9723ace076627bb72c03ac2f3d6471ce935f0343
32,294,3,envelope,285,17.0,16.999999999999982,0.0005160109867574647,0.008343077002791688,envelope_formula,3.552713678800501e-15,1afa3973b6d8921ad8cdf529bd64a1f51694de62caa51921983ff53cc4efaff9,ffc64021250ee0dbaf97a8290d45e0bc455d45d55687f9fb72a4e6cb48041afb
32,294,4,cayley,288,16.152240934977428,16.152240934977417,0.011821566004073247,0.00605713200639002,character_semidihedral_no_delete,3.552713678800501e-15,011f440fb8ae906d19bc3761177210471b130a0a9b004902019740bf0ba44394,f092869f99d2a4e32e7367535b895d7a7a78393b57e758c7e7bd0a9c5107e1f9
32,294,4,envelope,285,17.0,16.999999999999982,0.0005028760060667992,0.00834752900118474,envelope_formula,3.552713678800501e-15,1afa3973b6d8921ad8cdf529bd64a1f51694de62caa51921983ff53cc4efaff9,ffc64021250ee0dbaf97a8290d45e0bc455d45d55687f9fb72a4e6cb48041afb
32,299,0,cayley,288,16.152240934977428,16.152240934977424,0.01218382800288964,0.009972903993912041,character_semidihedral_no_delete,3.552713678800501e-15,b3a35b6323ebff38c055f98bd4e070e1e2627e709e581f7695c6b2677bddbb77,5e66c2be4f788a60584366fac5e7bb363a6a31c1dffd46aa7032242a28cab498
32,299,0,envelope,285,17.0,16.999999999999975,0.0005016029899707064,0.01222312000754755,envelope_formula,1.0658141036401503e-14,1afa3973b6d8921ad8cdf529bd64a1f51694de62caa51921983ff53cc4efaff9,fd1a5b17ab7af7969de3602626a2fd19dad97b116196c745c28098c7c183a1a1
32,299,1,cayley,288,16.152240934977428,16.15224093497744,0.011810672003775835,0.009981452996726148,character_semidihedral_no_delete,3.552713678800501e-15,fa387cf4afcbb6070a4c98a792c508ae6dfce6399f23ddc4022019b6cb6188c6,d1d584fcee6c9ac9451c53ffb61f9698ae82cdee6ea3ea09d33e17a6957a838b
32,299,1,envelope,285,17.0,16.999999999999975,0.0005006540013710037,0.01221952099876944,envelope_formula,1.0658141036401503e-14,1afa3973b6d8921ad8cdf529bd64a1f51694de62caa51921983ff53cc4efaff9,fd1a5b17ab7af7969de3602626a2fd19dad97b116196c745c28098c7c183a1a1
32,299,2,cayley,288,16.152240934977428,16.152240934977414,0.012014525011181831,0.009985456010326743,character_semidihedral_no_delete,3.552713678800501e-15,6a014ffbe4e9ce84cb6c4fedcc5fae46afb2649d75b687f9ca515dc9bea681a4,8198583cfbd45a896e959e58f738af5a9301f23de58af1293cd5516f7e3bb896
32,299,2,envelope,285,17.0,16.999999999999975,0.0004986470012227073,0.012262101998203434,envelope_formula,1.0658141036401503e-14,1afa3973b6d8921ad8cdf529bd64a1f51694de62caa51921983ff53cc4efaff9,fd1a5b17ab7af7969de3602626a2fd19dad97b116196c745c28098c7c183a1a1
32,299,3,cayley,288,16.152240934977428,16.152240934977424,0.011852854004246183,0.00997367400850635,character_semidihedral_no_delete,3.552713678800501e-15,b3a35b6323ebff38c055f98bd4e070e1e2627e709e581f7695c6b2677bddbb77,5e66c2be4f788a60584366fac5e7bb363a6a31c1dffd46aa7032242a28cab498
32,299,3,envelope,285,17.0,16.999999999999975,0.0005066330049885437,0.012264664997928776,envelope_formula,1.0658141036401503e-14,1afa3973b6d8921ad8cdf529bd64a1f51694de62caa51921983ff53cc4efaff9,fd1a5b17ab7af7969de3602626a2fd19dad97b116196c745c28098c7c183a1a1
32,299,4,cayley,288,16.152240934977428,16.15224093497741,0.011949406005442142,0.009971329011023045,character_semidihedral_no_delete,7.105427357601002e-15,011f440fb8ae906d19bc3761177210471b130a0a9b004902019740bf0ba44394,3cca2b0bbcd6afc979c563b478595f344b0d03324a1a8ff9cd3969dd0b4e046b
32,299,4,envelope,285,17.0,16.999999999999975,0.0005170029908185825,0.01222467799379956,envelope_formula,1.0658141036401503e-14,1afa3973b6d8921ad8cdf529bd64a1f51694de62caa51921983ff53cc4efaff9,fd1a5b17ab7af7969de3602626a2fd19dad97b116196c745c28098c7c183a1a1
32,303,0,cayley,288,16.152240934977428,16.2395569718425,0.012337833002675325,0.013087737999740057,character_semidihedral_no_delete,0.0,b3a35b6323ebff38c055f98bd4e070e1e2627e709e581f7695c6b2677bddbb77,74c09ad296419251f9e10ac55632a18f7bcf06c3aa055f0e9cccd42b71e93eb2
32,303,0,envelope,285,17.0,16.99999999999999,0.0004915900062769651,0.015328372988733463,envelope_formula,3.552713678800501e-15,1afa3973b6d8921ad8cdf529bd64a1f51694de62caa51921983ff53cc4efaff9,5727973ed6bd65b30842edd26319ea7db8166580682e77ee23efc22d355a3f3c
32,303,1,cayley,288,16.152240934977428,16.168957261424374,0.012136652003391646,0.01308109400270041,character_semidihedral_no_delete,0.0,fa387cf4afcbb6070a4c98a792c508ae6dfce6399f23ddc4022019b6cb6188c6,87bb42dd641d4b717b4514c57ca08a4728896e7b73b83c009ba13edf9d41da25
32,303,1,envelope,285,17.0,16.99999999999999,0.0004959460056852549,0.01537549399654381,envelope_formula,3.552713678800501e-15,1afa3973b6d8921ad8cdf529bd64a1f51694de62caa51921983ff53cc4efaff9,5727973ed6bd65b30842edd26319ea7db8166580682e77ee23efc22d355a3f3c
32,303,2,cayley,288,16.152240934977428,16.160732085720507,0.011895855990587734,0.013095582005917095,character_semidihedral_no_delete,2.1316282072803006e-14,6a014ffbe4e9ce84cb6c4fedcc5fae46afb2649d75b687f9ca515dc9bea681a4,58b315a79ca72582225e25862bff05846de92a9445f6116f8fe70aff27dd70a7
32,303,2,envelope,285,17.0,16.99999999999999,0.0005033509951317683,0.015335062998929061,envelope_formula,3.552713678800501e-15,1afa3973b6d8921ad8cdf529bd64a1f51694de62caa51921983ff53cc4efaff9,5727973ed6bd65b30842edd26319ea7db8166580682e77ee23efc22d355a3f3c
32,303,3,cayley,288,16.152240934977428,16.2395569718425,0.011844213004224002,0.013086152001051232,character_semidihedral_no_delete,0.0,b3a35b6323ebff38c055f98bd4e070e1e2627e709e581f7695c6b2677bddbb77,74c09ad296419251f9e10ac55632a18f7bcf06c3aa055f0e9cccd42b71e93eb2
32,303,3,envelope,285,17.0,16.99999999999999,0.00045626898645423353,0.01537401499808766,envelope_formula,3.552713678800501e-15,1afa3973b6d8921ad8cdf529bd64a1f51694de62caa51921983ff53cc4efaff9,5727973ed6bd65b30842edd26319ea7db8166580682e77ee23efc22d355a3f3c
32,303,4,cayley,288,16.152240934977428,16.16942298553005,0.012010278995148838,0.013095652000629343,character_semidihedral_no_delete,1.4210854715202004e-14,011f440fb8ae906d19bc3761177210471b130a0a9b004902019740bf0ba44394,2d6f01daf957faece2658655bf92ee1fd50e54978684aa7e0d43693ce3081aca
32,303,4,envelope,285,17.0,16.99999999999999,0.00046337200910784304,0.01534134999383241,envelope_formula,3.552713678800501e-15,1afa3973b6d8921ad8cdf529bd64a1f51694de62caa51921983ff53cc4efaff9,5727973ed6bd65b30842edd26319ea7db8166580682e77ee23efc22d355a3f3c
32,308,0,cayley,304,16.585786437626904,16.585786437626904,0.01220256400119979,0.004415272996993735,character_semidihedral_no_delete,3.552713678800501e-15,19907d21056077aad7b09052c7afe7774382191183f2985c6ed38ce747518c32,a80247140095ba8ea7168203b242084b5bfaa66624595b506b3394051c8a03af
32,308,0,envelope,308,18.0,17.999999999999968,0.0005269059911370277,0.000307869995594956,envelope_formula,1.7763568394002505e-14,3124f76cf8cfc667c9936987b2336af4ceb28f368e2dca21bffad632939bd2ca,3124f76cf8cfc667c9936987b2336af4ceb28f368e2dca21bffad632939bd2ca
32,308,1,cayley,304,16.585786437626904,16.585786437626894,0.01213983999332413,0.004352314994321205,character_semidihedral_no_delete,1.4210854715202004e-14,90e1f869ab18ef51ceec55c2e279cb837f69d700cc43de7044fea9a572d3efda,6543a12dd7c485f71d93ae645eb493c042d3d9e1e55f609cc2f23c3fb3dd4a07
32,308,1,envelope,308,18.0,17.999999999999968,0.0007125479896785691,0.00030988700746092945,envelope_formula,1.7763568394002505e-14,3124f76cf8cfc667c9936987b2336af4ceb28f368e2dca21bffad632939bd2ca,3124f76cf8cfc667c9936987b2336af4ceb28f368e2dca21bffad632939bd2ca
32,308,2,cayley,304,16.585786437626904,16.585786437626894,0.012145749002229422,0.0043327919993316755,character_semidihedral_no_delete,1.4210854715202004e-14,90e1f869ab18ef51ceec55c2e279cb837f69d700cc43de7044fea9a572d3efda,6543a12dd7c485f71d93ae645eb493c042d3d9e1e55f609cc2f23c3fb3dd4a07
32,308,2,envelope,308,18.0,17.999999999999968,0.00053296000987757,0.0003057930007344112,envelope_formula,1.7763568394002505e-14,3124f76cf8cfc667c9936987b2336af4ceb28f368e2dca21bffad632939bd2ca,3124f76cf8cfc667c9936987b2336af4ceb28f368e2dca21bffad632939bd2ca
32,308,3,cayley,304,16.585786437626904,16.585786437626904,0.012109079005313106,0.00433659199916292,character_semidihedral_no_delete,3.552713678800501e-15,19907d21056077aad7b09052c7afe7774382191183f2985c6ed38ce747518c32,a80247140095ba8ea7168203b242084b5bfaa66624595b506b3394051c8a03af
32,308,3,envelope,308,18.0,17.999999999999968,0.0005413420003606007,0.0003066050121560693,envelope_formula,1.7763568394002505e-14,3124f76cf8cfc667c9936987b2336af4ceb28f368e2dca21bffad632939bd2ca,3124f76cf8cfc667c9936987b2336af4ceb28f368e2dca21bffad632939bd2ca
32,308,4,cayley,304,16.585786437626904,16.585786437626894,0.012102603999665007,0.004361626008176245,character_semidihedral_no_delete,1.4210854715202004e-14,90e1f869ab18ef51ceec55c2e279cb837f69d700cc43de7044fea9a572d3efda,6543a12dd7c485f71d93ae645eb493c042d3d9e1e55f609cc2f23c3fb3dd4a07
32,308,4,envelope,308,18.0,17.999999999999968,0.0005202830070629716,0.0003083670017076656,envelope_formula,1.7763568394002505e-14,3124f76cf8cfc667c9936987b2336af4ceb28f368e2dca21bffad632939bd2ca,3124f76cf8cfc667c9936987b2336af4ceb28f368e2dca21bffad632939bd2ca
32,313,0,cayley,310,17.999999999999986,17.999999999999975,0.009660929994424805,0.003643824005848728,dense_subset_laplacian,7.105427357601002e-15,c73a77d5e4b173e42b55d1380cf0d76edf067229ba1a5867fbf815f848f9a2aa,9092998d3fd2dab293e7e79cc857c9b5725e648a126dd4bf3bd87dc15c9613ce
32,313,0,envelope,308,18.0,17.99999999999998,0.0005442370020318776,0.005048516992246732,envelope_formula,1.7763568394002505e-14,3124f76cf8cfc667c9936987b2336af4ceb28f368e2dca21bffad632939bd2ca,2afe6b569d94d4bf5f5e4bdf12d90a5f36cfce988c8e0be558091db1189e0ea6
32,313,1,cayley,310,17.999999999999982,17.999999999999982,0.009740006003994495,0.0036420130054466426,dense_subset_laplacian,3.552713678800501e-15,71db5382329637bd63a00a11cca4bb7addc26f00ceaa3bbb608bfb303f0c5f71,77e7167a0ac1b20c691cee1562d0756b182a53e45868d0def1287aae5b73cee2
32,313,1,envelope,308,18.0,17.99999999999998,0.0007210460025817156,0.004999180004233494,envelope_formula,1.7763568394002505e-14,3124f76cf8cfc667c9936987b2336af4ceb28f368e2dca21bffad632939bd2ca,2afe6b569d94d4bf5f5e4bdf12d90a5f36cfce988c8e0be558091db1189e0ea6
32,313,2,cayley,310,17.99999999999999,17.999999999999982,0.009805138004594482,0.0036271610006224364,dense_subset_laplacian,1.0658141036401503e-14,2e645e7c61e50e0ec841c3ea4eb7b18420ad93742c6f377c665b540910664953,1ea0e5007afbb77cc33b2867b05892f6867be209a950dc12f1a1214e0d5b7b0a
32,313,2,envelope,308,18.0,17.99999999999998,0.0005356670008040965,0.0050153880001744255,envelope_formula,1.7763568394002505e-14,3124f76cf8cfc667c9936987b2336af4ceb28f368e2dca21bffad632939bd2ca,2afe6b569d94d4bf5f5e4bdf12d90a5f36cfce988c8e0be558091db1189e0ea6
32,313,3,cayley,310,17.999999999999982,17.99999999999999,0.009738483000546694,0.003636530993389897,dense_subset_laplacian,3.552713678800501e-15,e5475b1ce92ba90d278ffb3b8ada6d89bf288cbe45d05486cc953876ae4b8c2d,1291533c5f24748355d2bb37d428a01f8a115bc4e0d3d2846d57423973b68e01
32,313,3,envelope,308,18.0,17.99999999999998,0.000525765004567802,0.005026881000958383,envelope_formula,1.7763568394002505e-14,3124f76cf8cfc667c9936987b2336af4ceb28f368e2dca21bffad632939bd2ca,2afe6b569d94d4bf5f5e4bdf12d90a5f36cfce988c8e0be558091db1189e0ea6
32,313,4,cayley,310,17.999999999999982,17.99999999999999,0.009770713993930258,0.0036456929956329986,dense_subset_laplacian,0.0,8120f868a20decf797eaf64c0e52c0a03ad9e3b4b340a2f1eb31b2ea7c42acea,660c2cdfbcca184724d0bf73a9af44ceabbb9afb28b638845653c47cef48f36e
32,313,4,envelope,308,18.0,17.99999999999998,0.0005234060081420466,0.005023302001063712,envelope_formula,1.7763568394002505e-14,3124f76cf8cfc667c9936987b2336af4ceb28f368e2dca21bffad632939bd2ca,2afe6b569d94d4bf5f5e4bdf12d90a5f36cfce988c8e0be558091db1189e0ea6
32,317,0,cayley,310,17.999999999999986,17.99999999999999,0.00997542699042242,0.00668126399978064,dense_subset_laplacian,7.105427357601002e-15,c73a77d5e4b173e42b55d1380cf0d76edf067229ba1a5867fbf815f848f9a2aa,f832f22ca9ae6aeb604ed748e8cab94b3018ea08a7eca724851647620f22ec02
32,317,0,envelope,308,18.0,17.99999999999998,0.0005223810003371909,0.008045431997743435,envelope_formula,3.552713678800501e-15,3124f76cf8cfc667c9936987b2336af4ceb28f368e2dca21bffad632939bd2ca,b40903eaa12a47d65f5047f4f2f7d337743d3bfa6d6044aa89ad4025922ac787
32,317,1,cayley,310,17.999999999999982,17.999999999999982,0.00989059399580583,0.00665322900749743,dense_subset_laplacian,1.4210854715202004e-14,71db5382329637bd63a00a11cca4bb7addc26f00ceaa3bbb608bfb303f0c5f71,837c09eddae8862b7aee39d19745147b3844a87711eead7d4d583a9fa69ee24b
32,317,1,envelope,308,18.0,17.99999999999998,0.0005212590040173382,0.007982455004821531,envelope_formula,3.552713678800501e-15,3124f76cf8cfc667c9936987b2336af4ceb28f368e2dca21bffad632939bd2ca,b40903eaa12a47d65f5047f4f2f7d337743d3bfa6d6044aa89ad4025922ac787
32,317,2,cayley,310,17.99999999999999,17.999999999999975,0.010345849994337186,0.006659489998128265,dense_subset_laplacian,0.0,2e645e7c61e50e0ec841c3ea4eb7b18420ad93742c6f377c665b540910664953,6eaa102cab5994d4e0eddf5da919ffa333b89ee8995e5bee2463c7e5211eaeae
32,317,2,envelope,308,18.0,17.99999999999998,0.0005360180075513199,0.007996989996172488,envelope_formula,3.552713678800501e-15,3124f76cf8cfc667c9936987b2336af4ceb28f368e2dca21bffad632939bd2ca,b40903eaa12a47d65f5047f4f2f7d337743d3bfa6d6044aa89ad4025922ac787
32,317,3,cayley,310,17.999999999999982,17.999999999999975,0.009667525999248028,0.006664309999905527,dense_subset_laplacian,2.842170943040401e-14,e5475b1ce92ba90d278ffb3b8ada6d89bf288cbe45d05486cc953876ae4b8c2d,501806bd664214535313db8f0dc35bfe4c2c6bc4efedfaf3d624c6c168058a2e
32,317,3,envelope,308,18.0,17.99999999999998,0.0005420039960881695,0.008009689001482911,envelope_formula,3.552713678800501e-15,3124f76cf8cfc667c9936987b2336af4ceb28f368e2dca21bffad632939bd2ca,b40903eaa12a47d65f5047f4f2f7d337743d3bfa6d6044aa89ad4025922ac787
32,317,4,cayley,310,17.999999999999982,17.99999999999998,0.009941212992998771,0.006638227991061285,dense_subset_laplacian,3.552713678800501e-15,8120f868a20decf797eaf64c0e52c0a03ad9e3b4b340a2f1eb31b2ea7c42acea,2cdc78341f8cebb31e672b84fcb7f2d96fe8fa95d66accdd3abe096ced7bb007
32,317,4,envelope,308,18.0,17.99999999999998,0.000509292003698647,0.00802062799630221,envelope_formula,3.552713678800501e-15,3124f76cf8cfc667c9936987b2336af4ceb28f368e2dca21bffad632939bd2ca,b40903eaa12a47d65f5047f4f2f7d337743d3bfa6d6044aa89ad4025922ac787
32,322,0,cayley,310,17.999999999999982,17.99999999999999,0.0067205880041001365,0.010415787997771986,dense_subset_laplacian,1.7763568394002505e-14,81c6daec5d87e45a56f738675f9df247ffab9a6dc749e74ef8cc881b947166ea,2b0058bb88b3a420923565aa4c0a26a22698b676c78bc3a5ac94734660c6f858
32,322,0,envelope,308,18.0,17.99999999999998,0.0005188460054341704,0.011788389994762838,envelope_formula,0.0,3124f76cf8cfc667c9936987b2336af4ceb28f368e2dca21bffad632939bd2ca,36178a023f29d919e3f2e356069f6039c81b3df51ecfc0b5cd37976fc538869c
32,322,1,cayley,310,17.999999999999982,17.99999999999999,0.006675936994724907,0.010433642994030379,dense_subset_laplacian,0.0,ce7481b8f4c0da38815dad939f57be2002d8194333796eac50cdc249beed05e0,adc9536d43d46092666d7902147f83ecc208b63f6f77d4b30f25102a68ac82df
32,322,1,envelope,308,18.0,17.99999999999998,0.0007514769968111068,0.011739994006347843,envelope_formula,0.0,3124f76cf8cfc667c9936987b2336af4ceb28f368e2dca21bffad632939bd2ca,36178a023f29d919e3f2e356069f6039c81b3df51ecfc0b5cd37976fc538869c
32,322,2,cayley,310,17.999999999999982,17.99999999999999,0.006610033000470139,0.010397403995739296,dense_subset_laplacian,1.7763568394002505e-14,81c6daec5d87e45a56f738675f9df247ffab9a6dc749e74ef8cc881b947166ea,2b0058bb88b3a420923565aa4c0a26a22698b676c78bc3a5ac94734660c6f858
32,322,2,envelope,308,18.0,17.99999999999998,0.0005195819976506755,0.011751347003155388,envelope_formula,0.0,3124f76cf8cfc667c9936987b2336af4ceb28f368e2dca21bffad632939bd2ca,36178a023f29d919e3f2e356069f6039c81b3df51ecfc0b5cd37976fc538869c
32,322,3,cayley,310,17.999999999999982,17.99999999999999,0.0066198870044900104,0.010408275004010648,dense_subset_laplacian,1.7763568394002505e-14,81c6daec5d87e45a56f738675f9df247ffab9a6dc749e74ef8cc881b947166ea,2b0058bb88b3a420923565aa4c0a26a22698b676c78bc3a5ac94734660c6f858
32,322,3,envelope,308,18.0,17.99999999999998,0.0005194900004426017,0.011732805010979064,envelope_formula,0.0,3124f76cf8cfc667c9936987b2336af4ceb28f368e2dca21bffad632939bd2ca,36178a023f29d919e3f2e356069f6039c81b3df51ecfc0b5cd37976fc538869c
32,322,4,cayley,310,17.999999999999975,17.99999999999999,0.006655750999925658,0.010441669001011178,dense_subset_laplacian,7.105427357601002e-15,6345eaa1fdfa4233b8e22fc4bbc5f1931f3fc637a04c77ea5c81ad6a808d9c6f,96e2c84460379d92a3a2b1e16aaffb9a21028e3d76423514fd927e97cd1e2f57
32,322,4,envelope,308,18.0,17.99999999999998,0.0005161949957255274,0.011743490991648287,envelope_formula,0.0,3124f76cf8cfc667c9936987b2336af4ceb28f368e2dca21bffad632939bd2ca,36178a023f29d919e3f2e356069f6039c81b3df51ecfc0b5cd37976fc538869c
32,327,0,cayley,310,17.999999999999982,17.999999999999982,0.006630838004639372,0.014169614994898438,dense_subset_laplacian,1.0658141036401503e-14,81c6daec5d87e45a56f738675f9df247ffab9a6dc749e74ef8cc881b947166ea,35285c869b407daeb99db72a5eebbf257a6dc62546dd368f630f26677de91400
32,327,0,envelope,325,19.0,18.999999999999968,0.0005518499965546653,0.0028148879937361926,envelope_formula,7.105427357601002e-15,31226dde5993c601673b94f3bde26ea2067b2c0ae96ed03832d991bcbbeaed76,a251f62b80d43c2bcf998c11347a78b5cd57eb11044b3ca3144a7f5063472e3e
32,327,1,cayley,310,17.999999999999982,17.99999999999999,0.006564816998434253,0.014208791995770298,dense_subset_laplacian,1.0658141036401503e-14,ce7481b8f4c0da38815dad939f57be2002d8194333796eac50cdc249beed05e0,7ecd82fb4dc34e89f730fe4113b7b6ec49eacf59e4112b0209fbaa7f2eb8fe52
32,327,1,envelope,325,19.0,18.999999999999968,0.0005631890089716762,0.0028229940071469173,envelope_formula,7.105427357601002e-15,31226dde5993c601673b94f3bde26ea2067b2c0ae96ed03832d991bcbbeaed76,a251f62b80d43c2bcf998c11347a78b5cd57eb11044b3ca3144a7f5063472e3e
32,327,2,cayley,310,17.999999999999982,17.999999999999982,0.006669763999525458,0.014185908003128134,dense_subset_laplacian,1.0658141036401503e-14,81c6daec5d87e45a56f738675f9df247ffab9a6dc749e74ef8cc881b947166ea,35285c869b407daeb99db72a5eebbf257a6dc62546dd368f630f26677de91400
32,327,2,envelope,325,19.0,18.999999999999968,0.0007762980094412342,0.002796318003674969,envelope_formula,7.105427357601002e-15,31226dde5993c601673b94f3bde26ea2067b2c0ae96ed03832d991bcbbeaed76,a251f62b80d43c2bcf998c11347a78b5cd57eb11044b3ca3144a7f5063472e3e
32,327,3,cayley,310,17.999999999999982,17.999999999999982,0.006722439007717185,0.014232717992854305,dense_subset_laplacian,1.0658141036401503e-14,81c6daec5d87e45a56f738675f9df247ffab9a6dc749e74ef8cc881b947166ea,35285c869b407daeb99db72a5eebbf257a6dc62546dd368f630f26677de91400
32,327,3,envelope,325,19.0,18.999999999999968,0.000539781991392374,0.002808932986226864,envelope_formula,7.105427357601002e-15,31226dde5993c601673b94f3bde26ea2067b2c0ae96ed03832d991bcbbeaed76,a251f62b80d43c2bcf998c11347a78b5cd57eb11044b3ca3144a7f5063472e3e
32,327,4,cayley,310,17.999999999999975,17.999999999999982,0.006560547000844963,0.014221571997040883,dense_subset_laplacian,7.105427357601002e-15,6345eaa1fdfa4233b8e22fc4bbc5f1931f3fc637a04c77ea5c81ad6a808d9c6f,19239ef815e4758c084286b8bd1560e66ee27d9a5e272f8d4c52e4759a509ff8
32,327,4,envelope,325,19.0,18.999999999999968,0.0005385999975260347,0.0028074760048184544,envelope_formula,7.105427357601002e-15,31226dde5993c601673b94f3bde26ea2067b2c0ae96ed03832d991bcbbeaed76,a251f62b80d43c2bcf998c11347a78b5cd57eb11044b3ca3144a7f5063472e3e
32,331,0,cayley,310,17.999999999999982,18.000000000000004,0.006613867997657508,0.017235122999409214,dense_subset_laplacian,1.0658141036401503e-14,81c6daec5d87e45a56f738675f9df247ffab9a6dc749e74ef8cc881b947166ea,41d83489ad4a1976fdd356919b713281015c7944685b11890733e6838005244d
32,331,0,envelope,325,19.0,18.999999999999975,0.0005343779921531677,0.005786048001027666,envelope_formula,0.0,31226dde5993c601673b94f3bde26ea2067b2c0ae96ed03832d991bcbbeaed76,cce744c0da9da50666ac8f83471da8a84985f0d56227e0ab75b654fa8d169893
32,331,1,cayley,310,17.999999999999982,17.99999999999999,0.00667729000269901,0.01719876000424847,dense_subset_laplacian,0.0,ce7481b8f4c0da38815dad939f57be2002d8194333796eac50cdc249beed05e0,a755ca2dee6e16f69fbe0f768af98a9b8e286edbd8372371d8e479f06dec7a1d
32,331,1,envelope,325,19.0,18.999999999999975,0.0005327600083546713,0.005811451992485672,envelope_formula,0.0,31226dde5993c601673b94f3bde26ea2067b2c0ae96ed03832d991bcbbeaed76,cce744c0da9da50666ac8f83471da8a84985f0d56227e0ab75b654fa8d169893
32,331,2,cayley,310,17.999999999999982,18.000000000000004,0.006635316996835172,0.017153930995846167,dense_subset_laplacian,1.0658141036401503e-14,81c6daec5d87e45a56f738675f9df247ffab9a6dc749e74ef8cc881b947166ea,41d83489ad4a1976fdd356919b713281015c7944685b11890733e6838005244d
32,331,2,envelope,325,19.0,18.999999999999975,0.0005406120035331696,0.005805991997476667,envelope_formula,0.0,31226dde5993c601673b94f3bde26ea2067b2c0ae96ed03832d991bcbbeaed76,cce744c0da9da50666ac8f83471da8a84985f0d56227e0ab75b654fa8d169893
32,331,3,cayley,310,17.999999999999982,18.000000000000004,0.006617655002628453,0.017174033986520953,dense_subset_laplacian,1.0658141036401503e-14,81c6daec5d87e45a56f738675f9df247ffab9a6dc749e74ef8cc881b947166ea,41d83489ad4a1976fdd356919b713281015c7944685b11890733e6838005244d
32,331,3,envelope,325,19.0,18.999999999999975,0.0007722619920969009,0.0057974270021077245,envelope_formula,0.0,31226dde5993c601673b94f3bde26ea2067b2c0ae96ed03832d991bcbbeaed76,cce744c0da9da50666ac8f83471da8a84985f0d56227e0ab75b654fa8d169893
32,331,4,cayley,310,17.999999999999975,17.99999999999999,0.00668386799225118,0.017166235003969632,dense_subset_laplacian,1.0658141036401503e-14,6345eaa1fdfa4233b8e22fc4bbc5f1931f3fc637a04c77ea5c81ad6a808d9c6f,cb5a802e0e1a1e144956e3ca6684fca9ead9c399aae83455d082b8c530cdf108
32,331,4,envelope,325,19.0,18.999999999999975,0.0005525769956875592,0.005780986000900157,envelope_formula,0.0,31226dde5993c601673b94f3bde26ea2067b2c0ae96ed03832d991bcbbeaed76,cce744c0da9da50666ac8f83471da8a84985f0d56227e0ab75b654fa8d169893
32,336,0,cayley,310,17.999999999999982,17.999999999999982,0.006586251998669468,0.020992413003114052,dense_subset_laplacian,3.197442310920451e-14,81c6daec5d87e45a56f738675f9df247ffab9a6dc749e74ef8cc881b947166ea,fd158f458340809b84e9208b7d97e1ea462754d5bcbb11c2a9d3b1be3aa62d91
32,336,0,envelope,336,20.0,19.999999999999968,0.0005444999987957999,0.00032887200359255075,envelope_formula,3.552713678800501e-15,7fa0fdd1b53de63f95227588190272bd8b671e1e74e4f343b0b269ac7bbfd173,7fa0fdd1b53de63f95227588190272bd8b671e1e74e4f343b0b269ac7bbfd173
32,336,1,cayley,310,17.999999999999982,17.999999999999996,0.006790900995838456,0.02098233299329877,dense_subset_laplacian,1.4210854715202004e-14,ce7481b8f4c0da38815dad939f57be2002d8194333796eac50cdc249beed05e0,e65c2fbedeaba974bf11586a7a4ccbfdf713351d10adace15be8632c4a7a8c73
32,336,1,envelope,336,20.0,19.999999999999968,0.0005538010009331629,0.0003147670067846775,envelope_formula,3.552713678800501e-15,7fa0fdd1b53de63f95227588190272bd8b671e1e74e4f343b0b269ac7bbfd173,7fa0fdd1b53de63f95227588190272bd8b671e1e74e4f343b0b269ac7bbfd173
32,336,2,cayley,310,17.999999999999982,17.999999999999982,0.006589961005374789,0.020978549000574276,dense_subset_laplacian,3.197442310920451e-14,81c6daec5d87e45a56f738675f9df247ffab9a6dc749e74ef8cc881b947166ea,fd158f458340809b84e9208b7d97e1ea462754d5bcbb11c2a9d3b1be3aa62d91
32,336,2,envelope,336,20.0,19.999999999999968,0.0005551359936362132,0.0003178089973516762,envelope_formula,3.552713678800501e-15,7fa0fdd1b53de63f95227588190272bd8b671e1e74e4f343b0b269ac7bbfd173,7fa0fdd1b53de63f95227588190272bd8b671e1e74e4f343b0b269ac7bbfd173
32,336,3,cayley,310,17.999999999999982,17.999999999999982,0.006702906001009978,0.020930718994350173,dense_subset_laplacian,3.197442310920451e-14,81c6daec5d87e45a56f738675f9df247ffab9a6dc749e74ef8cc881b947166ea,fd158f458340809b84e9208b7d97e1ea462754d5bcbb11c2a9d3b1be3aa62d91
32,336,3,envelope,336,20.0,19.999999999999968,0.0005549439956666902,0.0003160900087095797,envelope_formula,3.552713678800501e-15,7fa0fdd1b53de63f95227588190272bd8b671e1e74e4f343b0b269ac7bbfd173,7fa0fdd1b53de63f95227588190272bd8b671e1e74e4f343b0b269ac7bbfd173
32,336,4,cayley,310,17.999999999999975,18.000000000000004,0.006747859995812178,0.020968659009668045,dense_subset_laplacian,2.1316282072803006e-14,6345eaa1fdfa4233b8e22fc4bbc5f1931f3fc637a04c77ea5c81ad6a808d9c6f,9e61966dcfe280ad8ecdba77eb146df6b37a667c756598481c8ff70182c0bdae
32,336,4,envelope,336,20.0,19.999999999999968,0.0007814080017851666,0.0003322260017739609,envelope_formula,3.552713678800501e-15,7fa0fdd1b53de63f95227588190272bd8b671e1e74e4f343b0b269ac7bbfd173,7fa0fdd1b53de63f95227588190272bd8b671e1e74e4f343b0b269ac7bbfd173
32,341,0,cayley,341,20.999999999999975,20.999999999999975,0.006198589006089605,0.0003514080017339438,dense_subset_laplacian,7.105427357601002e-15,e3399251b988c6d025e551baae4a8c6353f64640fed9a27b9eb6886389be0850,e3399251b988c6d025e551baae4a8c6353f64640fed9a27b9eb6886389be0850
32,341,0,envelope,341,21.0,20.99999999999996,0.0005519699916476384,0.0003054350090678781,envelope_formula,2.1316282072803006e-14,0dab3a2c38cee91719955c645b348d425ab9a71f865ad15e778a165001692ca5,0dab3a2c38cee91719955c645b348d425ab9a71f865ad15e778a165001692ca5
32,341,1,cayley,341,20.999999999999982,20.999999999999982,0.006083294007112272,0.00034123500518035144,dense_subset_laplacian,2.1316282072803006e-14,279a731ae800661fdc7da0255aeafed7e58bd4e83a411962461eaf375a7590bd,279a731ae800661fdc7da0255aeafed7e58bd4e83a411962461eaf375a7590bd
32,341,1,envelope,341,21.0,20.99999999999996,0.0005543209990719333,0.0003113629936706275,envelope_formula,2.1316282072803006e-14,0dab3a2c38cee91719955c645b348d425ab9a71f865ad15e778a165001692ca5,0dab3a2c38cee91719955c645b348d425ab9a71f865ad15e778a165001692ca5
32,341,2,cayley,341,20.999999999999975,20.999999999999975,0.006207309997989796,0.00033949300996027887,dense_subset_laplacian,7.105427357601002e-15,e3399251b988c6d025e551baae4a8c6353f64640fed9a27b9eb6886389be0850,e3399251b988c6d025e551baae4a8c6353f64640fed9a27b9eb6886389be0850
32,341,2,envelope,341,21.0,20.99999999999996,0.0005602640012511984,0.00031222900724969804,envelope_formula,2.1316282072803006e-14,0dab3a2c38cee91719955c645b348d425ab9a71f865ad15e778a165001692ca5,0dab3a2c38cee91719955c645b348d425ab9a71f865ad15e778a165001692ca5
32,341,3,cayley,341,20.999999999999975,20.999999999999975,0.006106120010372251,0.00034159800270572305,dense_subset_laplacian,7.105427357601002e-15,e3399251b988c6d025e551baae4a8c6353f64640fed9a27b9eb6886389be0850,e3399251b988c6d025e551baae4a8c6353f64640fed9a27b9eb6886389be0850
32,341,3,envelope,341,21.0,20.99999999999996,0.0005735940067097545,0.0003054529952351004,envelope_formula,2.1316282072803006e-14,0dab3a2c38cee91719955c645b348d425ab9a71f865ad15e778a165001692ca5,0dab3a2c38cee91719955c645b348d425ab9a71f865ad15e778a165001692ca5
32,341,4,cayley,341,20.999999999999982,20.999999999999982,0.006145500999991782,0.0003372170031070709,dense_subset_laplacian,1.4210854715202004e-14,65b35360d92e3298f3c61c9d3afa6d4fa6570b9993db6bc32c1271d83b514223,65b35360d92e3298f3c61c9d3afa6d4fa6570b9993db6bc32c1271d83b514223
32,341,4,envelope,341,21.0,20.99999999999996,0.0005733069992857054,0.0002992309891851619,envelope_formula,2.1316282072803006e-14,0dab3a2c38cee91719955c645b348d425ab9a71f865ad15e778a165001692ca5,0dab3a2c38cee91719955c645b348d425ab9a71f865ad15e778a165001692ca5
32,345,0,cayley,341,20.999999999999975,20.999999999999982,0.006205108991707675,0.004371629009256139,dense_subset_laplacian,3.552713678800501e-15,e3399251b988c6d025e551baae4a8c6353f64640fed9a27b9eb6886389be0850,b5505b13a6d8bdf342b46863c608f33ac7f95a9d15d8923e58e6e4576c76d2fc
32,345,0,envelope,341,21.0,20.99999999999997,0.0008178379939636216,0.004315842990763485,envelope_formula,7.105427357601002e-15,0dab3a2c38cee91719955c645b348d425ab9a71f865ad15e778a165001692ca5,71734865ef51eec15a347914ed645a79dd67123db6d39f95d1b48976ae33843f
32,345,1,cayley,341,20.999999999999982,20.999999999999975,0.006143264996353537,0.004371090995846316,dense_subset_laplacian,7.105427357601002e-15,279a731ae800661fdc7da0255aeafed7e58bd4e83a411962461eaf375a7590bd,955bff077329c4993f7537baa0c3d18cca815c660ff2115161fad4f106214be7
32,345,1,envelope,341,21.0,20.99999999999997,0.0005559739947784692,0.004287414005375467,envelope_formula,7.105427357601002e-15,0dab3a2c38cee91719955c645b348d425ab9a71f865ad15e778a165001692ca5,71734865ef51eec15a347914ed645a79dd67123db6d39f95d1b48976ae33843f
32,345,2,cayley,341,20.999999999999975,20.999999999999982,0.006096949000493623,0.004427587002282962,dense_subset_laplacian,3.552713678800501e-15,e3399251b988c6d025e551baae4a8c6353f64640fed9a27b9eb6886389be0850,b5505b13a6d8bdf342b46863c608f33ac7f95a9d15d8923e58e6e4576c76d2fc
32,345,2,envelope,341,21.0,20.99999999999997,0.0005612210079561919,0.004315626007155515,envelope_formula,7.105427357601002e-15,0dab3a2c38cee91719955c645b348d425ab9a71f865ad15e778a165001692ca5,71734865ef51eec15a347914ed645a79dd67123db6d39f95d1b48976ae33843f
32,345,3,cayley,341,20.999999999999975,20.999999999999982,0.00617077799688559,0.004389993991935626,dense_subset_laplacian,3.552713678800501e-15,e3399251b988c6d025e551baae4a8c6353f64640fed9a27b9eb6886389be0850,b5505b13a6d8bdf342b46863c608f33ac7f95a9d15d8923e58e6e4576c76d2fc
32,345,3,envelope,341,21.0,20.99999999999997,0.0005705490038963035,0.00428821200330276,envelope_formula,7.105427357601002e-15,0dab3a2c38cee91719955c645b348d425ab9a71f865ad15e778a165001692ca5,71734865ef51eec15a347914ed645a79dd67123db6d39f95d1b48976ae33843f
32,345,4,cayley,341,20.999999999999982,20.99999999999996,0.0062487940012943,0.00438548500824254,dense_subset_laplacian,3.552713678800501e-15,65b35360d92e3298f3c61c9d3afa6d4fa6570b9993db6bc32c1271d83b514223,e8cd5fab2190f5408fde437a37d92f9f7f32192e2b3b9b51b1137fcf83ba8276
32,345,4,envelope,341,21.0,20.99999999999997,0.0005663269985234365,0.004309680007281713,envelope_formula,7.105427357601002e-15,0dab3a2c38cee91719955c645b348d425ab9a71f865ad15e778a165001692ca5,71734865ef51eec15a347914ed645a79dd67123db6d39f95d1b48976ae33843f
32,350,0,cayley,341,20.999999999999975,20.999999999999982,0.006158959993626922,0.008118910001940094,dense_subset_laplacian,0.0,e3399251b988c6d025e551baae4a8c6353f64640fed9a27b9eb6886389be0850,bc7e7c92c3b625f6b51a3fcb0a59ffe9867f0f19d8d607bd93d3d83bce1c2f6d
32,350,0,envelope,341,21.0,20.99999999999999,0.0005523410072783008,0.008077317994320765,envelope_formula,1.4210854715202004e-14,0dab3a2c38cee91719955c645b348d425ab9a71f865ad15e778a165001692ca5,9e18a3d322c0c09adc74b5c387acba24b2b6312ae45de093d2d546fa239a150b
32,350,1,cayley,341,20.999999999999982,20.999999999999975,0.006254847990931012,0.008135001990012825,dense_subset_laplacian,0.0,279a731ae800661fdc7da0255aeafed7e58bd4e83a411962461eaf375a7590bd,771358ad4c253fd19f58a0b33f35abbf38e83bc0658fc9211e78b5c7ecaaddc7
32,350,1,envelope,341,21.0,20.99999999999999,0.0008248989906860515,0.008048751013120636,envelope_formula,1.4210854715202004e-14,0dab3a2c38cee91719955c645b348d425ab9a71f865ad15e778a165001692ca5,9e18a3d322c0c09adc74b5c387acba24b2b6312ae45de093d2d546fa239a150b
32,350,2,cayley,341,20.999999999999975,20.999999999999982,0.006132877009804361,0.008029276999877766,dense_subset_laplacian,0.0,e3399251b988c6d025e551baae4a8c6353f64640fed9a27b9eb6886389be0850,bc7e7c92c3b625f6b51a3fcb0a59ffe9867f0f19d8d607bd93d3d83bce1c2f6d
32,350,2,envelope,341,21.0,20.99999999999999,0.0005622750031761825,0.008026823998079635,envelope_formula,1.4210854715202004e-14,0dab3a2c38cee91719955c645b348d425ab9a71f865ad15e778a165001692ca5,9e18a3d322c0c09adc74b5c387acba24b2b6312ae45de093d2d546fa239a150b
32,350,3,cayley,341,20.999999999999975,20.999999999999982,0.00598976100445725,0.008106879002298228,dense_subset_laplacian,0.0,e3399251b988c6d025e551baae4a8c6353f64640fed9a27b9eb6886389be0850,bc7e7c92c3b625f6b51a3fcb0a59ffe9867f0f19d8d607bd93d3d83bce1c2f6d
32,350,3,envelope,341,21.0,20.99999999999999,0.0005595900001935661,0.0080418969882885,envelope_formula,1.4210854715202004e-14,0dab3a2c38cee91719955c645b348d425ab9a71f865ad15e778a165001692ca5,9e18a3d322c0c09adc74b5c387acba24b2b6312ae45de093d2d546fa239a150b
32,350,4,cayley,341,20.999999999999982,20.99999999999999,0.006162459001643583,0.008129149005981162,dense_subset_laplacian,0.0,65b35360d92e3298f3c61c9d3afa6d4fa6570b9993db6bc32c1271d83b514223,6330c2eb511426510e1a611e1fd65f9bc2a7bc98e1cbf79a0275a56a6f4b97d9
32,350,4,envelope,341,21.0,20.99999999999999,0.0005560300051001832,0.008015335988602601,envelope_formula,1.4210854715202004e-14,0dab3a2c38cee91719955c645b348d425ab9a71f865ad15e778a165001692ca5,9e18a3d322c0c09adc74b5c387acba24b2b6312ae45de093d2d546fa239a150b
32,355,0,cayley,341,20.999999999999975,20.999999999999996,0.010755430004792288,0.011841175990412012,dense_subset_laplacian,1.7763568394002505e-14,e3399251b988c6d025e551baae4a8c6353f64640fed9a27b9eb6886389be0850,9b8a2a6dab30105b457544923b98952948247681c3a91040ca343e930bdc7cbe
32,355,0,envelope,341,21.0,20.99999999999999,0.0006225260003702715,0.011761438989196904,envelope_formula,3.552713678800501e-15,0dab3a2c38cee91719955c645b348d425ab9a71f865ad15e778a165001692ca5,028fe82722863d37d53145bb617ff76bb6b38b853251bef4bab73cc0627b86d1
32,355,1,cayley,341,20.999999999999982,20.99999999999999,0.010869798003113829,0.01185309600259643,dense_subset_laplacian,0.0,279a731ae800661fdc7da0255aeafed7e58bd4e83a411962461eaf375a7590bd,309edf5aeb6b98bd6a9b667e678439731d96a7c9b4cb19a8ec17d04b2d71a500
32,355,1,envelope,341,21.0,20.99999999999999,0.0006367500027408823,0.01173662299697753,envelope_formula,3.552713678800501e-15,0dab3a2c38cee91719955c645b348d425ab9a71f865ad15e778a165001692ca5,028fe82722863d37d53145bb617ff76bb6b38b853251bef4bab73cc0627b86d1
32,355,2,cayley,341,20.999999999999975,20.999999999999996,0.01103708399750758,0.011870021000504494,dense_subset_laplacian,1.7763568394002505e-14,e3399251b988c6d025e551baae4a8c6353f64640fed9a27b9eb6886389be0850,9b8a2a6dab30105b457544923b98952948247681c3a91040ca343e930bdc7cbe
32,355,2,envelope,341,21.0,20.99999999999999,0.0006222390074981377,0.011809132993221283,envelope_formula,3.552713678800501e-15,0dab3a2c38cee91719955c645b348d425ab9a71f865ad15e778a165001692ca5,028fe82722863d37d53145bb617ff76bb6b38b853251bef4bab73cc0627b86d1
32,355,3,cayley,341,20.999999999999975,20.999999999999996,0.01080514800560195,0.011834959994303063,dense_subset_laplacian,1.7763568394002505e-14,e3399251b988c6d025e551baae4a8c6353f64640fed9a27b9eb6886389be0850,9b8a2a6dab30105b457544923b98952948247681c3a91040ca343e930bdc7cbe
32,355,3,envelope,341,21.0,20.99999999999999,0.0006328430026769638,0.011743188995751552,envelope_formula,3.552713678800501e-15,0dab3a2c38cee91719955c645b348d425ab9a71f865ad15e778a165001692ca5,028fe82722863d37d53145bb617ff76bb6b38b853251bef4bab73cc0627b86d1
32,355,4,cayley,341,20.999999999999982,20.99999999999999,0.0107768909947481,0.011823652996099554,dense_subset_laplacian,3.552713678800501e-15,65b35360d92e3298f3c61c9d3afa6d4fa6570b9993db6bc32c1271d83b514223,6ca5c14e19809deae64175acb9679ec7e3edb70d940bede6604fc83fdcd44faf
32,355,4,envelope,341,21.0,20.99999999999999,0.0006197110051289201,0.011750858000596054,envelope_formula,3.552713678800501e-15,0dab3a2c38cee91719955c645b348d425ab9a71f865ad15e778a165001692ca5,028fe82722863d37d53145bb617ff76bb6b38b853251bef4bab73cc0627b86d1
32,359,0,cayley,352,20.152240934977428,20.152240934977424,0.0049428759957663715,0.006641928994213231,character_cyclic_no_delete,3.552713678800501e-15,646e02cc711e478b7075a6a6fa365421e53f251692a8089e556ae61f1fc9bd84,aff9978e4d9eae8d68ec72de71c12c888a729ede3362aadb70d3e8ffac53ed74
32,359,0,envelope,341,21.0,20.99999999999999,0.0006235759938135743,0.014603804011130705,envelope_formula,3.552713678800501e-15,0dab3a2c38cee91719955c645b348d425ab9a71f865ad15e778a165001692ca5,6c3342b027ce4193e5335cb8d9ff304397b7377ac56ce26765576f0f17fd5995
32,359,1,cayley,352,20.152240934977428,20.152240934977414,0.005065388002549298,0.006598199994186871,character_cyclic_no_delete,3.552713678800501e-15,a93cd89582278de1a9cdff13c43e172d709edcf990590f584bfd450978be549b,fe7f1f9a2a673f24e448067497b160eec179edcd219b11fe977ea9baf8fa7cbe
32,359,1,envelope,341,21.0,20.99999999999999,0.0006458659918280318,0.014764225998078473,envelope_formula,3.552713678800501e-15,0dab3a2c38cee91719955c645b348d425ab9a71f865ad15e778a165001692ca5,6c3342b027ce4193e5335cb8d9ff304397b7377ac56ce26765576f0f17fd5995
32,359,2,cayley,352,20.152240934977428,20.152240934977424,0.004973305010935292,0.006604973008506931,character_cyclic_no_delete,0.0,21a59679b6f1d9de6db890cf4956a00ea4f74e718ccf455a6fde42b7a63a114b,b8a6805f3f9e19def2ec9b3f76975215982037825dfc8feb617f147358391677
32,359,2,envelope,341,21.0,20.99999999999999,0.0009868390043266118,0.014793509006267413,envelope_formula,3.552713678800501e-15,0dab3a2c38cee91719955c645b348d425ab9a71f865ad15e778a165001692ca5,6c3342b027ce4193e5335cb8d9ff304397b7377ac56ce26765576f0f17fd5995
32,359,3,cayley,352,20.152240934977428,20.152240934977424,0.004900597996311262,0.0066439549991628155,character_cyclic_no_delete,3.552713678800501e-15,646e02cc711e478b7075a6a6fa365421e53f251692a8089e556ae61f1fc9bd84,aff9978e4d9eae8d68ec72de71c12c888a729ede3362aadb70d3e8ffac53ed74
32,359,3,envelope,341,21.0,20.99999999999999,0.0006555629952345043,0.014726336012245156,envelope_formula,3.552713678800501e-15,0dab3a2c38cee91719955c645b348d425ab9a71f865ad15e778a165001692ca5,6c3342b027ce4193e5335cb8d9ff304397b7377ac56ce26765576f0f17fd5995
32,359,4,cayley,352,20.152240934977428,20.152240934977424,0.005073498992715031,0.00662497800658457,character_cyclic_no_delete,0.0,21a59679b6f1d9de6db890cf4956a00ea4f74e718ccf455a6fde42b7a63a114b,b8a6805f3f9e19def2ec9b3f76975215982037825dfc8feb617f147358391677
32,359,4,envelope,341,21.0,20.99999999999999,0.0006434379902202636,0.014738440004293807,envelope_formula,3.552713678800501e-15,0dab3a2c38cee91719955c645b348d425ab9a71f865ad15e778a165001692ca5,6c3342b027ce4193e5335cb8d9ff304397b7377ac56ce26765576f0f17fd5995
32,364,0,cayley,352,20.152240934977428,20.152240934977414,0.005105213000206277,0.01036300700798165,character_cyclic_no_delete,0.0,646e02cc711e478b7075a6a6fa365421e53f251692a8089e556ae61f1fc9bd84,b41e425ff3bb7b825bc2df8142598a0d73ad1043420a049ff5eea43e16f94a06
32,364,0,envelope,360,22.0,21.99999999999996,0.0006807570025557652,0.0042887229938060045,envelope_formula,0.0,b79a58b5890a9bdc294a955c94969494e70eea6f43ee0ed3ff6d8917e977cfbc,35a4acf70ca356124d242da5ab7dc7abc5a40e34a9a43e7337e67e9997c9f24a
32,364,1,cayley,352,20.152240934977428,20.152240934977424,0.005009158005123027,0.010322661997633986,character_cyclic_no_delete,3.552713678800501e-15,a93cd89582278de1a9cdff13c43e172d709edcf990590f584bfd450978be549b,a5ff7909a66c3f8ccfec43e4c85bac63ba1d2cd73436dbaa3b844b8543d22af9
32,364,1,envelope,360,22.0,21.99999999999996,0.000692903995513916,0.0041672099905554205,envelope_formula,0.0,b79a58b5890a9bdc294a955c94969494e70eea6f43ee0ed3ff6d8917e977cfbc,35a4acf70ca356124d242da5ab7dc7abc5a40e34a9a43e7337e67e9997c9f24a
32,364,2,cayley,352,20.152240934977428,20.152240934977424,0.005010114997276105,0.010395933000836521,character_cyclic_no_delete,3.552713678800501e-15,21a59679b6f1d9de6db890cf4956a00ea4f74e718ccf455a6fde42b7a63a114b,5cd61c8652de3cc3f7d4a5b52645793948392caaff46c1655ee5f3de58a9b43e
32,364,2,envelope,360,22.0,21.99999999999996,0.000695933005772531,0.004287178991944529,envelope_formula,0.0,b79a58b5890a9bdc294a955c94969494e70eea6f43ee0ed3ff6d8917e977cfbc,35a4acf70ca356124d242da5ab7dc7abc5a40e34a9a43e7337e67e9997c9f24a
32,364,3,cayley,352,20.152240934977428,20.152240934977414,0.005034074987634085,0.010351203003665432,character_cyclic_no_delete,0.0,646e02cc711e478b7075a6a6fa365421e53f251692a8089e556ae61f1fc9bd84,b41e425ff3bb7b825bc2df8142598a0d73ad1043420a049ff5eea43e16f94a06
32,364,3,envelope,360,22.0,21.99999999999996,0.0007152309990487993,0.0043048799998359755,envelope_formula,0.0,b79a58b5890a9bdc294a955c94969494e70eea6f43ee0ed3ff6d8917e977cfbc,35a4acf70ca356124d242da5ab7dc7abc5a40e34a9a43e7337e67e9997c9f24a
32,364,4,cayley,352,20.152240934977428,20.152240934977424,0.0050299959984840825,0.010316461994079873,character_cyclic_no_delete,3.552713678800501e-15,21a59679b6f1d9de6db890cf4956a00ea4f74e718ccf455a6fde42b7a63a114b,5cd61c8652de3cc3f7d4a5b52645793948392caaff46c1655ee5f3de58a9b43e
32,364,4,envelope,360,22.0,21.99999999999996,0.0006654850003542379,0.004291365999961272,envelope_formula,0.0,b79a58b5890a9bdc294a955c94969494e70eea6f43ee0ed3ff6d8917e977cfbc,35a4acf70ca356124d242da5ab7dc7abc5a40e34a9a43e7337e67e9997c9f24a
32,369,0,cayley,352,20.152240934977428,20.152240934977424,0.005107297998620197,0.014081382993026637,character_cyclic_no_delete,3.552713678800501e-15,646e02cc711e478b7075a6a6fa365421e53f251692a8089e556ae61f1fc9bd84,546c18772b999af061ffea5a49d911e07a641a6032686712841acde85cd68aaa
32,369,0,envelope,360,22.0,21.999999999999975,0.0006628059927606955,0.007945896999444813,envelope_formula,3.552713678800501e-15,b79a58b5890a9bdc294a955c94969494e70eea6f43ee0ed3ff6d8917e977cfbc,e97622018fbe8691d22a0039f3a542db9be624b71459394ea2a8a195714e5c8e
32,369,1,cayley,352,20.152240934977428,20.152240934977424,0.005050680003478192,0.014064190007047728,character_cyclic_no_delete,7.105427357601002e-15,a93cd89582278de1a9cdff13c43e172d709edcf990590f584bfd450978be549b,13369676d8001b52e867d0abe1d13b52475ac6efb45edec95807a9061d09ba5f
32,369,1,envelope,360,22.0,21.999999999999975,0.0007219839899335057,0.008016633000806905,envelope_formula,3.552713678800501e-15,b79a58b5890a9bdc294a955c94969494e70eea6f43ee0ed3ff6d8917e977cfbc,e97622018fbe8691d22a0039f3a542db9be624b71459394ea2a8a195714e5c8e
32,369,2,cayley,352,20.152240934977428,20.15224093497742,0.005022624987759627,0.01407979401119519,character_cyclic_no_delete,1.0658141036401503e-14,21a59679b6f1d9de6db890cf4956a00ea4f74e718ccf455a6fde42b7a63a114b,9ad38706024d8b298d0a24e73572b7beae278e44f572f864ea507cfdbb86ee25
32,369,2,envelope,360,22.0,21.999999999999975,0.0009846049943007529,0.00800579899805598,envelope_formula,3.552713678800501e-15,b79a58b5890a9bdc294a955c94969494e70eea6f43ee0ed3ff6d8917e977cfbc,e97622018fbe8691d22a0039f3a542db9be624b71459394ea2a8a195714e5c8e
32,369,3,cayley,352,20.152240934977428,20.152240934977424,0.004983246006304398,0.014021217008121312,character_cyclic_no_delete,3.552713678800501e-15,646e02cc711e478b7075a6a6fa365421e53f251692a8089e556ae61f1fc9bd84,546c18772b999af061ffea5a49d911e07a641a6032686712841acde85cd68aaa
32,369,3,envelope,360,22.0,21.999999999999975,0.0006608249968849123,0.008035083999857306,envelope_formula,3.552713678800501e-15,b79a58b5890a9bdc294a955c94969494e70eea6f43ee0ed3ff6d8917e977cfbc,e97622018fbe8691d22a0039f3a542db9be624b71459394ea2a8a195714e5c8e
32,369,4,cayley,352,20.152240934977428,20.15224093497742,0.005078511007013731,0.013977085996884853,character_cyclic_no_delete,1.0658141036401503e-14,21a59679b6f1d9de6db890cf4956a00ea4f74e718ccf455a6fde42b7a63a114b,9ad38706024d8b298d0a24e73572b7beae278e44f572f864ea507cfdbb86ee25
32,369,4,envelope,360,22.0,21.999999999999975,0.0006603280053241178,0.007866022002417594,envelope_formula,3.552713678800501e-15,b79a58b5890a9bdc294a955c94969494e70eea6f43ee0ed3ff6d8917e977cfbc,e97622018fbe8691d22a0039f3a542db9be624b71459394ea2a8a195714e5c8e
32,373,0,cayley,352,20.152240934977428,20.267949192431114,0.004997432988602668,0.016953687008935958,character_cyclic_no_delete,3.552713678800501e-15,646e02cc711e478b7075a6a6fa365421e53f251692a8089e556ae61f1fc9bd84,f1076fcb9b1b8f2ec03fd6a605fc593e883cf22d427aad477dcfb7e6840264cd
32,373,0,envelope,360,22.0,21.99999999999999,0.000688994987285696,0.010780262004118413,envelope_formula,7.105427357601002e-15,b79a58b5890a9bdc294a955c94969494e70eea6f43ee0ed3ff6d8917e977cfbc,eb364d9a463a32a52d074cf1d28a89cc8965847d1c1c15194a6d6b4e08fbf611
32,373,1,cayley,352,20.152240934977428,20.267949192431125,0.004931164003210142,0.016918728011660278,character_cyclic_no_delete,7.105427357601002e-15,a93cd89582278de1a9cdff13c43e172d709edcf990590f584bfd450978be549b,d92d57644f3e551f20fad339ff4e47e377385345cd088d1a4c5a98efc0994679
32,373,1,envelope,360,22.0,21.99999999999999,0.0007046720129437745,0.010835399007191882,envelope_formula,7.105427357601002e-15,b79a58b5890a9bdc294a955c94969494e70eea6f43ee0ed3ff6d8917e977cfbc,eb364d9a463a32a52d074cf1d28a89cc8965847d1c1c15194a6d6b4e08fbf611
32,373,2,cayley,352,20.152240934977428,20.267949192431132,0.005041201991843991,0.017049873000360094,character_cyclic_no_delete,1.0658141036401503e-14,21a59679b6f1d9de6db890cf4956a00ea4f74e718ccf455a6fde42b7a63a114b,d84134a3bed0d01d82c30356e9ee9b562567bd0ee982818c5f1436c2fd44de47
32,373,2,envelope,360,22.0,21.99999999999999,0.0006977500015636906,0.011004383995896205,envelope_formula,7.105427357601002e-15,b79a58b5890a9bdc294a955c94969494e70eea6f43ee0ed3ff6d8917e977cfbc,eb364d9a463a32a52d074cf1d28a89cc8965847d1c1c15194a6d6b4e08fbf611
32,373,3,cayley,352,20.152240934977428,20.267949192431114,0.005012198002077639,0.01705953400232829,character_cyclic_no_delete,3.552713678800501e-15,646e02cc711e478b7075a6a6fa365421e53f251692a8089e556ae61f1fc9bd84,f1076fcb9b1b8f2ec03fd6a605fc593e883cf22d427aad477dcfb7e6840264cd
32,373,3,envelope,360,22.0,21.99999999999999,0.000667589993099682,0.010930622011073865,envelope_formula,7.105427357601002e-15,b79a58b5890a9bdc294a955c94969494e70eea6f43ee0ed3ff6d8917e977cfbc,eb364d9a463a32a52d074cf1d28a89cc8965847d1c1c15194a6d6b4e08fbf611
32,373,4,cayley,352,20.152240934977428,20.267949192431132,0.005080978007754311,0.017003676999593154,character_cyclic_no_delete,1.0658141036401503e-14,21a59679b6f1d9de6db890cf4956a00ea4f74e718ccf455a6fde42b7a63a114b,d84134a3bed0d01d82c30356e9ee9b562567bd0ee982818c5f1436c2fd44de47
32,373,4,envelope,360,22.0,21.99999999999999,0.0006626640097238123,0.011006905988324434,envelope_formula,7.105427357601002e-15,b79a58b5890a9bdc294a955c94969494e70eea6f43ee0ed3ff6d8917e977cfbc,eb364d9a463a32a52d074cf1d28a89cc8965847d1c1c15194a6d6b4e08fbf611
32,378,0,cayley,352,20.152240934977428,20.702978009759665,0.004972297989297658,0.020727369002997875,character_cyclic_no_delete,3.552713678800501e-15,646e02cc711e478b7075a6a6fa365421e53f251692a8089e556ae61f1fc9bd84,58805bf16a35cc9df85c7de27a01f847ff318ba9c9de8f52028df40817754177
32,378,0,envelope,378,23.0,22.999999999999968,0.0007277770055225119,0.0003205399989383295,envelope_formula,1.4210854715202004e-14,c46e71aede0fb48bb4d3cad24ade0d52915d4e5578155e91fdeb9bfacd3e46eb,c46e71aede0fb48bb4d3cad24ade0d52915d4e5578155e91fdeb9bfacd3e46eb
32,378,1,cayley,352,20.152240934977428,20.60657737181776,0.005030122003518045,0.02054640499409288,character_cyclic_no_delete,3.552713678800501e-15,a93cd89582278de1a9cdff13c43e172d709edcf990590f584bfd450978be549b,47471d886f35af0fe8212acc5652c1c4c392b71a13a6b1b2da5b2985392d59b1
32,378,1,envelope,378,23.0,22.999999999999968,0.0007278330012923107,0.00030885399610269815,envelope_formula,1.4210854715202004e-14,c46e71aede0fb48bb4d3cad24ade0d52915d4e5578155e91fdeb9bfacd3e46eb,c46e71aede0fb48bb4d3cad24ade0d52915d4e5578155e91fdeb9bfacd3e46eb
32,378,2,cayley,352,20.152240934977428,20.58578643762691,0.00537465799425263,0.020687066004029475,character_cyclic_no_delete,3.552713678800501e-15,21a59679b6f1d9de6db890cf4956a00ea4f74e718ccf455a6fde42b7a63a114b,692bb5e5100126b9bb645556ecabdeedfa5c2b1b5e0365b373170ad1ab20e9dc
32,378,2,envelope,378,23.0,22.999999999999968,0.0006852119986433536,0.0003189290000591427,envelope_formula,1.4210854715202004e-14,c46e71aede0fb48bb4d3cad24ade0d52915d4e5578155e91fdeb9bfacd3e46eb,c46e71aede0fb48bb4d3cad24ade0d52915d4e5578155e91fdeb9bfacd3e46eb
32,378,3,cayley,352,20.152240934977428,20.702978009759665,0.0050414260040270165,0.020801040009246208,character_cyclic_no_delete,3.552713678800501e-15,646e02cc711e478b7075a6a6fa365421e53f251692a8089e556ae61f1fc9bd84,58805bf16a35cc9df85c7de27a01f847ff318ba9c9de8f52028df40817754177
32,378,3,envelope,378,23.0,22.999999999999968,0.000706241000443697,0.0003092929982813075,envelope_formula,1.4210854715202004e-14,c46e71aede0fb48bb4d3cad24ade0d52915d4e5578155e91fdeb9bfacd3e46eb,c46e71aede0fb48bb4d3cad24ade0d52915d4e5578155e91fdeb9bfacd3e46eb
32,378,4,cayley,352,20.152240934977428,20.58578643762691,0.0050788889930117875,0.020848418993409723,character_cyclic_no_delete,3.552713678800501e-15,21a59679b6f1d9de6db890cf4956a00ea4f74e718ccf455a6fde42b7a63a114b,692bb5e5100126b9bb645556ecabdeedfa5c2b1b5e0365b373170ad1ab20e9dc
32,378,4,envelope,378,23.0,22.999999999999968,0.0007025840022834018,0.000307088004774414,envelope_formula,1.4210854715202004e-14,c46e71aede0fb48bb4d3cad24ade0d52915d4e5578155e91fdeb9bfacd3e46eb,c46e71aede0fb48bb4d3cad24ade0d52915d4e5578155e91fdeb9bfacd3e46eb
32,383,0,envelope,378,23.0,22.999999999999975,0.0006664009997621179,0.0050477210024837404,envelope_formula,3.552713678800501e-15,c46e71aede0fb48bb4d3cad24ade0d52915d4e5578155e91fdeb9bfacd3e46eb,2074e2f7aa97561650993260b4e4827826e87cc38974543d78d87304f635d7dd
32,383,1,envelope,378,23.0,22.999999999999975,0.0008055579965002835,0.005051022992120124,envelope_formula,3.552713678800501e-15,c46e71aede0fb48bb4d3cad24ade0d52915d4e5578155e91fdeb9bfacd3e46eb,2074e2f7aa97561650993260b4e4827826e87cc38974543d78d87304f635d7dd
32,383,2,envelope,378,23.0,22.999999999999975,0.0007926870021037757,0.005055567002273165,envelope_formula,3.552713678800501e-15,c46e71aede0fb48bb4d3cad24ade0d52915d4e5578155e91fdeb9bfacd3e46eb,2074e2f7aa97561650993260b4e4827826e87cc38974543d78d87304f635d7dd
32,383,3,envelope,378,23.0,22.999999999999975,0.0007096290064509958,0.004925525005091913,envelope_formula,3.552713678800501e-15,c46e71aede0fb48bb4d3cad24ade0d52915d4e5578155e91fdeb9bfacd3e46eb,2074e2f7aa97561650993260b4e4827826e87cc38974543d78d87304f635d7dd
32,383,4,envelope,378,23.0,22.999999999999975,0.0006918310100445524,0.00504542700946331,envelope_formula,3.552713678800501e-15,c46e71aede0fb48bb4d3cad24ade0d52915d4e5578155e91fdeb9bfacd3e46eb,2074e2f7aa97561650993260b4e4827826e87cc38974543d78d87304f635d7dd
32,387,0,envelope,384,24.0,23.999999999999975,0.0007207029993878677,0.0035652770020533353,envelope_formula,2.1316282072803006e-14,983a9fae96876f188d7b228df7d2ca223ff2be9bd47bd79fb076401ccc67b812,2260ea045f6a6b007333c369c58e915ae7108f10334685f1b87fac64e0438f1a
32,387,1,envelope,384,24.0,23.999999999999975,0.0006979229947319254,0.003537587996106595,envelope_formula,2.1316282072803006e-14,983a9fae96876f188d7b228df7d2ca223ff2be9bd47bd79fb076401ccc67b812,2260ea045f6a6b007333c369c58e915ae7108f10334685f1b87fac64e0438f1a
32,387,2,envelope,384,24.0,23.999999999999975,0.0008137120021274313,0.003527220993419178,envelope_formula,2.1316282072803006e-14,983a9fae96876f188d7b228df7d2ca223ff2be9bd47bd79fb076401ccc67b812,2260ea045f6a6b007333c369c58e915ae7108f10334685f1b87fac64e0438f1a
32,387,3,envelope,384,24.0,23.999999999999975,0.0007834579882910475,0.003549606990418397,envelope_formula,2.1316282072803006e-14,983a9fae96876f188d7b228df7d2ca223ff2be9bd47bd79fb076401ccc67b812,2260ea045f6a6b007333c369c58e915ae7108f10334685f1b87fac64e0438f1a
32,387,4,envelope,384,24.0,23.999999999999975,0.0007889160042395815,0.0035329629899933934,envelope_formula,2.1316282072803006e-14,983a9fae96876f188d7b228df7d2ca223ff2be9bd47bd79fb076401ccc67b812,2260ea045f6a6b007333c369c58e915ae7108f10334685f1b87fac64e0438f1a
32,392,0,envelope,384,24.0,23.999999999999982,0.0007316010014619678,0.007278103003045544,envelope_formula,3.197442310920451e-14,983a9fae96876f188d7b228df7d2ca223ff2be9bd47bd79fb076401ccc67b812,f7f5055a27e5fd7e9c56523917bf873631ff066e00ee8ce30859b079643a73a7
32,392,1,envelope,384,24.0,23.999999999999982,0.0006840379937784746,0.007251647999510169,envelope_formula,3.197442310920451e-14,983a9fae96876f188d7b228df7d2ca223ff2be9bd47bd79fb076401ccc67b812,f7f5055a27e5fd7e9c56523917bf873631ff066e00ee8ce30859b079643a73a7
32,392,2,envelope,384,24.0,23.999999999999982,0.0007353460096055642,0.007216698999400251,envelope_formula,3.197442310920451e-14,983a9fae96876f188d7b228df7d2ca223ff2be9bd47bd79fb076401ccc67b812,f7f5055a27e5fd7e9c56523917bf873631ff066e00ee8ce30859b079643a73a7
32,392,3,envelope,384,24.0,23.999999999999982,0.0009565159998601303,0.007235586002934724,envelope_formula,3.197442310920451e-14,983a9fae96876f188d7b228df7d2ca223ff2be9bd47bd79fb076401ccc67b812,f7f5055a27e5fd7e9c56523917bf873631ff066e00ee8ce30859b079643a73a7
32,392,4,envelope,384,24.0,23.999999999999982,0.0006931410025572404,0.007289778994163498,envelope_formula,3.197442310920451e-14,983a9fae96876f188d7b228df7d2ca223ff2be9bd47bd79fb076401ccc67b812,f7f5055a27e5fd7e9c56523917bf873631ff066e00ee8ce30859b079643a73a7
32,397,0,envelope,384,24.0,23.999999999999975,0.000699591008014977,0.010479250995558687,envelope_formula,2.1316282072803006e-14,983a9fae96876f188d7b228df7d2ca223ff2be9bd47bd79fb076401ccc67b812,a2b8942e9b1cba94077f6329450ef223ffc3a603ef957602c5d0b2017f7b251f
32,397,1,envelope,384,24.0,23.999999999999975,0.0007259730045916513,0.010803741999552585,envelope_formula,2.1316282072803006e-14,983a9fae96876f188d7b228df7d2ca223ff2be9bd47bd79fb076401ccc67b812,a2b8942e9b1cba94077f6329450ef223ffc3a603ef957602c5d0b2017f7b251f
32,397,2,envelope,384,24.0,23.999999999999975,0.0007648299942957237,0.010857389002921991,envelope_formula,2.1316282072803006e-14,983a9fae96876f188d7b228df7d2ca223ff2be9bd47bd79fb076401ccc67b812,a2b8942e9b1cba94077f6329450ef223ffc3a603ef957602c5d0b2017f7b251f
32,397,3,envelope,384,24.0,23.999999999999975,0.000729333987692371,0.010724747000494972,envelope_formula,2.1316282072803006e-14,983a9fae96876f188d7b228df7d2ca223ff2be9bd47bd79fb076401ccc67b812,a2b8942e9b1cba94077f6329450ef223ffc3a603ef957602c5d0b2017f7b251f
32,397,4,envelope,384,24.0,23.999999999999975,0.0007953189924592152,0.010890727993682958,envelope_formula,2.1316282072803006e-14,983a9fae96876f188d7b228df7d2ca223ff2be9bd47bd79fb076401ccc67b812,a2b8942e9b1cba94077f6329450ef223ffc3a603ef957602c5d0b2017f7b251f
32,401,0,envelope,384,24.0,23.99999999999998,0.0007745119946775958,0.013828180002747104,envelope_formula,7.105427357601002e-15,983a9fae96876f188d7b228df7d2ca223ff2be9bd47bd79fb076401ccc67b812,9d9bcf991142dc9f80060e8839b7ebf8605e55247af44bcd24f4394b4d2eeefa
32,401,1,envelope,384,24.0,23.99999999999998,0.000801389993284829,0.013477165004587732,envelope_formula,7.105427357601002e-15,983a9fae96876f188d7b228df7d2ca223ff2be9bd47bd79fb076401ccc67b812,9d9bcf991142dc9f80060e8839b7ebf8605e55247af44bcd24f4394b4d2eeefa
32,401,2,envelope,384,24.0,23.99999999999998,0.0006994510040385649,0.013752465005381964,envelope_formula,7.105427357601002e-15,983a9fae96876f188d7b228df7d2ca223ff2be9bd47bd79fb076401ccc67b812,9d9bcf991142dc9f80060e8839b7ebf8605e55247af44bcd24f4394b4d2eeefa
32,401,3,envelope,384,24.0,23.99999999999998,0.0007004100043559447,0.013898393008275889,envelope_formula,7.105427357601002e-15,983a9fae96876f188d7b228df7d2ca223ff2be9bd47bd79fb076401ccc67b812,9d9bcf991142dc9f80060e8839b7ebf8605e55247af44bcd24f4394b4d2eeefa
32,401,4,envelope,384,24.0,23.99999999999998,0.0007053869921946898,0.013869589995010756,envelope_formula,7.105427357601002e-15,983a9fae96876f188d7b228df7d2ca223ff2be9bd47bd79fb076401ccc67b812,9d9bcf991142dc9f80060e8839b7ebf8605e55247af44bcd24f4394b4d2eeefa
32,406,0,envelope,406,25.0,24.99999999999997,0.0008259050082415342,0.00033327299752272666,envelope_formula,7.105427357601002e-15,56eaf23f68bdd592b058a142b9c361db5f946c44505aa70bbf9cced35862c144,56eaf23f68bdd592b058a142b9c361db5f946c44505aa70bbf9cced35862c144
32,406,1,envelope,406,25.0,24.99999999999997,0.0008160259894793853,0.00032559600367676467,envelope_formula,7.105427357601002e-15,56eaf23f68bdd592b058a142b9c361db5f946c44505aa70bbf9cced35862c144,56eaf23f68bdd592b058a142b9c361db5f946c44505aa70bbf9cced35862c144
32,406,2,envelope,406,25.0,24.99999999999997,0.000858392013469711,0.00032869599817786366,envelope_formula,7.105427357601002e-15,56eaf23f68bdd592b058a142b9c361db5f946c44505aa70bbf9cced35862c144,56eaf23f68bdd592b058a142b9c361db5f946c44505aa70bbf9cced35862c144
32,406,3,envelope,406,25.0,24.99999999999997,0.0008266049990197644,0.0003423059970373288,envelope_formula,7.105427357601002e-15,56eaf23f68bdd592b058a142b9c361db5f946c44505aa70bbf9cced35862c144,56eaf23f68bdd592b058a142b9c361db5f946c44505aa70bbf9cced35862c144
32,406,4,envelope,406,25.0,24.99999999999997,0.0008069269970292225,0.0003291040047770366,envelope_formula,7.105427357601002e-15,56eaf23f68bdd592b058a142b9c361db5f946c44505aa70bbf9cced35862c144,56eaf23f68bdd592b058a142b9c361db5f946c44505aa70bbf9cced35862c144
32,411,0,envelope,406,25.0,24.999999999999964,0.0007335359987337142,0.005079598995507695,envelope_formula,7.105427357601002e-15,56eaf23f68bdd592b058a142b9c361db5f946c44505aa70bbf9cced35862c144,bd9826586a698de10fbbf7027f47844e176d1eb59d1c85e2d0c9a5acdb57c9ed
32,411,1,envelope,406,25.0,24.999999999999964,0.0009918499999912456,0.005098205991089344,envelope_formula,7.105427357601002e-15,56eaf23f68bdd592b058a142b9c361db5f946c44505aa70bbf9cced35862c144,bd9826586a698de10fbbf7027f47844e176d1eb59d1c85e2d0c9a5acdb57c9ed
32,411,2,envelope,406,25.0,24.999999999999964,0.00083112099673599,0.004997534007998183,envelope_formula,7.105427357601002e-15,56eaf23f68bdd592b058a142b9c361db5f946c44505aa70bbf9cced35862c144,bd9826586a698de10fbbf7027f47844e176d1eb59d1c85e2d0c9a5acdb57c9ed
32,411,3,envelope,406,25.0,24.999999999999964,0.0007793080003466457,0.0049948369996855035,envelope_formula,7.105427357601002e-15,56eaf23f68bdd592b058a142b9c361db5f946c44505aa70bbf9cced35862c144,bd9826586a698de10fbbf7027f47844e176d1eb59d1c85e2d0c9a5acdb57c9ed
32,411,4,envelope,406,25.0,24.999999999999964,0.000822540998342447,0.004992050991859287,envelope_formula,7.105427357601002e-15,56eaf23f68bdd592b058a142b9c361db5f946c44505aa70bbf9cced35862c144,bd9826586a698de10fbbf7027f47844e176d1eb59d1c85e2d0c9a5acdb57c9ed
32,415,0,envelope,406,25.0,24.99999999999997,0.0008043330017244443,0.00807990599423647,envelope_formula,3.552713678800501e-15,56eaf23f68bdd592b058a142b9c361db5f946c44505aa70bbf9cced35862c144,0386cdd7f6b3158a6752c51c165079ae6658047196e1b39184a2c8da17bc8aed
32,415,1,envelope,406,25.0,24.99999999999997,0.0007585600105812773,0.007972045001224615,envelope_formula,3.552713678800501e-15,56eaf23f68bdd592b058a142b9c361db5f946c44505aa70bbf9cced35862c144,0386cdd7f6b3158a6752c51c165079ae6658047196e1b39184a2c8da17bc8aed
32,415,2,envelope,406,25.0,24.99999999999997,0.0008303279901156202,0.007708695993642323,envelope_formula,3.552713678800501e-15,56eaf23f68bdd592b058a142b9c361db5f946c44505aa70bbf9cced35862c144,0386cdd7f6b3158a6752c51c165079ae6658047196e1b39184a2c8da17bc8aed
32,415,3,envelope,406,25.0,24.99999999999997,0.0008080230036284775,0.007897661998867989,envelope_formula,3.552713678800501e-15,56eaf23f68bdd592b058a142b9c361db5f946c44505aa70bbf9cced35862c144,0386cdd7f6b3158a6752c51c165079ae6658047196e1b39184a2c8da17bc8aed
32,415,4,envelope,406,25.0,24.99999999999997,0.0008142000006046146,0.0076294819882605225,envelope_formula,3.552713678800501e-15,56eaf23f68bdd592b058a142b9c361db5f946c44505aa70bbf9cced35862c144,0386cdd7f6b3158a6752c51c165079ae6658047196e1b39184a2c8da17bc8aed
32,420,0,envelope,420,26.0,25.999999999999936,0.0007797099970048293,0.0003469489893177524,envelope_formula,7.105427357601002e-15,b6207b9dc8fdbc6f2719a64ef412676e88e828a0bb444cb285656727e36d42c2,b6207b9dc8fdbc6f2719a64ef412676e88e828a0bb444cb285656727e36d42c2
32,420,1,envelope,420,26.0,25.999999999999936,0.0008417899953201413,0.00032751099206507206,envelope_formula,7.105427357601002e-15,b6207b9dc8fdbc6f2719a64ef412676e88e828a0bb444cb285656727e36d42c2,b6207b9dc8fdbc6f2719a64ef412676e88e828a0bb444cb285656727e36d42c2
32,420,2,envelope,420,26.0,25.999999999999936,0.0008180339937098324,0.00032840999483596534,envelope_formula,7.105427357601002e-15,b6207b9dc8fdbc6f2719a64ef412676e88e828a0bb444cb285656727e36d42c2,b6207b9dc8fdbc6f2719a64ef412676e88e828a0bb444cb285656727e36d42c2
32,420,3,envelope,420,26.0,25.999999999999936,0.0007399129972327501,0.0003362620045663789,envelope_formula,7.105427357601002e-15,b6207b9dc8fdbc6f2719a64ef412676e88e828a0bb444cb285656727e36d42c2,b6207b9dc8fdbc6f2719a64ef412676e88e828a0bb444cb285656727e36d42c2
32,420,4,envelope,420,26.0,25.999999999999936,0.0008409319998463616,0.0003334659995744005,envelope_formula,7.105427357601002e-15,b6207b9dc8fdbc6f2719a64ef412676e88e828a0bb444cb285656727e36d42c2,b6207b9dc8fdbc6f2719a64ef412676e88e828a0bb444cb285656727e36d42c2
32,425,0,envelope,420,26.0,25.99999999999998,0.0007176530052674934,0.004793318992597051,envelope_formula,1.0658141036401503e-14,b6207b9dc8fdbc6f2719a64ef412676e88e828a0bb444cb285656727e36d42c2,1fbf296ee5d5c2a88ac2a1e49edd38cebf0da524f5b49cc75f7234e5f45efbef
32,425,1,envelope,420,26.0,25.99999999999998,0.0008787209953879938,0.004865815004450269,envelope_formula,1.0658141036401503e-14,b6207b9dc8fdbc6f2719a64ef412676e88e828a0bb444cb285656727e36d42c2,1fbf296ee5d5c2a88ac2a1e49edd38cebf0da524f5b49cc75f7234e5f45efbef
32,425,2,envelope,420,26.0,25.99999999999998,0.0008584809984313324,0.0048552770022070035,envelope_formula,1.0658141036401503e-14,b6207b9dc8fdbc6f2719a64ef412676e88e828a0bb444cb285656727e36d42c2,1fbf296ee5d5c2a88ac2a1e49edd38cebf0da524f5b49cc75f7234e5f45efbef
32,425,3,envelope,420,26.0,25.99999999999998,0.0011062979901907966,0.004789156999322586,envelope_formula,1.0658141036401503e-14,b6207b9dc8fdbc6f2719a64ef412676e88e828a0bb444cb285656727e36d42c2,1fbf296ee5d5c2a88ac2a1e49edd38cebf0da524f5b49cc75f7234e5f45efbef
32,425,4,envelope,420,26.0,25.99999999999998,0.0008191499946406111,0.004777091002324596,envelope_formula,1.0658141036401503e-14,b6207b9dc8fdbc6f2719a64ef412676e88e828a0bb444cb285656727e36d42c2,1fbf296ee5d5c2a88ac2a1e49edd38cebf0da524f5b49cc75f7234e5f45efbef
32,430,0,envelope,420,26.0,25.99999999999997,0.0007656830130144954,0.00827989200479351,envelope_formula,0.0,b6207b9dc8fdbc6f2719a64ef412676e88e828a0bb444cb285656727e36d42c2,ef825a55fbc6b734d901bd9ebf018841117c059681f6d36850c00f61ed037dd8
32,430,1,envelope,420,26.0,25.99999999999997,0.0008216010028263554,0.008302982998429798,envelope_formula,0.0,b6207b9dc8fdbc6f2719a64ef412676e88e828a0bb444cb285656727e36d42c2,ef825a55fbc6b734d901bd9ebf018841117c059681f6d36850c00f61ed037dd8
32,430,2,envelope,420,26.0,25.99999999999997,0.0007405030046356842,0.008263362004072405,envelope_formula,0.0,b6207b9dc8fdbc6f2719a64ef412676e88e828a0bb444cb285656727e36d42c2,ef825a55fbc6b734d901bd9ebf018841117c059681f6d36850c00f61ed037dd8
32,430,3,envelope,420,26.0,25.99999999999997,0.0008416170021519065,0.008164383994881064,envelope_formula,0.0,b6207b9dc8fdbc6f2719a64ef412676e88e828a0bb444cb285656727e36d42c2,ef825a55fbc6b734d901bd9ebf018841117c059681f6d36850c00f61ed037dd8
32,430,4,envelope,420,26.0,25.99999999999997,0.0007623879937455058,0.008284600000479259,envelope_formula,0.0,b6207b9dc8fdbc6f2719a64ef412676e88e828a0bb444cb285656727e36d42c2,ef825a55fbc6b734d901bd9ebf018841117c059681f6d36850c00f61ed037dd8
32,434,0,envelope,420,26.0,25.999999999999986,0.0008222469914471731,0.01102126800105907,envelope_formula,1.4210854715202004e-14,b6207b9dc8fdbc6f2719a64ef412676e88e828a0bb444cb285656727e36d42c2,97a4defb7fbc0244743b9566ba2ced292f4acff5b9c87eb8958a24d67591bcd8
32,434,1,envelope,420,26.0,25.999999999999986,0.0007401939947158098,0.011015207011951134,envelope_formula,1.4210854715202004e-14,b6207b9dc8fdbc6f2719a64ef412676e88e828a0bb444cb285656727e36d42c2,97a4defb7fbc0244743b9566ba2ced292f4acff5b9c87eb8958a24d67591bcd8
32,434,2,envelope,420,26.0,25.999999999999986,0.0007657829992240295,0.010966200003167614,envelope_formula,1.4210854715202004e-14,b6207b9dc8fdbc6f2719a64ef412676e88e828a0bb444cb285656727e36d42c2,97a4defb7fbc0244743b9566ba2ced292f4acff5b9c87eb8958a24d67591bcd8
32,434,3,envelope,420,26.0,25.999999999999986,0.0007190640026237816,0.01093192100233864,envelope_formula,1.4210854715202004e-14,b6207b9dc8fdbc6f2719a64ef412676e88e828a0bb444cb285656727e36d42c2,97a4defb7fbc0244743b9566ba2ced292f4acff5b9c87eb8958a24d67591bcd8
32,434,4,envelope,420,26.0,25.999999999999986,0.0007539509970229119,0.010883861003094353,envelope_formula,1.4210854715202004e-14,b6207b9dc8fdbc6f2719a64ef412676e88e828a0bb444cb285656727e36d42c2,97a4defb7fbc0244743b9566ba2ced292f4acff5b9c87eb8958a24d67591bcd8
32,439,0,envelope,435,27.0,26.999999999999964,0.0007728920027147979,0.004121559002669528,envelope_formula,1.4210854715202004e-14,d5d00ab9584cba250e9a540c879fac65be080d7fb901a1ad4ace23f59e916b15,c2214525476e983062e765329e67890c838df24330a9efa7cfc12db7440780a9
32,439,1,envelope,435,27.0,26.999999999999964,0.0008552630024496466,0.004121111007407308,envelope_formula,1.4210854715202004e-14,d5d00ab9584cba250e9a540c879fac65be080d7fb901a1ad4ace23f59e916b15,c2214525476e983062e765329e67890c838df24330a9efa7cfc12db7440780a9
32,439,2,envelope,435,27.0,26.999999999999964,0.0008258390007540584,0.004098820994840935,envelope_formula,1.4210854715202004e-14,d5d00ab9584cba250e9a540c879fac65be080d7fb901a1ad4ace23f59e916b15,c2214525476e983062e765329e67890c838df24330a9efa7cfc12db7440780a9
32,439,3,envelope,435,27.0,26.999999999999964,0.0007889230037108064,0.004145784987485968,envelope_formula,1.4210854715202004e-14,d5d00ab9584cba250e9a540c879fac65be080d7fb901a1ad4ace23f59e916b15,c2214525476e983062e765329e67890c838df24330a9efa7cfc12db7440780a9
32,439,4,envelope,435,27.0,26.999999999999964,0.0008625339978607371,0.004105125990463421,envelope_formula,1.4210854715202004e-14,d5d00ab9584cba250e9a540c879fac65be080d7fb901a1ad4ace23f59e916b15,c2214525476e983062e765329e67890c838df24330a9efa7cfc12db7440780a9
32,444,0,envelope,435,27.0,26.999999999999982,0.0011340499913785607,0.007510983996326104,envelope_formula,1.0658141036401503e-14,d5d00ab9584cba250e9a540c879fac65be080d7fb901a1ad4ace23f59e916b15,7e56e7e389c225fdb12146bcc381b685ce416ffd6dbf6abbf238b1699d3f2d7d
32,444,1,envelope,435,27.0,26.999999999999982,0.0008615260012447834,0.007494378995033912,envelope_formula,1.0658141036401503e-14,d5d00ab9584cba250e9a540c879fac65be080d7fb901a1ad4ace23f59e916b15,7e56e7e389c225fdb12146bcc381b685ce416ffd6dbf6abbf238b1699d3f2d7d
32,444,2,envelope,435,27.0,26.999999999999982,0.000905795008293353,0.007520129001932219,envelope_formula,1.0658141036401503e-14,d5d00ab9584cba250e9a540c879fac65be080d7fb901a1ad4ace23f59e916b15,7e56e7e389c225fdb12146bcc381b685ce416ffd6dbf6abbf238b1699d3f2d7d
32,444,3,envelope,435,27.0,26.999999999999982,0.0008679379970999435,0.007469386997399852,envelope_formula,1.0658141036401503e-14,d5d00ab9584cba250e9a540c879fac65be080d7fb901a1ad4ace23f59e916b15,7e56e7e389c225fdb12146bcc381b685ce416ffd6dbf6abbf238b1699d3f2d7d
32,444,4,envelope,435,27.0,26.999999999999982,0.0008735870069358498,0.00761038699420169,envelope_formula,1.0658141036401503e-14,d5d00ab9584cba250e9a540c879fac65be080d7fb901a1ad4ace23f59e916b15,7e56e7e389c225fdb12146bcc381b685ce416ffd6dbf6abbf238b1699d3f2d7d
32,448,0,envelope,448,28.0,27.999999999999964,0.0008031299948925152,0.0003297399962320924,envelope_formula,3.197442310920451e-14,54a950b131985bda029f56ea88a5bf28c86aa31162b6560d4bc2bfbdf7cd57db,54a950b131985bda029f56ea88a5bf28c86aa31162b6560d4bc2bfbdf7cd57db
32,448,1,envelope,448,28.0,27.999999999999964,0.0009003059967653826,0.00032932798785623163,envelope_formula,3.197442310920451e-14,54a950b131985bda029f56ea88a5bf28c86aa31162b6560d4bc2bfbdf7cd57db,54a950b131985bda029f56ea88a5bf28c86aa31162b6560d4bc2bfbdf7cd57db
32,448,2,envelope,448,28.0,27.999999999999964,0.0008321189961861819,0.00033107299532275647,envelope_formula,3.197442310920451e-14,54a950b131985bda029f56ea88a5bf28c86aa31162b6560d4bc2bfbdf7cd57db,54a950b131985bda029f56ea88a5bf28c86aa31162b6560d4bc2bfbdf7cd57db
32,448,3,envelope,448,28.0,27.999999999999964,0.0008909139869501814,0.000325396002153866,envelope_formula,3.197442310920451e-14,54a950b131985bda029f56ea88a5bf28c86aa31162b6560d4bc2bfbdf7cd57db,54a950b131985bda029f56ea88a5bf28c86aa31162b6560d4bc2bfbdf7cd57db
32,448,4,envelope,448,28.0,27.999999999999964,0.0008619389991508797,0.00033255599555559456,envelope_formula,3.197442310920451e-14,54a950b131985bda029f56ea88a5bf28c86aa31162b6560d4bc2bfbdf7cd57db,54a950b131985bda029f56ea88a5bf28c86aa31162b6560d4bc2bfbdf7cd57db
32,453,0,envelope,448,28.0,27.999999999999964,0.000761769013479352,0.004749368992634118,envelope_formula,7.105427357601002e-15,54a950b131985bda029f56ea88a5bf28c86aa31162b6560d4bc2bfbdf7cd57db,38e07411bde7d776474aa087d88a358e46f9b5f26781a663c4463079d51b8526
32,453,1,envelope,448,28.0,27.999999999999964,0.0008879800006980076,0.004831004000152461,envelope_formula,7.105427357601002e-15,54a950b131985bda029f56ea88a5bf28c86aa31162b6560d4bc2bfbdf7cd57db,38e07411bde7d776474aa087d88a358e46f9b5f26781a663c4463079d51b8526
32,453,2,envelope,448,28.0,27.999999999999964,0.0008692900009918958,0.004724418991827406,envelope_formula,7.105427357601002e-15,54a950b131985bda029f56ea88a5bf28c86aa31162b6560d4bc2bfbdf7cd57db,38e07411bde7d776474aa087d88a358e46f9b5f26781a663c4463079d51b8526
32,453,3,envelope,448,28.0,27.999999999999964,0.0007837459997972474,0.004783129013958387,envelope_formula,7.105427357601002e-15,54a950b131985bda029f56ea88a5bf28c86aa31162b6560d4bc2bfbdf7cd57db,38e07411bde7d776474aa087d88a358e46f9b5f26781a663c4463079d51b8526
32,453,4,envelope,448,28.0,27.999999999999964,0.0008818229980533943,0.004784184988238849,envelope_formula,7.105427357601002e-15,54a950b131985bda029f56ea88a5bf28c86aa31162b6560d4bc2bfbdf7cd57db,38e07411bde7d776474aa087d88a358e46f9b5f26781a663c4463079d51b8526
32,458,0,envelope,448,28.0,27.999999999999964,0.0007992570026544854,0.008140821009874344,envelope_formula,3.552713678800501e-15,54a950b131985bda029f56ea88a5bf28c86aa31162b6560d4bc2bfbdf7cd57db,06720464b9662ff9cb05b845d3c4f26b8efe9d09d860824652222635f26ffbe5
32,458,1,envelope,448,28.0,27.999999999999964,0.0011487239971756935,0.008160150013281964,envelope_formula,3.552713678800501e-15,54a950b131985bda029f56ea88a5bf28c86aa31162b6560d4bc2bfbdf7cd57db,06720464b9662ff9cb05b845d3c4f26b8efe9d09d860824652222635f26ffbe5
32,458,2,envelope,448,28.0,27.999999999999964,0.0008658900042064488,0.008171832989319228,envelope_formula,3.552713678800501e-15,54a950b131985bda029f56ea88a5bf28c86aa31162b6560d4bc2bfbdf7cd57db,06720464b9662ff9cb05b845d3c4f26b8efe9d09d860824652222635f26ffbe5
32,458,3,envelope,448,28.0,27.999999999999964,0.0007919339986983687,0.008074044992099516,envelope_formula,3.552713678800501e-15,54a950b131985bda029f56ea88a5bf28c86aa31162b6560d4bc2bfbdf7cd57db,06720464b9662ff9cb05b845d3c4f26b8efe9d09d860824652222635f26ffbe5
32,458,4,envelope,448,28.0,27.999999999999964,0.0008810989966150373,0.00814801400701981,envelope_formula,3.552713678800501e-15,54a950b131985bda029f56ea88a5bf28c86aa31162b6560d4bc2bfbdf7cd57db,06720464b9662ff9cb05b845d3c4f26b8efe9d09d860824652222635f26ffbe5
32,462,0,envelope,448,28.0,27.999999999999993,0.0008128240006044507,0.010888550008530729,envelope_formula,2.4868995751603507e-14,54a950b131985bda029f56ea88a5bf28c86aa31162b6560d4bc2bfbdf7cd57db,0e28eadfe24f248da22fecc1cfd88b896fc890d6c042a2a6ff7bcf1138e2a6b9
32,462,1,envelope,448,28.0,27.999999999999993,0.0008494189969496801,0.010781078992295079,envelope_formula,2.4868995751603507e-14,54a950b131985bda029f56ea88a5bf28c86aa31162b6560d4bc2bfbdf7cd57db,0e28eadfe24f248da22fecc1cfd88b896fc890d6c042a2a6ff7bcf1138e2a6b9
32,462,2,envelope,448,28.0,27.999999999999993,0.0008256069995695725,0.010886203002883121,envelope_formula,2.4868995751603507e-14,54a950b131985bda029f56ea88a5bf28c86aa31162b6560d4bc2bfbdf7cd57db,0e28eadfe24f248da22fecc1cfd88b896fc890d6c042a2a6ff7bcf1138e2a6b9
32,462,3,envelope,448,28.0,27.999999999999993,0.0007707940094405785,0.0108408270025393,envelope_formula,2.4868995751603507e-14,54a950b131985bda029f56ea88a5bf28c86aa31162b6560d4bc2bfbdf7cd57db,0e28eadfe24f248da22fecc1cfd88b896fc890d6c042a2a6ff7bcf1138e2a6b9
32,462,4,envelope,448,28.0,27.999999999999993,0.0008076290105236694,0.010935746002360247,envelope_formula,2.4868995751603507e-14,54a950b131985bda029f56ea88a5bf28c86aa31162b6560d4bc2bfbdf7cd57db,0e28eadfe24f248da22fecc1cfd88b896fc890d6c042a2a6ff7bcf1138e2a6b9
32,467,0,envelope,465,29.0,28.999999999999947,0.0009088639926631004,0.0027274000021861866,envelope_formula,3.552713678800501e-15,eb56cc93dbc80e4b4da7556be3e728b4cbc9e5121b1a6567c1e3efb8411782d9,b492a6daf2b8b42afee0fab29fba92af05934bae1283be1dd178dc8e78042ecb
32,467,1,envelope,465,29.0,28.999999999999947,0.0009590120025677606,0.0027421379927545786,envelope_formula,3.552713678800501e-15,eb56cc93dbc80e4b4da7556be3e728b4cbc9e5121b1a6567c1e3efb8411782d9,b492a6daf2b8b42afee0fab29fba92af05934bae1283be1dd178dc8e78042ecb
32,467,2,envelope,465,29.0,28.999999999999947,0.0009034200047608465,0.00277830999402795,envelope_formula,3.552713678800501e-15,eb56cc93dbc80e4b4da7556be3e728b4cbc9e5121b1a6567c1e3efb8411782d9,b492a6daf2b8b42afee0fab29fba92af05934bae1283be1dd178dc8e78042ecb
32,467,3,envelope,465,29.0,28.999999999999947,0.0008536209934391081,0.00277453800663352,envelope_formula,3.552713678800501e-15,eb56cc93dbc80e4b4da7556be3e728b4cbc9e5121b1a6567c1e3efb8411782d9,b492a6daf2b8b42afee0fab29fba92af05934bae1283be1dd178dc8e78042ecb
32,467,4,envelope,465,29.0,28.999999999999947,0.0009028939966810867,0.002748514001723379,envelope_formula,3.552713678800501e-15,eb56cc93dbc80e4b4da7556be3e728b4cbc9e5121b1a6567c1e3efb8411782d9,b492a6daf2b8b42afee0fab29fba92af05934bae1283be1dd178dc8e78042ecb
32,472,0,envelope,465,29.0,28.999999999999968,0.0009402260038768873,0.006074921999243088,envelope_formula,7.105427357601002e-15,eb56cc93dbc80e4b4da7556be3e728b4cbc9e5121b1a6567c1e3efb8411782d9,455ec432875da5cd2496ad857e06c21fa585c5ebdb24a25897c7e3bce25e834f
32,472,1,envelope,465,29.0,28.999999999999968,0.0009255639888579026,0.00613514099677559,envelope_formula,7.105427357601002e-15,eb56cc93dbc80e4b4da7556be3e728b4cbc9e5121b1a6567c1e3efb8411782d9,455ec432875da5cd2496ad857e06c21fa585c5ebdb24a25897c7e3bce25e834f
32,472,2,envelope,465,29.0,28.999999999999968,0.001121556997532025,0.006189412990352139,envelope_formula,7.105427357601002e-15,eb56cc93dbc80e4b4da7556be3e728b4cbc9e5121b1a6567c1e3efb8411782d9,455ec432875da5cd2496ad857e06c21fa585c5ebdb24a25897c7e3bce25e834f
32,472,3,envelope,465,29.0,28.999999999999968,0.0007876939926063642,0.006058750004740432,envelope_formula,7.105427357601002e-15,eb56cc93dbc80e4b4da7556be3e728b4cbc9e5121b1a6567c1e3efb8411782d9,455ec432875da5cd2496ad857e06c21fa585c5ebdb24a25897c7e3bce25e834f
32,472,4,envelope,465,29.0,28.999999999999968,0.000941066988161765,0.006141453006421216,envelope_formula,7.105427357601002e-15,eb56cc93dbc80e4b4da7556be3e728b4cbc9e5121b1a6567c1e3efb8411782d9,455ec432875da5cd2496ad857e06c21fa585c5ebdb24a25897c7e3bce25e834f
32,476,0,envelope,465,29.0,28.999999999999975,0.0009551039984216914,0.008840436988975853,envelope_formula,0.0,eb56cc93dbc80e4b4da7556be3e728b4cbc9e5121b1a6567c1e3efb8411782d9,af9fd695638fa8892a9da57e83512733281f069cfc4bb6907e3a573e66c28bee
32,476,1,envelope,465,29.0,28.999999999999975,0.0009009850036818534,0.008738698990782723,envelope_formula,0.0,eb56cc93dbc80e4b4da7556be3e728b4cbc9e5121b1a6567c1e3efb8411782d9,af9fd695638fa8892a9da57e83512733281f069cfc4bb6907e3a573e66c28bee
32,476,2,envelope,465,29.0,28.999999999999975,0.0008477200026391074,0.008742555990465917,envelope_formula,0.0,eb56cc93dbc80e4b4da7556be3e728b4cbc9e5121b1a6567c1e3efb8411782d9,af9fd695638fa8892a9da57e83512733281f069cfc4bb6907e3a573e66c28bee
32,476,3,envelope,465,29.0,28.999999999999975,0.0008110160124488175,0.008938873987062834,envelope_formula,0.0,eb56cc93dbc80e4b4da7556be3e728b4cbc9e5121b1a6567c1e3efb8411782d9,af9fd695638fa8892a9da57e83512733281f069cfc4bb6907e3a573e66c28bee
32,476,4,envelope,465,29.0,28.999999999999975,0.0009480160078965127,0.00885468500200659,envelope_formula,0.0,eb56cc93dbc80e4b4da7556be3e728b4cbc9e5121b1a6567c1e3efb8411782d9,af9fd695638fa8892a9da57e83512733281f069cfc4bb6907e3a573e66c28bee
32,481,0,envelope,480,30.0,29.99999999999997,0.0009861439903033897,0.0020634439861169085,envelope_formula,3.197442310920451e-14,92998fbeeaa963eb2cae2fa5d8d95a2e46aa9091aa147ac49f543147c82d4733,cd169efbfaf860455c017c2833805e598f8bea36fda71cf2a26e993a1a782f15
32,481,1,envelope,480,30.0,29.99999999999997,0.0009224980021826923,0.0020527690066955984,envelope_formula,3.197442310920451e-14,92998fbeeaa963eb2cae2fa5d8d95a2e46aa9091aa147ac49f543147c82d4733,cd169efbfaf860455c017c2833805e598f8bea36fda71cf2a26e993a1a782f15
32,481,2,envelope,480,30.0,29.99999999999997,0.0009693159954622388,0.002051910007139668,envelope_formula,3.197442310920451e-14,92998fbeeaa963eb2cae2fa5d8d95a2e46aa9091aa147ac49f543147c82d4733,cd169efbfaf860455c017c2833805e598f8bea36fda71cf2a26e993a1a782f15
32,481,3,envelope,480,30.0,29.99999999999997,0.0009475660044699907,0.002064959000563249,envelope_formula,3.197442310920451e-14,92998fbeeaa963eb2cae2fa5d8d95a2e46aa9091aa147ac49f543147c82d4733,cd169efbfaf860455c017c2833805e598f8bea36fda71cf2a26e993a1a782f15
32,481,4,envelope,480,30.0,29.99999999999997,0.0010109299910254776,0.0020566449966281652,envelope_formula,3.197442310920451e-14,92998fbeeaa963eb2cae2fa5d8d95a2e46aa9091aa147ac49f543147c82d4733,cd169efbfaf860455c017c2833805e598f8bea36fda71cf2a26e993a1a782f15
32,486,0,envelope,480,30.0,29.99999999999997,0.000908910995349288,0.005465338006615639,envelope_formula,2.1316282072803006e-14,92998fbeeaa963eb2cae2fa5d8d95a2e46aa9091aa147ac49f543147c82d4733,b877f605c8626f06e0a2829e53db5594c2eb2285d0f075e521f585457c1e70ab
32,486,1,envelope,480,30.0,29.99999999999997,0.000982423996902071,0.005458134997752495,envelope_formula,2.1316282072803006e-14,92998fbeeaa963eb2cae2fa5d8d95a2e46aa9091aa147ac49f543147c82d4733,b877f605c8626f06e0a2829e53db5594c2eb2285d0f075e521f585457c1e70ab
32,486,2,envelope,480,30.0,29.99999999999997,0.0008727850072318688,0.005406816009781323,envelope_formula,2.1316282072803006e-14,92998fbeeaa963eb2cae2fa5d8d95a2e46aa9091aa147ac49f543147c82d4733,b877f605c8626f06e0a2829e53db5594c2eb2285d0f075e521f585457c1e70ab
32,486,3,envelope,480,30.0,29.99999999999997,0.0011648359941318631,0.005413583989138715,envelope_formula,2.1316282072803006e-14,92998fbeeaa963eb2cae2fa5d8d95a2e46aa9091aa147ac49f543147c82d4733,b877f605c8626f06e0a2829e53db5594c2eb2285d0f075e521f585457c1e70ab
32,486,4,envelope,480,30.0,29.99999999999997,0.0009177360043395311,0.005412008002167568,envelope_formula,2.1316282072803006e-14,92998fbeeaa963eb2cae2fa5d8d95a2e46aa9091aa147ac49f543147c82d4733,b877f605c8626f06e0a2829e53db5594c2eb2285d0f075e521f585457c1e70ab
32,490,0,envelope,480,30.0,29.99999999999999,0.0009010529902298003,0.00815678400977049,envelope_formula,7.105427357601002e-15,92998fbeeaa963eb2cae2fa5d8d95a2e46aa9091aa147ac49f543147c82d4733,cd4be3fbcbc4a33287ea5874adb829d308345d5de80ff3d7cce1ef14665ffc17
32,490,1,envelope,480,30.0,29.99999999999999,0.0009801619889913127,0.00812476800638251,envelope_formula,7.105427357601002e-15,92998fbeeaa963eb2cae2fa5d8d95a2e46aa9091aa147ac49f543147c82d4733,cd4be3fbcbc4a33287ea5874adb829d308345d5de80ff3d7cce1ef14665ffc17
32,490,2,envelope,480,30.0,29.99999999999999,0.0009028469939948991,0.008099554004729725,envelope_formula,7.105427357601002e-15,92998fbeeaa963eb2cae2fa5d8d95a2e46aa9091aa147ac49f543147c82d4733,cd4be3fbcbc4a33287ea5874adb829d308345d5de80ff3d7cce1ef14665ffc17
32,490,3,envelope,480,30.0,29.99999999999999,0.0008823630050756037,0.008070426993072033,envelope_formula,7.105427357601002e-15,92998fbeeaa963eb2cae2fa5d8d95a2e46aa9091aa147ac49f543147c82d4733,cd4be3fbcbc4a33287ea5874adb829d308345d5de80ff3d7cce1ef14665ffc17
32,490,4,envelope,480,30.0,29.99999999999999,0.0009351629996672273,0.008086736997938715,envelope_formula,7.105427357601002e-15,92998fbeeaa963eb2cae2fa5d8d95a2e46aa9091aa147ac49f543147c82d4733,cd4be3fbcbc4a33287ea5874adb829d308345d5de80ff3d7cce1ef14665ffc17
32,495,0,envelope,480,30.0,29.999999999999993,0.0009681889932835475,0.011378075010725297,envelope_formula,7.105427357601002e-15,92998fbeeaa963eb2cae2fa5d8d95a2e46aa9091aa147ac49f543147c82d4733,a87ab05d26872c1378c8712710bd8c819f82f4976350f03162820f772057f525
32,495,1,envelope,480,30.0,29.999999999999993,0.0009090370003832504,0.01138636599353049,envelope_formula,7.105427357601002e-15,92998fbeeaa963eb2cae2fa5d8d95a2e46aa9091aa147ac49f543147c82d4733,a87ab05d26872c1378c8712710bd8c819f82f4976350f03162820f772057f525
32,495,2,envelope,480,30.0,29.999999999999993,0.0008748849941184744,0.0113512410025578,envelope_formula,7.105427357601002e-15,92998fbeeaa963eb2cae2fa5d8d95a2e46aa9091aa147ac49f543147c82d4733,a87ab05d26872c1378c8712710bd8c819f82f4976350f03162820f772057f525
32,495,3,envelope,480,30.0,29.999999999999993,0.0010050999990198761,0.01135489999433048,envelope_formula,7.105427357601002e-15,92998fbeeaa963eb2cae2fa5d8d95a2e46aa9091aa147ac49f543147c82d4733,a87ab05d26872c1378c8712710bd8c819f82f4976350f03162820f772057f525
32,495,4,envelope,480,30.0,29.999999999999993,0.0009617580071790144,0.011347712992574088,envelope_formula,7.105427357601002e-15,92998fbeeaa963eb2cae2fa5d8d95a2e46aa9091aa147ac49f543147c82d4733,a87ab05d26872c1378c8712710bd8c819f82f4976350f03162820f772057f525
64,64,0,envelope,63,1.0,1.0,0.00030575200798921287,0.0030938330019125715,envelope_formula,3.219646771412954e-15,230606d3f05254be0d6c95d8c571d00c9703459d35390bd66122a73426c821a0,4395f76eb010f593babd3bca0568be3cd5e6fe90ac872bd1da5590220a368813
64,64,1,envelope,63,1.0,1.0,0.0003056599962292239,0.003084827010752633,envelope_formula,3.219646771412954e-15,230606d3f05254be0d6c95d8c571d00c9703459d35390bd66122a73426c821a0,4395f76eb010f593babd3bca0568be3cd5e6fe90ac872bd1da5590220a368813
64,64,2,envelope,63,1.0,1.0,0.0003101860056631267,0.003092108992859721,envelope_formula,3.219646771412954e-15,230606d3f05254be0d6c95d8c571d00c9703459d35390bd66122a73426c821a0,4395f76eb010f593babd3bca0568be3cd5e6fe90ac872bd1da5590220a368813
64,64,3,envelope,63,1.0,1.0,0.0003768980095628649,0.003117218002444133,envelope_formula,3.219646771412954e-15,230606d3f05254be0d6c95d8c571d00c9703459d35390bd66122a73426c821a0,4395f76eb010f593babd3bca0568be3cd5e6fe90ac872bd1da5590220a368813
64,64,4,envelope,63,1.0,1.0,0.0003059759910684079,0.003145023001707159,envelope_formula,3.219646771412954e-15,230606d3f05254be0d6c95d8c571d00c9703459d35390bd66122a73426c821a0,4395f76eb010f593babd3bca0568be3cd5e6fe90ac872bd1da5590220a368813
64,84,0,envelope,63,1.0,0.9999999999999994,0.00031314100488089025,0.01977693199296482,envelope_formula,4.773959005888173e-15,230606d3f05254be0d6c95d8c571d00c9703459d35390bd66122a73426c821a0,25b2849ce2ca5d5b22d056990798b07e3b6698cb1ce8093d33bf1d9346ba788d
64,84,1,envelope,63,1.0,0.9999999999999994,0.0003707900032168254,0.019770901009906083,envelope_formula,4.773959005888173e-15,230606d3f05254be0d6c95d8c571d00c9703459d35390bd66122a73426c821a0,25b2849ce2ca5d5b22d056990798b07e3b6698cb1ce8093d33bf1d9346ba788d
64,84,2,envelope,63,1.0,0.9999999999999994,0.00030643100035376847,0.019785897005931474,envelope_formula,4.773959005888173e-15,230606d3f05254be0d6c95d8c571d00c9703459d35390bd66122a73426c821a0,25b2849ce2ca5d5b22d056990798b07e3b6698cb1ce8093d33bf1d9346ba788d
64,84,3,envelope,63,1.0,0.9999999999999994,0.0003104659990640357,0.019831470999633893,envelope_formula,4.773959005888173e-15,230606d3f05254be0d6c95d8c571d00c9703459d35390bd66122a73426c821a0,25b2849ce2ca5d5b22d056990798b07e3b6698cb1ce8093d33bf1d9346ba788d
64,84,4,envelope,63,1.0,0.9999999999999994,0.00030665700614918023,0.01984975000959821,envelope_formula,4.773959005888173e-15,230606d3f05254be0d6c95d8c571d00c9703459d35390bd66122a73426c821a0,25b2849ce2ca5d5b22d056990798b07e3b6698cb1ce8093d33bf1d9346ba788d
64,103,0,envelope,63,1.0,1.0000000000000002,0.000387628999305889,0.03562073300417978,envelope_formula,1.6653345369377348e-15,230606d3f05254be0d6c95d8c571d00c9703459d35390bd66122a73426c821a0,d4ca35d085971468d0254f2968de40b001846fd3da55ab6c2f134dedad3b4766
64,103,1,envelope,63,1.0,1.0000000000000002,0.0003161979984724894,0.035658246008097194,envelope_formula,1.6653345369377348e-15,230606d3f05254be0d6c95d8c571d00c9703459d35390bd66122a73426c821a0,d4ca35d085971468d0254f2968de40b001846fd3da55ab6c2f134dedad3b4766
64,103,2,envelope,63,1.0,1.0000000000000002,0.00030837301164865494,0.035464254004182294,envelope_formula,1.6653345369377348e-15,230606d3f05254be0d6c95d8c571d00c9703459d35390bd66122a73426c821a0,d4ca35d085971468d0254f2968de40b001846fd3da55ab6c2f134dedad3b4766
64,103,3,envelope,63,1.0,1.0000000000000002,0.00037457900180015713,0.035571821994381025,envelope_formula,1.6653345369377348e-15,230606d3f05254be0d6c95d8c571d00c9703459d35390bd66122a73426c821a0,d4ca35d085971468d0254f2968de40b001846fd3da55ab6c2f134dedad3b4766
64,103,4,envelope,63,1.0,1.0000000000000002,0.00030941099976189435,0.035533378992113285,envelope_formula,1.6653345369377348e-15,230606d3f05254be0d6c95d8c571d00c9703459d35390bd66122a73426c821a0,d4ca35d085971468d0254f2968de40b001846fd3da55ab6c2f134dedad3b4766
64,123,0,envelope,63,1.0,0.9999999999999993,0.000306136003928259,0.05223145199124701,envelope_formula,1.5543122344752192e-15,230606d3f05254be0d6c95d8c571d00c9703459d35390bd66122a73426c821a0,c133a536a9d4ce53bc8fa6592ec043ddc5583d9155b824dd0819a86db54210a1
64,123,1,envelope,63,1.0,0.9999999999999993,0.0003089520032517612,0.052047150005819276,envelope_formula,1.5543122344752192e-15,230606d3f05254be0d6c95d8c571d00c9703459d35390bd66122a73426c821a0,c133a536a9d4ce53bc8fa6592ec043ddc5583d9155b824dd0819a86db54210a1
64,123,2,envelope,63,1.0,0.9999999999999993,0.00038120400859043,0.05214508599601686,envelope_formula,1.5543122344752192e-15,230606d3f05254be0d6c95d8c571d00c9703459d35390bd66122a73426c821a0,c133a536a9d4ce53bc8fa6592ec043ddc5583d9155b824dd0819a86db54210a1
64,123,3,envelope,63,1.0,0.9999999999999993,0.0003177090111421421,0.05223276400647592,envelope_formula,1.5543122344752192e-15,230606d3f05254be0d6c95d8c571d00c9703459d35390bd66122a73426c821a0,c133a536a9d4ce53bc8fa6592ec043ddc5583d9155b824dd0819a86db54210a1
64,123,4,envelope,63,1.0,0.9999999999999993,0.00031234699417836964,0.0520520360005321,envelope_formula,1.5543122344752192e-15,230606d3f05254be0d6c95d8c571d00c9703459d35390bd66122a73426c821a0,c133a536a9d4ce53bc8fa6592ec043ddc5583d9155b824dd0819a86db54210a1
64,143,0,envelope,124,2.0,1.9999999999999933,0.0004788229998666793,0.018078947003232315,envelope_formula,3.552713678800501e-15,fe193f797a16c4fe68934df15f4cd8bf4f4197c148a69a246a7208fa0c511243,71ef047e6bac7fc7e32452ab70eae583bf7126e3d8b715c06cddd48c907f17e0
64,143,1,envelope,124,2.0,1.9999999999999933,0.00042294900049455464,0.018106278992490843,envelope_formula,3.552713678800501e-15,fe193f797a16c4fe68934df15f4cd8bf4f4197c148a69a246a7208fa0c511243,71ef047e6bac7fc7e32452ab70eae583bf7126e3d8b715c06cddd48c907f17e0
64,143,2,envelope,124,2.0,1.9999999999999933,0.0004245210002409294,0.01808947000245098,envelope_formula,3.552713678800501e-15,fe193f797a16c4fe68934df15f4cd8bf4f4197c148a69a246a7208fa0c511243,71ef047e6bac7fc7e32452ab70eae583bf7126e3d8b715c06cddd48c907f17e0
64,143,3,envelope,124,2.0,1.9999999999999933,0.0004798139998456463,0.018131802004063502,envelope_formula,3.552713678800501e-15,fe193f797a16c4fe68934df15f4cd8bf4f4197c148a69a246a7208fa0c511243,71ef047e6bac7fc7e32452ab70eae583bf7126e3d8b715c06cddd48c907f17e0
64,143,4,envelope,124,2.0,1.9999999999999933,0.0004157170042162761,0.018134571000700817,envelope_formula,3.552713678800501e-15,fe193f797a16c4fe68934df15f4cd8bf4f4197c148a69a246a7208fa0c511243,71ef047e6bac7fc7e32452ab70eae583bf7126e3d8b715c06cddd48c907f17e0
64,163,0,cayley,160,1.7295996988067124,1.7598871286523095,0.0059388649970060214,0.005196616009925492,character_semidihedral_no_delete,3.774758283725532e-15,224263c070ad116e60e0706449b2046ceff155f51964e18a0695a3b3995aadd8,911301aaf82a408c9dcbd719a16461ac1cca264fc690dee35fca0fac0bf0b3f1
64,163,0,envelope,124,2.0,1.9999999999999933,0.000336832003085874,0.034598946003825404,envelope_formula,1.9984014443252818e-15,fe193f797a16c4fe68934df15f4cd8bf4f4197c148a69a246a7208fa0c511243,a3cfa19695d4fff05322b09156308bc933d1abc22b5c25a0c89897f70fba3119
64,163,1,cayley,160,1.7295996988067124,1.7325437716093828,0.005580640994594432,0.005155259001185186,character_semidihedral_no_delete,1.3322676295501878e-15,bc27c5a95b949bd80ff7a4ab0c5dac097bfc3a4fba63e5c7ac2abd3a5b34a4f8,24105584825829d3fd104a7264bf6bb94487aeb50bd36f0a8ae1f8835ea82e83
64,163,1,envelope,124,2.0,1.9999999999999933,0.0003756220103241503,0.03457501300727017,envelope_formula,1.9984014443252818e-15,fe193f797a16c4fe68934df15f4cd8bf4f4197c148a69a246a7208fa0c511243,a3cfa19695d4fff05322b09156308bc933d1abc22b5c25a0c89897f70fba3119
64,163,2,cayley,160,1.7295996988067124,1.7378048659129726,0.005544247003854252,0.005176164006115869,character_semidihedral_no_delete,2.886579864025407e-15,e08cdf4625ef53666b7e6bf196963ceae1900cd2ad1fc132daa8323f75ba7881,7710b8a63e35ca30ae87ef7db1c45447a8f7f34d195b6b8d5f4a49e7dbdf078e
64,163,2,envelope,124,2.0,1.9999999999999933,0.00038291300006676465,0.0345667530054925,envelope_formula,1.9984014443252818e-15,fe193f797a16c4fe68934df15f4cd8bf4f4197c148a69a246a7208fa0c511243,a3cfa19695d4fff05322b09156308bc933d1abc22b5c25a0c89897f70fba3119
64,163,3,cayley,160,1.7295996988067124,1.7665061565757672,0.005507973997737281,0.005197691993089393,character_semidihedral_no_delete,2.886579864025407e-15,49edf7555fdc438147526edbaed5aa2241a697c839392e64fcfc3a58437f20dc,460060e0ec52c5734892c86d07a5121e2af73e30b4f925f2303a47c7dec904d8
64,163,3,envelope,124,2.0,1.9999999999999933,0.00033273200097028166,0.03458627399231773,envelope_formula,1.9984014443252818e-15,fe193f797a16c4fe68934df15f4cd8bf4f4197c148a69a246a7208fa0c511243,a3cfa19695d4fff05322b09156308bc933d1abc22b5c25a0c89897f70fba3119
64,163,4,cayley,160,1.7295996988067124,1.740244806816159,0.005715053004678339,0.005196483005420305,character_semidihedral_no_delete,5.329070518200751e-15,b3f56d41c5ad815473a722fd0a15588b515089bfdde9c3ab89275101684d7650,9e8c105a16e02efb682c2ec223ea37a56bb17899356db8d5614402a43be4f2f6
64,163,4,envelope,124,2.0,1.9999999999999933,0.0003402450092835352,0.034699284995440394,envelope_formula,1.9984014443252818e-15,fe193f797a16c4fe68934df15f4cd8bf4f4197c148a69a246a7208fa0c511243,a3cfa19695d4fff05322b09156308bc933d1abc22b5c25a0c89897f70fba3119
64,182,0,cayley,160,1.7295996988067124,1.9046887445027383,0.00561025099887047,0.021181875010370277,character_semidihedral_no_delete,8.215650382226158e-15,224263c070ad116e60e0706449b2046ceff155f51964e18a0695a3b3995aadd8,d92a63c6c4c864ac7436f00e2e5b7fb68cf691ca9b54724ecc63e08c4f241b67
64,182,0,envelope,124,2.0,1.9999999999999933,0.00033184299536515027,0.05043591400317382,envelope_formula,3.3306690738754696e-15,fe193f797a16c4fe68934df15f4cd8bf4f4197c148a69a246a7208fa0c511243,273b1179f9651d3ec98a0c1ab2dad100904df7eef2682c911a544183d9546c44
64,182,1,cayley,160,1.7295996988067124,1.9637253788696838,0.005585933991824277,0.021104972998728044,character_semidihedral_no_delete,3.1086244689504383e-15,bc27c5a95b949bd80ff7a4ab0c5dac097bfc3a4fba63e5c7ac2abd3a5b34a4f8,e0351e3db93a3285caac6be8c716a620a1340d6650ed4f05d99268d4f66d386e
64,182,1,envelope,124,2.0,1.9999999999999933,0.00038004999805707484,0.05034602199157234,envelope_formula,3.3306690738754696e-15,fe193f797a16c4fe68934df15f4cd8bf4f4197c148a69a246a7208fa0c511243,273b1179f9651d3ec98a0c1ab2dad100904df7eef2682c911a544183d9546c44
64,182,2,cayley,160,1.7295996988067124,1.931794340138358,0.005528862006030977,0.021158502000616863,character_semidihedral_no_delete,2.886579864025407e-15,e08cdf4625ef53666b7e6bf196963ceae1900cd2ad1fc132daa8323f75ba7881,bdb233f8beb8920797cf9e55d09748b94b066c553c93173358e5aec0714b36a2
64,182,2,envelope,124,2.0,1.9999999999999933,0.0003393499937374145,0.05053046401008032,envelope_formula,3.3306690738754696e-15,fe193f797a16c4fe68934df15f4cd8bf4f4197c148a69a246a7208fa0c511243,273b1179f9651d3ec98a0c1ab2dad100904df7eef2682c911a544183d9546c44
64,182,3,cayley,160,1.7295996988067124,1.9708395099767664,0.0055655699979979545,0.02112532099999953,character_semidihedral_no_delete,1.2212453270876722e-14,49edf7555fdc438147526edbaed5aa2241a697c839392e64fcfc3a58437f20dc,b9a289fda08f94a1585567cde1521f891e753bca2069b42133b2b44aae0c04c0
64,182,3,envelope,124,2.0,1.9999999999999933,0.0003383449948159978,0.050404920999426395,envelope_formula,3.3306690738754696e-15,fe193f797a16c4fe68934df15f4cd8bf4f4197c148a69a246a7208fa0c511243,273b1179f9651d3ec98a0c1ab2dad100904df7eef2682c911a544183d9546c44
64,182,4,cayley,160,1.7295996988067124,1.9511027773026155,0.005656262001139112,0.021156146001885645,character_semidihedral_no_delete,1.3322676295501878e-15,b3f56d41c5ad815473a722fd0a15588b515089bfdde9c3ab89275101684d7650,9090c81df6779a4a3f94685b22d8d64ee55255e07d89a60b728de32daaacd40a
64,182,4,envelope,124,2.0,1.9999999999999933,0.00032819500484038144,0.05041867301042657,envelope_formula,3.3306690738754696e-15,fe193f797a16c4fe68934df15f4cd8bf4f4197c148a69a246a7208fa0c511243,273b1179f9651d3ec98a0c1ab2dad100904df7eef2682c911a544183d9546c44
64,202,0,cayley,192,3.1715728752538097,3.205787135384856,0.005726996008888818,0.011072166002122685,character_semidihedral_no_delete,3.1086244689504383e-15,c13e24f172e2c66bd34012d4672ddc027bda9202e6510228d05188917f558ad0,e50ae73556f00666697a50d6f7ddb2732268e1956de3ee2d48899bba7da29c26
64,202,0,envelope,183,3.0,2.999999999999992,0.00042221399780828506,0.018056450004223734,envelope_formula,1.3322676295501878e-15,3343c7a5c241f7ac77edf788a9624868466fb91d3308da46a7e1b4b3b974f7c2,cedadb4f1899f15b0c000bc851f3bf874b8a60f33a1ad868b131102409590606
64,202,1,cayley,192,3.1715728752538097,3.222040948491366,0.0058112029946642,0.0110578629974043,character_semidihedral_no_delete,7.993605777301127e-15,1470a6c9ef61927375d75af2b1dadbe14bd6f100e58401ce773ddcb55beb87c5,013a1cc0b853c3efbf36e8137d9f35be3b2586b60c26a0f04c20e6af60e6039d
64,202,1,envelope,183,3.0,2.999999999999992,0.00041478600178379565,0.01810219399339985,envelope_formula,1.3322676295501878e-15,3343c7a5c241f7ac77edf788a9624868466fb91d3308da46a7e1b4b3b974f7c2,cedadb4f1899f15b0c000bc851f3bf874b8a60f33a1ad868b131102409590606
64,202,2,cayley,192,3.1715728752538097,3.238790595285819,0.0057937459932873026,0.010985001994413324,character_semidihedral_no_delete,4.440892098500626e-16,8cae331f9c95e8f673421dccb7bc51dcac0d229ccd5504d5a240bd24fa9994e7,26d61c33198b4fd4067c85f2623db8ea8022148a19b3e2088870aa17092ae061
64,202,2,envelope,183,3.0,2.999999999999992,0.00040941699990071356,0.018065988988382742,envelope_formula,1.3322676295501878e-15,3343c7a5c241f7ac77edf788a9624868466fb91d3308da46a7e1b4b3b974f7c2,cedadb4f1899f15b0c000bc851f3bf874b8a60f33a1ad868b131102409590606
64,202,3,cayley,192,3.1715728752538097,3.1816463910267387,0.005823366998811252,0.010975312005029991,character_semidihedral_no_delete,3.1086244689504383e-15,e9dea6ff5dcf7cf1adbab36c53e678ca482c82628e0755742ac75047375cfda1,a9018d50708ab96d9ce1ddaeff50dc170e14bb5c0f6d72eaf2f5530231ba8579
64,202,3,envelope,183,3.0,2.999999999999992,0.00041459100611973554,0.018058485991787165,envelope_formula,1.3322676295501878e-15,3343c7a5c241f7ac77edf788a9624868466fb91d3308da46a7e1b4b3b974f7c2,cedadb4f1899f15b0c000bc851f3bf874b8a60f33a1ad868b131102409590606
64,202,4,cayley,192,3.1715728752538097,3.222040948491366,0.006022978006512858,0.011075529997469857,character_semidihedral_no_delete,2.6645352591003757e-15,f00a4256260976a1a8467bbd65709800e5fd8bd1871c75073c65fc57822f30c4,abc6e5f2ab5a6a616d08094deff197f63e711aa5d2f2a200c839215b278f99d7
64,202,4,envelope,183,3.0,2.999999999999992,0.00041398000030312687,0.018067021999740973,envelope_formula,1.3322676295501878e-15,3343c7a5c241f7ac77edf788a9624868466fb91d3308da46a7e1b4b3b974f7c2,cedadb4f1899f15b0c000bc851f3bf874b8a60f33a1ad868b131102409590606
64,222,0,cayley,192,3.1715728752538097,3.3156319814973063,0.0056127620046027005,0.027889113000128418,character_semidihedral_no_delete,1.7763568394002505e-15,c13e24f172e2c66bd34012d4672ddc027bda9202e6510228d05188917f558ad0,ff709c559f66892f45ea0fab198424d51b55daec53b6cb792091ff8d7ef5ffe5
64,222,0,envelope,183,3.0,2.9999999999999987,0.00046881299931555986,0.03464111500943545,envelope_formula,1.021405182655144e-14,3343c7a5c241f7ac77edf788a9624868466fb91d3308da46a7e1b4b3b974f7c2,c077006249e9550fcacb564542fafed2296805afc57acb697cc97a1e1927989f
64,222,1,cayley,192,3.1715728752538097,3.303485218062172,0.005708445998607203,0.027863459996297024,character_semidihedral_no_delete,1.3322676295501878e-15,1470a6c9ef61927375d75af2b1dadbe14bd6f100e58401ce773ddcb55beb87c5,d638295854a26ddfa41561737e503279dd37345d46356604098028336dc0eb21
64,222,1,envelope,183,3.0,2.9999999999999987,0.0004529650032054633,0.03456296099466272,envelope_formula,1.021405182655144e-14,3343c7a5c241f7ac77edf788a9624868466fb91d3308da46a7e1b4b3b974f7c2,c077006249e9550fcacb564542fafed2296805afc57acb697cc97a1e1927989f
64,222,2,cayley,192,3.1715728752538097,3.3603854162887083,0.005627272999845445,0.02781217300798744,character_semidihedral_no_delete,8.881784197001252e-16,8cae331f9c95e8f673421dccb7bc51dcac0d229ccd5504d5a240bd24fa9994e7,d65b3f069ddff63854431edfc53663885e5074cbf38b48ec43f02a8a15b688ae
64,222,2,envelope,183,3.0,2.9999999999999987,0.0004588009906001389,0.03471395600354299,envelope_formula,1.021405182655144e-14,3343c7a5c241f7ac77edf788a9624868466fb91d3308da46a7e1b4b3b974f7c2,c077006249e9550fcacb564542fafed2296805afc57acb697cc97a1e1927989f
64,222,3,cayley,192,3.1715728752538097,3.325853023646905,0.005689152007107623,0.027849024991155602,character_semidihedral_no_delete,3.1086244689504383e-15,e9dea6ff5dcf7cf1adbab36c53e678ca482c82628e0755742ac75047375cfda1,3f413f8700c378c5a3e87b080dc053aa1418c0dacd065a97b1f2fba3fa0419a1
64,222,3,envelope,183,3.0,2.9999999999999987,0.0004604779969668016,0.03461848699953407,envelope_formula,1.021405182655144e-14,3343c7a5c241f7ac77edf788a9624868466fb91d3308da46a7e1b4b3b974f7c2,c077006249e9550fcacb564542fafed2296805afc57acb697cc97a1e1927989f
64,222,4,cayley,192,3.1715728752538097,3.303485218062174,0.005680129004758783,0.027973301999736577,character_semidihedral_no_delete,2.6645352591003757e-15,f00a4256260976a1a8467bbd65709800e5fd8bd1871c75073c65fc57822f30c4,f9e14f7c1bd011feafc4a1a6f7140f73e1298617909766c8d1e4c9e734c12ae1
64,222,4,envelope,183,3.0,2.9999999999999987,0.00047038499906193465,0.034646145009901375,envelope_formula,1.021405182655144e-14,3343c7a5c241f7ac77edf788a9624868466fb91d3308da46a7e1b4b3b974f7c2,c077006249e9550fcacb564542fafed2296805afc57acb697cc97a1e1927989f
64,241,0,cayley,224,3.7295996988067124,3.848855987793917,0.006131572998128831,0.016880423994734883,character_semidihedral_no_delete,4.884981308350689e-15,289f1aa2ce7811a5864148c0ee0cc7a114c85f8de15c8e5c65a51ed9d1d6ad4c,52d1f7f21a2b44e9bbdc17c993c44b9cbb4950a8ea1201816071416ef17ceb37
64,241,0,envelope,240,4.0,4.000000000000002,0.0005296619929140434,0.003170639989548363,envelope_formula,3.108624468950438e-14,58755aeb4e9ddc98cef29d0560e58b5c57102b13eb79dea001ae46f4f2863e55,fa3bf8044ecdaa26c255a9fe69e4f53117796c04d5cce4efd3c40310d3e004de
64,241,1,cayley,224,3.7295996988067124,3.8585526056126773,0.006304431997705251,0.01686087599955499,character_semidihedral_no_delete,2.220446049250313e-15,808c49818bb391fee62be210afa1755414651c1ef6ccc911960d93ca7bb7d368,973549c1eb367115ffc5b4997027558605a57aa6724c460753718dc36001826c
64,241,1,envelope,240,4.0,4.000000000000002,0.0004967199929524213,0.003158973006065935,envelope_formula,3.108624468950438e-14,58755aeb4e9ddc98cef29d0560e58b5c57102b13eb79dea001ae46f4f2863e55,fa3bf8044ecdaa26c255a9fe69e4f53117796c04d5cce4efd3c40310d3e004de
64,241,2,cayley,224,3.7295996988067124,3.8491219709649203,0.006285098992520943,0.01690896500076633,character_semidihedral_no_delete,8.881784197001252e-16,770e48ac0ad4a0cf2777eb7b0a665eb9e0e4fc182dbcfbc5bbe1e0551153aa90,1632b844cc3823a41347a9036fb109c34e6045b66ba68364d9f0e3174ab38e8c
64,241,2,envelope,240,4.0,4.000000000000002,0.0004963969986420125,0.0031624489929527044,envelope_formula,3.108624468950438e-14,58755aeb4e9ddc98cef29d0560e58b5c57102b13eb79dea001ae46f4f2863e55,fa3bf8044ecdaa26c255a9fe69e4f53117796c04d5cce4efd3c40310d3e004de
64,241,3,cayley,224,3.7295996988067124,3.8848644334079396,0.006285889001446776,0.016880718991160393,character_semidihedral_no_delete,1.3322676295501878e-15,16e0f4bf71e321dbc87675aad0144e5845162055914090b1e8a620c5177bcd05,57793cf6734ae9183b93af4eaddecb6818013ddd400d9c25991b361e36f6c78a
64,241,3,envelope,240,4.0,4.000000000000002,0.0004941140068694949,0.0031723599968245253,envelope_formula,3.108624468950438e-14,58755aeb4e9ddc98cef29d0560e58b5c57102b13eb79dea001ae46f4f2863e55,fa3bf8044ecdaa26c255a9fe69e4f53117796c04d5cce4efd3c40310d3e004de
64,241,4,cayley,224,3.7295996988067124,3.8748314341472687,0.006320170999970287,0.016887674006284215,character_semidihedral_no_delete,1.7763568394002505e-15,60a97ee77764ca6201e2c4725fb9dbc51c1a1fbc66ae448a3bf9bd653d88a7c9,f85476c5eb1265cfb20e70c0a1d76cfacd8eab248162ff949551c59e11c581e3
64,241,4,envelope,240,4.0,4.000000000000002,0.0005053770000813529,0.0031886860087979585,envelope_formula,3.108624468950438e-14,58755aeb4e9ddc98cef29d0560e58b5c57102b13eb79dea001ae46f4f2863e55,fa3bf8044ecdaa26c255a9fe69e4f53117796c04d5cce4efd3c40310d3e004de
64,261,0,cayley,256,4.0,4.168791800889391,0.006140562007203698,0.006865675008157268,character_semidihedral_no_delete,6.217248937900877e-15,f0ce3fb62111cfd1fd4a7d05aef1144dd8e693bac9830f8180ed568a8164f046,592781f5ae03394c4ed3e47b4c4150d264a629ab1582ddd722e66a05b348383b
64,261,1,cayley,256,4.0,3.9999999999999982,0.006492885004263371,0.006940677005331963,character_semidihedral_no_delete,1.7763568394002505e-15,af739f7142749c6a988128d5a5f6a075cdb37d091a41e3478962e478f9d02427,a675dcc005680ff1aa90605f04e22a9a7c129852a8bfd0f9956630eac586f80f
64,261,2,cayley,256,4.0,4.070829818674255,0.00611044600373134,0.006822303999797441,character_semidihedral_no_delete,1.7763568394002505e-15,02bd2269ec3c591c7f08eada0f241281735671f273bd900e10048fb7806bccf5,c992de50c7365b156674e1970cdcfae98e9f537e611eba1a8391462e16905671
64,261,3,cayley,256,4.0,4.107484433484233,0.006203557000844739,0.006803208001656458,character_semidihedral_no_delete,8.881784197001252e-16,5dda8ba175ec853caff5c1aa3a0cda64c9f2a3cb2b22f9158a64bd1a08c2d30b,e54b5bdb67024f0952a7bc75e40308cf18c285a778c4829439d46e33c7805742
64,261,4,cayley,256,4.0,4.1096385935092155,0.006121416998212226,0.006819125002948567,character_semidihedral_no_delete,2.6645352591003757e-15,8729380f01297708368fa14e527c81dd3c32fb89940617797a583c6fc7848eda,ee43700c6a0e904254d082e7a0a91ae414c12d8cdc490f455298a6004f5a5058
64,281,0,cayley,256,4.0,4.439100056138361,0.006248038000194356,0.0236887229984859,character_semidihedral_no_delete,3.552713678800501e-15,f0ce3fb62111cfd1fd4a7d05aef1144dd8e693bac9830f8180ed568a8164f046,ba9d442491509b8417c8221bbd5f066b037335d546127f9e88f28853e463f3ff
64,281,1,cayley,256,4.0,4.1108997607241236,0.006124306004494429,0.023739126001601107,character_semidihedral_no_delete,5.329070518200751e-15,af739f7142749c6a988128d5a5f6a075cdb37d091a41e3478962e478f9d02427,b50e898e96384d4b1c04b205a5d01aaf4cfb6528547f0c9970f40b9321ae8eb5
64,281,2,cayley,256,4.0,4.321927283811412,0.006193437002366409,0.023743734011077322,character_semidihedral_no_delete,6.217248937900877e-15,02bd2269ec3c591c7f08eada0f241281735671f273bd900e10048fb7806bccf5,81dfbd612b560d589a0417d89ae0ee6eda5404bd35b993f7d24011d1451c56a2
64,281,3,cayley,256,4.0,4.25790530749441,0.00619876199925784,0.02363072198932059,character_semidihedral_no_delete,1.687538997430238e-14,5dda8ba175ec853caff5c1aa3a0cda64c9f2a3cb2b22f9158a64bd1a08c2d30b,52ed22fc85076a6548fbca18423c1e7eb13c50b9eca61b97ebe995b658290557
64,281,4,cayley,256,4.0,4.344271760820327,0.00619394400564488,0.02363731199875474,character_semidihedral_no_delete,4.440892098500626e-15,8729380f01297708368fa14e527c81dd3c32fb89940617797a583c6fc7848eda,1ac3d9479cc4e7fccc6e7c3dc7a2342242f864889727bd66125c8b66270957d7
64,300,0,cayley,288,5.17157287525381,5.229415936203321,0.006643608998274431,0.012801013988791965,character_semidihedral_no_delete,2.6645352591003757e-15,c0671c78d57be9d108082943e789512b39b51177cb73e0c8c2e315193dd0661b,c39d9b95a1061335dcdb5b57ab16cedc429b608d1348c5da4df88fad716251d9
64,300,1,cayley,288,5.0008486493593445,5.118737199483231,0.006671665993053466,0.012786414008587599,character_semidihedral_no_delete,8.881784197001252e-16,9f6120e8c0d3d2c369dc91669a58bb463fef3395622210d97dc1fb0523e1e62a,aac6bb81d97c4db84df10a64d527ba7df3c459c89b4bf325c0c9b7c3916cfb9a
64,300,2,cayley,288,5.17157287525381,5.234586137989519,0.0065986669942503795,0.012783518002834171,character_semidihedral_no_delete,5.329070518200751e-15,2421cccf06ebc0b8e319a41f4fcfcf9997f2d1b87fd2dd6d5ca0f072f0853488,c9b454c02c38b06007431f12560a5a71eaadb33f3c1c2218faa1a7531690a7ef
64,300,3,cayley,288,5.17157287525381,5.24599087659486,0.006644737004535273,0.012772187008522451,character_semidihedral_no_delete,7.105427357601002e-15,6d4e9b82d19cb5edc18b0aac70083f011d96ec5f4a2947fb80f5eae17f214e73,f4f5bba1f06c7132e51c1e26934e41f251dce156ccf31da5d7787caf2ed73d0c
64,300,4,cayley,288,4.913985055087886,5.018326704850518,0.006605753995245323,0.0127487959980499,character_semidihedral_no_delete,5.329070518200751e-15,a3bcf5d54b45d3df5593eedc62c18cfb0ee3662a85d6308852c357378c118d57,8a7367839bf4c19acb6486b82263bee0e42de8b78b141be225ed067b61b6bb3c
64,320,0,cayley,320,6.043125697031509,6.043125697031508,0.006663091000518762,0.0004640459956135601,character_semidihedral_no_delete,7.993605777301127e-15,23d89c210bb3d9acb26b791500e0be2a8cdfa3f866e75e9d3b5b2ef478ac48f5,23d89c210bb3d9acb26b791500e0be2a8cdfa3f866e75e9d3b5b2ef478ac48f5
64,320,1,cayley,320,6.304481869954853,6.304481869954847,0.006686351989628747,0.000461219999124296,character_semidihedral_no_delete,6.217248937900877e-15,5d8793e7aec3abe7dd1df974942a7a10a198a0bdf302da596fb592c3eb57da12,5d8793e7aec3abe7dd1df974942a7a10a198a0bdf302da596fb592c3eb57da12
64,320,2,cayley,320,6.535898384862245,6.535898384862234,0.006486539001343772,0.00046135499724186957,character_semidihedral_no_delete,3.552713678800501e-15,10c325a93446235def7833d8e6e52e0593ebba27c625a8c91c334386cae4c405,10c325a93446235def7833d8e6e52e0593ebba27c625a8c91c334386cae4c405
64,320,3,cayley,320,6.0,5.999999999999995,0.006710550005664118,0.00045993000094313174,character_semidihedral_no_delete,8.881784197001252e-16,9e516cddb3732cd1214f2ddd9f9feb34ee7dd82a2612e761c5851d3b316d2c83,9e516cddb3732cd1214f2ddd9f9feb34ee7dd82a2612e761c5851d3b316d2c83
64,320,4,cayley,320,6.0,5.9999999999999964,0.00699012000404764,0.0004534210020210594,character_semidihedral_no_delete,8.881784197001252e-16,867295f8ff9386aa80c9c50b66f290b6fb40d83fa930b138e46baa43cfba81c4,867295f8ff9386aa80c9c50b66f290b6fb40d83fa930b138e46baa43cfba81c4
64,340,0,cayley,320,6.043125697031509,6.251438775463739,0.0065335809922544286,0.01956004698877223,character_semidihedral_no_delete,0.0,23d89c210bb3d9acb26b791500e0be2a8cdfa3f866e75e9d3b5b2ef478ac48f5,caa23fc9968d1221f95d4a7281b49b156b9cb0af14910726357136210e3285db
64,340,1,cayley,320,6.304481869954853,6.40713996043355,0.006603311005164869,0.019521362002706155,character_semidihedral_no_delete,0.0,5d8793e7aec3abe7dd1df974942a7a10a198a0bdf302da596fb592c3eb57da12,58883f2f4ba26f81f7878401f07591c4eb321724a107fdcd2e24d6d2e8bb136d
64,340,2,cayley,320,6.535898384862245,6.555590752927802,0.006588366013602354,0.019519597000908107,character_semidihedral_no_delete,1.7763568394002505e-15,10c325a93446235def7833d8e6e52e0593ebba27c625a8c91c334386cae4c405,4d9b6586550373c9b28af18d6a1572588425e04ad691feafead879cd814dd30a
64,340,3,cayley,320,6.0,6.211096130344922,0.006607795992749743,0.019612342992331833,character_semidihedral_no_delete,0.0,9e516cddb3732cd1214f2ddd9f9feb34ee7dd82a2612e761c5851d3b316d2c83,79c8902535d4276e458a338fe9f5267bb370995bcf86eb3446d4ae54e171f611
64,340,4,cayley,320,6.0,6.218920605542448,0.006671217997791246,0.019623255997430533,character_semidihedral_no_delete,6.217248937900877e-15,867295f8ff9386aa80c9c50b66f290b6fb40d83fa930b138e46baa43cfba81c4,af2ed10aa2853f0cdc35ea200d654e63bcd943b1fe144f88115f3786c491ff93
64,360,0,cayley,352,7.17157287525381,7.209059018884832,0.0070035810058470815,0.009488618990872055,character_semidihedral_no_delete,1.7763568394002505e-15,334768b9e20c3d22ac656956110eab4e60dc3957ca867c2af3c502c53a8a145a,b50e88a220d6dc023d097d931c2946ba18efad16e6d539e38a0e3e006969c4ce
64,360,1,cayley,352,7.1199640485877325,7.133242193967484,0.007040167998638935,0.009526517009362578,character_semidihedral_no_delete,8.881784197001252e-16,f779f78139462169be0789d24b98ee97d6edbc3ea5e7afe857c3787dae0a9c9f,8f3f934f8a6c2fe071bf3cb72961b8840d30cbfaa11092ca2942699dc6a6bd3e
64,360,2,cayley,352,6.913985055087886,6.996483335538552,0.006943473999854177,0.00956783899164293,character_semidihedral_no_delete,5.329070518200751e-15,857ba15ef72a2cb0f772cf2baedc23a29dbb894d2f3b787270929080954f552d,a0bc98792b51221584e85132c5c33f08efc30b418eb6d8492b9dc5e79d522007
64,360,3,cayley,352,7.17157287525381,7.172456140109753,0.0070855139929335564,0.00950161500077229,character_semidihedral_no_delete,1.7763568394002505e-15,d5c4afaea7c046670d8e1bb9a139e9a519274a983573cdedbd97950643d5ba3f,888632c6c1f4ddbde8d8de819caffe8cbd55b3b8e8662c45fe28da6a5d08d4cb
64,360,4,cayley,352,6.913985055087886,6.996483335538552,0.0070309130096575245,0.009566951004671864,character_semidihedral_no_delete,3.552713678800501e-15,337727e7ba4931f7df6c55b7ea7ccaed0cd355786e0f1aa7acfa64975760b67a,9cfa3ffac80af9af3288171f9b085ddd04519c688da531d3223d7406a55cdeb4
64,379,0,cayley,352,7.17157287525381,7.360971964593229,0.006951183007913642,0.025364967994391918,character_semidihedral_no_delete,1.7763568394002505e-15,334768b9e20c3d22ac656956110eab4e60dc3957ca867c2af3c502c53a8a145a,9a4e128a95b7f9ad00b81014646472fae67290e2c64496193dbac26a7c5a435f
64,379,1,cayley,352,7.1199640485877325,7.213551474091994,0.007058521005092189,0.025460356002440676,character_semidihedral_no_delete,3.552713678800501e-15,f779f78139462169be0789d24b98ee97d6edbc3ea5e7afe857c3787dae0a9c9f,a2305d3017fe20f45136eb99a6d7e07a6b9bab06e79f8d144b222253cfd57566
64,379,2,cayley,352,6.913985055087886,7.186713035613563,0.0069867589918430895,0.025458005009568296,character_semidihedral_no_delete,4.440892098500626e-15,857ba15ef72a2cb0f772cf2baedc23a29dbb894d2f3b787270929080954f552d,cb59e8c315de7912f11d19731dcf1cc053f1fe459945ee289cb8b1344c07b591
64,379,3,cayley,352,7.17157287525381,7.295051661930779,0.006969879992539063,0.025428550987271592,character_semidihedral_no_delete,3.552713678800501e-15,d5c4afaea7c046670d8e1bb9a139e9a519274a983573cdedbd97950643d5ba3f,47054b73b9660888a7912d38bdc8d43ea6883a40ccf2ac418572251e2f1512f5
64,379,4,cayley,352,6.913985055087886,7.154636413629908,0.007013826005277224,0.025492708999081515,character_semidihedral_no_delete,2.6645352591003757e-15,337727e7ba4931f7df6c55b7ea7ccaed0cd355786e0f1aa7acfa64975760b67a,0f76d8afa1b41c42786c0bc356080a87324f05e266521fea284510028e06d5bf
64,399,0,cayley,384,8.251042947131603,8.311211999419305,0.007045070000458509,0.015440511997439899,character_semidihedral_no_delete,7.105427357601002e-15,c90819114d2e96510851d94bfadb30644d40f6a2267cc660e42cb8942caee6da,ff0b806a14b999a75923295003ce94c19809127fec4b426b940a4092b8b73ec4
64,399,1,cayley,384,8.251042947131603,8.284456899540666,0.007345744001213461,0.015380040000309236,character_semidihedral_no_delete,0.0,7317aab231540cdda72bfe279cf434c39c236a8c367650639077e22d90d9f0a3,f1779738b6e224509850b77fc95389ca83c25b903c46280dc93406e1816c8037
64,399,2,cayley,384,8.304481869954852,8.373307566615427,0.006897487997775897,0.015419696996104904,character_semidihedral_no_delete,3.552713678800501e-15,b1aaf811dd0a55002a12adac3b530becaf85eb12563a19926b2683b2caf69e44,1d2b4d4150ae775e7f6ba522fb18e9e8bb43ca35b56779b2d6897a02fb893a72
64,399,3,cayley,384,8.251042947131603,8.345240117314098,0.0070325159904314205,0.01546003099065274,character_semidihedral_no_delete,1.7763568394002505e-15,aaae389a5201e8c086a9be6b557e64c61ed4284cfe8b5124288ba84d84aa9f29,713bf644eccb4da08363993164259248a54cd5cfe4f34e6216a131b0b808a906
64,399,4,cayley,384,8.0,8.071107287633613,0.006954682001378387,0.015411794011015445,character_semidihedral_no_delete,5.329070518200751e-15,72e2614271ed278145a8a07dbfc2ebaf6d93661ce910033ea32e6006fb14c990,4a0c29df54e385a4e7459b7e383b8e7eb3a2f1600dbed2889d5757babe8b84d5
64,419,0,cayley,416,8.876894374382339,8.877808426364972,0.0073920480062952265,0.005427142008556984,character_semidihedral_no_delete,1.7763568394002505e-15,f2613c82c5fc2c404f6fa6a5b8459a4c1d9a32986d65f15aadcfac77bfedd01e,f073d9d7803bc5a1f535c6c2801c3deb09cc8ab2427c5c7f3e369095c8f14ea9
64,419,1,cayley,416,8.913985055087885,8.925959565953466,0.007412784994812682,0.005378832996939309,character_semidihedral_no_delete,1.7763568394002505e-15,e6b8266f011f78c463c0396bf83224024da78f9b342c4340e9a81ae9de1b75bb,6f8ab03e433aa6933b1313b87d411075d0c67428308f345a219d38530e44f4a7
64,419,2,cayley,416,8.913985055087885,8.919998898758841,0.007413807004923001,0.005428642005426809,character_semidihedral_no_delete,7.105427357601002e-15,5d94d8fbfd64406f05dcd18c051fe3d15a7b825db43d88c7f49eb61dbd5599d8,bb58e1c023f0dd2db466384e3b82b996dec1d3f16d0f43633ae2c2fa83c2a004
64,419,3,cayley,416,8.913985055087885,8.942702485419566,0.007418725988827646,0.005410932004451752,character_semidihedral_no_delete,3.552713678800501e-15,5316e629ae21fa708cf004031d3fb4755c50ffedf8df2b50e2a30cca11577b1f,c5e0396df69abdbb1b24e890232162f86f79e322f335ba555986fc8f27f0fea6
64,419,4,cayley,416,8.876894374382339,8.890752601716407,0.0073255510069429874,0.005434994003735483,character_semidihedral_no_delete,1.7763568394002505e-15,0c90d4128aeca07432262a10bbc748a66041f3d6fc209d27b891c40f6bdb1c4b,cb5613d553ca22586783b0ee978348e37351006ce1debeab3b044298c2cefb1d
64,438,0,cayley,416,8.876894374382339,9.052892306500482,0.007476204002159648,0.021306474998709746,character_semidihedral_no_delete,2.842170943040401e-14,f2613c82c5fc2c404f6fa6a5b8459a4c1d9a32986d65f15aadcfac77bfedd01e,d11cf754342f5228a36010d097b3b28941fbef5f4509ee52453cdf5cc2cea64e
64,438,1,cayley,416,8.913985055087885,9.091828775536449,0.007426915995893069,0.02136927199899219,character_semidihedral_no_delete,1.7763568394002505e-15,e6b8266f011f78c463c0396bf83224024da78f9b342c4340e9a81ae9de1b75bb,d8b6f5c1d48a2d9d9cb54f62d163296e4e9e476782268b9879af540e0f177efd
64,438,2,cayley,416,8.913985055087885,9.150791561846333,0.007380617986200377,0.021308930008672178,character_semidihedral_no_delete,1.4210854715202004e-14,5d94d8fbfd64406f05dcd18c051fe3d15a7b825db43d88c7f49eb61dbd5599d8,430ff68c97d2df8ad9cecd82b5b9d1a8cb66863f10faa04bff845a9fb2995783
64,438,3,cayley,416,8.913985055087885,9.096228906404296,0.007285136001883075,0.021294179998221807,character_semidihedral_no_delete,3.552713678800501e-15,5316e629ae21fa708cf004031d3fb4755c50ffedf8df2b50e2a30cca11577b1f,6bd995824e4039fc43287464a9fcf85d041876bf1dfdfa0baf20c61ce5bee86e
64,438,4,cayley,416,8.876894374382339,9.028310201236874,0.007424347000778653,0.02136621600948274,character_semidihedral_no_delete,7.105427357601002e-15,0c90d4128aeca07432262a10bbc748a66041f3d6fc209d27b891c40f6bdb1c4b,9e2382249a6044384f1b8b1ec5c1ee8cd024524f83026ec583cfc631c020606a
64,458,0,cayley,448,9.949392010116991,9.9855079641808,0.007777940001687966,0.011282814986770973,character_semidihedral_no_delete,5.329070518200751e-15,84975b288aff93fda660f78a77fb7cd07ff315b0cc7be0a23fb15faaa59a433b,7b6937a7dcbda4334fc1920b747181ba9176a40f625910b7bf411b6328e365fe
64,458,1,cayley,448,9.949392010116991,10.000251963074831,0.007112317005521618,0.011333450995152816,character_semidihedral_no_delete,7.105427357601002e-15,ef3716fff2968fc993fe7955ed4e67fdb7285da68719a6b5f42d4076b89c4e9c,0d6657c65a5b29b6a7bc36c872a10dbe8aae7885813b2d676ad9b48fec3b6305
64,458,2,cayley,448,9.949392010116991,9.98742020785948,0.007367797996266745,0.01135263399919495,character_semidihedral_no_delete,1.7763568394002505e-15,349badc7d77b0084d8642fe67aa3b36a1ba9a2c28ce9290503cf5bb4731becf1,c6b4979cc2be5011b0a716e07072be8d04f4ead1e6eb11ec58469b7969648466
64,458,3,cayley,448,9.949392010116991,10.023446541720688,0.007324858001084067,0.011260131999733858,character_semidihedral_no_delete,5.329070518200751e-15,a7c44ff69fabd451e7b819e2d734ba968e7498c84ef3b5c290775dea7e3e7d95,c0843719418a80c16be6b681ac3a8c5ebcbea27b11e205d3e7487af29b9a4b13
64,458,4,cayley,448,10.36320857629895,10.414327920432836,0.007313506997888908,0.01139306099503301,character_semidihedral_no_delete,0.0,d692accb6487231d8eed45c20cd85b381db3701c643841fa6a8b3a244e6a7eeb,7d721e490e8c5784486a634d81ca3e6ad2ea726e2b04d2c73ae01e483694ff6e
64,478,0,cayley,448,9.949392010116991,10.13965298633061,0.007296925003174692,0.02800020000722725,character_semidihedral_no_delete,1.0658141036401503e-14,84975b288aff93fda660f78a77fb7cd07ff315b0cc7be0a23fb15faaa59a433b,f1c22a8c756d7ff440d0a5a44529798f3a2112abb604194768570a83efd0686b
64,478,1,cayley,448,9.949392010116991,10.035501301135831,0.007257956996909343,0.02816741199058015,character_semidihedral_no_delete,1.7763568394002505e-15,ef3716fff2968fc993fe7955ed4e67fdb7285da68719a6b5f42d4076b89c4e9c,b672c4f202f2b9758deff53037fe571a09da703ecbfef59d8a714b8c9bb24619
64,478,2,cayley,448,9.949392010116991,10.121669134608162,0.007322630000999197,0.02808841099613346,character_semidihedral_no_delete,1.0658141036401503e-14,349badc7d77b0084d8642fe67aa3b36a1ba9a2c28ce9290503cf5bb4731becf1,e8c042e60ea5fe5f8623931a9dece7bce2d30281114d3bc5d2e30c6bcbd43de0
64,478,3,cayley,448,9.949392010116991,10.166958544464404,0.007271503985975869,0.028112954998505302,character_semidihedral_no_delete,8.881784197001252e-15,a7c44ff69fabd451e7b819e2d734ba968e7498c84ef3b5c290775dea7e3e7d95,a7f70079537a088e4da6037052d4b3a3919fdde072c8d210cc5f446ef78ea917
64,478,4,cayley,448,10.36320857629895,10.543440180221944,0.007403859999612905,0.028030144996591844,character_semidihedral_no_delete,0.0,d692accb6487231d8eed45c20cd85b381db3701c643841fa6a8b3a244e6a7eeb,bfca07d70da3b58549a7e4d018206442bbb6ed0d14cb632b91a734fef603473b
64,498,0,cayley,480,10.913985055087885,11.057614688774164,0.007652953005162999,0.018108444011886604,character_semidihedral_no_delete,0.0,1da5e54d72c41bf4b8f13e22a03ebe7e69152d511927aff90a7e34847b977e86,7ebff800b4fa24b6c33560a13cb4b1811be9bb5be4861daed1dbedca07da614d
64,498,1,cayley,480,10.669850220339157,10.7629813808947,0.00752685300540179,0.018087928998284042,character_semidihedral_no_delete,5.329070518200751e-15,a7498cc945fe35d45a099309f10a48cbb85a5d6d7ca7ce4c09976b33c8807d70,33c89dd810ab33064bf714df5199eaa2c94d0beeb8bc20bc7616defd1339c669
64,498,2,cayley,480,10.66160874861693,10.81559637055518,0.007517256002756767,0.01811816298868507,character_semidihedral_no_delete,1.0658141036401503e-14,5ed9adeb88250f3c3d973a21afc46a060aa641b2e5a8c77fb5d956ce5ab2f1ca,b7088dc05a7314d9126321760b6ee0c345edb363ace2dbd567120c3c6e1487fc
64,498,3,cayley,480,10.913985055087885,11.065220070797375,0.007537130994023755,0.01809485998819582,character_semidihedral_no_delete,1.5987211554602254e-14,d3a92467db0f45fb077e336180a91dd59b255ecf692a7fa017d22b3f786ca6c3,ca10e8ea0783599c07ccf1bfb3c7eaaa5c6ae887d4a176c93d954f310c575160
64,498,4,cayley,480,10.913985055087885,11.053394152451823,0.008048661999055184,0.01802447999943979,character_semidihedral_no_delete,5.329070518200751e-15,88f16c00b5755856bb33fdbd74a9f2d6a5883b0d017b7775de6caba9684537d0,e87bd6a524b0132b0087f2c0f82d542babc276179c17ad202cc2e869db774a82
64,517,0,cayley,512,11.779568944156011,11.793676301040513,0.007575402007205412,0.006222146999789402,character_semidihedral_no_delete,1.7763568394002505e-14,43bb9e31e3ee40266c3d358a3f0af4aeba91d405a4f72e8f44e64f320b2d3e71,75face0e813862a61804ca8480d93eb18e653d58ee1521158143762408a10e70
64,517,1,cayley,512,12.0,12.0,0.007527398003730923,0.00619666300190147,character_semidihedral_no_delete,7.105427357601002e-15,6124c095763fe34d985286a3e58bc4a3768cc374aa04f0893b585e64245d00b8,e29b760d88cecd0ecaeb4b1846fc72a226b2867c0741bf4c80d695a7a31bcf66
64,517,2,cayley,512,12.0,12.054439158194082,0.007595881004817784,0.006192144006490707,character_semidihedral_no_delete,5.329070518200751e-15,b6e7577b13e41e972f2751a961b3beb012ed53e268709188279676f689064004,992a9f9d14b12a73dab6b45ad71861c8b1b3d29757ffff13c9a422250d300f53
64,517,3,cayley,512,12.0,12.050853629281988,0.007576051008072682,0.006191485997987911,character_semidihedral_no_delete,7.105427357601002e-15,50f7d4727a9b4d0cb96b6ba8f472757ee3ab43a2005beaed4856ef2ce6839f97,f48d1d903a16b3b27bebd0a70135256ae9881e3ec71a95d9d7d9b459c717c82f
64,517,4,cayley,512,12.0,12.064102848187474,0.007575989002361894,0.006174825990456156,character_semidihedral_no_delete,7.105427357601002e-15,83e2e7b101c984dcccd5f864f07a34b884ad08ecb8c069d888887d73fffc663f,d11c6f08d47d5db1d14f204901d8deec4cd384d8823b5fab85d960e97862e8d0
64,537,0,cayley,512,11.779568944156011,11.894960973955762,0.007583627011626959,0.022984240989899263,character_semidihedral_no_delete,8.881784197001252e-15,43bb9e31e3ee40266c3d358a3f0af4aeba91d405a4f72e8f44e64f320b2d3e71,1f5454c2f93d1216bc2125211fefe9395d435dc90e313f655c7b0eec23d6c2b6
64,537,1,cayley,512,12.0,12.065812654611094,0.0076162540062796324,0.02295042999321595,character_semidihedral_no_delete,1.4210854715202004e-14,6124c095763fe34d985286a3e58bc4a3768cc374aa04f0893b585e64245d00b8,6182b885bf85eafa244cea00ad1c404afe5463eb0378492cf965d65ae43d580e
64,537,2,cayley,512,12.0,12.272868387811698,0.007617716008098796,0.022896231996128336,character_semidihedral_no_delete,8.881784197001252e-15,b6e7577b13e41e972f2751a961b3beb012ed53e268709188279676f689064004,aaaddd4a2b956b00cfcfa60ac40e73718c11676e66bcf8eccd197018a2e1a2d4
64,537,3,cayley,512,12.0,12.261792082700218,0.0076321230008034036,0.0229703319928376,character_semidihedral_no_delete,1.7763568394002505e-15,50f7d4727a9b4d0cb96b6ba8f472757ee3ab43a2005beaed4856ef2ce6839f97,9e37ba524874cfbc69a9471b7a3d55c46ab0b79ce8a9ed7ce5ff22daa71fe4df
64,537,4,cayley,512,12.0,12.293323119715645,0.00757708799210377,0.022907500999281183,character_semidihedral_no_delete,7.105427357601002e-15,83e2e7b101c984dcccd5f864f07a34b884ad08ecb8c069d888887d73fffc663f,ab38b7659273e4e27bfe61ce4a8d84b4df456a8e6041e8c24ea3f3923faa71f9
64,557,0,cayley,544,12.850365873376727,12.976352914665942,0.008428308996371925,0.012904264993267134,character_semidihedral_no_delete,0.0,d916627aefca35cb29a2ec1b27921db8323e18e23e07bdcef3789ce464edba46,18e2036fcddfe326e8bfdf141cc9378f1c126d9a51bb9246c1f5550f45c904b0
64,557,1,cayley,544,12.850365873376727,12.9798650215719,0.00791325700993184,0.012933152000186965,character_semidihedral_no_delete,1.7763568394002505e-15,a2da660415136edb5dd512339f979283c70e4ded48d43408cd5f2c8ddcb0c70c,20176677efd1bce1d0c534093ae086e96c1cde9d9e991288c7f9dc104a1a9456
64,557,2,cayley,544,12.876894374382339,12.887820467880445,0.007916425995063037,0.012909922996186651,character_semidihedral_no_delete,2.4868995751603507e-14,c9483fac2197092243efac28635bebc035d05f097824305a622dc05d70b83e3d,55cd3cc55630b91667c4fbc8f7999f585960cf963bcf0661cafc7a893321f667
64,557,3,cayley,544,12.818459449647946,12.893717886811878,0.007943996009998955,0.01289390999590978,character_semidihedral_no_delete,1.7763568394002505e-15,46c5b9a554a9af8cdf6c1552414ba6382e7bc51fffab44c2c74589d485e0c50a,d9b62d3ef983a947d785b5af9eaf515603260a00cce87e6e202df5c8eff08f78
64,557,4,cayley,544,12.876894374382339,12.978231606173878,0.008005569005035795,0.012881414004368708,character_semidihedral_no_delete,7.105427357601002e-15,bad6ef0710869a09aaaca65af4015af2e6f701979114c4f03c54857ee949adb8,f4d11064b9fb4ac42a0a2a8a8b5c05d3fb7486300705a863cec96c8d081f7e87
64,576,0,cayley,576,13.949392010116991,13.949392010116984,0.008168141008354723,0.0004564070113701746,character_semidihedral_no_delete,7.105427357601002e-15,d9bf6f4ab66e0dcfa139dcc9098550c8fed46e53913990afc39821f64ee334c6,d9bf6f4ab66e0dcfa139dcc9098550c8fed46e53913990afc39821f64ee334c6
64,576,1,cayley,576,13.949392010116991,13.949392010116988,0.00816904399835039,0.00046244000259321183,character_semidihedral_no_delete,7.105427357601002e-15,5099008b801a2c4445bce0bcb5496fca06079669d9200de74334d9ff8e49bd0c,5099008b801a2c4445bce0bcb5496fca06079669d9200de74334d9ff8e49bd0c
64,576,2,cayley,576,13.829743861572734,13.829743861572737,0.008106452994979918,0.0004507630073931068,character_semidihedral_no_delete,3.552713678800501e-15,8cec7be28ce07145ba4124cb1a228eefe17cef5c0a8a16ab9eb2f24247fae9b1,8cec7be28ce07145ba4124cb1a228eefe17cef5c0a8a16ab9eb2f24247fae9b1
64,576,3,cayley,576,14.36320857629895,14.363208576298945,0.008109240006888285,0.0004612539923982695,character_semidihedral_no_delete,1.7763568394002505e-15,d5b7597d4a0a69b7b4c90830b979ba8f77567632505c27e97a11f69433fbc2ce,d5b7597d4a0a69b7b4c90830b979ba8f77567632505c27e97a11f69433fbc2ce
64,576,4,cayley,576,13.663497973889164,13.663497973889157,0.008120312995743006,0.0004507770063355565,character_semidihedral_no_delete,5.329070518200751e-15,cf8c61c51c23a8d8022e22d4d32e45c421e92f27761c3f7220e2e07ad19a0091,cf8c61c51c23a8d8022e22d4d32e45c421e92f27761c3f7220e2e07ad19a0091
64,596,0,cayley,576,13.949392010116991,14.064107687884679,0.008131017995765433,0.01879901299253106,character_semidihedral_no_delete,0.0,d9bf6f4ab66e0dcfa139dcc9098550c8fed46e53913990afc39821f64ee334c6,2589d5392f2ec9f93f6cbdec62ee90b9391d4e7b22376247703562fb00b501d2
64,596,1,cayley,576,13.949392010116991,14.080571826119925,0.008508471000823192,0.01880251099646557,character_semidihedral_no_delete,5.329070518200751e-15,5099008b801a2c4445bce0bcb5496fca06079669d9200de74334d9ff8e49bd0c,e5d344b3b35099a3a2e82f05a8faced58fd51a62b0acc58329956819b861fab4
64,596,2,cayley,576,13.829743861572734,14.063513548514162,0.008039809006731957,0.018770693000988103,character_semidihedral_no_delete,1.7763568394002505e-15,8cec7be28ce07145ba4124cb1a228eefe17cef5c0a8a16ab9eb2f24247fae9b1,c746f67a8ecbc8fd0fbcb0d49ce7cf923430ffab44f724f7ba28d190a1012d54
64,596,3,cayley,576,14.36320857629895,14.508791557028538,0.008064483001362532,0.018811472997185774,character_semidihedral_no_delete,0.0,d5b7597d4a0a69b7b4c90830b979ba8f77567632505c27e97a11f69433fbc2ce,19b6d430a6bbb58b5f86e19d47cd576a8df7acdbaf6d749a85126e11a1638d57
64,596,4,cayley,576,13.663497973889164,13.81915608784784,0.008183443002053536,0.01880286399682518,character_semidihedral_no_delete,2.4868995751603507e-14,cf8c61c51c23a8d8022e22d4d32e45c421e92f27761c3f7220e2e07ad19a0091,e10a65eb5c070098021212ba61fb9bc9e652cd8d9b7cd3327fd6b5d40d6c9737
64,616,0,cayley,608,14.913985055087885,14.996350627104981,0.00883985600376036,0.008708624009159394,character_semidihedral_no_delete,8.881784197001252e-15,811b9ed55e1df984bf95357ba65f01cff4b0024012bf637ce46d5b0c3ecca58d,5b2fbc840b4a1ccaefdb01bcaa9853dfef225d1d7b47b1cd5ee01c9c4b961096
64,616,1,cayley,608,14.913985055087885,14.984513818490104,0.008777618000749499,0.008734465998713858,character_semidihedral_no_delete,8.881784197001252e-15,d76dfc91517039a41b4d5532dcd6a80ff5d2c686f16185f0734f394cc476fd0e,7d21626407da9875c7476229e53b8111bdf8a164a945d8562e1feb606e7f2f4f
64,616,2,cayley,608,14.876894374382339,14.910662327554022,0.008853987994370982,0.008700378995854408,character_semidihedral_no_delete,0.0,adec486b8f3b68d8a48c18c30a0a61d460d3922e74aad7b47f6e426ac9da174f,aa8ac4c4884df5b2ee05f82f72e86d92a2b5b3903c4eca66a1354e88722a7297
64,616,3,cayley,608,14.876894374382339,14.910489249705208,0.008806479003396817,0.008703516010427848,character_semidihedral_no_delete,1.7763568394002505e-15,98520b3a5af51051918ffafb98342dc0a599dfe34d55ba62300977408491002c,c5d78c372b5f116662d85361a9e118da976cf96940e80d0739c2c733bb0799a1
64,616,4,cayley,608,14.876894374382339,14.903597748316184,0.008813392007141374,0.008725441992282867,character_semidihedral_no_delete,0.0,be151ebf31921b35edf5bc1e74a88b05d5075ff5307ef15e53a06cc93efe6923,b3496bd145ea7528327dc392b37240bf086091415be37681d62241fe3c1270e4
64,636,0,cayley,608,14.913985055087885,15.17741425524532,0.00877195100474637,0.02542239800095558,character_semidihedral_no_delete,1.7763568394002505e-15,811b9ed55e1df984bf95357ba65f01cff4b0024012bf637ce46d5b0c3ecca58d,9baced6575c634e5f73d54b82a27e726c34be819d19a93601726556f82cfca9f
64,636,1,cayley,608,14.913985055087885,15.126565475815834,0.0087880279897945,0.025490549000096507,character_semidihedral_no_delete,8.881784197001252e-15,d76dfc91517039a41b4d5532dcd6a80ff5d2c686f16185f0734f394cc476fd0e,194a3dbdf30bced51fffc69778ef9ea66d042fd0fd0eb1a88f02eaa76de2d174
64,636,2,cayley,608,14.876894374382339,15.060759450341163,0.009148226003162563,0.02547490200959146,character_semidihedral_no_delete,1.7763568394002505e-15,adec486b8f3b68d8a48c18c30a0a61d460d3922e74aad7b47f6e426ac9da174f,146414f9e6cd7db34321c57a0597b54b08c844eb82f72ece9dc0b0063fb2e8ea
64,636,3,cayley,608,14.876894374382339,15.032592374449962,0.00875216799613554,0.025424879990168847,character_semidihedral_no_delete,3.552713678800501e-15,98520b3a5af51051918ffafb98342dc0a599dfe34d55ba62300977408491002c,b9c22869a85f9500c828ff4491ba03bd69bb3203f509ced7519447e9e563846d
64,636,4,cayley,608,14.876894374382339,15.004748645874631,0.008793186992988922,0.02544938500795979,character_semidihedral_no_delete,2.842170943040401e-14,be151ebf31921b35edf5bc1e74a88b05d5075ff5307ef15e53a06cc93efe6923,195e1f39a365fa2c2531b4ce9e0ed73f8ae463f4b056c1f0dbaf766069a31a0a
64,655,0,cayley,640,16.304481869954852,16.412869579199576,0.008655479992739856,0.014650971002993174,character_semidihedral_no_delete,3.552713678800501e-15,85ab4ab088f8beb562af833d0a377441389f1ad97d74293ae8321990f9a1e109,45445ac9d29613bf273498763e50ffdfeb669d47d8414f71aa408e4f86373784
64,655,1,cayley,640,16.0,16.141226662031816,0.00871800899039954,0.01466956699732691,character_semidihedral_no_delete,0.0,39c32899bcddf4d8b4833195e0d84d8692557aafde6ba8a7ff9d8ba2e237269d,ff734ee236aa63ffc5b63a27a780fc903132d0362b2996ae47cdb68af7c9e0a5
64,655,2,cayley,640,16.0,16.198629735991798,0.008874348000972532,0.014607810007873923,character_semidihedral_no_delete,7.105427357601002e-15,b25a0f6e4574fab4d33b98b3c78eee253061448f7b7a13fd1ef100f32978b195,7deb425f7bb8737f496c717d48ede950f5b98ac0f3725b041eddccb056afc434
64,655,3,cayley,640,16.0,16.21629584582428,0.00891871500061825,0.014611323000281118,character_semidihedral_no_delete,7.105427357601002e-15,cc0df6057a90f3456a20beba6d5f9830b50e30b7a4997ab4aed98ad89c09af5f,1e2845607617f2c679da7338c9b5c9cce180b041e4d3580d5482bfc9d717569a
64,655,4,cayley,640,16.2510429471316,16.333755418664392,0.008816513000056148,0.014599993010051548,character_semidihedral_no_delete,0.0,c510463fa89df55bf066ade0e0de5bcfcaca26c9c7b3b98f2b5f434717b8c4dd,3cca06fd60c116a836a3500f41538231ef05dee91f18c25461cf699bb1c16bed
64,675,0,cayley,672,17.17157287525381,17.17157287525381,0.009181376997730695,0.004568534990539774,character_semidihedral_no_delete,1.7763568394002505e-14,de016fc6f66377ed3fa598fdbb89197663eb597200c36cc4cc0c5ff7b6d3a185,ddfc54f5573062c0f308e68a938ff9a89ce297db888c814192d211b1dbdc3e6e
64,675,1,cayley,672,17.17157287525381,17.171572875253798,0.009510910007520579,0.004563961003441364,character_semidihedral_no_delete,7.105427357601002e-15,6ebea2e8ffdec23dff888e413a141d111a77f2bf57ee6610a1e67a9bc097b947,5b89230f58c68fdfee5a85e68114e6b1c2cb282e6655ea71241f8bcaf317184e
64,675,2,cayley,672,17.17157287525381,17.193817923423317,0.009225241010426544,0.004532122999080457,character_semidihedral_no_delete,1.4210854715202004e-14,e32ae073d453c7c482cb5af743be9f9347346c007f4606be6e0290e90dc208c7,fa3dfdd5a7f464638316df4c2a88a20e931ea63235b83058a8753fe67fbeeb1d
64,675,3,cayley,672,16.913985055087885,16.924681698204598,0.009149010002147406,0.004523687995970249,character_semidihedral_no_delete,7.105427357601002e-15,919039a4b042e51978d3675f11bda45b57a791861d52bbf0b8a09d8e3e4b4e9c,61ae6b4c34b77c1cbaf5c0067ce3ee383f45cf23eda3c4685b89150d94bbee1e
64,675,4,cayley,672,16.913985055087885,16.925615050652247,0.009280733007472008,0.004550355995888822,character_semidihedral_no_delete,3.552713678800501e-15,ed0396f88e1f4db9e3391e3b8d64704537a78016d7c2716c242bc9d2a10a04fd,70f53f34938f553361f1402287b8ccd062cd8e8fec5e6dd70f51b41e4f7b4fca
64,695,0,cayley,672,17.17157287525381,17.278104428415897,0.009198230007314123,0.021306949987774715,character_semidihedral_no_delete,1.4210854715202004e-14,de016fc6f66377ed3fa598fdbb89197663eb597200c36cc4cc0c5ff7b6d3a185,2d44900f9fc910fac9f664ec7142809628b537cda020edf4694d456ba088f1c6
64,695,1,cayley,672,17.17157287525381,17.22659633346358,0.009237716003553942,0.021281327994074672,character_semidihedral_no_delete,1.0658141036401503e-14,6ebea2e8ffdec23dff888e413a141d111a77f2bf57ee6610a1e67a9bc097b947,193b9133b59e17f20fc74484a3d3926dd54e0bef7437c905018002de54466873
64,695,2,cayley,672,17.17157287525381,17.35602542408215,0.009175949002383277,0.021275558014167473,character_semidihedral_no_delete,1.4210854715202004e-14,e32ae073d453c7c482cb5af743be9f9347346c007f4606be6e0290e90dc208c7,9928095f7a0226a43b4ad5b5a74c6b75e417ab050df439de46083d94b46c0a3e
64,695,3,cayley,672,16.913985055087885,17.083856366038702,0.009185567003441975,0.021270345998345874,character_semidihedral_no_delete,1.4210854715202004e-14,919039a4b042e51978d3675f11bda45b57a791861d52bbf0b8a09d8e3e4b4e9c,1134a8b2043c50ffef40b6ed28201d727b5ae5ccf200af9cbb29c84444e72a4f
64,695,4,cayley,672,16.913985055087885,17.132859981359143,0.009533005999401212,0.021300189997418784,character_semidihedral_no_delete,3.552713678800501e-15,ed0396f88e1f4db9e3391e3b8d64704537a78016d7c2716c242bc9d2a10a04fd,a17b3a40e3a707712275ac3252abaf3326efed254513fbcd107e3639f44497fb
64,714,0,cayley,704,17.94939201011699,18.005415656209546,0.009225072004483081,0.010383624990936369,character_semidihedral_no_delete,1.0658141036401503e-14,b6b1c01c24e51405e6102efca8c12b3586686b7675068d19387c25643b292429,7e3b45dc1cb5da36cdd2585b13f0db81b990874ec99dab2eabcf55f117a8c5ef
64,714,1,cayley,704,18.535898384862247,18.53589838486224,0.009246949994121678,0.010552977008046582,character_semidihedral_no_delete,3.552713678800501e-15,6db2f947d46eb5c104e455ca3529e8a6da6a3efb5dfde509dbf7d7bd7684e4c4,e2fc851ab8a932e34fa9d6147bb9eb6bc3de8704ff3714279af14544e6be57fa
64,714,2,cayley,704,18.304481869954852,18.352698388107747,0.00925948801159393,0.010418898993520997,character_semidihedral_no_delete,1.4210854715202004e-14,48b29e2e7615df21cad6176c827fbb363dd2b0e490aca49fca1c104b620879cc,3a59bf96b794a61c50e8aafb066870f7f7bc123ced57521a20bea36c5f2963fd
64,714,3,cayley,704,18.535898384862247,18.53589838486224,0.009228551003616303,0.010439910998684354,character_semidihedral_no_delete,0.0,78a982c914cc13a703a9fde6f5f2180f2ebadf49420c8184d274eeeecc732e29,b88fa724c3f0172859093a142337eed0d61c7c9c1a57435a32ca943b07b30634
64,714,4,cayley,704,18.535898384862247,18.53589838486224,0.009174895996693522,0.010471382993273437,character_semidihedral_no_delete,7.105427357601002e-15,498d10f0bf53e8035e8b217650cf87576fa7164f08b60ac3d9822fcd4dcbe1fa,55521abb943246675ed9ac8b564b51f1ef540e27007ca45d1abf7b2d7cdd2e96
64,734,0,cayley,704,17.94939201011699,18.12946292044741,0.009322226993390359,0.027019653003662825,character_semidihedral_no_delete,7.105427357601002e-15,b6b1c01c24e51405e6102efca8c12b3586686b7675068d19387c25643b292429,16946733e8a70f1ab29788da13f36305cfd5fd5417e6c5497d270d2b2073892e
64,734,1,cayley,704,18.535898384862247,18.574633813243416,0.009310726003604941,0.02714135599671863,character_semidihedral_no_delete,3.552713678800501e-15,6db2f947d46eb5c104e455ca3529e8a6da6a3efb5dfde509dbf7d7bd7684e4c4,200e7ed8fddc44a87fab72bbc5062086ea7e4f3f40fbd281878c663ff1c43595
64,734,2,cayley,704,18.304481869954852,18.426714043661047,0.009642229008022696,0.0272010879998561,character_semidihedral_no_delete,3.552713678800501e-15,48b29e2e7615df21cad6176c827fbb363dd2b0e490aca49fca1c104b620879cc,6f8545e7cbcf6eebfee83a0eef7666fd75f414dd96306c848b1dd977e7142012
64,734,3,cayley,704,18.535898384862247,18.551826268367133,0.00922788200841751,0.027181654004380107,character_semidihedral_no_delete,1.0658141036401503e-14,78a982c914cc13a703a9fde6f5f2180f2ebadf49420c8184d274eeeecc732e29,1ed423ec959c6b570b56cce89088a7ff105fc4d27086ffd5338aab4558ff0abe
64,734,4,cayley,704,18.535898384862247,18.574358173704855,0.009147079996182583,0.027179905999219045,character_semidihedral_no_delete,1.0658141036401503e-14,498d10f0bf53e8035e8b217650cf87576fa7164f08b60ac3d9822fcd4dcbe1fa,db17eae9431b1f47f09edf7324c53210b89250f437b19f002f3dbf3a205a7195
64,754,0,cayley,736,19.17157287525381,19.31163939801383,0.009595866009476595,0.017102260011597537,character_semidihedral_no_delete,7.105427357601002e-15,47b98d1d91802633a9927640481234d7eebbdb063a48f7f6b0dbc36e06f16597,1962756a7e1ad082f86f13dfc7087313700c7b92f457c2bd2114de217c08fe0d
64,754,1,cayley,736,18.913985055087885,19.04499622461548,0.009538792000967078,0.017084400009480305,character_semidihedral_no_delete,3.552713678800501e-15,ad8ec2e6c99302f6ef8273c34fb863c2fd263ff7ec570d016aa7ffe217cdffd2,99f55bc2d227d6fe57bd89586dd74d474e51795f5ef5805ffe2f8f247627f498
64,754,2,cayley,736,19.17157287525381,19.266225673667925,0.009649977990193292,0.01710005200584419,character_semidihedral_no_delete,7.105427357601002e-15,f12ef40b64116d8075dc5c1452723973a07c78b0c68ac4fdfe73017e2663661d,c757950dad3a1074d38ba0a85b7920c7ace8313c551c9b14df4bb5bf9cde52cc
64,754,3,cayley,736,19.17157287525381,19.27848093225154,0.009545898996293545,0.01709080600994639,character_semidihedral_no_delete,1.0658141036401503e-14,d08f9ac2e640a93876b2be5392692c0d8b8f15dfd5abe991a855ef9806efea08,79359973e9811e1f6dabcd84715961e9b018f6796d957fef20b2abc8d3551504
64,754,4,cayley,736,19.17157287525381,19.26547765951397,0.009862160994089209,0.017104162005125545,character_semidihedral_no_delete,2.4868995751603507e-14,4646acd97297284fdd0976ec90e2030de26fab603c92e672b45aa181f586a8c4,2288556ea40b6d8477712af3cb9b8eaa832be0068460fd0c4f1667f92e5f21b7
64,773,0,cayley,768,20.0,20.02090635288036,0.009461570007260889,0.006216096997377463,character_semidihedral_no_delete,1.0658141036401503e-14,f18a7b5bde3e71d7bae16648ceb43ea2a096e61c0c1a8f1adf33146efcf9005f,7a7a4df8da49795081303451e74ede533d9bfcf055bd3cacf2d50073fabdfa04
64,773,1,cayley,768,20.0,20.042408425661314,0.009502670989604667,0.006193409994011745,character_semidihedral_no_delete,3.552713678800501e-15,d742957194469447a3e26d00eee854d3745bd3e40556992d23151d7f60e5bb08,7c311a2605fba7be281761697367b3a4ed7e3fc6fae5d57e760807b102fe81ca
64,773,2,cayley,768,20.0,20.083233875660383,0.009407058008946478,0.006204347009770572,character_semidihedral_no_delete,2.1316282072803006e-14,6ea6dc722d885b712a4c239563c621a9ea865ceca976b61adb6030b4a3a00583,ba939430c14fcd17ffa8bef3a81bec6b99951ebc6a2768dade8a2c23d7f17777
64,773,3,cayley,768,20.0,20.07570055117341,0.009584031999111176,0.006209889004821889,character_semidihedral_no_delete,7.105427357601002e-15,7aced8422d3c5bf53b014f28e63db1631dae958c32065b8453d2053ebb520c4b,b173c410eb7cad6d904cedc857afde40b065c9eef8ff78814850c52715a5c848
64,773,4,cayley,768,20.0,20.07487101585029,0.009600764999049716,0.006178939001983963,character_semidihedral_no_delete,1.4210854715202004e-14,99cb3fd855fe9addf95d3588e0fe3edc72be5be7e7e20fa596b702871871bbeb,908f92f86159141040ff1f0142e50179857e18e3a8874ef28170d1b449cd3f9f
64,793,0,cayley,768,20.0,20.153262107765865,0.009843883992289193,0.022897472998010926,character_semidihedral_no_delete,3.552713678800501e-15,f18a7b5bde3e71d7bae16648ceb43ea2a096e61c0c1a8f1adf33146efcf9005f,53f382744e4e0bcb58256433269cc157eb0b97cabc36f42063eeb8ff0dc9de65
64,793,1,cayley,768,20.0,20.256182292537318,0.009496525002759881,0.022904288009158336,character_semidihedral_no_delete,3.552713678800501e-15,d742957194469447a3e26d00eee854d3745bd3e40556992d23151d7f60e5bb08,bfb98e090a5e03fe4d0c06464edf4cd18108aa87b82e5bbdf2c9f2332cbb29f8
64,793,2,cayley,768,20.0,20.332555703100148,0.009530298004392534,0.02289349200145807,character_semidihedral_no_delete,1.0658141036401503e-14,6ea6dc722d885b712a4c239563c621a9ea865ceca976b61adb6030b4a3a00583,8687497593db1d8eb43093ccde026c21bd0bc9a2c9248ee83270582b3b8d4040
64,793,3,cayley,768,20.0,20.319151455072443,0.009570586000336334,0.022936299996217713,character_semidihedral_no_delete,1.7763568394002505e-14,7aced8422d3c5bf53b014f28e63db1631dae958c32065b8453d2053ebb520c4b,1a561fec6adc34c5ec68334474dacf20bb1aff9bfa9ea0b3ccd3ae968e6f71bd
64,793,4,cayley,768,20.0,20.309754764827154,0.009521194006083533,0.02298448799410835,character_semidihedral_no_delete,1.4210854715202004e-14,99cb3fd855fe9addf95d3588e0fe3edc72be5be7e7e20fa596b702871871bbeb,2f7489061211aa82f1e61ac47da378c4aa7b87c3deded1e1ab14de46bc71827c
64,813,0,cayley,800,21.729599698806712,21.801505848525863,0.009901010998873971,0.012944911999511532,character_semidihedral_no_delete,1.4210854715202004e-14,6ab89c12f806889ff8367b8e8703416048281b61cc907a1bca9bde4ca74f3087,2914978f061115cd73f4e1dfbc71f0cb54e5998153a1c9dec37a3000aa8f347f
64,813,1,cayley,800,21.729599698806712,21.854812808659872,0.010111413997947238,0.012934218000737019,character_semidihedral_no_delete,7.105427357601002e-15,e0498b64091cd549abf61455a543bc1788313bb1c3df5fcb996dff5764d916fc,6a4172ffa8656b65b923ec68afc1a6c1322e0db038ebfcab6f12ff074094df85
64,813,2,cayley,800,21.729599698806712,21.854049336360227,0.009842614992521703,0.012905566996778361,character_semidihedral_no_delete,1.0658141036401503e-14,56c8844f20fca76acd7a4574d5c9759a6bd88cadfbb31fd075c5684db1c21c65,c8ae9cb2cf7c45b9f8abf799497d5bb3738b2b0cdb12b823cd6afaa9e39d2d3e
64,813,3,cayley,800,21.729599698806712,21.81569446100292,0.009958868991816416,0.012940607004566118,character_semidihedral_no_delete,2.842170943040401e-14,f918970466af11bd98a3a780d16af654a122e9d581b8b594e0fd6bc5a9d21bca,7b8495c0a6ba924b2c37e02491d4f4b897f33d492e59415ca462cd09063fd293
64,813,4,cayley,800,21.729599698806712,21.836713433133525,0.009903022000798956,0.012913530998048373,character_semidihedral_no_delete,7.105427357601002e-15,c30a5a071b2ad76d9e21ed945e8812088608846a53a08d77c476ecf78fa105cb,1ea1517bc319a3b5a16d529350e7b5911b1506529dd8b09cfd4ef6284366b907
64,833,0,cayley,832,23.17157287525381,23.17157287525382,0.009636684990255162,0.0028589379944605753,character_semidihedral_no_delete,1.4210854715202004e-14,0dacded5cd797a959fc330d1e1c517e2e4f8567571d7ea5a4ecb97cf74015091,53ad05dcaef8cb56483953788a5e2d8e1fa280301e66bb4496a24c1d40296a52
64,833,1,cayley,832,23.17157287525381,23.171572875253805,0.00972951200674288,0.002861479006242007,character_semidihedral_no_delete,0.0,f9f2253321597c8ca45119b5fe3829627da3bf645a0560819892e791f4822773,158bf3e09a29ef859c813221e434ed43cea3877df56ffa1a432bad74ddd3e8c7
64,833,2,cayley,832,23.17157287525381,23.1715728752538,0.009976273009669967,0.002859069994883612,character_semidihedral_no_delete,1.0658141036401503e-14,4b8baba34834dc81ad1c78e9ced012e7ac3304c679fd6902e9377a3175edca26,598f1e0cdca9f308215f6a3756efa903ecdc22d262067e2a8be328362af1b639
64,833,3,cayley,832,23.17157287525381,23.171572875253826,0.009575275995302945,0.0028699270042125136,character_semidihedral_no_delete,2.1316282072803006e-14,4cd1db3aa72d53cfeb7ad5bea6a5d677b61cee376be732e1bcd292ad958d767a,d990e1d1e5436ed06ad124e82701880c03fb759ef703771a01b145acece209a7
64,833,4,cayley,832,23.17157287525381,23.1715728752538,0.0095251860038843,0.0028640199889196083,character_semidihedral_no_delete,1.7763568394002505e-14,bcba04b9b5ad017fc16137109ea3aaf3f190364b30e066afe3da63f054286a39,7fa8972045284553403fc3e46d1722b92b593c0573e9384fda8fbba649c9a8e6
64,852,0,cayley,832,23.17157287525381,23.231186604324506,0.00974050399963744,0.018746622998150997,character_semidihedral_no_delete,7.105427357601002e-15,0dacded5cd797a959fc330d1e1c517e2e4f8567571d7ea5a4ecb97cf74015091,f34a700dc0d5b81d8379e0715762cdfd040ffef293fc3f7e3e7a8664edc99262
64,852,1,cayley,832,23.17157287525381,23.22928457995478,0.009684372998890467,0.01870821499323938,character_semidihedral_no_delete,0.0,f9f2253321597c8ca45119b5fe3829627da3bf645a0560819892e791f4822773,433360f75d8ad844ad2fd8b0f5036a5a152f6b1801ae7a87d91c063e7fa3f961
64,852,2,cayley,832,23.17157287525381,23.20352433110215,0.009841271996265277,0.01876786199864,character_semidihedral_no_delete,1.4210854715202004e-14,4b8baba34834dc81ad1c78e9ced012e7ac3304c679fd6902e9377a3175edca26,f27c6b4ae661cbfd9b0ff09263655507e97b52a80b2f810dd635a1f683e46610
64,852,3,cayley,832,23.17157287525381,23.203178269485193,0.00990460699540563,0.01881986799708102,character_semidihedral_no_delete,1.0658141036401503e-14,4cd1db3aa72d53cfeb7ad5bea6a5d677b61cee376be732e1bcd292ad958d767a,29b6c1760294887b930fc36092d6e1d8212bf6173b1abc76862f132659b1634b
64,852,4,cayley,832,23.17157287525381,23.203048355765414,0.009612301000743173,0.01870219100965187,character_semidihedral_no_delete,7.105427357601002e-15,bcba04b9b5ad017fc16137109ea3aaf3f190364b30e066afe3da63f054286a39,e0f58aaa4a7c38c8b6c8e4fc7b56f89298830100fc6723253622874c5313c9c6
64,872,0,cayley,864,23.729599698806712,23.78940912365729,0.01003697000851389,0.008890272001735866,character_semidihedral_no_delete,2.1316282072803006e-14,cbade4c7a3a42e338b65994354eb298d7bba3d709442cf689d4c9e52dde7402b,372f55f486f4a90e564bdb38f4a294f0a13e8eb0dc7b0f2202f72011d28638aa
64,872,1,cayley,864,23.729599698806712,23.79272123494019,0.010087369999382645,0.00877731799846515,character_semidihedral_no_delete,1.4210854715202004e-14,87a92b5452b719e2002ae8ebbb84a904693e300dd2def4ae069af3702f2b0126,7a6b00d6ed6c9bf265d96ae05b1073c76b3b414a5ef85b26163e3df703eddb39
64,872,2,cayley,864,23.729599698806712,23.81181801842003,0.00999104100628756,0.00883208800223656,character_semidihedral_no_delete,3.552713678800501e-15,b800262c3697165d9f6c8788386f9f8266f0c09c190c8375c1e4ebbfbcde65db,c7f726bf18658a44faa66b9648ffe8d5880f6d7f76a2cad2b367df906605e9f0
64,872,3,cayley,864,23.729599698806712,23.790245392037537,0.010135321994312108,0.008702361999894492,character_semidihedral_no_delete,1.7763568394002505e-14,cac67553f80a16f96318b9f134a6db06abd70e5ec0ba3ec7dc7937cc0ea7e1a5,42896cd890c4029126c48e52cc52841e837a50fbbf80e4bdd827e64108226edc
64,872,4,cayley,864,23.729599698806712,23.785847350483255,0.0103259920142591,0.008816208995995112,character_semidihedral_no_delete,1.0658141036401503e-14,264adf4eb78ba46f44917f20779eeed02153b9a698aaaf0357944066f5c7c48d,8fccc4dd46d402d805d19d01c3b8f0e6ad08eb7a275ca12a0bf86e72509f36c6
64,892,0,cayley,864,23.729599698806712,23.927282000032207,0.009836475990596227,0.025353627002914436,character_semidihedral_no_delete,3.552713678800501e-15,cbade4c7a3a42e338b65994354eb298d7bba3d709442cf689d4c9e52dde7402b,9d3f4800096441c16c9661d65283e806ba41d8fe4e9704580c0b0aee3e6f89a9
64,892,1,cayley,864,23.729599698806712,23.99663880846629,0.009868914989056066,0.025349361007101834,character_semidihedral_no_delete,0.0,87a92b5452b719e2002ae8ebbb84a904693e300dd2def4ae069af3702f2b0126,b6ad44be7d6320d742a5eb29648edb1714ca000ddc03fe8e3c7054995dfad2fd
64,892,2,cayley,864,23.729599698806712,23.96180382857615,0.010050657001556829,0.025430716006667353,character_semidihedral_no_delete,2.4868995751603507e-14,b800262c3697165d9f6c8788386f9f8266f0c09c190c8375c1e4ebbfbcde65db,979140d19803b71e3758339cc65de8e02326df0779e37aeb93ff36aaad3afa74
64,892,3,cayley,864,23.729599698806712,23.96234069855325,0.009951326996088028,0.025278428991441615,character_semidihedral_no_delete,0.0,cac67553f80a16f96318b9f134a6db06abd70e5ec0ba3ec7dc7937cc0ea7e1a5,0532b7b14bb90d8ae29234c2e1bf44e42e1bdb5942348f200776a45ecc932e77
64,892,4,cayley,864,23.729599698806712,24.005909825374623,0.010028017000877298,0.02540223799587693,character_semidihedral_no_delete,7.105427357601002e-15,264adf4eb78ba46f44917f20779eeed02153b9a698aaaf0357944066f5c7c48d,e3a1cb84b47f35c261f773a3b275793995316b6d9d4398a6b92c977957091277
64,911,0,cayley,896,24.64944006776397,24.793484766191934,0.009740585999679752,0.014513329995679669,character_semidihedral_no_delete,2.4868995751603507e-14,c6ad29ef54b2c261bb315b4eae6ba5e02559e4645ed489552004274cd6c8ed2a,9c97655aeee9aea9dc15a790d2544b99d2ac21d667299012651ae5c5bb3ec569
64,911,1,cayley,896,24.64944006776397,24.781095208102773,0.009661376010626554,0.014527179999276996,character_semidihedral_no_delete,1.0658141036401503e-14,dba2f65c6987226a50dbd6de31c5c16b610c04ae74d1863fe61f3842d8430b8b,0ac6a4ceb0cf0056e6baf534c87d218ade23f39e9fe0eb1a222b24cba9606d27
64,911,2,cayley,896,24.64944006776397,24.76518451346744,0.009537327990983613,0.014492841000901535,character_semidihedral_no_delete,1.7763568394002505e-14,21d23bd96949a002306ea55b3808272a6efc8690c7a42d1c142f73093eb4221c,30cf279d8670e71212a3954cd27a56414a3683b083f536034ce689d6098c8f93
64,911,3,cayley,896,24.64944006776397,24.73162583150436,0.009558552002999932,0.014526719009154476,character_semidihedral_no_delete,2.842170943040401e-14,3a3514eb90f0a57b8ccb240b4a4d5acbfeaa633c47a4b61f266e6417a261750c,9e8a37ec090d5c98eb517ad21503325b353895850ab893c998d01620c95dd126
64,911,4,cayley,896,24.64944006776397,24.79258387572766,0.00959309100289829,0.014468754990957677,character_semidihedral_no_delete,1.4210854715202004e-14,1da9de3a74f33253eb8b2013f64a83061c255c53d3cc7a4d98208797235bfcdb,7890773fa448ffdd9a1a2c2fa4d972c884f758de08d3ce212f0d398dd92ffc0b
64,931,0,cayley,928,26.051183605233255,26.054145633714,0.009467834999668412,0.00453839500551112,character_semidihedral_no_delete,3.907985046680551e-14,c9005f45949dc53a9c1ea2e7f1d4512efb440b7a1a69cdc27afc78ecc1759dad,bbd7815b6e0d6964dec28cf3edc85d3e9526edb0c53de3624f661f1715ea2314
64,931,1,cayley,928,26.051183605233255,26.053949767823745,0.009694429012597539,0.004528769990429282,character_semidihedral_no_delete,1.7763568394002505e-14,26e39954ed58a02cb85b8f0e560e261511705c2d8f41e123876fdc27ff554861,7d0c915acf81889bd6c80625733b586e3592cf02584bdc16c38e5217cee180ba
64,931,2,cayley,928,26.051183605233255,26.053949767823745,0.009559638012433425,0.004532267004833557,character_semidihedral_no_delete,2.1316282072803006e-14,6fc59e71024a15087fb806731bca771368d808fcebc96c690789537b8254c648,4e04336749a6cc2700d78e08442e986f2469337d9797e6caf77911074be20c9c
64,931,3,cayley,928,26.051183605233255,26.068176355432314,0.009348874009447172,0.0045235659927129745,character_semidihedral_no_delete,1.0658141036401503e-14,5fe8e34d4cfcbe5d77d763b6990b5916661d06ab66cc999aeafa03a36e39676c,ba2358b8fe3aa47d34c3159285d8bfe07f112a174b7dcc30b7debb430d3846fb
64,931,4,cayley,928,26.051183605233255,26.054145633714,0.009384709992446005,0.004520264992606826,character_semidihedral_no_delete,3.907985046680551e-14,c9005f45949dc53a9c1ea2e7f1d4512efb440b7a1a69cdc27afc78ecc1759dad,bbd7815b6e0d6964dec28cf3edc85d3e9526edb0c53de3624f661f1715ea2314
64,951,0,cayley,928,26.051183605233255,26.141789308319126,0.009481539993430488,0.021180034993449226,character_semidihedral_no_delete,1.0658141036401503e-14,c9005f45949dc53a9c1ea2e7f1d4512efb440b7a1a69cdc27afc78ecc1759dad,9dec4faa593b35558b5d23e1120ddf03edac4fb4a33621ec6344c6a6cbf1e7b2
64,951,1,cayley,928,26.051183605233255,26.187772635067923,0.00944028000230901,0.021227254008408636,character_semidihedral_no_delete,1.0658141036401503e-14,26e39954ed58a02cb85b8f0e560e261511705c2d8f41e123876fdc27ff554861,57243e94b6f29713d1c3bb9cb6bc501c6f7f51954fa6897947c157ce6ce44101
64,951,2,cayley,928,26.051183605233255,26.127142160788978,0.009650596999563277,0.02116159998695366,character_semidihedral_no_delete,1.7763568394002505e-14,6fc59e71024a15087fb806731bca771368d808fcebc96c690789537b8254c648,55fabc7f673b0a7593c061ecf8b9e832303e96752bb70060b54005fd3870c183
64,951,3,cayley,928,26.051183605233255,26.132243036058775,0.009326096987933852,0.021191837993683293,character_semidihedral_no_delete,2.4868995751603507e-14,5fe8e34d4cfcbe5d77d763b6990b5916661d06ab66cc999aeafa03a36e39676c,42bc66fe3bc95d9dc3ae271d72cfdf7a1b3b3b80620acef3dee71024652b48a5
64,951,4,cayley,928,26.051183605233255,26.141789308319126,0.009445090996450745,0.021155494003323838,character_semidihedral_no_delete,1.0658141036401503e-14,c9005f45949dc53a9c1ea2e7f1d4512efb440b7a1a69cdc27afc78ecc1759dad,9dec4faa593b35558b5d23e1120ddf03edac4fb4a33621ec6344c6a6cbf1e7b2
64,971,0,cayley,960,28.0,28.01265457085595,0.00837604700063821,0.011186229006852955,character_semidihedral_no_delete,2.1316282072803006e-14,9c0e58288eab4edc01b2606aacb2315927ab60f226eeb0123b5341d40e0b77e0,44e572e01456e65b7710de52d5cdf40f19343090f9f50f5ea5c53ac5e29e0cfe
64,971,1,cayley,960,28.0,27.99999999999998,0.008219058989197947,0.011207243005628698,character_semidihedral_no_delete,1.4210854715202004e-14,38bc2dcb14158c8c7c440d3f9ef2f5238a9116cb06487afa6f0c302bbad9ebff,803177b2e11b0da59893dc9baab416960b48b829204788b9299926e054989b2e
64,971,2,cayley,960,28.0,28.02519208752617,0.008440826990408823,0.01122075600142125,character_semidihedral_no_delete,1.0658141036401503e-14,b6e665d02bce0051992497f979add7270e76dd8152443ad45a08d2a67762eded,a7546bac884d6bf99902305ce864554620efe136ea513ef29d9d0a5b8250e5bb
64,971,3,cayley,960,28.0,28.01265457085595,0.008249847000115551,0.011171410995302722,character_semidihedral_no_delete,2.1316282072803006e-14,9c0e58288eab4edc01b2606aacb2315927ab60f226eeb0123b5341d40e0b77e0,44e572e01456e65b7710de52d5cdf40f19343090f9f50f5ea5c53ac5e29e0cfe
64,971,4,cayley,960,28.0,28.025103889751932,0.008694160002050921,0.01119866399676539,character_semidihedral_no_delete,2.4868995751603507e-14,301a9c099a6a8449ad5d1dec4624a5befc08631901b9329d4829dccd98a1f3eb,b6c905d43f578b0e068f73f97cd45776fa0cf601297628c5e7c63ccddcc16a98
64,990,0,cayley,960,28.0,28.021211066918095,0.00836122699547559,0.026932048000162467,character_semidihedral_no_delete,3.552713678800501e-15,9c0e58288eab4edc01b2606aacb2315927ab60f226eeb0123b5341d40e0b77e0,08fdc731b291e00788f86dd90f38f14c31786fe40e11c49ff67f083069c348e3
64,990,1,cayley,960,28.0,27.999999999999993,0.008260867005446926,0.02696173600270413,character_semidihedral_no_delete,2.4868995751603507e-14,38bc2dcb14158c8c7c440d3f9ef2f5238a9116cb06487afa6f0c302bbad9ebff,7bce2e51dfb518b610cf6e1ea230f5ac824190cecccec878eec3a962a7249e6c
64,990,2,cayley,960,28.0,28.049788504562436,0.008465268008876592,0.026983586998539977,character_semidihedral_no_delete,3.552713678800501e-15,b6e665d02bce0051992497f979add7270e76dd8152443ad45a08d2a67762eded,27fe87d81e217218ce7e7bfa90d3c9b0e4169b6f0bd717946ff4711894a18f89
64,990,3,cayley,960,28.0,28.021211066918095,0.00830465900071431,0.026941848002024926,character_semidihedral_no_delete,3.552713678800501e-15,9c0e58288eab4edc01b2606aacb2315927ab60f226eeb0123b5341d40e0b77e0,08fdc731b291e00788f86dd90f38f14c31786fe40e11c49ff67f083069c348e3
64,990,4,cayley,960,28.0,28.053566443900728,0.008409481000853702,0.02698129799682647,character_semidihedral_no_delete,1.7763568394002505e-14,301a9c099a6a8449ad5d1dec4624a5befc08631901b9329d4829dccd98a1f3eb,10aa6060d25c962ea548865075c0f9552bb46c46d384521aa04c353be8cd81ce
64,1010,0,cayley,992,30.0,29.999999999999957,0.007968650010298006,0.016971451012068428,character_semidihedral_no_delete,3.552713678800501e-15,0b9d948e803c618d209410ec69303eca558b8b92d81c822f4c658fb40f44412e,b2dd25a28554043caf645a43753b9025a00099d828a9025abcbc0019f74a7616
64,1010,1,cayley,992,30.0,29.99999999999998,0.008159067991073243,0.01693492899357807,character_semidihedral_no_delete,3.552713678800501e-15,a83b95ae2c093da61e2da163fe9d1dad13493322350bab88fd850642293c9008,b49b0a68b5569794992a80acadce5a6a711672f7f046c3738607fa2008053bfe
64,1010,2,cayley,992,30.0,29.999999999999957,0.007894548994954675,0.01698748199851252,character_semidihedral_no_delete,3.552713678800501e-15,0b9d948e803c618d209410ec69303eca558b8b92d81c822f4c658fb40f44412e,b2dd25a28554043caf645a43753b9025a00099d828a9025abcbc0019f74a7616
64,1010,3,cayley,992,30.0,29.999999999999964,0.00788574900070671,0.016951291006989777,character_semidihedral_no_delete,0.0,66ff4b016ee2a0327fa24077752510afb841cd2291a34772b1e5de82202561ed,2ddc79b63dc32c2fc74cd6288dcea927b1889171cdf7d7dd1f5e07395f61f1ce
64,1010,4,cayley,992,30.0,29.99999999999997,0.008002053989912383,0.017003974004182965,character_semidihedral_no_delete,1.4210854715202004e-14,2c07b505d56f9b15e6787a8a0b62c65eeda7f402846b97c35580ca0ba0fd90d2,e8d93396130b7d63d68826eba8756717a4438a77c17893c4fcd3ced9f4fad2f0
64,1030,0,cayley,1024,32.0,31.999999999999954,0.007829361013136804,0.006977011988055892,character_semidihedral_no_delete,7.105427357601002e-14,0fedd50714b79f26cca81bf6c199c4cc4fc77ff79868b0b1cea14f93f2e32d90,6c930738a8d3d0dadad9e83c583d4c4247458977b187232d4b6ff44666dfb7b7
64,1030,1,cayley,1024,32.0,31.999999999999954,0.00799043600272853,0.006992340000579134,character_semidihedral_no_delete,7.105427357601002e-14,0fedd50714b79f26cca81bf6c199c4cc4fc77ff79868b0b1cea14f93f2e32d90,6c930738a8d3d0dadad9e83c583d4c4247458977b187232d4b6ff44666dfb7b7
64,1030,2,cayley,1024,32.0,31.999999999999954,0.007920324002043344,0.00696155198966153,character_semidihedral_no_delete,7.105427357601002e-14,0fedd50714b79f26cca81bf6c199c4cc4fc77ff79868b0b1cea14f93f2e32d90,6c930738a8d3d0dadad9e83c583d4c4247458977b187232d4b6ff44666dfb7b7
64,1030,3,cayley,1024,32.0,31.999999999999954,0.008011196987354197,0.006988695997279137,character_semidihedral_no_delete,7.105427357601002e-14,0fedd50714b79f26cca81bf6c199c4cc4fc77ff79868b0b1cea14f93f2e32d90,6c930738a8d3d0dadad9e83c583d4c4247458977b187232d4b6ff44666dfb7b7
64,1030,4,cayley,1024,32.0,31.999999999999954,0.10351584599993657,0.007584075996419415,character_semidihedral_no_delete,7.105427357601002e-14,0fedd50714b79f26cca81bf6c199c4cc4fc77ff79868b0b1cea14f93f2e32d90,6c930738a8d3d0dadad9e83c583d4c4247458977b187232d4b6ff44666dfb7b7
64,1049,0,cayley,1024,32.0,31.999999999999943,0.00799478599219583,0.022693320002872497,character_semidihedral_no_delete,0.0,0fedd50714b79f26cca81bf6c199c4cc4fc77ff79868b0b1cea14f93f2e32d90,8f440b01fd5188df7ea170fd781af044aba30fd203729f25bd75d93eaba2f451
64,1049,0,envelope,1024,32.0,31.999999999999943,0.001670020996243693,0.022614027999225073,envelope_formula,0.0,0fedd50714b79f26cca81bf6c199c4cc4fc77ff79868b0b1cea14f93f2e32d90,8f440b01fd5188df7ea170fd781af044aba30fd203729f25bd75d93eaba2f451
64,1049,1,cayley,1024,32.0,31.999999999999943,0.007948808997753076,0.022682684008032084,character_semidihedral_no_delete,0.0,0fedd50714b79f26cca81bf6c199c4cc4fc77ff79868b0b1cea14f93f2e32d90,8f440b01fd5188df7ea170fd781af044aba30fd203729f25bd75d93eaba2f451
64,1049,1,envelope,1024,32.0,31.999999999999943,0.0016911599959712476,0.02256075499462895,envelope_formula,0.0,0fedd50714b79f26cca81bf6c199c4cc4fc77ff79868b0b1cea14f93f2e32d90,8f440b01fd5188df7ea170fd781af044aba30fd203729f25bd75d93eaba2f451
64,1049,2,cayley,1024,32.0,31.999999999999943,0.007933897999464534,0.02253619300608989,character_semidihedral_no_delete,0.0,0fedd50714b79f26cca81bf6c199c4cc4fc77ff79868b0b1cea14f93f2e32d90,8f440b01fd5188df7ea170fd781af044aba30fd203729f25bd75d93eaba2f451
64,1049,2,envelope,1024,32.0,31.999999999999943,0.0017248649965040386,0.022609534004004672,envelope_formula,0.0,0fedd50714b79f26cca81bf6c199c4cc4fc77ff79868b0b1cea14f93f2e32d90,8f440b01fd5188df7ea170fd781af044aba30fd203729f25bd75d93eaba2f451
64,1049,3,cayley,1024,32.0,31.999999999999943,0.007834132993593812,0.02266982699802611,character_semidihedral_no_delete,0.0,0fedd50714b79f26cca81bf6c199c4cc4fc77ff79868b0b1cea14f93f2e32d90,8f440b01fd5188df7ea170fd781af044aba30fd203729f25bd75d93eaba2f451
64,1049,3,envelope,1024,32.0,31.999999999999943,0.0013850650138920173,0.022615962006966583,envelope_formula,0.0,0fedd50714b79f26cca81bf6c199c4cc4fc77ff79868b0b1cea14f93f2e32d90,8f440b01fd5188df7ea170fd781af044aba30fd203729f25bd75d93eaba2f451
64,1049,4,cayley,1024,32.0,31.999999999999943,0.008001467009307817,0.022606058002565987,character_semidihedral_no_delete,0.0,0fedd50714b79f26cca81bf6c199c4cc4fc77ff79868b0b1cea14f93f2e32d90,8f440b01fd5188df7ea170fd781af044aba30fd203729f25bd75d93eaba2f451
64,1049,4,envelope,1024,32.0,31.999999999999943,0.001471545998356305,0.0226136479905108,envelope_formula,0.0,0fedd50714b79f26cca81bf6c199c4cc4fc77ff79868b0b1cea14f93f2e32d90,8f440b01fd5188df7ea170fd781af044aba30fd203729f25bd75d93eaba2f451
64,1069,0,cayley,1056,32.0,31.999999999999964,0.08731104200705886,0.012867454992374405,character_semidihedral_no_delete,0.0,77900982e1f732ca15192d5415767b7acac6c08d6a3fc90d281b41ec8eb6ee6f,840ae59aca04f64067c9d31f620d4225343d2c677b3be2c4d967310645254917
64,1069,0,envelope,1024,32.0,31.999999999999936,0.001396621999447234,0.0390458280016901,envelope_formula,1.4210854715202004e-14,0fedd50714b79f26cca81bf6c199c4cc4fc77ff79868b0b1cea14f93f2e32d90,d2f7188878d7b70c845e16b12270df67e8bc8e31d21e999b40c9d00a06a9c821
64,1069,1,cayley,1056,32.0,31.999999999999964,0.08562415299820714,0.012841550997109152,character_semidihedral_no_delete,0.0,77900982e1f732ca15192d5415767b7acac6c08d6a3fc90d281b41ec8eb6ee6f,840ae59aca04f64067c9d31f620d4225343d2c677b3be2c4d967310645254917
64,1069,1,envelope,1024,32.0,31.999999999999936,0.0017349539994029328,0.038945282009080984,envelope_formula,1.4210854715202004e-14,0fedd50714b79f26cca81bf6c199c4cc4fc77ff79868b0b1cea14f93f2e32d90,d2f7188878d7b70c845e16b12270df67e8bc8e31d21e999b40c9d00a06a9c821
64,1069,2,cayley,1056,32.0,31.999999999999964,0.08506236599350814,0.012747405999107286,character_semidihedral_no_delete,0.0,77900982e1f732ca15192d5415767b7acac6c08d6a3fc90d281b41ec8eb6ee6f,840ae59aca04f64067c9d31f620d4225343d2c677b3be2c4d967310645254917
64,1069,2,envelope,1024,32.0,31.999999999999936,0.001390404999256134,0.039023250006721355,envelope_formula,1.4210854715202004e-14,0fedd50714b79f26cca81bf6c199c4cc4fc77ff79868b0b1cea14f93f2e32d90,d2f7188878d7b70c845e16b12270df67e8bc8e31d21e999b40c9d00a06a9c821
64,1069,3,cayley,1056,32.0,31.999999999999964,0.08548591198632494,0.013064937011222355,character_semidihedral_no_delete,0.0,77900982e1f732ca15192d5415767b7acac6c08d6a3fc90d281b41ec8eb6ee6f,840ae59aca04f64067c9d31f620d4225343d2c677b3be2c4d967310645254917
64,1069,3,envelope,1024,32.0,31.999999999999936,0.0014132799988146871,0.03912510600639507,envelope_formula,1.4210854715202004e-14,0fedd50714b79f26cca81bf6c199c4cc4fc77ff79868b0b1cea14f93f2e32d90,d2f7188878d7b70c845e16b12270df67e8bc8e31d21e999b40c9d00a06a9c821
64,1069,4,cayley,1056,32.0,31.999999999999964,0.08523914399847854,0.012812490997021087,character_semidihedral_no_delete,0.0,77900982e1f732ca15192d5415767b7acac6c08d6a3fc90d281b41ec8eb6ee6f,840ae59aca04f64067c9d31f620d4225343d2c677b3be2c4d967310645254917
64,1069,4,envelope,1024,32.0,31.999999999999936,0.001779896003426984,0.03891410000505857,envelope_formula,1.4210854715202004e-14,0fedd50714b79f26cca81bf6c199c4cc4fc77ff79868b0b1cea14f93f2e32d90,d2f7188878d7b70c845e16b12270df67e8bc8e31d21e999b40c9d00a06a9c821
64,1089,0,cayley,1088,32.038429439193536,32.03842943919353,0.08472227099991869,0.0029337419982766733,character_semidihedral_no_delete,1.4210854715202004e-14,70a21266793d58435be0f9edfba4b7c19305ac8cb9f0608c427340916cf07fee,e2bef77af13f3689946db128d0abd86e5fe5e3a520bba5cc86620a1fb00b7c32
64,1089,0,envelope,1085,33.0,32.99999999999995,0.0015777110093040392,0.00537320900184568,envelope_formula,1.4210854715202004e-14,70a4a6c6b2033bedf3ca9eece386b84b043072d6b10a4146a42090d930886b06,36b6fdca59482ac2e67a56453c865a6969952f1ac0d46f2cc7ace709b4323e85
64,1089,1,cayley,1088,32.038429439193536,32.03842943919353,0.08589734899578616,0.0030390920001082122,character_semidihedral_no_delete,2.1316282072803006e-14,5a2dc74ecae3617060a6bc9c56dd54b2ff66be21ab157dfbfe4d521e2134cb35,7c89529f88cd8087aa1b90770995b75f9f6bbdd2a784e07b0323255d22cf5f26
64,1089,1,envelope,1085,33.0,32.99999999999995,0.0014656120038125664,0.0053768299985677,envelope_formula,1.4210854715202004e-14,70a4a6c6b2033bedf3ca9eece386b84b043072d6b10a4146a42090d930886b06,36b6fdca59482ac2e67a56453c865a6969952f1ac0d46f2cc7ace709b4323e85
64,1089,2,cayley,1088,32.038429439193536,32.03842943919353,0.0854179949965328,0.0030149640078889206,character_semidihedral_no_delete,7.105427357601002e-15,4e532d685c48a76f47bdca8c92c155a65134aaf93bfeb7a4805f910676119d87,69a740c80277e80176fb6dc6afa041c03b0e10c60c806ae9cfdfaf89ece44a6b
64,1089,2,envelope,1085,33.0,32.99999999999995,0.0019199520029360428,0.005374521992052905,envelope_formula,1.4210854715202004e-14,70a4a6c6b2033bedf3ca9eece386b84b043072d6b10a4146a42090d930886b06,36b6fdca59482ac2e67a56453c865a6969952f1ac0d46f2cc7ace709b4323e85
64,1089,3,cayley,1088,32.038429439193536,32.03842943919353,0.08464523000293411,0.0029246140038594604,character_semidihedral_no_delete,1.4210854715202004e-14,70a21266793d58435be0f9edfba4b7c19305ac8cb9f0608c427340916cf07fee,e2bef77af13f3689946db128d0abd86e5fe5e3a520bba5cc86620a1fb00b7c32
64,1089,3,envelope,1085,33.0,32.99999999999995,0.0015064530016388744,0.005381537994253449,envelope_formula,1.4210854715202004e-14,70a4a6c6b2033bedf3ca9eece386b84b043072d6b10a4146a42090d930886b06,36b6fdca59482ac2e67a56453c865a6969952f1ac0d46f2cc7ace709b4323e85
64,1089,4,cayley,1088,32.038429439193536,32.03842943919353,0.08605717100726906,0.0029142830026103184,character_semidihedral_no_delete,2.842170943040401e-14,20ad60daf6a727cde1218a93bddf9c5ddda0120c4a09ff12c6ff93adead6db7a,5744813c6e81b307eaa0b9bef4f4408ca2bc3f7e256dc1b4b7f2da0dbcbfb960
64,1089,4,envelope,1085,33.0,32.99999999999995,0.0014581069990526885,0.005361796997021884,envelope_formula,1.4210854715202004e-14,70a4a6c6b2033bedf3ca9eece386b84b043072d6b10a4146a42090d930886b06,36b6fdca59482ac2e67a56453c865a6969952f1ac0d46f2cc7ace709b4323e85
64,1108,0,cayley,1088,32.038429439193536,32.283005734467615,0.08502470400708262,0.01882292599475477,character_semidihedral_no_delete,2.1316282072803006e-14,70a21266793d58435be0f9edfba4b7c19305ac8cb9f0608c427340916cf07fee,ada72e2c2092396de50dff55b97c06502e547d75fc5bb63177fa7da9c632afaf
64,1108,0,envelope,1085,33.0,32.999999999999964,0.001883306002127938,0.021051684001577087,envelope_formula,1.4210854715202004e-14,70a4a6c6b2033bedf3ca9eece386b84b043072d6b10a4146a42090d930886b06,598e43c27ea244ee50b0e47beaf6b7901b638dc6fadc6a0bea19ca704784bf41
64,1108,1,cayley,1088,32.038429439193536,32.097329761238434,0.0858829430071637,0.018615548993693665,character_semidihedral_no_delete,4.973799150320701e-14,5a2dc74ecae3617060a6bc9c56dd54b2ff66be21ab157dfbfe4d521e2134cb35,f1c7c2bd7d926b17ada3bc5b962c0ae049ffe209978013e348864a35f28bde78
64,1108,1,envelope,1085,33.0,32.999999999999964,0.001544971004477702,0.021054269003798254,envelope_formula,1.4210854715202004e-14,70a4a6c6b2033bedf3ca9eece386b84b043072d6b10a4146a42090d930886b06,598e43c27ea244ee50b0e47beaf6b7901b638dc6fadc6a0bea19ca704784bf41
64,1108,2,cayley,1088,32.038429439193536,32.18540794274987,0.08547016099328175,0.01859953100210987,character_semidihedral_no_delete,4.263256414560601e-14,4e532d685c48a76f47bdca8c92c155a65134aaf93bfeb7a4805f910676119d87,e0175740b4863498bc93d46c01aeeda0273908f98a98ce8bb8c6d9e585f0e2d3
64,1108,2,envelope,1085,33.0,32.999999999999964,0.0015111670072656125,0.021012653000070713,envelope_formula,1.4210854715202004e-14,70a4a6c6b2033bedf3ca9eece386b84b043072d6b10a4146a42090d930886b06,598e43c27ea244ee50b0e47beaf6b7901b638dc6fadc6a0bea19ca704784bf41
64,1108,3,cayley,1088,32.038429439193536,32.283005734467615,0.08522967899625655,0.01856538499123417,character_semidihedral_no_delete,2.1316282072803006e-14,70a21266793d58435be0f9edfba4b7c19305ac8cb9f0608c427340916cf07fee,ada72e2c2092396de50dff55b97c06502e547d75fc5bb63177fa7da9c632afaf
64,1108,3,envelope,1085,33.0,32.999999999999964,0.0018550399981904775,0.02102640400698874,envelope_formula,1.4210854715202004e-14,70a4a6c6b2033bedf3ca9eece386b84b043072d6b10a4146a42090d930886b06,598e43c27ea244ee50b0e47beaf6b7901b638dc6fadc6a0bea19ca704784bf41
64,1108,4,cayley,1088,32.038429439193536,32.274490454707355,0.08556636000867002,0.01861802198982332,character_semidihedral_no_delete,1.4210854715202004e-14,20ad60daf6a727cde1218a93bddf9c5ddda0120c4a09ff12c6ff93adead6db7a,556de2b12b063b22a97e823f80d2730523c2de523e99c67988f51c08c53fcd0d
64,1108,4,envelope,1085,33.0,32.999999999999964,0.0014688149967696518,0.021055362987681292,envelope_formula,1.4210854715202004e-14,70a4a6c6b2033bedf3ca9eece386b84b043072d6b10a4146a42090d930886b06,598e43c27ea244ee50b0e47beaf6b7901b638dc6fadc6a0bea19ca704784bf41
64,1128,0,cayley,1120,32.15224093497743,32.22850987812364,0.08527007399243303,0.008778636998613365,character_semidihedral_no_delete,4.263256414560601e-14,c17eaef41eaae2ed0f582273cd4dd78ec7aa8f690b011bc3e98cb4fa03ba599d,3050f3bff58f42ebf45f40d350b203b0dc8777ad1ddcfc8b7847e7d5c8e71027
64,1128,0,envelope,1085,33.0,32.999999999999936,0.0015440129936905578,0.0365915220027091,envelope_formula,2.1316282072803006e-14,70a4a6c6b2033bedf3ca9eece386b84b043072d6b10a4146a42090d930886b06,c0d9fb17796a21a2fdffe808dd84d3f42e8ee9149f7168c958e515863584a1d2
64,1128,1,cayley,1120,32.15224093497743,32.26957000703997,0.08493963799264748,0.008754479000344872,character_semidihedral_no_delete,2.1316282072803006e-14,130ee8ed117174226c4a95a3ebbbc67cf6a2264af3119f20ec448089df5986bc,de3866f6483f4be32f46e6bd5bbf9cbb39d1fa020f6112cfd7a808a347d70266
64,1128,1,envelope,1085,33.0,32.999999999999936,0.0014681540051242337,0.03671476000454277,envelope_formula,2.1316282072803006e-14,70a4a6c6b2033bedf3ca9eece386b84b043072d6b10a4146a42090d930886b06,c0d9fb17796a21a2fdffe808dd84d3f42e8ee9149f7168c958e515863584a1d2
64,1128,2,cayley,1120,32.15224093497743,32.26957000703997,0.08538221300113946,0.008817939000437036,character_semidihedral_no_delete,2.1316282072803006e-14,130ee8ed117174226c4a95a3ebbbc67cf6a2264af3119f20ec448089df5986bc,de3866f6483f4be32f46e6bd5bbf9cbb39d1fa020f6112cfd7a808a347d70266
64,1128,2,envelope,1085,33.0,32.999999999999936,0.001471641007810831,0.0366592209902592,envelope_formula,2.1316282072803006e-14,70a4a6c6b2033bedf3ca9eece386b84b043072d6b10a4146a42090d930886b06,c0d9fb17796a21a2fdffe808dd84d3f42e8ee9149f7168c958e515863584a1d2
64,1128,3,cayley,1120,32.15224093497743,32.22850987812364,0.0843184260011185,0.008745066996198148,character_semidihedral_no_delete,4.263256414560601e-14,c17eaef41eaae2ed0f582273cd4dd78ec7aa8f690b011bc3e98cb4fa03ba599d,3050f3bff58f42ebf45f40d350b203b0dc8777ad1ddcfc8b7847e7d5c8e71027
64,1128,3,envelope,1085,33.0,32.999999999999936,0.0014650550001533702,0.0366660250001587,envelope_formula,2.1316282072803006e-14,70a4a6c6b2033bedf3ca9eece386b84b043072d6b10a4146a42090d930886b06,c0d9fb17796a21a2fdffe808dd84d3f42e8ee9149f7168c958e515863584a1d2
64,1128,4,cayley,1120,32.15224093497743,32.26957000703996,0.084530727006495,0.008719428995391354,character_semidihedral_no_delete,7.105427357601002e-15,eeca1eb95e3fa94fb23d901874e4839ab24d0a5d15abbdf42a25a6d1dff705be,3472870db68054f5c73bac6516e16f0beb9fb1d264c92278c20d475b14178e28
64,1128,4,envelope,1085,33.0,32.999999999999936,0.0015535229904344305,0.03659599200182129,envelope_formula,2.1316282072803006e-14,70a4a6c6b2033bedf3ca9eece386b84b043072d6b10a4146a42090d930886b06,c0d9fb17796a21a2fdffe808dd84d3f42e8ee9149f7168c958e515863584a1d2
64,1148,0,cayley,1120,32.15224093497743,32.53881395391173,0.08498643801431172,0.025165655999444425,character_semidihedral_no_delete,1.4210854715202004e-14,c17eaef41eaae2ed0f582273cd4dd78ec7aa8f690b011bc3e98cb4fa03ba599d,7bcdf48406bb7729eacbcc020b1aa147d2fb84fc9df4ec100fe162a0d686ccfa
64,1148,0,envelope,1140,34.0,33.999999999999936,0.0015451869985554367,0.008712034992640838,envelope_formula,1.4210854715202004e-14,029070fff9cfdb4fcde9e2b266d90add06bf08a8bc6926d6e271a597827fc457,61213b46fda5e5a15be68b4db478e45f7fda11716b3ad523f8ae6f28454199b1
64,1148,1,cayley,1120,32.15224093497743,32.559676208414025,0.08451750199310482,0.025185922990203835,character_semidihedral_no_delete,1.4210854715202004e-14,130ee8ed117174226c4a95a3ebbbc67cf6a2264af3119f20ec448089df5986bc,b917c376bdd847133f801aced8dcb1f6040eac09dc831718a980fa644d592dfc
64,1148,1,envelope,1140,34.0,33.999999999999936,0.0015605230000801384,0.008702030012500472,envelope_formula,1.4210854715202004e-14,029070fff9cfdb4fcde9e2b266d90add06bf08a8bc6926d6e271a597827fc457,61213b46fda5e5a15be68b4db478e45f7fda11716b3ad523f8ae6f28454199b1
64,1148,2,cayley,1120,32.15224093497743,32.559676208414025,0.08512584900017828,0.025241295996238478,character_semidihedral_no_delete,1.4210854715202004e-14,130ee8ed117174226c4a95a3ebbbc67cf6a2264af3119f20ec448089df5986bc,b917c376bdd847133f801aced8dcb1f6040eac09dc831718a980fa644d592dfc
64,1148,2,envelope,1140,34.0,33.999999999999936,0.001533079004730098,0.008688850997714326,envelope_formula,1.4210854715202004e-14,029070fff9cfdb4fcde9e2b266d90add06bf08a8bc6926d6e271a597827fc457,61213b46fda5e5a15be68b4db478e45f7fda11716b3ad523f8ae6f28454199b1
64,1148,3,cayley,1120,32.15224093497743,32.53881395391173,0.08414224299485795,0.02511532200151123,character_semidihedral_no_delete,1.4210854715202004e-14,c17eaef41eaae2ed0f582273cd4dd78ec7aa8f690b011bc3e98cb4fa03ba599d,7bcdf48406bb7729eacbcc020b1aa147d2fb84fc9df4ec100fe162a0d686ccfa
64,1148,3,envelope,1140,34.0,33.999999999999936,0.001543969992781058,0.008698366000317037,envelope_formula,1.4210854715202004e-14,029070fff9cfdb4fcde9e2b266d90add06bf08a8bc6926d6e271a597827fc457,61213b46fda5e5a15be68b4db478e45f7fda11716b3ad523f8ae6f28454199b1
64,1148,4,cayley,1120,32.15224093497743,32.55017716049134,0.08439550599723589,0.02514534301008098,character_semidihedral_no_delete,1.4210854715202004e-14,eeca1eb95e3fa94fb23d901874e4839ab24d0a5d15abbdf42a25a6d1dff705be,d5fdf5e1239b1ecfd4e7be3d5308121e4dd974a9a86c54e2ab3aeb6b5c3ca05f
64,1148,4,envelope,1140,34.0,33.999999999999936,0.0015966790087986737,0.008694328993442468,envelope_formula,1.4210854715202004e-14,029070fff9cfdb4fcde9e2b266d90add06bf08a8bc6926d6e271a597827fc457,61213b46fda5e5a15be68b4db478e45f7fda11716b3ad523f8ae6f28454199b1
64,1168,0,cayley,1152,33.17157287525381,33.276646548200354,0.08467760500207078,0.015327977991546504,character_semidihedral_no_delete,7.105427357601002e-15,6451fa64bcf8893027a04488a1a1e17135e1f9b70fc00767067f1a90470a84c9,175c0c906999b2321af81bc4668895d1a1bcdf4376364716959eec210c41fbe8
64,1168,0,envelope,1140,34.0,33.99999999999991,0.0015602819912601262,0.024647989004733972,envelope_formula,2.842170943040401e-14,029070fff9cfdb4fcde9e2b266d90add06bf08a8bc6926d6e271a597827fc457,2740bfa5ce9bbddba17fee9d6ae2c5ea665f9f6dca7a451973538f79323bc6fd
64,1168,1,cayley,1152,33.17157287525381,33.293205153497645,0.08499450900126249,0.015331349990447052,character_semidihedral_no_delete,2.842170943040401e-14,a80a964a17dc6ee737973c5f14180bdc1f06dc8b6551ea41b200f8f5fea3eb71,22c69cf22b28f8d2a0781d77a3190621cf840a355ee752b418b9e42dd75dc5e6
64,1168,1,envelope,1140,34.0,33.99999999999991,0.0015567490045214072,0.02463929500663653,envelope_formula,2.842170943040401e-14,029070fff9cfdb4fcde9e2b266d90add06bf08a8bc6926d6e271a597827fc457,2740bfa5ce9bbddba17fee9d6ae2c5ea665f9f6dca7a451973538f79323bc6fd
64,1168,2,cayley,1152,33.17157287525381,33.27664654820034,0.08516572799999267,0.015331956004956737,character_semidihedral_no_delete,7.105427357601002e-15,c3cff117645d67f74119a57a939ca62b61af0a55aad37153a2e9f9f33a1ec342,79f834eed5b6bb5cfad15618c52997108de93da6d98aabc2c84a27155e410fb7
64,1168,2,envelope,1140,34.0,33.99999999999991,0.0015610090049449354,0.024628591010696255,envelope_formula,2.842170943040401e-14,029070fff9cfdb4fcde9e2b266d90add06bf08a8bc6926d6e271a597827fc457,2740bfa5ce9bbddba17fee9d6ae2c5ea665f9f6dca7a451973538f79323bc6fd
64,1168,3,cayley,1152,33.17157287525381,33.276646548200354,0.08436423300008755,0.015333660994656384,character_semidihedral_no_delete,7.105427357601002e-15,6451fa64bcf8893027a04488a1a1e17135e1f9b70fc00767067f1a90470a84c9,175c0c906999b2321af81bc4668895d1a1bcdf4376364716959eec210c41fbe8
64,1168,3,envelope,1140,34.0,33.99999999999991,0.0016016930021578446,0.02463351898768451,envelope_formula,2.842170943040401e-14,029070fff9cfdb4fcde9e2b266d90add06bf08a8bc6926d6e271a597827fc457,2740bfa5ce9bbddba17fee9d6ae2c5ea665f9f6dca7a451973538f79323bc6fd
64,1168,4,cayley,1152,33.17157287525381,33.325185387708366,0.08486177399754524,0.015332028007833287,character_semidihedral_no_delete,2.1316282072803006e-14,c466ffdcc1b4d81ea7cb2a6ee7ae60dd44b8fcd79e8d644387eca2c685b5a144,eeed4f9dd5c9214f7b3a914d8f7c65b00963bc799f1218eaa0bcbb66d4ae083a
64,1168,4,envelope,1140,34.0,33.99999999999991,0.001552062007249333,0.024664159995154478,envelope_formula,2.842170943040401e-14,029070fff9cfdb4fcde9e2b266d90add06bf08a8bc6926d6e271a597827fc457,2740bfa5ce9bbddba17fee9d6ae2c5ea665f9f6dca7a451973538f79323bc6fd
64,1187,0,cayley,1184,34.0,34.00000000000001,0.07882139399589505,0.00462838499515783,character_semidihedral_no_delete,2.842170943040401e-14,2aa1bc755d46b2cc6817c71b011b2db0c8f6c17dbb7fef7dd5bed3fec2c32420,2b07bbd7e81d122684e6a3f5e888f93b143ee29759adc9dbad7d915932ec6d8a
64,1187,0,envelope,1140,34.0,33.999999999999964,0.0015211939899018034,0.03942078599357046,envelope_formula,4.263256414560601e-14,029070fff9cfdb4fcde9e2b266d90add06bf08a8bc6926d6e271a597827fc457,559cb7b4cef2fe769b3d74986636f29e4a4d98330f51f1c28d896ad9b22f8f57
64,1187,1,cayley,1184,34.0,34.00000000000002,0.07822316398960538,0.004635591001715511,character_semidihedral_no_delete,2.842170943040401e-14,34739206dd2df21e6ea36d90a9e7265e8897dd67b68f2dbb135664c9cc96d45f,aa25c9801ed29f7385d43255b787801d73f73c7cb556b979bdd6018391b55379
64,1187,1,envelope,1140,34.0,33.999999999999964,0.0015741620009066537,0.0394483309937641,envelope_formula,4.263256414560601e-14,029070fff9cfdb4fcde9e2b266d90add06bf08a8bc6926d6e271a597827fc457,559cb7b4cef2fe769b3d74986636f29e4a4d98330f51f1c28d896ad9b22f8f57
64,1187,2,cayley,1184,34.0,34.0,0.08101276200613938,0.004649566006264649,character_semidihedral_no_delete,4.263256414560601e-14,bc1aba9426cfeea9b2ede3c6addec3ac2dc3671afe9b756245d85d969e8dc7b6,feb3111d026026e7f3fb7d413fdf0c542a9b59caff7bd13accbb608f52d0aebd
64,1187,2,envelope,1140,34.0,33.999999999999964,0.0015629710105713457,0.039511277005658485,envelope_formula,4.263256414560601e-14,029070fff9cfdb4fcde9e2b266d90add06bf08a8bc6926d6e271a597827fc457,559cb7b4cef2fe769b3d74986636f29e4a4d98330f51f1c28d896ad9b22f8f57
64,1187,3,cayley,1184,34.0,34.000000000000014,0.08051452500512823,0.004642069005058147,character_semidihedral_no_delete,7.105427357601002e-14,a74bc23f9ab331ac3dab2d41d5e2874563dd55644496a11843ea292cc84cf25a,dc0182f8a21ea1cd152b818b07a78ec01ae97df0dfd354373bf71bebe62d69d1
64,1187,3,envelope,1140,34.0,33.999999999999964,0.0015391430060844868,0.03946776199154556,envelope_formula,4.263256414560601e-14,029070fff9cfdb4fcde9e2b266d90add06bf08a8bc6926d6e271a597827fc457,559cb7b4cef2fe769b3d74986636f29e4a4d98330f51f1c28d896ad9b22f8f57
64,1187,4,cayley,1184,34.0,34.0,0.07743111900344957,0.00461484600964468,character_semidihedral_no_delete,7.105427357601002e-15,df4ab8e6bb1083233467b70542c485e8ee76a7af2809f39a122e48a0d9ab42a7,654dbf8c720d0a3d47bba177702305c2bc9c50b389dbf269a87dee05e2f7efc3
64,1187,4,envelope,1140,34.0,33.999999999999964,0.0015232840087264776,0.03946174400334712,envelope_formula,4.263256414560601e-14,029070fff9cfdb4fcde9e2b266d90add06bf08a8bc6926d6e271a597827fc457,559cb7b4cef2fe769b3d74986636f29e4a4d98330f51f1c28d896ad9b22f8f57
64,1207,0,cayley,1184,34.0,34.28401203991883,0.07923408699571155,0.02112056899932213,character_semidihedral_no_delete,2.842170943040401e-14,2aa1bc755d46b2cc6817c71b011b2db0c8f6c17dbb7fef7dd5bed3fec2c32420,1529cbe727d4583ff67fd02f0ab6a370d0b5560b8942e8d2baef31b7bf87a2d7
64,1207,0,envelope,1189,35.0,34.999999999999964,0.001584357989486307,0.01666166899667587,envelope_formula,3.552713678800501e-14,f42a07bde37e7a506787b96eecc2f4e078ad5f540579bb0caad974e0fd24ee5b,723d105abae3e0490128edcc4306fd6b78bddc71e39b3da28a9a7aff4a9ea886
64,1207,1,cayley,1184,34.0,34.18535192186511,0.07843508900259621,0.0210390309948707,character_semidihedral_no_delete,9.947598300641403e-14,34739206dd2df21e6ea36d90a9e7265e8897dd67b68f2dbb135664c9cc96d45f,3551a4d4fcbf619ce73658f287ad990123a6e238b99be610e1197057ab327f95
64,1207,1,envelope,1189,35.0,34.999999999999964,0.0015873839874984697,0.016713185992557555,envelope_formula,3.552713678800501e-14,f42a07bde37e7a506787b96eecc2f4e078ad5f540579bb0caad974e0fd24ee5b,723d105abae3e0490128edcc4306fd6b78bddc71e39b3da28a9a7aff4a9ea886
64,1207,2,cayley,1184,34.0,34.18268044950167,0.08113692598999478,0.021072233997983858,character_semidihedral_no_delete,1.4210854715202004e-14,bc1aba9426cfeea9b2ede3c6addec3ac2dc3671afe9b756245d85d969e8dc7b6,ce23189c79ba6be30256cd9bdca0d7e4f08e60d16eb09c7bd8106ff27e95c262
64,1207,2,envelope,1189,35.0,34.999999999999964,0.0019988679996458814,0.016692527002305724,envelope_formula,3.552713678800501e-14,f42a07bde37e7a506787b96eecc2f4e078ad5f540579bb0caad974e0fd24ee5b,723d105abae3e0490128edcc4306fd6b78bddc71e39b3da28a9a7aff4a9ea886
64,1207,3,cayley,1184,34.0,34.289950230391845,0.08013438701163977,0.021017809995100833,character_semidihedral_no_delete,2.842170943040401e-14,a74bc23f9ab331ac3dab2d41d5e2874563dd55644496a11843ea292cc84cf25a,c84ec866aa7ae0fffad6f3576a6c55557e2c04dfa89096281582f80896729984
64,1207,3,envelope,1189,35.0,34.999999999999964,0.0015859730046940967,0.016672687997925095,envelope_formula,3.552713678800501e-14,f42a07bde37e7a506787b96eecc2f4e078ad5f540579bb0caad974e0fd24ee5b,723d105abae3e0490128edcc4306fd6b78bddc71e39b3da28a9a7aff4a9ea886
64,1207,4,cayley,1184,34.0,34.202568505984,0.07696105100330897,0.021012814991991036,character_semidihedral_no_delete,0.0,df4ab8e6bb1083233467b70542c485e8ee76a7af2809f39a122e48a0d9ab42a7,ccdb9b5f32458b1e1115f8c53c0b99aa867232e2e384b0982c68dd0dbd1139f2
64,1207,4,envelope,1189,35.0,34.999999999999964,0.0016196900105569512,0.016682692992617376,envelope_formula,3.552713678800501e-14,f42a07bde37e7a506787b96eecc2f4e078ad5f540579bb0caad974e0fd24ee5b,723d105abae3e0490128edcc4306fd6b78bddc71e39b3da28a9a7aff4a9ea886
64,1227,0,cayley,1216,35.389582741550626,35.42836855753063,0.08044772599532735,0.011243586006457917,character_semidihedral_no_delete,3.552713678800501e-14,f60118c4d60306352d5d67f8cfabcde1f143bff0565de350335ce06a29f0a840,e05eea56575df8ec6dd579060127b3984d89dad705cf63c7434628274191d698
64,1227,0,envelope,1189,35.0,34.99999999999995,0.0015896209952188656,0.032267356000375,envelope_formula,2.1316282072803006e-14,f42a07bde37e7a506787b96eecc2f4e078ad5f540579bb0caad974e0fd24ee5b,5b17f9193b762f8359e2c9ecdf03ef0256cae8e34e8f87563b539c1cbd0759e6
64,1227,1,cayley,1216,35.389582741550626,35.412694823391256,0.07926511201367248,0.011321934012812562,character_semidihedral_no_delete,3.552713678800501e-14,e5e253a64f4bfcdab119537b4d1cc3bcd0c260ba8b2cff3014222e28f2df26d5,4750df70d72ca6a7559f950689485a82072d97cfc12b2983d43c9c7ca4114a98
64,1227,1,envelope,1189,35.0,34.99999999999995,0.001958196997293271,0.03227631200570613,envelope_formula,2.1316282072803006e-14,f42a07bde37e7a506787b96eecc2f4e078ad5f540579bb0caad974e0fd24ee5b,5b17f9193b762f8359e2c9ecdf03ef0256cae8e34e8f87563b539c1cbd0759e6
64,1227,2,cayley,1216,35.389582741550626,35.39986972103931,0.08200603899604175,0.011241882995818742,character_semidihedral_no_delete,7.105427357601002e-15,8c9361d37e30d4573f0dd6f4b3340f9323c2efb297fe3e521878f3684b12dddc,0933dd357d295f694780ebfc34924d84844a8050449fc90ce42d3e08c6f3ceb6
64,1227,2,envelope,1189,35.0,34.99999999999995,0.0015944990009302273,0.0322316910023801,envelope_formula,2.1316282072803006e-14,f42a07bde37e7a506787b96eecc2f4e078ad5f540579bb0caad974e0fd24ee5b,5b17f9193b762f8359e2c9ecdf03ef0256cae8e34e8f87563b539c1cbd0759e6
64,1227,3,cayley,1216,35.389582741550626,35.42836855753063,0.08236749999923632,0.011237946993787773,character_semidihedral_no_delete,3.552713678800501e-14,f60118c4d60306352d5d67f8cfabcde1f143bff0565de350335ce06a29f0a840,e05eea56575df8ec6dd579060127b3984d89dad705cf63c7434628274191d698
64,1227,3,envelope,1189,35.0,34.99999999999995,0.0017008610011544079,0.03225240501342341,envelope_formula,2.1316282072803006e-14,f42a07bde37e7a506787b96eecc2f4e078ad5f540579bb0caad974e0fd24ee5b,5b17f9193b762f8359e2c9ecdf03ef0256cae8e34e8f87563b539c1cbd0759e6
64,1227,4,cayley,1216,35.389582741550626,35.430949240964885,0.07951466900703963,0.011247565998928621,character_semidihedral_no_delete,1.4210854715202004e-14,c2844da5d341a4a12ef2c5948e823b5a5eb064a0bc159a864300b7a1a0115442,77657105ca1b54e4b6f08f019d7495c5ce29fb40e2163f061c2e5cf94f2edd1a
64,1227,4,envelope,1189,35.0,34.99999999999995,0.0016316580004058778,0.03226794599322602,envelope_formula,2.1316282072803006e-14,f42a07bde37e7a506787b96eecc2f4e078ad5f540579bb0caad974e0fd24ee5b,5b17f9193b762f8359e2c9ecdf03ef0256cae8e34e8f87563b539c1cbd0759e6
64,1246,0,cayley,1241,36.29843788128354,36.29843788128357,0.048896659005549736,0.006473155997809954,dense_subset_laplacian,7.105427357601002e-15,78d9d5fa093ec490467b4a8aee1392a1567121bf49a4bea23e0dcc618c2c590e,49d7959be3da0c86b55fb11b6f9f708e5579000e056a4f8f1cd07fb0b7d067b3
64,1246,0,envelope,1232,36.0,35.99999999999996,0.0019820559973595664,0.013405072008026764,envelope_formula,3.552713678800501e-14,51a8c728077027730a487aadff103a276ad51c352e3426b9f6565424451d825f,b560f8e634e3513c7cb91385805eff33f9c730ac2f0705920d226d253ea255c4
64,1246,1,cayley,1240,36.01137511061071,36.014216064417376,0.04813454000395723,0.007164229013142176,dense_subset_laplacian,4.263256414560601e-14,5e3653d16453043f0d503ebd0ef8a99344d39de843c1d8a608602de5f1b94d55,3671c6eb3b46916bc94691c26f3fab0f77708f4291ef7e0cb1a18ee4426d81a9
64,1246,1,envelope,1232,36.0,35.99999999999996,0.0016233619971899316,0.013373246998526156,envelope_formula,3.552713678800501e-14,51a8c728077027730a487aadff103a276ad51c352e3426b9f6565424451d825f,b560f8e634e3513c7cb91385805eff33f9c730ac2f0705920d226d253ea255c4
64,1246,2,cayley,1240,36.01137511061071,36.0135016281654,0.04916681100439746,0.007171488992753439,dense_subset_laplacian,4.263256414560601e-14,6483dfce2e363672dc2ef348e4586d1e0078715287c7ae4f49097a8bd90f60a6,c4baf2d568eee6b40201d8bdd34557cf40b21ef5492ec6ff83bbabc9a096d81c
64,1246,2,envelope,1232,36.0,35.99999999999996,0.0017110670014517382,0.013366772996960208,envelope_formula,3.552713678800501e-14,51a8c728077027730a487aadff103a276ad51c352e3426b9f6565424451d825f,b560f8e634e3513c7cb91385805eff33f9c730ac2f0705920d226d253ea255c4
64,1246,3,cayley,1240,36.01137511061071,36.01888001014274,0.050349661003565416,0.00714988200343214,dense_subset_laplacian,2.1316282072803006e-14,d6bc5d86fdb49c45d7171de46d326e4b001fe25644b154a91f302ea01ca1f593,010d6f8de05eb78843068317313555c1c41f1384edf7e7980f57afdac4ef6913
64,1246,3,envelope,1232,36.0,35.99999999999996,0.001646292002988048,0.013412749991402961,envelope_formula,3.552713678800501e-14,51a8c728077027730a487aadff103a276ad51c352e3426b9f6565424451d825f,b560f8e634e3513c7cb91385805eff33f9c730ac2f0705920d226d253ea255c4
64,1246,4,cayley,1240,36.0093828399995,36.01500191724123,0.0474656889855396,0.007146609990741126,dense_subset_laplacian,2.842170943040401e-14,3f7b453db72b7b618ca3287facfd50fa551aab6bbde2478fabdca642250e35eb,5d2b8caa050a0b4b44f0b00cf5ef6e6e4078ad7f89a26d5898d5bc86123946ce
64,1246,4,envelope,1232,36.0,35.99999999999996,0.0016765880136517808,0.013370012995437719,envelope_formula,3.552713678800501e-14,51a8c728077027730a487aadff103a276ad51c352e3426b9f6565424451d825f,b560f8e634e3513c7cb91385805eff33f9c730ac2f0705920d226d253ea255c4
64,1266,0,cayley,1240,36.009382839999496,36.02574686300482,0.04136734800704289,0.023654734002775513,dense_subset_laplacian,1.4210854715202004e-14,fbea637654c1144053344d7611551d64cfdb8b5acbe5f59e2a9586d8bcd8cdf7,5b7ffac528e4d951b66e40ea9804add24a10f78f845ce754f15f964ebabfeca7
64,1266,0,envelope,1232,36.0,35.99999999999992,0.0019030959956580773,0.028920074008055963,envelope_formula,3.552713678800501e-14,51a8c728077027730a487aadff103a276ad51c352e3426b9f6565424451d825f,8f3899b2bc94d52656abeb2fa59caa33a766a601c720a01fcef89f975f52dc28
64,1266,1,cayley,1241,36.298437881283526,36.298437881283554,0.04058235100819729,0.02283926200470887,dense_subset_laplacian,7.105427357601002e-15,72b2c17025d6bf8617ccc3b3fee769aac28431f046eb635dd95d3a173530dc17,ac07f82952cbbf8bc3fdc3699b9672dcc7799b9f3d24e27dadc425fb530eee10
64,1266,1,envelope,1232,36.0,35.99999999999992,0.0016216810035984963,0.028835667006205767,envelope_formula,3.552713678800501e-14,51a8c728077027730a487aadff103a276ad51c352e3426b9f6565424451d825f,8f3899b2bc94d52656abeb2fa59caa33a766a601c720a01fcef89f975f52dc28
64,1266,2,cayley,1241,36.29843788128357,36.29843788128357,0.04105993999110069,0.022830115995020606,dense_subset_laplacian,2.1316282072803006e-14,45e30dd50c10f00d857d778d97c5ffb36714369d9ab4f2325c17d406a80d9615,1acb016f5f9e54038e742e1ef6cff69e0ab95817be85f417ceb9e129f0a66c71
64,1266,2,envelope,1232,36.0,35.99999999999992,0.0016251740016741678,0.02893220000260044,envelope_formula,3.552713678800501e-14,51a8c728077027730a487aadff103a276ad51c352e3426b9f6565424451d825f,8f3899b2bc94d52656abeb2fa59caa33a766a601c720a01fcef89f975f52dc28
64,1266,3,cayley,1241,36.28005625921522,36.29945636832591,0.041360298986546695,0.022814531010226347,dense_subset_laplacian,0.0,39a7078393f779a03bc9ca23156a32271377760de666b86fd1aa80646142424c,b3b02e9849a053b4721882cab05cabc46fc5c025479439adaff13af8a97235e6
64,1266,3,envelope,1232,36.0,35.99999999999992,0.0018943750037578866,0.028905989005579613,envelope_formula,3.552713678800501e-14,51a8c728077027730a487aadff103a276ad51c352e3426b9f6565424451d825f,8f3899b2bc94d52656abeb2fa59caa33a766a601c720a01fcef89f975f52dc28
64,1266,4,cayley,1240,36.009382839999496,36.027466075062144,0.04137970998999663,0.023652764008147642,dense_subset_laplacian,2.842170943040401e-14,cb767b8826d1b6fa127fd7f52892232f6b197743435c3a1550ef30190ba424b4,c8b78be2280cb405023fa2a959ec045e6a38b3d81dc99c356f99d39f972b2d4c
64,1266,4,envelope,1232,36.0,35.99999999999992,0.0016483900108141825,0.0289976089989068,envelope_formula,3.552713678800501e-14,51a8c728077027730a487aadff103a276ad51c352e3426b9f6565424451d825f,8f3899b2bc94d52656abeb2fa59caa33a766a601c720a01fcef89f975f52dc28
64,1286,0,cayley,1240,36.009382839999496,36.0316724399948,0.04148942600295413,0.04008708400942851,dense_subset_laplacian,0.0,fbea637654c1144053344d7611551d64cfdb8b5acbe5f59e2a9586d8bcd8cdf7,7871e2fcb2bbeb2440422c7c5e4084310742fd08a09407d0d62c50389656a9b1
64,1286,0,envelope,1269,37.0,36.99999999999992,0.001707490999251604,0.015619990997947752,envelope_formula,0.0,ed2e010d3ba8fdd2874cd071620f4ee10791120cbe92d9e510642f7fa5fdefa3,a6abd0b47160a903b833965ddcd9dd2ac30ec9a7de62d10f111f196b1b7c4e31
64,1286,1,cayley,1241,36.298437881283526,36.34007258261383,0.04081055099959485,0.03909899800783023,dense_subset_laplacian,1.4210854715202004e-14,72b2c17025d6bf8617ccc3b3fee769aac28431f046eb635dd95d3a173530dc17,ebd1dbdabfacbf5b956d41fa7360c73eb7dd6cf400c36e8244e99a56050dfa1f
64,1286,1,envelope,1269,37.0,36.99999999999992,0.0019418090087128803,0.015692633998696692,envelope_formula,0.0,ed2e010d3ba8fdd2874cd071620f4ee10791120cbe92d9e510642f7fa5fdefa3,a6abd0b47160a903b833965ddcd9dd2ac30ec9a7de62d10f111f196b1b7c4e31
64,1286,2,cayley,1241,36.29843788128357,36.34007258261382,0.0408868770027766,0.03888965900114272,dense_subset_laplacian,1.4210854715202004e-14,45e30dd50c10f00d857d778d97c5ffb36714369d9ab4f2325c17d406a80d9615,cf4ecfbfe7057630bc5fbcbfc2ce39558db27fb60374fc206809e781ed611e0e
64,1286,2,envelope,1269,37.0,36.99999999999992,0.0016718839906388894,0.015617383003700525,envelope_formula,0.0,ed2e010d3ba8fdd2874cd071620f4ee10791120cbe92d9e510642f7fa5fdefa3,a6abd0b47160a903b833965ddcd9dd2ac30ec9a7de62d10f111f196b1b7c4e31
64,1286,3,cayley,1241,36.28005625921522,36.37776715769687,0.041626040008850396,0.03915530200174544,dense_subset_laplacian,1.4210854715202004e-14,39a7078393f779a03bc9ca23156a32271377760de666b86fd1aa80646142424c,f057b93c11b0e9114e5b5f14a148ee47847bdbf12b58904ab85e5d92ae723df4
64,1286,3,envelope,1269,37.0,36.99999999999992,0.0016820160089991987,0.015629390996764414,envelope_formula,0.0,ed2e010d3ba8fdd2874cd071620f4ee10791120cbe92d9e510642f7fa5fdefa3,a6abd0b47160a903b833965ddcd9dd2ac30ec9a7de62d10f111f196b1b7c4e31
64,1286,4,cayley,1240,36.009382839999496,36.03363398039907,0.041251636008382775,0.040167690996895544,dense_subset_laplacian,7.105427357601002e-15,cb767b8826d1b6fa127fd7f52892232f6b197743435c3a1550ef30190ba424b4,d1c2e442085c25fbee241412f856528844754f510426194af9635c21fdef30df
64,1286,4,envelope,1269,37.0,36.99999999999992,0.001935717009473592,0.01564738599699922,envelope_formula,0.0,ed2e010d3ba8fdd2874cd071620f4ee10791120cbe92d9e510642f7fa5fdefa3,a6abd0b47160a903b833965ddcd9dd2ac30ec9a7de62d10f111f196b1b7c4e31
64,1306,0,cayley,1302,38.99999999999995,38.999999999999936,0.015076170995598659,0.005508392001502216,dense_subset_laplacian,0.0,1728f69e75e4e4f24c515432cea5f879a61235f4676157664dc0b6491aa5696a,2b5f9424b24c970ef9b058a53e5030c74908bd34cbc953aa8e6e2b08f4103ebb
64,1306,0,envelope,1300,38.0,37.99999999999995,0.001719837004202418,0.006955335004022345,envelope_formula,4.263256414560601e-14,6cb6ad1b3633e112aae51a5dd038684b8b2cd80c895165c44ce9402dcd5cb9f0,2a20407ba6c0483ffecd60307dba6dd4c2b814b5458e7316618d63d0757749fc
64,1306,1,cayley,1303,39.26794919243107,39.26794919243107,0.015360320991021581,0.004653441006666981,dense_subset_laplacian,2.1316282072803006e-14,adebadc7adca4c4842fa16fb7558beca38d169f7d172bdb1fe5cb8ecbc2b5e51,bca8b969640ee1edaad7d45d118fc79adede252f4b04d565e99d6a4dec862b4e
64,1306,1,envelope,1300,38.0,37.99999999999995,0.0017200359870912507,0.006962946004932746,envelope_formula,4.263256414560601e-14,6cb6ad1b3633e112aae51a5dd038684b8b2cd80c895165c44ce9402dcd5cb9f0,2a20407ba6c0483ffecd60307dba6dd4c2b814b5458e7316618d63d0757749fc
64,1306,2,cayley,1303,39.267949192431075,39.26794919243107,0.015084822007338516,0.004677484990679659,dense_subset_laplacian,2.842170943040401e-14,967f7c6bf544fbdd50fa2f91a93731bad2dbcfd645a8cd28acf694ec43e4eef3,c4b1e74f3220e56fb99f267b7d132795e5480e905cb1c027346401444ba0a26c
64,1306,2,envelope,1300,38.0,37.99999999999995,0.0020186430047033355,0.006963199994061142,envelope_formula,4.263256414560601e-14,6cb6ad1b3633e112aae51a5dd038684b8b2cd80c895165c44ce9402dcd5cb9f0,2a20407ba6c0483ffecd60307dba6dd4c2b814b5458e7316618d63d0757749fc
64,1306,3,cayley,1303,39.26794919243107,39.26794919243108,0.01522661600029096,0.004677688993979245,dense_subset_laplacian,0.0,df28b33cfdc5961000cd1619c0bf13abe1fa1b020a87baaeb64323ab46620d77,020c7b4800dd1000efdbe83b6b3ff4d5e93fb7d81e4ed57abb5316aba8b2e8ad
64,1306,3,envelope,1300,38.0,37.99999999999995,0.001773893993231468,0.006959990001632832,envelope_formula,4.263256414560601e-14,6cb6ad1b3633e112aae51a5dd038684b8b2cd80c895165c44ce9402dcd5cb9f0,2a20407ba6c0483ffecd60307dba6dd4c2b814b5458e7316618d63d0757749fc
64,1306,4,cayley,1302,38.999999999999964,38.999999999999964,0.015114812995307148,0.0055061239982023835,dense_subset_laplacian,7.105427357601002e-15,8c81f1e58a61b1a0141282fef306575c1c5d11bfd9a6fed2976dc578a0e23b55,d0d7d8979f23bde8a382b4f9ddafa9657ab8eca925d65f3915bae231928322d5
64,1306,4,envelope,1300,38.0,37.99999999999995,0.0017459549999330193,0.006979937999858521,envelope_formula,4.263256414560601e-14,6cb6ad1b3633e112aae51a5dd038684b8b2cd80c895165c44ce9402dcd5cb9f0,2a20407ba6c0483ffecd60307dba6dd4c2b814b5458e7316618d63d0757749fc
64,1325,0,cayley,1302,38.99999999999995,38.999999999999936,0.015115775997401215,0.02106044600077439,dense_subset_laplacian,2.1316282072803006e-14,1728f69e75e4e4f24c515432cea5f879a61235f4676157664dc0b6491aa5696a,585a0e9c54907780fe5c0d729c07a53d3c55dbdeee27d9558d229e0559b7a68e
64,1325,0,envelope,1325,39.0,38.99999999999995,0.0020150769996689633,0.0004424399958224967,envelope_formula,6.394884621840902e-14,f0a6a5b5c36ee98ee8326e75e279ca3945f1df6fe1434e6611fe7864eb9eee43,f0a6a5b5c36ee98ee8326e75e279ca3945f1df6fe1434e6611fe7864eb9eee43
64,1325,1,cayley,1303,39.26794919243107,39.26794919243108,0.015184850999503396,0.020416009007021785,dense_subset_laplacian,1.4210854715202004e-14,adebadc7adca4c4842fa16fb7558beca38d169f7d172bdb1fe5cb8ecbc2b5e51,a693bbd01499a361371df65926b89af1c90f6ea4c3ee63befc0e4a58c947233f
64,1325,1,envelope,1325,39.0,38.99999999999995,0.0017501770053058863,0.0004415509902173653,envelope_formula,6.394884621840902e-14,f0a6a5b5c36ee98ee8326e75e279ca3945f1df6fe1434e6611fe7864eb9eee43,f0a6a5b5c36ee98ee8326e75e279ca3945f1df6fe1434e6611fe7864eb9eee43
64,1325,2,cayley,1303,39.267949192431075,39.2679491924311,0.015327857996453531,0.020314071007305756,dense_subset_laplacian,7.105427357601002e-15,967f7c6bf544fbdd50fa2f91a93731bad2dbcfd645a8cd28acf694ec43e4eef3,6899a28f4a4263dce039a4df93fdef16540919476c45bbc27500bd184e2ad26c
64,1325,2,envelope,1325,39.0,38.99999999999995,0.0017546289891470224,0.0004440649936441332,envelope_formula,6.394884621840902e-14,f0a6a5b5c36ee98ee8326e75e279ca3945f1df6fe1434e6611fe7864eb9eee43,f0a6a5b5c36ee98ee8326e75e279ca3945f1df6fe1434e6611fe7864eb9eee43
64,1325,3,cayley,1303,39.26794919243107,39.26794919243107,0.015452014005859382,0.020427843992365524,dense_subset_laplacian,2.1316282072803006e-14,df28b33cfdc5961000cd1619c0bf13abe1fa1b020a87baaeb64323ab46620d77,b51aa259bd103a5caa921464f184727746fbd35421b038fe2de4a9fa2e754e64
64,1325,3,envelope,1325,39.0,38.99999999999995,0.001998760999413207,0.0004311599914217368,envelope_formula,6.394884621840902e-14,f0a6a5b5c36ee98ee8326e75e279ca3945f1df6fe1434e6611fe7864eb9eee43,f0a6a5b5c36ee98ee8326e75e279ca3945f1df6fe1434e6611fe7864eb9eee43
64,1325,4,cayley,1302,38.999999999999964,38.99999999999995,0.015071847999934107,0.02113947299949359,dense_subset_laplacian,7.105427357601002e-15,8c81f1e58a61b1a0141282fef306575c1c5d11bfd9a6fed2976dc578a0e23b55,6e94d8dd3787dfd62520986c2fd08eede5febfb992a4daa75201c82d0bb954a4
64,1325,4,envelope,1325,39.0,38.99999999999995,0.001800828002160415,0.0004424640064826235,envelope_formula,6.394884621840902e-14,f0a6a5b5c36ee98ee8326e75e279ca3945f1df6fe1434e6611fe7864eb9eee43,f0a6a5b5c36ee98ee8326e75e279ca3945f1df6fe1434e6611fe7864eb9eee43
64,1345,0,cayley,1302,38.99999999999995,38.999999999999936,0.01541626499965787,0.03720109999994747,dense_subset_laplacian,2.1316282072803006e-14,1728f69e75e4e4f24c515432cea5f879a61235f4676157664dc0b6491aa5696a,0bd725433a464c7e3693795353bdbad42dd1921062931c3c27257685dad604f7
64,1345,0,envelope,1344,40.0,39.999999999999936,0.0017946240113815293,0.002893476004828699,envelope_formula,4.263256414560601e-14,5e4e58990aeaef1f22236d5b00c6a038e1f91908442678cd3b8349038ec4cba9,545ce74b6d6f0789e4960f8158c49fb73f9b28d3170bc9751b522e7f893f3460
64,1345,1,cayley,1303,39.26794919243107,39.32486912943332,0.015309547990909778,0.03684811500716023,dense_subset_laplacian,1.4210854715202004e-14,adebadc7adca4c4842fa16fb7558beca38d169f7d172bdb1fe5cb8ecbc2b5e51,2648776c10cbc547f68d9379eb3187cb5462f332e262ab871b776d09dbf9c6d0
64,1345,1,envelope,1344,40.0,39.999999999999936,0.001998227002331987,0.0028949609986739233,envelope_formula,4.263256414560601e-14,5e4e58990aeaef1f22236d5b00c6a038e1f91908442678cd3b8349038ec4cba9,545ce74b6d6f0789e4960f8158c49fb73f9b28d3170bc9751b522e7f893f3460
64,1345,2,cayley,1303,39.267949192431075,39.32486912943332,0.014960471002268605,0.03681275399867445,dense_subset_laplacian,2.1316282072803006e-14,967f7c6bf544fbdd50fa2f91a93731bad2dbcfd645a8cd28acf694ec43e4eef3,e02712ceb145ca2295f40b9afd367f4590575f136e0d07df5474ee507a9c2613
64,1345,2,envelope,1344,40.0,39.999999999999936,0.001863331999629736,0.0028980670031160116,envelope_formula,4.263256414560601e-14,5e4e58990aeaef1f22236d5b00c6a038e1f91908442678cd3b8349038ec4cba9,545ce74b6d6f0789e4960f8158c49fb73f9b28d3170bc9751b522e7f893f3460
64,1345,3,cayley,1303,39.26794919243107,39.324869129433345,0.015512829995714128,0.03686475699942093,dense_subset_laplacian,2.842170943040401e-14,df28b33cfdc5961000cd1619c0bf13abe1fa1b020a87baaeb64323ab46620d77,b658481d26c398892598b313ddcc67708053e964ff6569ca04bc4d5330f61179
64,1345,3,envelope,1344,40.0,39.999999999999936,0.0018147039954783395,0.002876454993383959,envelope_formula,4.263256414560601e-14,5e4e58990aeaef1f22236d5b00c6a038e1f91908442678cd3b8349038ec4cba9,545ce74b6d6f0789e4960f8158c49fb73f9b28d3170bc9751b522e7f893f3460
64,1345,4,cayley,1302,38.999999999999964,38.99999999999995,0.015034066993393935,0.03738234699994791,dense_subset_laplacian,2.1316282072803006e-14,8c81f1e58a61b1a0141282fef306575c1c5d11bfd9a6fed2976dc578a0e23b55,343b6faf328af28b460d86bb706868233cc4479df31d73e51349c95462d1ead9
64,1345,4,envelope,1344,40.0,39.999999999999936,0.002086624997900799,0.0028909899992868304,envelope_formula,4.263256414560601e-14,5e4e58990aeaef1f22236d5b00c6a038e1f91908442678cd3b8349038ec4cba9,545ce74b6d6f0789e4960f8158c49fb73f9b28d3170bc9751b522e7f893f3460
64,1365,0,cayley,1364,41.999999999999936,41.99999999999991,0.012236706999829039,0.0029828990082023665,dense_subset_laplacian,0.0,86510a8e7634407af0f1787d1dba4dd9d9a1d8793444aa89db050d3f68231dcf,a765b9d1f6cebb69a310a78dc4a583b78a674b8efa07330d9a7d3bc105af2bde
64,1365,0,envelope,1364,42.0,41.99999999999992,0.0017991110071307048,0.0028802879969589412,envelope_formula,2.1316282072803006e-14,91818cf1df202978c7751d3b08f900f06b029fd84a152ca10e2d4f8de66df6f7,33ade31e115c2cd04e1f5742f9769d39073780e50e1289246400d459755691ae
64,1365,1,cayley,1365,41.99999999999995,41.99999999999995,0.012347541996859945,0.00045905099250376225,dense_subset_laplacian,7.105427357601002e-15,5a16f5fdda24d6cab30b405b37c475ad08ac2fb65794545edc52de7a5e4d5050,5a16f5fdda24d6cab30b405b37c475ad08ac2fb65794545edc52de7a5e4d5050
64,1365,1,envelope,1364,42.0,41.99999999999992,0.001778289006324485,0.0028756910032825544,envelope_formula,2.1316282072803006e-14,91818cf1df202978c7751d3b08f900f06b029fd84a152ca10e2d4f8de66df6f7,33ade31e115c2cd04e1f5742f9769d39073780e50e1289246400d459755691ae
64,1365,2,cayley,1365,41.999999999999964,41.999999999999964,0.012195652991067618,0.0004603440029313788,dense_subset_laplacian,0.0,b05565270671cb145943b15ff677e6096b2622f1914fa31fc92c5fd9e6209d17,b05565270671cb145943b15ff677e6096b2622f1914fa31fc92c5fd9e6209d17
64,1365,2,envelope,1364,42.0,41.99999999999992,0.0020726409857161343,0.00287083099829033,envelope_formula,2.1316282072803006e-14,91818cf1df202978c7751d3b08f900f06b029fd84a152ca10e2d4f8de66df6f7,33ade31e115c2cd04e1f5742f9769d39073780e50e1289246400d459755691ae
64,1365,3,cayley,1365,41.99999999999995,41.99999999999995,0.012118215003283694,0.0004548620054265484,dense_subset_laplacian,2.842170943040401e-14,0f47cd90944a003a53dfdb6cb051abbfe9322ee010a6ccdb2b98a3b0245e4974,0f47cd90944a003a53dfdb6cb051abbfe9322ee010a6ccdb2b98a3b0245e4974
64,1365,3,envelope,1364,42.0,41.99999999999992,0.0017866359994513914,0.002875927006243728,envelope_formula,2.1316282072803006e-14,91818cf1df202978c7751d3b08f900f06b029fd84a152ca10e2d4f8de66df6f7,33ade31e115c2cd04e1f5742f9769d39073780e50e1289246400d459755691ae
64,1365,4,cayley,1364,41.99999999999994,41.999999999999936,0.012351340992609039,0.002975817013066262,dense_subset_laplacian,4.973799150320701e-14,5fd5e8aa489a087e8c83c6310da8bcb19d69461e77b98ab94d6d4907fabf6f3f,cbe2c03c3ec9c9ef5581ac1e0593fbe47142a65d56693b448d5b8c3f4624d694
64,1365,4,envelope,1364,42.0,41.99999999999992,0.001783262996468693,0.002874219004297629,envelope_formula,2.1316282072803006e-14,91818cf1df202978c7751d3b08f900f06b029fd84a152ca10e2d4f8de66df6f7,33ade31e115c2cd04e1f5742f9769d39073780e50e1289246400d459755691ae
64,1384,0,cayley,1364,41.999999999999936,41.99999999999993,0.02208547099144198,0.018585016005090438,dense_subset_laplacian,0.0,86510a8e7634407af0f1787d1dba4dd9d9a1d8793444aa89db050d3f68231dcf,aa98eee963f676ae81597accefd0003b49ac0b2875e70540287a6e71ad9bd856
64,1384,0,envelope,1364,42.0,41.99999999999992,0.001821854995796457,0.018405996001092717,envelope_formula,5.684341886080802e-14,91818cf1df202978c7751d3b08f900f06b029fd84a152ca10e2d4f8de66df6f7,8d20d605a57160873ea6e835033d932416861c1ee346b4956c1e3a02e4de9f06
64,1384,1,cayley,1365,41.99999999999995,41.99999999999995,0.02236033699591644,0.017756170011125505,dense_subset_laplacian,0.0,5a16f5fdda24d6cab30b405b37c475ad08ac2fb65794545edc52de7a5e4d5050,57cd0e1582a6db09a57e1ef29878d60efb89374c863f114cb3b617ac18a1c08c
64,1384,1,envelope,1364,42.0,41.99999999999992,0.00228604901349172,0.018390933008049615,envelope_formula,5.684341886080802e-14,91818cf1df202978c7751d3b08f900f06b029fd84a152ca10e2d4f8de66df6f7,8d20d605a57160873ea6e835033d932416861c1ee346b4956c1e3a02e4de9f06
64,1384,2,cayley,1365,41.999999999999964,41.99999999999998,0.02197238699591253,0.017908977999468334,dense_subset_laplacian,4.973799150320701e-14,b05565270671cb145943b15ff677e6096b2622f1914fa31fc92c5fd9e6209d17,76e7a2a3f97605e65f40f8fab4268d2e5bd9db1c2d27085792e5b11c64566a60
64,1384,2,envelope,1364,42.0,41.99999999999992,0.0018626450037118047,0.01840222599275876,envelope_formula,5.684341886080802e-14,91818cf1df202978c7751d3b08f900f06b029fd84a152ca10e2d4f8de66df6f7,8d20d605a57160873ea6e835033d932416861c1ee346b4956c1e3a02e4de9f06
64,1384,3,cayley,1365,41.99999999999995,41.99999999999994,0.022223260995815508,0.017815163999330252,dense_subset_laplacian,2.1316282072803006e-14,0f47cd90944a003a53dfdb6cb051abbfe9322ee010a6ccdb2b98a3b0245e4974,cb7ad8e246ab9287a1dfd5cbf63f2abf5286b7c5072e077b129715426878a103
64,1384,3,envelope,1364,42.0,41.99999999999992,0.0017943809943972155,0.01836641000409145,envelope_formula,5.684341886080802e-14,91818cf1df202978c7751d3b08f900f06b029fd84a152ca10e2d4f8de66df6f7,8d20d605a57160873ea6e835033d932416861c1ee346b4956c1e3a02e4de9f06
64,1384,4,cayley,1364,41.99999999999994,41.99999999999995,0.022223145002499223,0.01857313499203883,dense_subset_laplacian,4.263256414560601e-14,5fd5e8aa489a087e8c83c6310da8bcb19d69461e77b98ab94d6d4907fabf6f3f,846adf13a956f5744b3fbe4a3da2ec0eee2de79346677c264bd019a7110229b2
64,1384,4,envelope,1364,42.0,41.99999999999992,0.0021007489995099604,0.018373179002082907,envelope_formula,5.684341886080802e-14,91818cf1df202978c7751d3b08f900f06b029fd84a152ca10e2d4f8de66df6f7,8d20d605a57160873ea6e835033d932416861c1ee346b4956c1e3a02e4de9f06
64,1404,0,cayley,1344,39.37160922317836,39.800007403127616,0.010973130993079394,0.04898594900441822,character_cyclic_no_delete,2.842170943040401e-14,a97c9ef510b9c4d3d57ef06fa7055f5a542b7cbd13d030de9adbd66be7887a33,514af8cb788efb56795c9e0296ea30d6cf5fbaa17f6631b7746a675c7710d3ea
64,1404,0,envelope,1386,43.0,42.99999999999992,0.0023309110110858455,0.016663818998495117,envelope_formula,9.947598300641403e-14,8407ad858f34125fa483b9d10b4cc50dc4064020947cd17bdb3f8d668dae6e91,c4d0d49573c1ffaefe1dfcf0f83004c3ae82355ee5c07dd8f5d0ca863d74b274
64,1404,1,cayley,1344,39.37160922317836,39.80562379665027,0.010606531010125764,0.04899682599352673,character_cyclic_no_delete,2.1316282072803006e-14,53af04498e982fd9a7b8fbf688444916757667d76998a5d0717c9707850f6a53,007603343a88ff7d14456541ae45999871ca059b50e25aed7468de40bf367733
64,1404,1,envelope,1386,43.0,42.99999999999992,0.0019082510116277263,0.016565389989409596,envelope_formula,9.947598300641403e-14,8407ad858f34125fa483b9d10b4cc50dc4064020947cd17bdb3f8d668dae6e91,c4d0d49573c1ffaefe1dfcf0f83004c3ae82355ee5c07dd8f5d0ca863d74b274
64,1404,2,cayley,1344,39.37160922317836,39.73737481934081,0.010769743006676435,0.0491868009994505,character_cyclic_no_delete,4.973799150320701e-14,995f5523c70922b6f8c438f4180359e6be15fff6d800927393f70d01d95f31f8,aa08e0a725f61479628e9ee1741574d7c65ea4a1386c45b995eb003a7d15740c
64,1404,2,envelope,1386,43.0,42.99999999999992,0.0019923959916923195,0.016697922997991554,envelope_formula,9.947598300641403e-14,8407ad858f34125fa483b9d10b4cc50dc4064020947cd17bdb3f8d668dae6e91,c4d0d49573c1ffaefe1dfcf0f83004c3ae82355ee5c07dd8f5d0ca863d74b274
64,1404,3,cayley,1344,39.18151326663247,39.53743642125019,0.011012874994776212,0.049158588008140214,character_cyclic_no_delete,1.4210854715202004e-14,29f28d3d36321f993b839f71156c6137d4025a9700d3c638c8ae852faf0215dc,1ced826ff2227b7f18906716fb6c2f7279cba706d07e5d02549b3790a78d5f3f
64,1404,3,envelope,1386,43.0,42.99999999999992,0.0022879759926581755,0.016631063001113944,envelope_formula,9.947598300641403e-14,8407ad858f34125fa483b9d10b4cc50dc4064020947cd17bdb3f8d668dae6e91,c4d0d49573c1ffaefe1dfcf0f83004c3ae82355ee5c07dd8f5d0ca863d74b274
64,1404,4,cayley,1344,39.37160922317836,39.79502461552979,0.010529085993766785,0.04909987500286661,character_cyclic_no_delete,0.0,5f219dfbfdd7f59eb61bd1f1465a5e127acc599e93f118001c2b6651acb37817,c146b323dce4e1b7be120a14543638ab150e1c09f56f2c9038470b2ede6863c0
64,1404,4,envelope,1386,43.0,42.99999999999992,0.0018279219948453829,0.01659114399808459,envelope_formula,9.947598300641403e-14,8407ad858f34125fa483b9d10b4cc50dc4064020947cd17bdb3f8d668dae6e91,c4d0d49573c1ffaefe1dfcf0f83004c3ae82355ee5c07dd8f5d0ca863d74b274
64,1424,0,cayley,1408,41.756491420885986,41.77593936185098,0.009607489002519287,0.014734582000528462,character_cyclic_no_delete,7.105427357601002e-15,a13ab6a89b3092111c2f184d55a29f02d0ca40b2c2718d8ba566f96245a6ebba,20c8cae231843f697612b7306e32fc90875629e4c7e38b80057fa1f212909852
64,1424,0,envelope,1386,43.0,42.999999999999936,0.0019075000018347055,0.03223862599406857,envelope_formula,3.552713678800501e-14,8407ad858f34125fa483b9d10b4cc50dc4064020947cd17bdb3f8d668dae6e91,16c6917988ef0d2d4589651d8bca9b71ac01a6cf9326a0aac850662083fbbd9d
64,1424,1,cayley,1408,41.756491420885986,41.77724452742829,0.009900056989863515,0.014776465002796613,character_cyclic_no_delete,2.842170943040401e-14,bf91c6acdce3fc6706fb99020bea7f3f3e58924dc0c425046e2fb5a2b916b202,c9c98af9fa45bbe71a34790ba42c5c5b09e09ae8998b799686811ab244722c25
64,1424,1,envelope,1386,43.0,42.999999999999936,0.0018964249902637675,0.03216738499759231,envelope_formula,3.552713678800501e-14,8407ad858f34125fa483b9d10b4cc50dc4064020947cd17bdb3f8d668dae6e91,16c6917988ef0d2d4589651d8bca9b71ac01a6cf9326a0aac850662083fbbd9d
64,1424,2,cayley,1408,41.756491420885986,41.82902990636919,0.00971032898814883,0.014727547008078545,character_cyclic_no_delete,7.105427357601002e-15,3a973690b5719e9ffd56838a23d8e69411e3663720b33c1a8f66bfb73f38607d,194f33bc273a86fc878e1f5f01fbfae09a7392431e12a13706dee6493c38f278
64,1424,2,envelope,1386,43.0,42.999999999999936,0.001819878991227597,0.03214275599748362,envelope_formula,3.552713678800501e-14,8407ad858f34125fa483b9d10b4cc50dc4064020947cd17bdb3f8d668dae6e91,16c6917988ef0d2d4589651d8bca9b71ac01a6cf9326a0aac850662083fbbd9d
64,1424,3,cayley,1408,41.756491420885986,41.81324166572701,0.009737037995364517,0.014722014995641075,character_cyclic_no_delete,1.4210854715202004e-14,faf9c892970366207e04560bed6dac57d6cd0596edbf7e868b687bd3bffeb39d,41ee19546806a6bf25615374b7f5c6f7b58d24a12c892ca8eae3eb9e73795d51
64,1424,3,envelope,1386,43.0,42.999999999999936,0.0020976899977540597,0.03218089698930271,envelope_formula,3.552713678800501e-14,8407ad858f34125fa483b9d10b4cc50dc4064020947cd17bdb3f8d668dae6e91,16c6917988ef0d2d4589651d8bca9b71ac01a6cf9326a0aac850662083fbbd9d
64,1424,4,cayley,1408,41.756491420885986,41.83170169526564,0.009699898000690155,0.014704305998748168,character_cyclic_no_delete,2.842170943040401e-14,c6fa071706ea60341b9bc3007c3b3632b7ac557e22e2fb8ec75f75b1053e9269,b68970e6c4b41b3c463b5992c78bee62c3b3c4ff7420e7a1ba90d3fa1f7695ea
64,1424,4,envelope,1386,43.0,42.999999999999936,0.0018741789972409606,0.03214967499661725,envelope_formula,3.552713678800501e-14,8407ad858f34125fa483b9d10b4cc50dc4064020947cd17bdb3f8d668dae6e91,16c6917988ef0d2d4589651d8bca9b71ac01a6cf9326a0aac850662083fbbd9d
64,1443,0,cayley,1408,41.756491420885986,41.94933365731203,0.00984454200079199,0.029586982011096552,character_cyclic_no_delete,2.1316282072803006e-14,a13ab6a89b3092111c2f184d55a29f02d0ca40b2c2718d8ba566f96245a6ebba,e583bbee0be9af7f73745ca9b5f61046f9727640725ddb5d75e557e76aa159c5
64,1443,0,envelope,1440,44.0,43.999999999999964,0.002120407996699214,0.004531518992735073,envelope_formula,7.815970093361102e-14,72c37104964a9a5a5587b7fd05a2a002ce65642a3fa9746ad3624979eb6c15ed,89f050526dcd27f89abc84506c9b518d2a1c57bc1268e4038574cfedbf3daa59
64,1443,1,cayley,1408,41.756491420885986,41.926023163554184,0.009911182001815178,0.029636981009389274,character_cyclic_no_delete,7.105427357601002e-15,bf91c6acdce3fc6706fb99020bea7f3f3e58924dc0c425046e2fb5a2b916b202,b291350c5edaae82b0b43cc6ae3378817f169b1460aafa0e6e07456bd85db5bc
64,1443,1,envelope,1440,44.0,43.999999999999964,0.0024527850036974996,0.004521317998296581,envelope_formula,7.815970093361102e-14,72c37104964a9a5a5587b7fd05a2a002ce65642a3fa9746ad3624979eb6c15ed,89f050526dcd27f89abc84506c9b518d2a1c57bc1268e4038574cfedbf3daa59
64,1443,2,cayley,1408,41.756491420885986,41.89372101123383,0.009684542994364165,0.029492578003555536,character_cyclic_no_delete,7.105427357601002e-15,3a973690b5719e9ffd56838a23d8e69411e3663720b33c1a8f66bfb73f38607d,0550a2f466624bed535dbdb872a9f3f60de87bd310faa6ed9891480f8dec7ef7
64,1443,2,envelope,1440,44.0,43.999999999999964,0.002000374995986931,0.004549980993033387,envelope_formula,7.815970093361102e-14,72c37104964a9a5a5587b7fd05a2a002ce65642a3fa9746ad3624979eb6c15ed,89f050526dcd27f89abc84506c9b518d2a1c57bc1268e4038574cfedbf3daa59
64,1443,3,cayley,1408,41.756491420885986,41.90540220796575,0.009645982005167753,0.029639849992236122,character_cyclic_no_delete,4.263256414560601e-14,faf9c892970366207e04560bed6dac57d6cd0596edbf7e868b687bd3bffeb39d,fae06644cfec33cdf60a1e3441c68ca1bc1ff9ffb6733644cfe91a815f2f10ea
64,1443,3,envelope,1440,44.0,43.999999999999964,0.0019032120035262778,0.004411829009768553,envelope_formula,7.815970093361102e-14,72c37104964a9a5a5587b7fd05a2a002ce65642a3fa9746ad3624979eb6c15ed,89f050526dcd27f89abc84506c9b518d2a1c57bc1268e4038574cfedbf3daa59
64,1443,4,cayley,1408,41.756491420885986,41.9507179951481,0.009960752999177203,0.02949383899976965,character_cyclic_no_delete,2.842170943040401e-14,c6fa071706ea60341b9bc3007c3b3632b7ac557e22e2fb8ec75f75b1053e9269,9a28a140a15c601102099ae1029a318873842664f036e6c9c859ead550854e9d
64,1443,4,envelope,1440,44.0,43.999999999999964,0.0019008160015800968,0.004549717006739229,envelope_formula,7.815970093361102e-14,72c37104964a9a5a5587b7fd05a2a002ce65642a3fa9746ad3624979eb6c15ed,89f050526dcd27f89abc84506c9b518d2a1c57bc1268e4038574cfedbf3daa59
64,1463,0,cayley,1408,41.756491420885986,42.14657471045094,0.00971619799383916,0.04507621200173162,character_cyclic_no_delete,7.105427357601002e-15,a13ab6a89b3092111c2f184d55a29f02d0ca40b2c2718d8ba566f96245a6ebba,68342cd18a382ba538672bda38210d2298df62e283fc20d47547ed2278b6c337
64,1463,0,envelope,1440,44.0,43.999999999999936,0.0018909490026999265,0.020327632009866647,envelope_formula,5.684341886080802e-14,72c37104964a9a5a5587b7fd05a2a002ce65642a3fa9746ad3624979eb6c15ed,67ed16c96a5a16ec44f620b68365117795a5fccb54030d5b15b3cafc666e2ac4
64,1463,1,cayley,1408,41.756491420885986,42.016539116348774,0.009931888998835348,0.04514950299926568,character_cyclic_no_delete,0.0,bf91c6acdce3fc6706fb99020bea7f3f3e58924dc0c425046e2fb5a2b916b202,1f82102eb662ea1198009530fbb24afd127e6dee4827e0b0b56bbadb84dd8e41
64,1463,1,envelope,1440,44.0,43.999999999999936,0.0023482899996452034,0.0203470439882949,envelope_formula,5.684341886080802e-14,72c37104964a9a5a5587b7fd05a2a002ce65642a3fa9746ad3624979eb6c15ed,67ed16c96a5a16ec44f620b68365117795a5fccb54030d5b15b3cafc666e2ac4
64,1463,2,cayley,1408,41.756491420885986,41.943247368938245,0.00963734400284011,0.044959987004403956,character_cyclic_no_delete,0.0,3a973690b5719e9ffd56838a23d8e69411e3663720b33c1a8f66bfb73f38607d,6b60d692355797438ef82e54338bec7eed8c06d3a60c32f69120f54fad4fe903
64,1463,2,envelope,1440,44.0,43.999999999999936,0.0019081639911746606,0.02035198399971705,envelope_formula,5.684341886080802e-14,72c37104964a9a5a5587b7fd05a2a002ce65642a3fa9746ad3624979eb6c15ed,67ed16c96a5a16ec44f620b68365117795a5fccb54030d5b15b3cafc666e2ac4
64,1463,3,cayley,1408,41.756491420885986,42.03948199231692,0.009692705003544688,0.04502566200972069,character_cyclic_no_delete,1.4210854715202004e-14,faf9c892970366207e04560bed6dac57d6cd0596edbf7e868b687bd3bffeb39d,46598e4219d208e51465127d6f2e8b593e05bf86cbe3635887eba9838a1e89b4
64,1463,3,envelope,1440,44.0,43.999999999999936,0.001935106993187219,0.02037214500887785,envelope_formula,5.684341886080802e-14,72c37104964a9a5a5587b7fd05a2a002ce65642a3fa9746ad3624979eb6c15ed,67ed16c96a5a16ec44f620b68365117795a5fccb54030d5b15b3cafc666e2ac4
64,1463,4,cayley,1408,41.756491420885986,42.056485305341816,0.009972205007215962,0.044980425998801365,character_cyclic_no_delete,1.4210854715202004e-14,c6fa071706ea60341b9bc3007c3b3632b7ac557e22e2fb8ec75f75b1053e9269,1b567dbeb6df9752f4bc93a133ef3df7768ce09cfc84defe51f3abc10c230420
64,1463,4,envelope,1440,44.0,43.999999999999936,0.002646423992700875,0.020362865005154163,envelope_formula,5.684341886080802e-14,72c37104964a9a5a5587b7fd05a2a002ce65642a3fa9746ad3624979eb6c15ed,67ed16c96a5a16ec44f620b68365117795a5fccb54030d5b15b3cafc666e2ac4
64,1483,0,cayley,1472,44.038429439193536,44.08885438842774,0.0087339269957738,0.010833173000719398,character_cyclic_no_delete,4.263256414560601e-14,1c63d63126f93ab1fecead23104ca72ec5b09cfcd8ae535ee5ab8abf22e1999b,8b05196fcc040b4c51a69a42dc9282b069786977d56e21bcf35cc33d55ecbe42
64,1483,0,envelope,1482,45.0,44.999999999999936,0.0019605389970820397,0.002901005995227024,envelope_formula,5.684341886080802e-14,7b099e4e76731a86a912c53b941161d639cb59a9faa73c5b1b6a2384691a652d,48d366072ef32fe15ba93fc2cdc92c79096f34492766e2cca3fc8c50b717b4f3
64,1483,1,cayley,1472,44.038429439193536,44.05385953851435,0.008657284008222632,0.010843259995453991,character_cyclic_no_delete,7.105427357601002e-15,6a76655ca890fa7eb7fc078e52838bc8d29937a1f7d837cf907ed5c8ed306b44,a6ec6217986879e744b65e8e1d05b8459463e65184608901989d65bbca7f2766
64,1483,1,envelope,1482,45.0,44.999999999999936,0.0019661280093714595,0.0029109089955454692,envelope_formula,5.684341886080802e-14,7b099e4e76731a86a912c53b941161d639cb59a9faa73c5b1b6a2384691a652d,48d366072ef32fe15ba93fc2cdc92c79096f34492766e2cca3fc8c50b717b4f3
64,1483,2,cayley,1472,44.038429439193536,44.05385953851435,0.009049436994246207,0.010824085999047384,character_cyclic_no_delete,7.105427357601002e-15,6a76655ca890fa7eb7fc078e52838bc8d29937a1f7d837cf907ed5c8ed306b44,a6ec6217986879e744b65e8e1d05b8459463e65184608901989d65bbca7f2766
64,1483,2,envelope,1482,45.0,44.999999999999936,0.0019498509936966002,0.0028958890034118667,envelope_formula,5.684341886080802e-14,7b099e4e76731a86a912c53b941161d639cb59a9faa73c5b1b6a2384691a652d,48d366072ef32fe15ba93fc2cdc92c79096f34492766e2cca3fc8c50b717b4f3
64,1483,3,cayley,1472,44.038429439193536,44.05014417563637,0.008982562998426147,0.010922959991148673,character_cyclic_no_delete,0.0,c4275fb39e25d68b05a857e6a50ed81ff3f5be5b56f2388f7daa4e26bf766601,0dbfc667af2bdac3a2f662ff619f87de5f6c82dfe2a2ea42cf4d05291411e762
64,1483,3,envelope,1482,45.0,44.999999999999936,0.002222373994300142,0.002904719003709033,envelope_formula,5.684341886080802e-14,7b099e4e76731a86a912c53b941161d639cb59a9faa73c5b1b6a2384691a652d,48d366072ef32fe15ba93fc2cdc92c79096f34492766e2cca3fc8c50b717b4f3
64,1483,4,cayley,1472,44.038429439193536,44.050144175636355,0.00893963199632708,0.010815993999131024,character_cyclic_no_delete,3.552713678800501e-14,c54f77ea1706a83bec85dbc61aeed40c692680e12203b544c29c237a6662b431,f4515afbbe1d41e46e7bad5be35943fc80b48394418c939d4c1d78f42819822e
64,1483,4,envelope,1482,45.0,44.999999999999936,0.0025075180019484833,0.002898981998441741,envelope_formula,5.684341886080802e-14,7b099e4e76731a86a912c53b941161d639cb59a9faa73c5b1b6a2384691a652d,48d366072ef32fe15ba93fc2cdc92c79096f34492766e2cca3fc8c50b717b4f3
64,1503,0,cayley,1472,44.038429439193536,44.133483296375275,0.008980357000837103,0.026330883003538474,character_cyclic_no_delete,7.815970093361102e-14,1c63d63126f93ab1fecead23104ca72ec5b09cfcd8ae535ee5ab8abf22e1999b,bffe7c84d454978e53f07239ade1610cb7c1021dafb36dd789b99f3f972745c1
64,1503,0,envelope,1482,45.0,44.99999999999992,0.002335686993319541,0.018675769009860232,envelope_formula,2.1316282072803006e-14,7b099e4e76731a86a912c53b941161d639cb59a9faa73c5b1b6a2384691a652d,b386618e5fb5f49a1956417c43939e5316f231ca3dd278b43141b1bc6e2b62e0
64,1503,1,cayley,1472,44.038429439193536,44.103895511418706,0.008999113997560926,0.026335788003052585,character_cyclic_no_delete,2.842170943040401e-14,6a76655ca890fa7eb7fc078e52838bc8d29937a1f7d837cf907ed5c8ed306b44,458632012adbc32409467b4f13d73f2403599f1b8e49841a980ceee51366f0fa
64,1503,1,envelope,1482,45.0,44.99999999999992,0.0024216449965024367,0.018680872992263176,envelope_formula,2.1316282072803006e-14,7b099e4e76731a86a912c53b941161d639cb59a9faa73c5b1b6a2384691a652d,b386618e5fb5f49a1956417c43939e5316f231ca3dd278b43141b1bc6e2b62e0
64,1503,2,cayley,1472,44.038429439193536,44.103895511418706,0.009324302998720668,0.026380957002402283,character_cyclic_no_delete,2.842170943040401e-14,6a76655ca890fa7eb7fc078e52838bc8d29937a1f7d837cf907ed5c8ed306b44,458632012adbc32409467b4f13d73f2403599f1b8e49841a980ceee51366f0fa
64,1503,2,envelope,1482,45.0,44.99999999999992,0.00215779100835789,0.018641968999872915,envelope_formula,2.1316282072803006e-14,7b099e4e76731a86a912c53b941161d639cb59a9faa73c5b1b6a2384691a652d,b386618e5fb5f49a1956417c43939e5316f231ca3dd278b43141b1bc6e2b62e0
64,1503,3,cayley,1472,44.038429439193536,44.15261643184136,0.008703262006747536,0.02648348499496933,character_cyclic_no_delete,2.1316282072803006e-14,c4275fb39e25d68b05a857e6a50ed81ff3f5be5b56f2388f7daa4e26bf766601,4015d53627c9e596e9fc39c3d94436475e633de3899ed3467cda0b6ad74bf54e
64,1503,3,envelope,1482,45.0,44.99999999999992,0.0019658639939734712,0.01870019399211742,envelope_formula,2.1316282072803006e-14,7b099e4e76731a86a912c53b941161d639cb59a9faa73c5b1b6a2384691a652d,b386618e5fb5f49a1956417c43939e5316f231ca3dd278b43141b1bc6e2b62e0
64,1503,4,cayley,1472,44.038429439193536,44.264799568594285,0.008964742999523878,0.02636015199823305,character_cyclic_no_delete,2.1316282072803006e-14,c54f77ea1706a83bec85dbc61aeed40c692680e12203b544c29c237a6662b431,ddb3c4c8c1d841df32a8765810b22ea4578a071f35935b9abd9c93acffe30f00
64,1503,4,envelope,1482,45.0,44.99999999999992,0.0023793349973857403,0.018687814997974783,envelope_formula,2.1316282072803006e-14,7b099e4e76731a86a912c53b941161d639cb59a9faa73c5b1b6a2384691a652d,b386618e5fb5f49a1956417c43939e5316f231ca3dd278b43141b1bc6e2b62e0
64,1522,0,cayley,1472,44.038429439193536,44.32093644332014,0.009246669986168854,0.041136697996989824,character_cyclic_no_delete,2.842170943040401e-14,1c63d63126f93ab1fecead23104ca72ec5b09cfcd8ae535ee5ab8abf22e1999b,841cf41b51fc52b01d766fa3293aa650eabbf390e2a61c88711c48e7e9d1fd91
64,1522,0,envelope,1512,46.0,45.99999999999992,0.0021665910026058555,0.010023012990131974,envelope_formula,3.552713678800501e-14,f3b4c78ef926a1735c98d64bbdf28b499722364678182dec113cea22bed0a3a4,efc0e1d42507d8922de5a09bbc44aa755cdd8479b467e3ae3fb2e41ff8fc3246
64,1522,1,cayley,1472,44.038429439193536,44.246719384769,0.008702958992216736,0.04112713299400639,character_cyclic_no_delete,7.105427357601002e-15,6a76655ca890fa7eb7fc078e52838bc8d29937a1f7d837cf907ed5c8ed306b44,d4ee62ab95caa9cc749e7d3e5a9c0cf322e6a5bca6942e89c895b579387806dd
64,1522,1,envelope,1512,46.0,45.99999999999992,0.002018478000536561,0.010016701999120414,envelope_formula,3.552713678800501e-14,f3b4c78ef926a1735c98d64bbdf28b499722364678182dec113cea22bed0a3a4,efc0e1d42507d8922de5a09bbc44aa755cdd8479b467e3ae3fb2e41ff8fc3246
64,1522,2,cayley,1472,44.038429439193536,44.246719384769,0.008659750004881062,0.04118547799589578,character_cyclic_no_delete,7.105427357601002e-15,6a76655ca890fa7eb7fc078e52838bc8d29937a1f7d837cf907ed5c8ed306b44,d4ee62ab95caa9cc749e7d3e5a9c0cf322e6a5bca6942e89c895b579387806dd
64,1522,2,envelope,1512,46.0,45.99999999999992,0.002295669008162804,0.010035785002401099,envelope_formula,3.552713678800501e-14,f3b4c78ef926a1735c98d64bbdf28b499722364678182dec113cea22bed0a3a4,efc0e1d42507d8922de5a09bbc44aa755cdd8479b467e3ae3fb2e41ff8fc3246
64,1522,3,cayley,1472,44.038429439193536,44.19148231618656,0.008748223990551196,0.04110412299633026,character_cyclic_no_delete,2.842170943040401e-14,c4275fb39e25d68b05a857e6a50ed81ff3f5be5b56f2388f7daa4e26bf766601,08fcb187db432ed05209673239c4623a0e50d5fbd0e7e329a86f23a6b1778b44
64,1522,3,envelope,1512,46.0,45.99999999999992,0.00200583299738355,0.010122446008608676,envelope_formula,3.552713678800501e-14,f3b4c78ef926a1735c98d64bbdf28b499722364678182dec113cea22bed0a3a4,efc0e1d42507d8922de5a09bbc44aa755cdd8479b467e3ae3fb2e41ff8fc3246
64,1522,4,cayley,1472,44.038429439193536,44.29842521282436,0.008767373001319356,0.04106613699696027,character_cyclic_no_delete,7.815970093361102e-14,c54f77ea1706a83bec85dbc61aeed40c692680e12203b544c29c237a6662b431,f51e5b2b065eea955e3cbc487bae35c44a3293dd50df72980562f42d48d70670
64,1522,4,envelope,1512,46.0,45.99999999999992,0.0020501399994827807,0.010030792996985838,envelope_formula,3.552713678800501e-14,f3b4c78ef926a1735c98d64bbdf28b499722364678182dec113cea22bed0a3a4,efc0e1d42507d8922de5a09bbc44aa755cdd8479b467e3ae3fb2e41ff8fc3246
64,1542,0,envelope,1536,48.0,47.99999999999992,0.002459711002302356,0.00692233900190331,envelope_formula,1.4210854715202004e-14,4b2ca048dec6d19d48c6a02124e9d738248ba7580b3837e7e031a7f52473a8e2,b0c9b14deee69ff601b98c3acdb6ff58bee4486d87232f79494af282943b344e
64,1542,1,envelope,1536,48.0,47.99999999999992,0.002193667009123601,0.006843194991233759,envelope_formula,1.4210854715202004e-14,4b2ca048dec6d19d48c6a02124e9d738248ba7580b3837e7e031a7f52473a8e2,b0c9b14deee69ff601b98c3acdb6ff58bee4486d87232f79494af282943b344e
64,1542,2,envelope,1536,48.0,47.99999999999992,0.002181005009333603,0.006829934995039366,envelope_formula,1.4210854715202004e-14,4b2ca048dec6d19d48c6a02124e9d738248ba7580b3837e7e031a7f52473a8e2,b0c9b14deee69ff601b98c3acdb6ff58bee4486d87232f79494af282943b344e
64,1542,3,envelope,1536,48.0,47.99999999999992,0.002206781995482743,0.006824506999691948,envelope_formula,1.4210854715202004e-14,4b2ca048dec6d19d48c6a02124e9d738248ba7580b3837e7e031a7f52473a8e2,b0c9b14deee69ff601b98c3acdb6ff58bee4486d87232f79494af282943b344e
64,1542,4,envelope,1536,48.0,47.99999999999992,0.0023089019960025325,0.006848859004094265,envelope_formula,1.4210854715202004e-14,4b2ca048dec6d19d48c6a02124e9d738248ba7580b3837e7e031a7f52473a8e2,b0c9b14deee69ff601b98c3acdb6ff58bee4486d87232f79494af282943b344e
64,1562,0,envelope,1536,48.0,47.99999999999991,0.0024960799928521737,0.022400240995921195,envelope_formula,2.1316282072803006e-14,4b2ca048dec6d19d48c6a02124e9d738248ba7580b3837e7e031a7f52473a8e2,c6a271e09b8b71880d91c83cb4fd6e6fa268ff9530e78cf33d88b3d6c4adfa8d
64,1562,1,envelope,1536,48.0,47.99999999999991,0.00226234900765121,0.022372469000401907,envelope_formula,2.1316282072803006e-14,4b2ca048dec6d19d48c6a02124e9d738248ba7580b3837e7e031a7f52473a8e2,c6a271e09b8b71880d91c83cb4fd6e6fa268ff9530e78cf33d88b3d6c4adfa8d
64,1562,2,envelope,1536,48.0,47.99999999999991,0.0022503960062749684,0.022381421003956348,envelope_formula,2.1316282072803006e-14,4b2ca048dec6d19d48c6a02124e9d738248ba7580b3837e7e031a7f52473a8e2,c6a271e09b8b71880d91c83cb4fd6e6fa268ff9530e78cf33d88b3d6c4adfa8d
64,1562,3,envelope,1536,48.0,47.99999999999991,0.0021898510021856055,0.02233295200858265,envelope_formula,2.1316282072803006e-14,4b2ca048dec6d19d48c6a02124e9d738248ba7580b3837e7e031a7f52473a8e2,c6a271e09b8b71880d91c83cb4fd6e6fa268ff9530e78cf33d88b3d6c4adfa8d
64,1562,4,envelope,1536,48.0,47.99999999999991,0.00219052100146655,0.022379257992724888,envelope_formula,2.1316282072803006e-14,4b2ca048dec6d19d48c6a02124e9d738248ba7580b3837e7e031a7f52473a8e2,c6a271e09b8b71880d91c83cb4fd6e6fa268ff9530e78cf33d88b3d6c4adfa8d
64,1581,0,envelope,1536,48.0,47.999999999999936,0.002491599996574223,0.03686774100060575,envelope_formula,2.842170943040401e-14,4b2ca048dec6d19d48c6a02124e9d738248ba7580b3837e7e031a7f52473a8e2,5b45f0d20381dcb94f196b263252535c346e7f41463857afdd6937d9d63b768c
64,1581,1,envelope,1536,48.0,47.999999999999936,0.0022313599911285564,0.03695426799822599,envelope_formula,2.842170943040401e-14,4b2ca048dec6d19d48c6a02124e9d738248ba7580b3837e7e031a7f52473a8e2,5b45f0d20381dcb94f196b263252535c346e7f41463857afdd6937d9d63b768c
64,1581,2,envelope,1536,48.0,47.999999999999936,0.002237110005808063,0.036843510999460705,envelope_formula,2.842170943040401e-14,4b2ca048dec6d19d48c6a02124e9d738248ba7580b3837e7e031a7f52473a8e2,5b45f0d20381dcb94f196b263252535c346e7f41463857afdd6937d9d63b768c
64,1581,3,envelope,1536,48.0,47.999999999999936,0.0021784670097986236,0.03696773400588427,envelope_formula,2.842170943040401e-14,4b2ca048dec6d19d48c6a02124e9d738248ba7580b3837e7e031a7f52473a8e2,5b45f0d20381dcb94f196b263252535c346e7f41463857afdd6937d9d63b768c
64,1581,4,envelope,1536,48.0,47.999999999999936,0.002229571997304447,0.036869669987936504,envelope_formula,2.842170943040401e-14,4b2ca048dec6d19d48c6a02124e9d738248ba7580b3837e7e031a7f52473a8e2,5b45f0d20381dcb94f196b263252535c346e7f41463857afdd6937d9d63b768c
64,1601,0,envelope,1590,49.0,48.999999999999886,0.0025891929981298745,0.010605739007587545,envelope_formula,7.105427357601002e-15,e4e7e7470fef24253df52609b4cca1ee1a45dde4954b51c310230eaa682d3f23,2289de59b5d1dc5412b1545f114d00e49cbad7e9c80379ee1324c9d7b9521dd4
64,1601,1,envelope,1590,49.0,48.999999999999886,0.002274971004226245,0.010618544998578727,envelope_formula,7.105427357601002e-15,e4e7e7470fef24253df52609b4cca1ee1a45dde4954b51c310230eaa682d3f23,2289de59b5d1dc5412b1545f114d00e49cbad7e9c80379ee1324c9d7b9521dd4
64,1601,2,envelope,1590,49.0,48.999999999999886,0.0023002310044830665,0.010591454003588296,envelope_formula,7.105427357601002e-15,e4e7e7470fef24253df52609b4cca1ee1a45dde4954b51c310230eaa682d3f23,2289de59b5d1dc5412b1545f114d00e49cbad7e9c80379ee1324c9d7b9521dd4
64,1601,3,envelope,1590,49.0,48.999999999999886,0.0022346299956552684,0.010606569005176425,envelope_formula,7.105427357601002e-15,e4e7e7470fef24253df52609b4cca1ee1a45dde4954b51c310230eaa682d3f23,2289de59b5d1dc5412b1545f114d00e49cbad7e9c80379ee1324c9d7b9521dd4
64,1601,4,envelope,1590,49.0,48.999999999999886,0.002311124000698328,0.01059195700509008,envelope_formula,7.105427357601002e-15,e4e7e7470fef24253df52609b4cca1ee1a45dde4954b51c310230eaa682d3f23,2289de59b5d1dc5412b1545f114d00e49cbad7e9c80379ee1324c9d7b9521dd4
64,1621,0,envelope,1590,49.0,48.99999999999995,0.0025762110017240047,0.0259611849905923,envelope_formula,2.1316282072803006e-14,e4e7e7470fef24253df52609b4cca1ee1a45dde4954b51c310230eaa682d3f23,72325cc1ec648c2628784df0d18ac32c125df03beaea62dadc1f580e885f6260
64,1621,1,envelope,1590,49.0,48.99999999999995,0.0023114159994293004,0.02595635699981358,envelope_formula,2.1316282072803006e-14,e4e7e7470fef24253df52609b4cca1ee1a45dde4954b51c310230eaa682d3f23,72325cc1ec648c2628784df0d18ac32c125df03beaea62dadc1f580e885f6260
64,1621,2,envelope,1590,49.0,48.99999999999995,0.002265499992063269,0.02593643800355494,envelope_formula,2.1316282072803006e-14,e4e7e7470fef24253df52609b4cca1ee1a45dde4954b51c310230eaa682d3f23,72325cc1ec648c2628784df0d18ac32c125df03beaea62dadc1f580e885f6260
64,1621,3,envelope,1590,49.0,48.99999999999995,0.0023420419893227518,0.025958415993954986,envelope_formula,2.1316282072803006e-14,e4e7e7470fef24253df52609b4cca1ee1a45dde4954b51c310230eaa682d3f23,72325cc1ec648c2628784df0d18ac32c125df03beaea62dadc1f580e885f6260
64,1621,4,envelope,1590,49.0,48.99999999999995,0.0023264579940587282,0.025932308009942062,envelope_formula,2.1316282072803006e-14,e4e7e7470fef24253df52609b4cca1ee1a45dde4954b51c310230eaa682d3f23,72325cc1ec648c2628784df0d18ac32c125df03beaea62dadc1f580e885f6260
64,1641,0,envelope,1638,51.0,50.999999999999886,0.0024298420030390844,0.004446185004781,envelope_formula,2.1316282072803006e-14,d7a6e7e54e4165569469e2eff6399605f2834cd66df8bb28628ed63c8b27e619,8b839f0a2ca064938f898628072956e28f922ba4b012cf714e18db063f8843d7
64,1641,1,envelope,1638,51.0,50.999999999999886,0.0023187080078059807,0.004413332004332915,envelope_formula,2.1316282072803006e-14,d7a6e7e54e4165569469e2eff6399605f2834cd66df8bb28628ed63c8b27e619,8b839f0a2ca064938f898628072956e28f922ba4b012cf714e18db063f8843d7
64,1641,2,envelope,1638,51.0,50.999999999999886,0.0023156060051405802,0.0044156929943710566,envelope_formula,2.1316282072803006e-14,d7a6e7e54e4165569469e2eff6399605f2834cd66df8bb28628ed63c8b27e619,8b839f0a2ca064938f898628072956e28f922ba4b012cf714e18db063f8843d7
64,1641,3,envelope,1638,51.0,50.999999999999886,0.002391129994066432,0.0044063340028515086,envelope_formula,2.1316282072803006e-14,d7a6e7e54e4165569469e2eff6399605f2834cd66df8bb28628ed63c8b27e619,8b839f0a2ca064938f898628072956e28f922ba4b012cf714e18db063f8843d7
64,1641,4,envelope,1638,51.0,50.999999999999886,0.002614486002130434,0.004416041003423743,envelope_formula,2.1316282072803006e-14,d7a6e7e54e4165569469e2eff6399605f2834cd66df8bb28628ed63c8b27e619,8b839f0a2ca064938f898628072956e28f922ba4b012cf714e18db063f8843d7
64,1660,0,envelope,1638,51.0,50.99999999999993,0.0023124199942685664,0.01908539999567438,envelope_formula,1.4210854715202004e-14,d7a6e7e54e4165569469e2eff6399605f2834cd66df8bb28628ed63c8b27e619,22e764a8fd5391c633b1a72d20ce69981c4caa793ea9127aa58a0ff87c4e50b3
64,1660,1,envelope,1638,51.0,50.99999999999993,0.0024135389976436272,0.019057333003729582,envelope_formula,1.4210854715202004e-14,d7a6e7e54e4165569469e2eff6399605f2834cd66df8bb28628ed63c8b27e619,22e764a8fd5391c633b1a72d20ce69981c4caa793ea9127aa58a0ff87c4e50b3
64,1660,2,envelope,1638,51.0,50.99999999999993,0.0023984309955267236,0.019111586007056758,envelope_formula,1.4210854715202004e-14,d7a6e7e54e4165569469e2eff6399605f2834cd66df8bb28628ed63c8b27e619,22e764a8fd5391c633b1a72d20ce69981c4caa793ea9127aa58a0ff87c4e50b3
64,1660,3,envelope,1638,51.0,50.99999999999993,0.0024934270040830597,0.01905235399317462,envelope_formula,1.4210854715202004e-14,d7a6e7e54e4165569469e2eff6399605f2834cd66df8bb28628ed63c8b27e619,22e764a8fd5391c633b1a72d20ce69981c4caa793ea9127aa58a0ff87c4e50b3
64,1660,4,envelope,1638,51.0,50.99999999999993,0.0026475070044398308,0.01908265800739173,envelope_formula,1.4210854715202004e-14,d7a6e7e54e4165569469e2eff6399605f2834cd66df8bb28628ed63c8b27e619,22e764a8fd5391c633b1a72d20ce69981c4caa793ea9127aa58a0ff87c4e50b3
64,1680,0,envelope,1680,52.0,51.999999999999915,0.00236701600078959,0.0004264329909346998,envelope_formula,8.526512829121202e-14,135861f08fe8bc415e57c065558a7d791ddc994f2486c054d275272a27201c36,135861f08fe8bc415e57c065558a7d791ddc994f2486c054d275272a27201c36
64,1680,1,envelope,1680,52.0,51.999999999999915,0.0023647060006624088,0.00042871999903582036,envelope_formula,8.526512829121202e-14,135861f08fe8bc415e57c065558a7d791ddc994f2486c054d275272a27201c36,135861f08fe8bc415e57c065558a7d791ddc994f2486c054d275272a27201c36
64,1680,2,envelope,1680,52.0,51.999999999999915,0.0023550009937025607,0.0004233009967720136,envelope_formula,8.526512829121202e-14,135861f08fe8bc415e57c065558a7d791ddc994f2486c054d275272a27201c36,135861f08fe8bc415e57c065558a7d791ddc994f2486c054d275272a27201c36
64,1680,3,envelope,1680,52.0,51.999999999999915,0.0023999900004127994,0.0004228930047247559,envelope_formula,8.526512829121202e-14,135861f08fe8bc415e57c065558a7d791ddc994f2486c054d275272a27201c36,135861f08fe8bc415e57c065558a7d791ddc994f2486c054d275272a27201c36
64,1680,4,envelope,1680,52.0,51.999999999999915,0.0026845940010389313,0.00042459499672986567,envelope_formula,8.526512829121202e-14,135861f08fe8bc415e57c065558a7d791ddc994f2486c054d275272a27201c36,135861f08fe8bc415e57c065558a7d791ddc994f2486c054d275272a27201c36
64,1700,0,envelope,1680,52.0,51.99999999999993,0.002487531994120218,0.01749316199857276,envelope_formula,1.4210854715202004e-14,135861f08fe8bc415e57c065558a7d791ddc994f2486c054d275272a27201c36,2d8a08e6df73fd37137a10bc6ecafbb9c0bf5bb7c0b1a0aac43335a0918358e8
64,1700,1,envelope,1680,52.0,51.99999999999993,0.002416818999336101,0.017451423991587944,envelope_formula,1.4210854715202004e-14,135861f08fe8bc415e57c065558a7d791ddc994f2486c054d275272a27201c36,2d8a08e6df73fd37137a10bc6ecafbb9c0bf5bb7c0b1a0aac43335a0918358e8
64,1700,2,envelope,1680,52.0,51.99999999999993,0.0023706919891992584,0.017483326999354176,envelope_formula,1.4210854715202004e-14,135861f08fe8bc415e57c065558a7d791ddc994f2486c054d275272a27201c36,2d8a08e6df73fd37137a10bc6ecafbb9c0bf5bb7c0b1a0aac43335a0918358e8
64,1700,3,envelope,1680,52.0,51.99999999999993,0.0026718930021161214,0.017466589008108713,envelope_formula,1.4210854715202004e-14,135861f08fe8bc415e57c065558a7d791ddc994f2486c054d275272a27201c36,2d8a08e6df73fd37137a10bc6ecafbb9c0bf5bb7c0b1a0aac43335a0918358e8
64,1700,4,envelope,1680,52.0,51.99999999999993,0.002359131001867354,0.017456368994317017,envelope_formula,1.4210854715202004e-14,135861f08fe8bc415e57c065558a7d791ddc994f2486c054d275272a27201c36,2d8a08e6df73fd37137a10bc6ecafbb9c0bf5bb7c0b1a0aac43335a0918358e8
64,1719,0,envelope,1705,53.0,52.99999999999993,0.0024059879942797124,0.012895515988930129,envelope_formula,0.0,4a1c7ce9ff1d50f9da04223ef1ed9e8c134da15ec40e50092773a44cb5d7c4ec,d44f43cd5070c6656755ccf18f63fdc30090f39bca528a1feb3bf7589b27683d
64,1719,1,envelope,1705,53.0,52.99999999999993,0.0024771369935479015,0.012885157004348002,envelope_formula,0.0,4a1c7ce9ff1d50f9da04223ef1ed9e8c134da15ec40e50092773a44cb5d7c4ec,d44f43cd5070c6656755ccf18f63fdc30090f39bca528a1feb3bf7589b27683d
64,1719,2,envelope,1705,53.0,52.99999999999993,0.002516148000722751,0.012915207000332884,envelope_formula,0.0,4a1c7ce9ff1d50f9da04223ef1ed9e8c134da15ec40e50092773a44cb5d7c4ec,d44f43cd5070c6656755ccf18f63fdc30090f39bca528a1feb3bf7589b27683d
64,1719,3,envelope,1705,53.0,52.99999999999993,0.00268946799042169,0.012911950005218387,envelope_formula,0.0,4a1c7ce9ff1d50f9da04223ef1ed9e8c134da15ec40e50092773a44cb5d7c4ec,d44f43cd5070c6656755ccf18f63fdc30090f39bca528a1feb3bf7589b27683d
64,1719,4,envelope,1705,53.0,52.99999999999993,0.002530381010728888,0.01291121200483758,envelope_formula,0.0,4a1c7ce9ff1d50f9da04223ef1ed9e8c134da15ec40e50092773a44cb5d7c4ec,d44f43cd5070c6656755ccf18f63fdc30090f39bca528a1feb3bf7589b27683d
64,1739,0,envelope,1705,53.0,52.99999999999993,0.0024112440005410463,0.028065683000022545,envelope_formula,3.552713678800501e-14,4a1c7ce9ff1d50f9da04223ef1ed9e8c134da15ec40e50092773a44cb5d7c4ec,bf5899ac232f1710dbaae6d3ffc982075a7984a51960338d9b441dbec11c8596
64,1739,1,envelope,1705,53.0,52.99999999999993,0.0023984239960554987,0.028118025991716422,envelope_formula,3.552713678800501e-14,4a1c7ce9ff1d50f9da04223ef1ed9e8c134da15ec40e50092773a44cb5d7c4ec,bf5899ac232f1710dbaae6d3ffc982075a7984a51960338d9b441dbec11c8596
64,1739,2,envelope,1705,53.0,52.99999999999993,0.0024256680044345558,0.028095529996789992,envelope_formula,3.552713678800501e-14,4a1c7ce9ff1d50f9da04223ef1ed9e8c134da15ec40e50092773a44cb5d7c4ec,bf5899ac232f1710dbaae6d3ffc982075a7984a51960338d9b441dbec11c8596
64,1739,3,envelope,1705,53.0,52.99999999999993,0.002682054997421801,0.02804721100255847,envelope_formula,3.552713678800501e-14,4a1c7ce9ff1d50f9da04223ef1ed9e8c134da15ec40e50092773a44cb5d7c4ec,bf5899ac232f1710dbaae6d3ffc982075a7984a51960338d9b441dbec11c8596
64,1739,4,envelope,1705,53.0,52.99999999999993,0.0024261549988295883,0.028102170006604865,envelope_formula,3.552713678800501e-14,4a1c7ce9ff1d50f9da04223ef1ed9e8c134da15ec40e50092773a44cb5d7c4ec,bf5899ac232f1710dbaae6d3ffc982075a7984a51960338d9b441dbec11c8596
64,1759,0,envelope,1740,54.0,53.9999999999999,0.002445425998303108,0.01663656800519675,envelope_formula,2.842170943040401e-14,ea3981cc1b7c4d5a59f767b3b9847a2c1ffb9168c5cb5bf26c67372094dc4200,1e4795073c2ef8342ac16a930ad1a1c7fbce646b3326bcebab83c4d0ead86fb4
64,1759,1,envelope,1740,54.0,53.9999999999999,0.0025470349937677383,0.016664486000081524,envelope_formula,2.842170943040401e-14,ea3981cc1b7c4d5a59f767b3b9847a2c1ffb9168c5cb5bf26c67372094dc4200,1e4795073c2ef8342ac16a930ad1a1c7fbce646b3326bcebab83c4d0ead86fb4
64,1759,2,envelope,1740,54.0,53.9999999999999,0.0027403290005167946,0.01660954400722403,envelope_formula,2.842170943040401e-14,ea3981cc1b7c4d5a59f767b3b9847a2c1ffb9168c5cb5bf26c67372094dc4200,1e4795073c2ef8342ac16a930ad1a1c7fbce646b3326bcebab83c4d0ead86fb4
64,1759,3,envelope,1740,54.0,53.9999999999999,0.002488917001755908,0.016616881999652833,envelope_formula,2.842170943040401e-14,ea3981cc1b7c4d5a59f767b3b9847a2c1ffb9168c5cb5bf26c67372094dc4200,1e4795073c2ef8342ac16a930ad1a1c7fbce646b3326bcebab83c4d0ead86fb4
64,1759,4,envelope,1740,54.0,53.9999999999999,0.002444231999106705,0.01657737600908149,envelope_formula,2.842170943040401e-14,ea3981cc1b7c4d5a59f767b3b9847a2c1ffb9168c5cb5bf26c67372094dc4200,1e4795073c2ef8342ac16a930ad1a1c7fbce646b3326bcebab83c4d0ead86fb4
64,1779,0,envelope,1764,55.0,54.99999999999993,0.0025563360104570165,0.013544336994527839,envelope_formula,4.263256414560601e-14,b284f1a86f36f1d68a101a8e25302f8c5a234b44a11f5b14789d0d0e9ec17a1a,c15b8f48c0c8f354f9e8c4d4ca4d7e620cf94b636746bdd0ee5fe2e1d4a6b054
64,1779,1,envelope,1764,55.0,54.99999999999993,0.0024762899993220344,0.013579798003775068,envelope_formula,4.263256414560601e-14,b284f1a86f36f1d68a101a8e25302f8c5a234b44a11f5b14789d0d0e9ec17a1a,c15b8f48c0c8f354f9e8c4d4ca4d7e620cf94b636746bdd0ee5fe2e1d4a6b054
64,1779,2,envelope,1764,55.0,54.99999999999993,0.0027242020005360246,0.013520749998860992,envelope_formula,4.263256414560601e-14,b284f1a86f36f1d68a101a8e25302f8c5a234b44a11f5b14789d0d0e9ec17a1a,c15b8f48c0c8f354f9e8c4d4ca4d7e620cf94b636746bdd0ee5fe2e1d4a6b054
64,1779,3,envelope,1764,55.0,54.99999999999993,0.002444547993945889,0.013572329000453465,envelope_formula,4.263256414560601e-14,b284f1a86f36f1d68a101a8e25302f8c5a234b44a11f5b14789d0d0e9ec17a1a,c15b8f48c0c8f354f9e8c4d4ca4d7e620cf94b636746bdd0ee5fe2e1d4a6b054
64,1779,4,envelope,1764,55.0,54.99999999999993,0.002507682002033107,0.013539471998228692,envelope_formula,4.263256414560601e-14,b284f1a86f36f1d68a101a8e25302f8c5a234b44a11f5b14789d0d0e9ec17a1a,c15b8f48c0c8f354f9e8c4d4ca4d7e620cf94b636746bdd0ee5fe2e1d4a6b054
64,1798,0,envelope,1792,56.0,55.999999999999915,0.0025838689907686785,0.006701503007207066,envelope_formula,3.552713678800501e-14,38c53433f321c735fd7d47d97e9963b402f0ce480296d033da4be7909c8985a3,c4c5992cba132d5c76e9ce6b79ce0f3e716e1d02e5f77667b2c90f42c0b2628b
64,1798,1,envelope,1792,56.0,55.999999999999915,0.0028322610014583915,0.006682923005428165,envelope_formula,3.552713678800501e-14,38c53433f321c735fd7d47d97e9963b402f0ce480296d033da4be7909c8985a3,c4c5992cba132d5c76e9ce6b79ce0f3e716e1d02e5f77667b2c90f42c0b2628b
64,1798,2,envelope,1792,56.0,55.999999999999915,0.0025001360045280308,0.0066933670022990555,envelope_formula,3.552713678800501e-14,38c53433f321c735fd7d47d97e9963b402f0ce480296d033da4be7909c8985a3,c4c5992cba132d5c76e9ce6b79ce0f3e716e1d02e5f77667b2c90f42c0b2628b
64,1798,3,envelope,1792,56.0,55.999999999999915,0.0026047660066979006,0.006688039007713087,envelope_formula,3.552713678800501e-14,38c53433f321c735fd7d47d97e9963b402f0ce480296d033da4be7909c8985a3,c4c5992cba132d5c76e9ce6b79ce0f3e716e1d02e5f77667b2c90f42c0b2628b
64,1798,4,envelope,1792,56.0,55.999999999999915,0.0025354060053359717,0.006707410997478291,envelope_formula,3.552713678800501e-14,38c53433f321c735fd7d47d97e9963b402f0ce480296d033da4be7909c8985a3,c4c5992cba132d5c76e9ce6b79ce0f3e716e1d02e5f77667b2c90f42c0b2628b
64,1818,0,envelope,1792,56.0,55.999999999999915,0.0027866049931617454,0.022787020992836915,envelope_formula,7.105427357601002e-15,38c53433f321c735fd7d47d97e9963b402f0ce480296d033da4be7909c8985a3,cab77662f6c091e2430abeaf88ad4e743787d582cce20b641ad74c87df234a2a
64,1818,1,envelope,1792,56.0,55.999999999999915,0.0025399829901289195,0.022682278999127448,envelope_formula,7.105427357601002e-15,38c53433f321c735fd7d47d97e9963b402f0ce480296d033da4be7909c8985a3,cab77662f6c091e2430abeaf88ad4e743787d582cce20b641ad74c87df234a2a
64,1818,2,envelope,1792,56.0,55.999999999999915,0.0024940139992395416,0.02270913300162647,envelope_formula,7.105427357601002e-15,38c53433f321c735fd7d47d97e9963b402f0ce480296d033da4be7909c8985a3,cab77662f6c091e2430abeaf88ad4e743787d582cce20b641ad74c87df234a2a
64,1818,3,envelope,1792,56.0,55.999999999999915,0.002519770001526922,0.022715953004080802,envelope_formula,7.105427357601002e-15,38c53433f321c735fd7d47d97e9963b402f0ce480296d033da4be7909c8985a3,cab77662f6c091e2430abeaf88ad4e743787d582cce20b641ad74c87df234a2a
64,1818,4,envelope,1792,56.0,55.999999999999915,0.0025490909902146086,0.022766157999285497,envelope_formula,7.105427357601002e-15,38c53433f321c735fd7d47d97e9963b402f0ce480296d033da4be7909c8985a3,cab77662f6c091e2430abeaf88ad4e743787d582cce20b641ad74c87df234a2a
64,1838,0,envelope,1827,57.0,56.99999999999994,0.002834225000697188,0.010485901992069557,envelope_formula,2.1316282072803006e-14,3fb0f586df4e47446cb6f3de97700d42ea4a146bfb6fb805367cded7c3459df9,5483b0303ff2dc8a41a0a35801f87f17651f82ac327bbf88264315b5321be363
64,1838,1,envelope,1827,57.0,56.99999999999994,0.0025708920002216473,0.01047952899534721,envelope_formula,2.1316282072803006e-14,3fb0f586df4e47446cb6f3de97700d42ea4a146bfb6fb805367cded7c3459df9,5483b0303ff2dc8a41a0a35801f87f17651f82ac327bbf88264315b5321be363
64,1838,2,envelope,1827,57.0,56.99999999999994,0.002565764996688813,0.010475875998963602,envelope_formula,2.1316282072803006e-14,3fb0f586df4e47446cb6f3de97700d42ea4a146bfb6fb805367cded7c3459df9,5483b0303ff2dc8a41a0a35801f87f17651f82ac327bbf88264315b5321be363
64,1838,3,envelope,1827,57.0,56.99999999999994,0.0025739880074979737,0.010467044994584285,envelope_formula,2.1316282072803006e-14,3fb0f586df4e47446cb6f3de97700d42ea4a146bfb6fb805367cded7c3459df9,5483b0303ff2dc8a41a0a35801f87f17651f82ac327bbf88264315b5321be363
64,1838,4,envelope,1827,57.0,56.99999999999994,0.002774455992039293,0.010475524992216378,envelope_formula,2.1316282072803006e-14,3fb0f586df4e47446cb6f3de97700d42ea4a146bfb6fb805367cded7c3459df9,5483b0303ff2dc8a41a0a35801f87f17651f82ac327bbf88264315b5321be363
64,1857,0,envelope,1827,57.0,56.999999999999915,0.0025612650060793385,0.026608998989104293,envelope_formula,1.4210854715202004e-14,3fb0f586df4e47446cb6f3de97700d42ea4a146bfb6fb805367cded7c3459df9,aad91c463ead78a5c32b5cfc535975ab66d5138de38ec331df300e3c2ac4c12a
64,1857,1,envelope,1827,57.0,56.999999999999915,0.002553104000980966,0.02666196899372153,envelope_formula,1.4210854715202004e-14,3fb0f586df4e47446cb6f3de97700d42ea4a146bfb6fb805367cded7c3459df9,aad91c463ead78a5c32b5cfc535975ab66d5138de38ec331df300e3c2ac4c12a
64,1857,2,envelope,1827,57.0,56.999999999999915,0.0026896070048678666,0.026606942992657423,envelope_formula,1.4210854715202004e-14,3fb0f586df4e47446cb6f3de97700d42ea4a146bfb6fb805367cded7c3459df9,aad91c463ead78a5c32b5cfc535975ab66d5138de38ec331df300e3c2ac4c12a
64,1857,3,envelope,1827,57.0,56.999999999999915,0.0027811699983431026,0.02656047500204295,envelope_formula,1.4210854715202004e-14,3fb0f586df4e47446cb6f3de97700d42ea4a146bfb6fb805367cded7c3459df9,aad91c463ead78a5c32b5cfc535975ab66d5138de38ec331df300e3c2ac4c12a
64,1857,4,envelope,1827,57.0,56.999999999999915,0.002610605995869264,0.02670490999298636,envelope_formula,1.4210854715202004e-14,3fb0f586df4e47446cb6f3de97700d42ea4a146bfb6fb805367cded7c3459df9,aad91c463ead78a5c32b5cfc535975ab66d5138de38ec331df300e3c2ac4c12a
64,1877,0,envelope,1860,58.0,57.99999999999992,0.002594402991235256,0.016084325994597748,envelope_formula,2.1316282072803006e-14,3b61c6ece9ca008d79b87e3999a041d578c075412bb3e17c9686829ad646e13f,383552bd739d942c57d8d97d8945067a333ab58f91dfd02706f47b0371538fbc
64,1877,1,envelope,1860,58.0,57.99999999999992,0.002691476998734288,0.016091423007310368,envelope_formula,2.1316282072803006e-14,3b61c6ece9ca008d79b87e3999a041d578c075412bb3e17c9686829ad646e13f,383552bd739d942c57d8d97d8945067a333ab58f91dfd02706f47b0371538fbc
64,1877,2,envelope,1860,58.0,57.99999999999992,0.002958472992759198,0.016108676994917914,envelope_formula,2.1316282072803006e-14,3b61c6ece9ca008d79b87e3999a041d578c075412bb3e17c9686829ad646e13f,383552bd739d942c57d8d97d8945067a333ab58f91dfd02706f47b0371538fbc
64,1877,3,envelope,1860,58.0,57.99999999999992,0.0026116260123671964,0.01611574599519372,envelope_formula,2.1316282072803006e-14,3b61c6ece9ca008d79b87e3999a041d578c075412bb3e17c9686829ad646e13f,383552bd739d942c57d8d97d8945067a333ab58f91dfd02706f47b0371538fbc
64,1877,4,envelope,1860,58.0,57.99999999999992,0.002673430004506372,0.01611544100160245,envelope_formula,2.1316282072803006e-14,3b61c6ece9ca008d79b87e3999a041d578c075412bb3e17c9686829ad646e13f,383552bd739d942c57d8d97d8945067a333ab58f91dfd02706f47b0371538fbc
64,1897,0,envelope,1890,59.0,58.99999999999984,0.002756863003014587,0.007402343995636329,envelope_formula,7.105427357601002e-14,e8dcbc4726ec74e0a230e346d8497461cca435c84c45828267f0684316b1f185,04f4fe297339eca4402b50ad6c286b18824c9bb91fc2ef1a325e3404544d3916
64,1897,1,envelope,1890,59.0,58.99999999999984,0.002768175007076934,0.00740172500081826,envelope_formula,7.105427357601002e-14,e8dcbc4726ec74e0a230e346d8497461cca435c84c45828267f0684316b1f185,04f4fe297339eca4402b50ad6c286b18824c9bb91fc2ef1a325e3404544d3916
64,1897,2,envelope,1890,59.0,58.99999999999984,0.0029577850073110312,0.007385299002635293,envelope_formula,7.105427357601002e-14,e8dcbc4726ec74e0a230e346d8497461cca435c84c45828267f0684316b1f185,04f4fe297339eca4402b50ad6c286b18824c9bb91fc2ef1a325e3404544d3916
64,1897,3,envelope,1890,59.0,58.99999999999984,0.002743792996625416,0.00739863800117746,envelope_formula,7.105427357601002e-14,e8dcbc4726ec74e0a230e346d8497461cca435c84c45828267f0684316b1f185,04f4fe297339eca4402b50ad6c286b18824c9bb91fc2ef1a325e3404544d3916
64,1897,4,envelope,1890,59.0,58.99999999999984,0.002714860995183699,0.007397352994303219,envelope_formula,7.105427357601002e-14,e8dcbc4726ec74e0a230e346d8497461cca435c84c45828267f0684316b1f185,04f4fe297339eca4402b50ad6c286b18824c9bb91fc2ef1a325e3404544d3916
64,1916,0,envelope,1890,59.0,58.999999999999964,0.0026398329937364906,0.024645081997732632,envelope_formula,5.684341886080802e-14,e8dcbc4726ec74e0a230e346d8497461cca435c84c45828267f0684316b1f185,4a805d9000eb6dbc3dd5750273ccee4fbd93439db15f1a835b46c1ff3c5d9bd3
64,1916,1,envelope,1890,59.0,58.999999999999964,0.003143447989714332,0.024508506001438946,envelope_formula,5.684341886080802e-14,e8dcbc4726ec74e0a230e346d8497461cca435c84c45828267f0684316b1f185,4a805d9000eb6dbc3dd5750273ccee4fbd93439db15f1a835b46c1ff3c5d9bd3
64,1916,2,envelope,1890,59.0,58.999999999999964,0.0026376000023446977,0.024538807003409602,envelope_formula,5.684341886080802e-14,e8dcbc4726ec74e0a230e346d8497461cca435c84c45828267f0684316b1f185,4a805d9000eb6dbc3dd5750273ccee4fbd93439db15f1a835b46c1ff3c5d9bd3
64,1916,3,envelope,1890,59.0,58.999999999999964,0.0026803560031112283,0.024471317999996245,envelope_formula,5.684341886080802e-14,e8dcbc4726ec74e0a230e346d8497461cca435c84c45828267f0684316b1f185,4a805d9000eb6dbc3dd5750273ccee4fbd93439db15f1a835b46c1ff3c5d9bd3
64,1916,4,envelope,1890,59.0,58.999999999999964,0.00271250399237033,0.02446041199436877,envelope_formula,5.684341886080802e-14,e8dcbc4726ec74e0a230e346d8497461cca435c84c45828267f0684316b1f185,4a805d9000eb6dbc3dd5750273ccee4fbd93439db15f1a835b46c1ff3c5d9bd3
64,1936,0,envelope,1920,60.0,59.999999999999886,0.0030777079955441877,0.01567317999433726,envelope_formula,3.552713678800501e-14,2a4be168339ee2e842e500ab7bcd1371464ef27405795e4889622f627e1b74dd,3a63e55545441186e875eaf7246ae3536d7842868332b1df1e30c1a7d29b6cbf
64,1936,1,envelope,1920,60.0,59.999999999999886,0.0027288470009807497,0.015691634005634114,envelope_formula,3.552713678800501e-14,2a4be168339ee2e842e500ab7bcd1371464ef27405795e4889622f627e1b74dd,3a63e55545441186e875eaf7246ae3536d7842868332b1df1e30c1a7d29b6cbf
64,1936,2,envelope,1920,60.0,59.999999999999886,0.002759715003776364,0.015640048004570417,envelope_formula,3.552713678800501e-14,2a4be168339ee2e842e500ab7bcd1371464ef27405795e4889622f627e1b74dd,3a63e55545441186e875eaf7246ae3536d7842868332b1df1e30c1a7d29b6cbf
64,1936,3,envelope,1920,60.0,59.999999999999886,0.0028144190000602975,0.01554606699210126,envelope_formula,3.552713678800501e-14,2a4be168339ee2e842e500ab7bcd1371464ef27405795e4889622f627e1b74dd,3a63e55545441186e875eaf7246ae3536d7842868332b1df1e30c1a7d29b6cbf
64,1936,4,envelope,1920,60.0,59.999999999999886,0.003074762993492186,0.015658983000321314,envelope_formula,3.552713678800501e-14,2a4be168339ee2e842e500ab7bcd1371464ef27405795e4889622f627e1b74dd,3a63e55545441186e875eaf7246ae3536d7842868332b1df1e30c1a7d29b6cbf
64,1956,0,envelope,1953,61.0,60.99999999999991,0.0028422820032574236,0.004818750006961636,envelope_formula,7.105427357601002e-15,057e2a4c1932e7919c4dce7b22b083c581be2d3c0b8f623c7b50250fcc7147d2,5a8e21dac8f67f7f5ba5de667ce268210f8fa857b6e04b04ec15ca42bf68185e
64,1956,1,envelope,1953,61.0,60.99999999999991,0.0029526909929700196,0.004818269997485913,envelope_formula,7.105427357601002e-15,057e2a4c1932e7919c4dce7b22b083c581be2d3c0b8f623c7b50250fcc7147d2,5a8e21dac8f67f7f5ba5de667ce268210f8fa857b6e04b04ec15ca42bf68185e
64,1956,2,envelope,1953,61.0,60.99999999999991,0.0028629910084418952,0.004823258001124486,envelope_formula,7.105427357601002e-15,057e2a4c1932e7919c4dce7b22b083c581be2d3c0b8f623c7b50250fcc7147d2,5a8e21dac8f67f7f5ba5de667ce268210f8fa857b6e04b04ec15ca42bf68185e
64,1956,3,envelope,1953,61.0,60.99999999999991,0.00323115500214044,0.004808928002603352,envelope_formula,7.105427357601002e-15,057e2a4c1932e7919c4dce7b22b083c581be2d3c0b8f623c7b50250fcc7147d2,5a8e21dac8f67f7f5ba5de667ce268210f8fa857b6e04b04ec15ca42bf68185e
64,1956,4,envelope,1953,61.0,60.99999999999991,0.0028249650058569387,0.004823397001018748,envelope_formula,7.105427357601002e-15,057e2a4c1932e7919c4dce7b22b083c581be2d3c0b8f623c7b50250fcc7147d2,5a8e21dac8f67f7f5ba5de667ce268210f8fa857b6e04b04ec15ca42bf68185e
64,1976,0,envelope,1953,61.0,60.99999999999993,0.0028516909951576963,0.022325387006276287,envelope_formula,3.552713678800501e-14,057e2a4c1932e7919c4dce7b22b083c581be2d3c0b8f623c7b50250fcc7147d2,2e0b618c8d185ed25ef99e1ee8c520454dde8d7006deddd57bdbd0451fa3791e
64,1976,1,envelope,1953,61.0,60.99999999999993,0.0029523720004362985,0.022339073999319226,envelope_formula,3.552713678800501e-14,057e2a4c1932e7919c4dce7b22b083c581be2d3c0b8f623c7b50250fcc7147d2,2e0b618c8d185ed25ef99e1ee8c520454dde8d7006deddd57bdbd0451fa3791e
64,1976,2,envelope,1953,61.0,60.99999999999993,0.003128239986835979,0.022344361001159996,envelope_formula,3.552713678800501e-14,057e2a4c1932e7919c4dce7b22b083c581be2d3c0b8f623c7b50250fcc7147d2,2e0b618c8d185ed25ef99e1ee8c520454dde8d7006deddd57bdbd0451fa3791e
64,1976,3,envelope,1953,61.0,60.99999999999993,0.0028193379985168576,0.022339339993777685,envelope_formula,3.552713678800501e-14,057e2a4c1932e7919c4dce7b22b083c581be2d3c0b8f623c7b50250fcc7147d2,2e0b618c8d185ed25ef99e1ee8c520454dde8d7006deddd57bdbd0451fa3791e
64,1976,4,envelope,1953,61.0,60.99999999999993,0.0028309729968896136,0.022335030997055583,envelope_formula,3.552713678800501e-14,057e2a4c1932e7919c4dce7b22b083c581be2d3c0b8f623c7b50250fcc7147d2,2e0b618c8d185ed25ef99e1ee8c520454dde8d7006deddd57bdbd0451fa3791e
64,1995,0,envelope,1984,62.0,61.99999999999995,0.003189492999808863,0.011380380994523875,envelope_formula,2.842170943040401e-14,6f77b66e2e11420ab6c97ae697b269b75671dbe60e6a0a445b8d12ad6ce94fc5,2a330d4b5b48ad85b106d7496c4901cb71af9e5670c30b22bb3605b4cb88202d
64,1995,1,envelope,1984,62.0,61.99999999999995,0.0032862860098248348,0.011397499998565763,envelope_formula,2.842170943040401e-14,6f77b66e2e11420ab6c97ae697b269b75671dbe60e6a0a445b8d12ad6ce94fc5,2a330d4b5b48ad85b106d7496c4901cb71af9e5670c30b22bb3605b4cb88202d
64,1995,2,envelope,1984,62.0,61.99999999999995,0.0030522219894919544,0.011378292998415418,envelope_formula,2.842170943040401e-14,6f77b66e2e11420ab6c97ae697b269b75671dbe60e6a0a445b8d12ad6ce94fc5,2a330d4b5b48ad85b106d7496c4901cb71af9e5670c30b22bb3605b4cb88202d
64,1995,3,envelope,1984,62.0,61.99999999999995,0.0030305879918159917,0.011373638000804931,envelope_formula,2.842170943040401e-14,6f77b66e2e11420ab6c97ae697b269b75671dbe60e6a0a445b8d12ad6ce94fc5,2a330d4b5b48ad85b106d7496c4901cb71af9e5670c30b22bb3605b4cb88202d
64,1995,4,envelope,1984,62.0,61.99999999999995,0.003084290001424961,0.011273003998212516,envelope_formula,2.842170943040401e-14,6f77b66e2e11420ab6c97ae697b269b75671dbe60e6a0a445b8d12ad6ce94fc5,2a330d4b5b48ad85b106d7496c4901cb71af9e5670c30b22bb3605b4cb88202d
64,2015,0,envelope,1984,62.0,62.00000000000002,0.0033728690032148734,0.027134427000419237,envelope_formula,7.105427357601002e-15,6f77b66e2e11420ab6c97ae697b269b75671dbe60e6a0a445b8d12ad6ce94fc5,db46b628b4c2a87068ed07a0cd1437b7243eea059725bad515648be5da113748
64,2015,1,envelope,1984,62.0,62.00000000000002,0.003153919999022037,0.027046622009947896,envelope_formula,7.105427357601002e-15,6f77b66e2e11420ab6c97ae697b269b75671dbe60e6a0a445b8d12ad6ce94fc5,db46b628b4c2a87068ed07a0cd1437b7243eea059725bad515648be5da113748
64,2015,2,envelope,1984,62.0,62.00000000000002,0.0030452520004473627,0.02703650700277649,envelope_formula,7.105427357601002e-15,6f77b66e2e11420ab6c97ae697b269b75671dbe60e6a0a445b8d12ad6ce94fc5,db46b628b4c2a87068ed07a0cd1437b7243eea059725bad515648be5da113748
64,2015,3,envelope,1984,62.0,62.00000000000002,0.0030981400050222874,0.02702092799881939,envelope_formula,7.105427357601002e-15,6f77b66e2e11420ab6c97ae697b269b75671dbe60e6a0a445b8d12ad6ce94fc5,db46b628b4c2a87068ed07a0cd1437b7243eea059725bad515648be5da113748
64,2015,4,envelope,1984,62.0,62.00000000000002,0.003416870007640682,0.02702398700057529,envelope_formula,7.105427357601002e-15,6f77b66e2e11420ab6c97ae697b269b75671dbe60e6a0a445b8d12ad6ce94fc5,db46b628b4c2a87068ed07a0cd1437b7243eea059725bad515648be5da113748
128,128,0,envelope,127,1.0,1.0000000000000002,0.00040126800013240427,0.005644935998134315,envelope_formula,2.9976021664879227e-15,75930eae94e68a4699f96c065c32f3cad73a4f18006c4038276e5c7beb88ccad,33e1541232c57110e9b75e7aada6159221d810fe7361658aeae8386c099e6b2d
128,128,1,envelope,127,1.0,1.0000000000000002,0.0005048700113547966,0.005654442997183651,envelope_formula,2.9976021664879227e-15,75930eae94e68a4699f96c065c32f3cad73a4f18006c4038276e5c7beb88ccad,33e1541232c57110e9b75e7aada6159221d810fe7361658aeae8386c099e6b2d
128,128,2,envelope,127,1.0,1.0000000000000002,0.0003978890017606318,0.005571464993408881,envelope_formula,2.9976021664879227e-15,75930eae94e68a4699f96c065c32f3cad73a4f18006c4038276e5c7beb88ccad,33e1541232c57110e9b75e7aada6159221d810fe7361658aeae8386c099e6b2d
128,128,3,envelope,127,1.0,1.0000000000000002,0.0005044330027885735,0.005510165996383876,envelope_formula,2.9976021664879227e-15,75930eae94e68a4699f96c065c32f3cad73a4f18006c4038276e5c7beb88ccad,33e1541232c57110e9b75e7aada6159221d810fe7361658aeae8386c099e6b2d
128,128,4,envelope,127,1.0,1.0000000000000002,0.0003969899989897385,0.0055128110107034445,envelope_formula,2.9976021664879227e-15,75930eae94e68a4699f96c065c32f3cad73a4f18006c4038276e5c7beb88ccad,33e1541232c57110e9b75e7aada6159221d810fe7361658aeae8386c099e6b2d
128,209,0,envelope,127,1.0,0.9999999999999853,0.000506190990563482,0.0866782119992422,envelope_formula,6.439293542825908e-15,75930eae94e68a4699f96c065c32f3cad73a4f18006c4038276e5c7beb88ccad,8fe3dc733d99e5dbf8ceb065fb940f066b82eacd825c9c60ce0f9d8029d22642
128,209,1,envelope,127,1.0,0.9999999999999853,0.00039422899135388434,0.08649124299699906,envelope_formula,6.439293542825908e-15,75930eae94e68a4699f96c065c32f3cad73a4f18006c4038276e5c7beb88ccad,8fe3dc733d99e5dbf8ceb065fb940f066b82eacd825c9c60ce0f9d8029d22642
128,209,2,envelope,127,1.0,0.9999999999999853,0.0004940649960190058,0.08646731400222052,envelope_formula,6.439293542825908e-15,75930eae94e68a4699f96c065c32f3cad73a4f18006c4038276e5c7beb88ccad,8fe3dc733d99e5dbf8ceb065fb940f066b82eacd825c9c60ce0f9d8029d22642
128,209,3,envelope,127,1.0,0.9999999999999853,0.0003977979940827936,0.08698712100158446,envelope_formula,6.439293542825908e-15,75930eae94e68a4699f96c065c32f3cad73a4f18006c4038276e5c7beb88ccad,8fe3dc733d99e5dbf8ceb065fb940f066b82eacd825c9c60ce0f9d8029d22642
128,209,4,envelope,127,1.0,0.9999999999999853,0.0005025499995099381,0.08682635299919639,envelope_formula,6.439293542825908e-15,75930eae94e68a4699f96c065c32f3cad73a4f18006c4038276e5c7beb88ccad,8fe3dc733d99e5dbf8ceb065fb940f066b82eacd825c9c60ce0f9d8029d22642
128,290,0,envelope,252,2.0,1.9999999999999996,0.000549178002984263,0.043032400993979536,envelope_formula,1.509903313490213e-14,ed2873fe5025f2063af83f6980f87bdcb420b7a3c851b2d6e5bb808f23b85b12,43e509e6f44af9040dd2e86cfe47f0e694dbd2af477100fa9c9fa2f6d10c70b7
128,290,1,envelope,252,2.0,1.9999999999999996,0.0006549559911945835,0.042563973998767324,envelope_formula,1.509903313490213e-14,ed2873fe5025f2063af83f6980f87bdcb420b7a3c851b2d6e5bb808f23b85b12,43e509e6f44af9040dd2e86cfe47f0e694dbd2af477100fa9c9fa2f6d10c70b7
128,290,2,envelope,252,2.0,1.9999999999999996,0.0005439519882202148,0.043071766005596146,envelope_formula,1.509903313490213e-14,ed2873fe5025f2063af83f6980f87bdcb420b7a3c851b2d6e5bb808f23b85b12,43e509e6f44af9040dd2e86cfe47f0e694dbd2af477100fa9c9fa2f6d10c70b7
128,290,3,envelope,252,2.0,1.9999999999999996,0.0006562250055139884,0.04257677000714466,envelope_formula,1.509903313490213e-14,ed2873fe5025f2063af83f6980f87bdcb420b7a3c851b2d6e5bb808f23b85b12,43e509e6f44af9040dd2e86cfe47f0e694dbd2af477100fa9c9fa2f6d10c70b7
128,290,4,envelope,252,2.0,1.9999999999999996,0.0005451210017781705,0.04277825600001961,envelope_formula,1.509903313490213e-14,ed2873fe5025f2063af83f6980f87bdcb420b7a3c851b2d6e5bb808f23b85b12,43e509e6f44af9040dd2e86cfe47f0e694dbd2af477100fa9c9fa2f6d10c70b7
128,370,0,envelope,252,2.0,2.0,0.0005567139887716621,0.12207224700250663,envelope_formula,4.04121180963557e-14,ed2873fe5025f2063af83f6980f87bdcb420b7a3c851b2d6e5bb808f23b85b12,659acd761fba9b07bc6e5931f6ea6150b43ce3e4a592b34535987d00be9a42c0
128,370,1,envelope,252,2.0,2.0,0.0006500669987872243,0.12185520499770064,envelope_formula,4.04121180963557e-14,ed2873fe5025f2063af83f6980f87bdcb420b7a3c851b2d6e5bb808f23b85b12,659acd761fba9b07bc6e5931f6ea6150b43ce3e4a592b34535987d00be9a42c0
128,370,2,envelope,252,2.0,2.0,0.0005524349980987608,0.12181250900903251,envelope_formula,4.04121180963557e-14,ed2873fe5025f2063af83f6980f87bdcb420b7a3c851b2d6e5bb808f23b85b12,659acd761fba9b07bc6e5931f6ea6150b43ce3e4a592b34535987d00be9a42c0
128,370,3,envelope,252,2.0,2.0,0.0006684719992335886,0.12228325400792528,envelope_formula,4.04121180963557e-14,ed2873fe5025f2063af83f6980f87bdcb420b7a3c851b2d6e5bb808f23b85b12,659acd761fba9b07bc6e5931f6ea6150b43ce3e4a592b34535987d00be9a42c0
128,370,4,envelope,252,2.0,2.0,0.0005494310025824234,0.12211440700048115,envelope_formula,4.04121180963557e-14,ed2873fe5025f2063af83f6980f87bdcb420b7a3c851b2d6e5bb808f23b85b12,659acd761fba9b07bc6e5931f6ea6150b43ce3e4a592b34535987d00be9a42c0
128,451,0,envelope,375,3.0,2.9999999999999822,0.0007977310015121475,0.08069614000851288,envelope_formula,8.881784197001252e-16,ea33eea0fca337328e97d66182ce3a4dcefef9dacf485a0eec2a44ca192b74e1,dde9bc817714856f22b736d1be4f3063c80cb57f9e4cd0bb10082d666a0229fa
128,451,1,envelope,375,3.0,2.9999999999999822,0.000702543999068439,0.08032178500434384,envelope_formula,8.881784197001252e-16,ea33eea0fca337328e97d66182ce3a4dcefef9dacf485a0eec2a44ca192b74e1,dde9bc817714856f22b736d1be4f3063c80cb57f9e4cd0bb10082d666a0229fa
128,451,2,envelope,375,3.0,2.9999999999999822,0.0008046930015552789,0.0805336359917419,envelope_formula,8.881784197001252e-16,ea33eea0fca337328e97d66182ce3a4dcefef9dacf485a0eec2a44ca192b74e1,dde9bc817714856f22b736d1be4f3063c80cb57f9e4cd0bb10082d666a0229fa
128,451,3,envelope,375,3.0,2.9999999999999822,0.0006874989921925589,0.08039491799718235,envelope_formula,8.881784197001252e-16,ea33eea0fca337328e97d66182ce3a4dcefef9dacf485a0eec2a44ca192b74e1,dde9bc817714856f22b736d1be4f3063c80cb57f9e4cd0bb10082d666a0229fa
128,451,4,envelope,375,3.0,2.9999999999999822,0.0008038669911911711,0.08048953099932987,envelope_formula,8.881784197001252e-16,ea33eea0fca337328e97d66182ce3a4dcefef9dacf485a0eec2a44ca192b74e1,dde9bc817714856f22b736d1be4f3063c80cb57f9e4cd0bb10082d666a0229fa
128,532,0,cayley,512,3.8219255536111874,3.8845433731898993,0.007715668005403131,0.02687696299108211,character_semidihedral_no_delete,8.881784197001252e-16,ce3794553a8bd9bdae26d5316664125cc12aedcc43ac020293d3920fac49f737,5c93c0d0bc2777101d995488d999f45aa0a9424d6a2214744b7d62845d19df71
128,532,0,envelope,496,4.0,4.000000000000002,0.0009485569898970425,0.04106521299399901,envelope_formula,5.10702591327572e-14,04f53fd71fd8a151816c6cfb15ef3b85a88d3b0d2372fe2e0be7a780f1f9e2ea,4c81b6080c91c06843e37e1c1f9004861a22560a025228c36c85d6744403b500
128,532,1,cayley,512,4.0,4.020654661567551,0.007749148004222661,0.02661135401285719,character_semidihedral_no_delete,1.7763568394002505e-15,2dc8a1fb639ff523dde276d41922f8711e1f1004aaae2ad0638b52dc4c987393,b7ed18a43b1a4f1929f991ab64d618c321cbbac12540f22134376106791b82b1
128,532,1,envelope,496,4.0,4.000000000000002,0.0009575320000294596,0.04074743200908415,envelope_formula,5.10702591327572e-14,04f53fd71fd8a151816c6cfb15ef3b85a88d3b0d2372fe2e0be7a780f1f9e2ea,4c81b6080c91c06843e37e1c1f9004861a22560a025228c36c85d6744403b500
128,532,2,cayley,512,4.0,4.107509857149328,0.007845861997338943,0.026525360997766256,character_semidihedral_no_delete,5.329070518200751e-15,2231c95acf7186b2b728b20876dec7c1de79e6c5f9f3ef1a9eff2199d42308bb,8021133311313b5356515c94ecb4f045eb1425325461b01798cd8d45480a1303
128,532,2,envelope,496,4.0,4.000000000000002,0.0009484569891355932,0.04092909098835662,envelope_formula,5.10702591327572e-14,04f53fd71fd8a151816c6cfb15ef3b85a88d3b0d2372fe2e0be7a780f1f9e2ea,4c81b6080c91c06843e37e1c1f9004861a22560a025228c36c85d6744403b500
128,532,3,cayley,512,4.0,4.074503395786849,0.00784768900484778,0.02668205401278101,character_semidihedral_no_delete,1.0658141036401503e-14,adb1a42108c2beca9d8e41e4d97cd574aaecc54e15ff5c239627ee9aff682d7f,6e78ba4d98afd844b91eb4584573a1f37692f747497b241033920f2b364d490d
128,532,3,envelope,496,4.0,4.000000000000002,0.0009471379889873788,0.04076713901304174,envelope_formula,5.10702591327572e-14,04f53fd71fd8a151816c6cfb15ef3b85a88d3b0d2372fe2e0be7a780f1f9e2ea,4c81b6080c91c06843e37e1c1f9004861a22560a025228c36c85d6744403b500
128,532,4,cayley,512,3.713207900301814,3.7853535251925625,0.007605721999425441,0.026539102997048758,character_semidihedral_no_delete,4.440892098500626e-16,7c9069f90d07b3d89ef0bb359f173ae655bc03ece53945426b90d5c915aa5bca,5339279a311b6c6c33a267c0d6e5bd6d53892eee97499ee647f8e92752f86081
128,532,4,envelope,496,4.0,4.000000000000002,0.0009473810059716925,0.04085979399678763,envelope_formula,5.10702591327572e-14,04f53fd71fd8a151816c6cfb15ef3b85a88d3b0d2372fe2e0be7a780f1f9e2ea,4c81b6080c91c06843e37e1c1f9004861a22560a025228c36c85d6744403b500
128,613,0,cayley,576,4.669191095961269,4.732604372015718,0.008016701001906767,0.04388045899395365,character_semidihedral_no_delete,9.769962616701378e-15,ac2af5511556584282463de7d060ca030537d56fe1c2bd3d3436d75749609513,39e8dfad927a1ac1e34ec077e79aea1701a0425929ed1ebfe90593d1b40bdf04
128,613,0,envelope,496,4.0,4.000000000000002,0.0009494510013610125,0.12081428901001345,envelope_formula,1.1546319456101628e-14,04f53fd71fd8a151816c6cfb15ef3b85a88d3b0d2372fe2e0be7a780f1f9e2ea,bd3e3c65c10a8946dd5545f3127191fda4c0dbaa2ea92325eea2439a0740c514
128,613,1,cayley,576,4.758159417737274,4.847311525024191,0.007884281003498472,0.04411615499702748,character_semidihedral_no_delete,7.993605777301127e-15,90e15eb52b33727307f2cfa62ff214c86869267d51d7a10167c1f7c155254c07,a325722c6d0159d8521adc703ad30a00d6cfe8aee0bd95afe40d0cb1defed5d4
128,613,1,envelope,496,4.0,4.000000000000002,0.000949795008637011,0.12059354200027883,envelope_formula,1.1546319456101628e-14,04f53fd71fd8a151816c6cfb15ef3b85a88d3b0d2372fe2e0be7a780f1f9e2ea,bd3e3c65c10a8946dd5545f3127191fda4c0dbaa2ea92325eea2439a0740c514
128,613,2,cayley,576,4.38995536616329,4.544346786248223,0.007943930002511479,0.04418564299703576,character_semidihedral_no_delete,8.881784197001252e-16,d30c3c6ae75989e7b74583866b7eae227a58dc20a9ee8c25837369d10b387d7f,7aa92e1c588158f1274d2b5b079d76bf87f08827fb64ecb24fddcf2665fb9b43
128,613,2,envelope,496,4.0,4.000000000000002,0.0009856719989329576,0.12103439900965896,envelope_formula,1.1546319456101628e-14,04f53fd71fd8a151816c6cfb15ef3b85a88d3b0d2372fe2e0be7a780f1f9e2ea,bd3e3c65c10a8946dd5545f3127191fda4c0dbaa2ea92325eea2439a0740c514
128,613,3,cayley,576,4.543835579383529,4.676152649161312,0.007899817996076308,0.044332245000987314,character_semidihedral_no_delete,4.440892098500626e-15,f107ae8489545ea753165197a6bceb6a8546d78e784cdbc99d2a0daf456a4114,6caa6548788ce9711db50bb03da55d6f574febb437841be488c2944c52923330
128,613,3,envelope,496,4.0,4.000000000000002,0.0009439169953111559,0.12098303099628538,envelope_formula,1.1546319456101628e-14,04f53fd71fd8a151816c6cfb15ef3b85a88d3b0d2372fe2e0be7a780f1f9e2ea,bd3e3c65c10a8946dd5545f3127191fda4c0dbaa2ea92325eea2439a0740c514
128,613,4,cayley,576,4.616520605269345,4.735895954059824,0.00798748098895885,0.04403169600118417,character_semidihedral_no_delete,3.552713678800501e-15,96b62407200a150d3f431622eec30c245d000892f7ed0706e62b3f249a4181b8,c6abcbeda664759ce358df802f2ca0a53e04ee0aa3fe9f655be1020f73ef3b9c
128,613,4,envelope,496,4.0,4.000000000000002,0.001075481006409973,0.1208950209984323,envelope_formula,1.1546319456101628e-14,04f53fd71fd8a151816c6cfb15ef3b85a88d3b0d2372fe2e0be7a780f1f9e2ea,bd3e3c65c10a8946dd5545f3127191fda4c0dbaa2ea92325eea2439a0740c514
128,694,0,cayley,640,5.198669695198679,5.369533184262124,0.008112807001452893,0.06174107699189335,character_semidihedral_no_delete,1.509903313490213e-14,b0daa3410245836baf30e42da7b8e5852c836b9a4c1a2d79bd94553291574854,2ff97d7a1a5e4b193fa5b51a8016a20020ac3739187600856bf68521854b7941
128,694,0,envelope,615,5.0,4.999999999999994,0.001114105005399324,0.08312816900433972,envelope_formula,7.993605777301127e-15,44c14ee4ee27968625929358a79e043b3d40091ffda4a818731f5ffbefb34742,88340f31af02622d6eedaa09f577b15a6ebe54f46be8872e0e362423f28db3bd
128,694,1,cayley,640,5.111348275085077,5.272883552469432,0.008172599002136849,0.06106482300674543,character_semidihedral_no_delete,4.440892098500626e-15,e38e57bb4671a07d6cac7fca971530168f4283931005e1fafc689a314903ec6a,9aad4d962cd4ba926b12c5e456b06df8f909d1a11aa1084301b123ccc2a62a0a
128,694,1,envelope,615,5.0,4.999999999999994,0.001110979006625712,0.08311490099004004,envelope_formula,7.993605777301127e-15,44c14ee4ee27968625929358a79e043b3d40091ffda4a818731f5ffbefb34742,88340f31af02622d6eedaa09f577b15a6ebe54f46be8872e0e362423f28db3bd
128,694,2,cayley,640,5.703204986358606,5.857712160189362,0.00812481000320986,0.06138848699629307,character_semidihedral_no_delete,7.993605777301127e-15,d9968f647b556ce29ffb083fd540371f568776b3eb12d1cf9e621494503e90fb,0a4efa273a922ac5dd03f1030b7a51def591914dc56030c5245e3af887e76da9
128,694,2,envelope,615,5.0,4.999999999999994,0.0011085279984399676,0.08348608200321905,envelope_formula,7.993605777301127e-15,44c14ee4ee27968625929358a79e043b3d40091ffda4a818731f5ffbefb34742,88340f31af02622d6eedaa09f577b15a6ebe54f46be8872e0e362423f28db3bd
128,694,3,cayley,640,5.374955539663398,5.514219370394402,0.008178351999958977,0.06084225399536081,character_semidihedral_no_delete,7.993605777301127e-15,26338a4fc740625731cbb65a79095344b90fb4429c6d1ad5638f4b9aa952694e,fef9b07791c7967cbcef40b407000ece85fb398a4945cdfafec546752b91f8ed
128,694,3,envelope,615,5.0,4.999999999999994,0.0011402289965189993,0.08321496000280604,envelope_formula,7.993605777301127e-15,44c14ee4ee27968625929358a79e043b3d40091ffda4a818731f5ffbefb34742,88340f31af02622d6eedaa09f577b15a6ebe54f46be8872e0e362423f28db3bd
128,694,4,cayley,640,5.378609022625504,5.5354492813596385,0.00815889099612832,0.06104816100560129,character_semidihedral_no_delete,2.042810365310288e-14,10e8dd25b48fdad98f87e4a58049f20d3bf149573a4425808d2ac821260179be,7922e5aae5816542d069a5055a03080c56b5a33c0cde66a0e6c5264092dfc118
128,694,4,envelope,615,5.0,4.999999999999994,0.0011132080107927322,0.08326217200374231,envelope_formula,7.993605777301127e-15,44c14ee4ee27968625929358a79e043b3d40091ffda4a818731f5ffbefb34742,88340f31af02622d6eedaa09f577b15a6ebe54f46be8872e0e362423f28db3bd
128,774,0,cayley,768,7.227105475305012,7.250187107056988,0.008795510002528317,0.012284469994483516,character_semidihedral_no_delete,6.217248937900877e-15,f6b298a9d0405e2f69f7a2736329c0b9e1eb4b37988f01e797c4dcb0d127008c,2ed81113edf4c86285c1337e38003297d64004901253bb722fb21bdde14e6ff8
128,774,0,envelope,732,6.0,5.999999999999952,0.0012898709974251688,0.04690442900755443,envelope_formula,3.4638958368304884e-14,5e924a44ebb78b8053ad829d1fe64511be4b4652f58fade8642e9571ea2d41b0,912424beba790eb590822b33e3e651d3e66c8e61ec792f13b5d46024f273c111
128,774,1,cayley,768,6.971985397420051,6.999352263289126,0.008740608987864107,0.012446548993466422,character_semidihedral_no_delete,1.7763568394002505e-15,84d004d52b201a5ffaba6c135f9f8b0f8891b3ee7aa6829996d492ea97380583,14edc0558b5cefc1c5b7dc49cf469c27cb57d971101dff001a9745d71d3561d8
128,774,1,envelope,732,6.0,5.999999999999952,0.0013251899945316836,0.04674526800226886,envelope_formula,3.4638958368304884e-14,5e924a44ebb78b8053ad829d1fe64511be4b4652f58fade8642e9571ea2d41b0,912424beba790eb590822b33e3e651d3e66c8e61ec792f13b5d46024f273c111
128,774,2,cayley,768,6.773748140494494,6.803597419452253,0.008609101001638919,0.012501506003900431,character_semidihedral_no_delete,4.440892098500626e-15,1ee61357db08bdb410b7a9f08e3e7c7774772ca4a8757009096b6fcf2881f6cb,c3848507ef029d034e890579680dd84e73a7bd9bbe8f50ac923bba633f47be6d
128,774,2,envelope,732,6.0,5.999999999999952,0.0012765959982061759,0.04687573800038081,envelope_formula,3.4638958368304884e-14,5e924a44ebb78b8053ad829d1fe64511be4b4652f58fade8642e9571ea2d41b0,912424beba790eb590822b33e3e651d3e66c8e61ec792f13b5d46024f273c111
128,774,3,cayley,768,7.1783239742228,7.199780015294161,0.008820430011837743,0.012232002001837827,character_semidihedral_no_delete,1.687538997430238e-14,107dfd4bb56d0eb25df19147344c816c8d293d2a66873f0020f7ebe6870a335a,9b9772036320952602c58fe9e276d612f508bc7f5c869ea6b542958ec6abad10
128,774,3,envelope,732,6.0,5.999999999999952,0.0012813369976356626,0.04673913000442553,envelope_formula,3.4638958368304884e-14,5e924a44ebb78b8053ad829d1fe64511be4b4652f58fade8642e9571ea2d41b0,912424beba790eb590822b33e3e651d3e66c8e61ec792f13b5d46024f273c111
128,774,4,cayley,768,6.773748140494494,6.814989972561094,0.008648520000861026,0.012254594010300934,character_semidihedral_no_delete,1.7763568394002505e-15,dd0cc27c591afb7ab09f84a541473350351e86a803c95873293628f5109ae3bb,35e9936b588116e7f3744de84a106bd0e7ec1a66b0cf9fb4f4e71e295713f8c4
128,774,4,envelope,732,6.0,5.999999999999952,0.0013139710063114762,0.04686538399255369,envelope_formula,3.4638958368304884e-14,5e924a44ebb78b8053ad829d1fe64511be4b4652f58fade8642e9571ea2d41b0,912424beba790eb590822b33e3e651d3e66c8e61ec792f13b5d46024f273c111
128,855,0,cayley,832,8.0,8.026392193610935,0.009033605005242862,0.02984263500547968,character_semidihedral_no_delete,1.0658141036401503e-14,e59b31e638ab89e1ff66a902b58a3a5f7f1d83684fcf4681d1f767b9adf4876c,4a9b35ac959658172496202d2f3db316a44bc06b76f79f425809bb13bc40df88
128,855,0,envelope,847,7.0,6.999999999999977,0.0012310260062804446,0.013269836010294966,envelope_formula,5.861977570020827e-14,1898e0b4d82cc905f8eecdffdcd0ab73eb1e59da8a84f43c2d438984f4f44282,e8ec2b578b4390d70af4f1937daf6f81becd9cadd8c405581ccc6ecb5f084515
128,855,1,cayley,832,7.836972375679908,7.936094626624715,0.008940926010836847,0.02976556000066921,character_semidihedral_no_delete,5.329070518200751e-15,976354bb5f441ec7bf36d3d69dcf04f26a37d20b97d6288f3bc9552f93458a29,16613dcca585d6fc3845d662199ad9df9fdb701ee3eb5292cb4e8a14ac20d1e9
128,855,1,envelope,847,7.0,6.999999999999977,0.001452844007872045,0.013276199999381788,envelope_formula,5.861977570020827e-14,1898e0b4d82cc905f8eecdffdcd0ab73eb1e59da8a84f43c2d438984f4f44282,e8ec2b578b4390d70af4f1937daf6f81becd9cadd8c405581ccc6ecb5f084515
128,855,2,cayley,832,8.0,8.0664775967315,0.009050118998857215,0.029630034012370743,character_semidihedral_no_delete,1.5987211554602254e-14,58fc364b53d0101a5071425cee70fa36c47d0605f42ee14d74cf49b29249618b,f2e3efb5e573a86b6b5659c734794af2a52dbfe7d4c0797f23401121689e732f
128,855,2,envelope,847,7.0,6.999999999999977,0.0016378730069845915,0.01320533300167881,envelope_formula,5.861977570020827e-14,1898e0b4d82cc905f8eecdffdcd0ab73eb1e59da8a84f43c2d438984f4f44282,e8ec2b578b4390d70af4f1937daf6f81becd9cadd8c405581ccc6ecb5f084515
128,855,3,cayley,832,7.896286596057467,8.017650873129117,0.008899403997929767,0.02971038900432177,character_semidihedral_no_delete,5.329070518200751e-15,15ca056521101da8990f0874186ac237abc1ff889b75e93d29b65ae7853ff94f,e64684e02caa0c9ab98bd66e97068542668eaf1996de6901997774d3c55df9fc
128,855,3,envelope,847,7.0,6.999999999999977,0.001221194994286634,0.013237588995252736,envelope_formula,5.861977570020827e-14,1898e0b4d82cc905f8eecdffdcd0ab73eb1e59da8a84f43c2d438984f4f44282,e8ec2b578b4390d70af4f1937daf6f81becd9cadd8c405581ccc6ecb5f084515
128,855,4,cayley,832,7.896286596057467,7.998139286822429,0.008865658994182013,0.02976117799698841,character_semidihedral_no_delete,7.105427357601002e-15,b3e2c480b3ccb4bfa5b14ea14e35273f46c6c06b47fd688688151f0a3b28759f,a0edea5f226deaad257b7abab90b2e2e072428ce9ff58f495ff3dfee1ea98146
128,855,4,envelope,847,7.0,6.999999999999977,0.0012168590037617832,0.013259665996883996,envelope_formula,5.861977570020827e-14,1898e0b4d82cc905f8eecdffdcd0ab73eb1e59da8a84f43c2d438984f4f44282,e8ec2b578b4390d70af4f1937daf6f81becd9cadd8c405581ccc6ecb5f084515
128,936,0,cayley,896,8.886574523555142,8.950129399966453,0.009110223996685818,0.04755783198925201,character_semidihedral_no_delete,1.4210854715202004e-14,b4ab47beebaf5a70988a50dbba90a96ad52111873ea9772848370f595617972f,c70b055b33b81b34c24969990ccd095e910eab71ca21eb9350d7f16b8e976e11
128,936,1,cayley,896,8.012250812530132,8.188343874554981,0.009517963990219869,0.047315143994637765,character_semidihedral_no_delete,3.552713678800501e-15,69ae3670cefd5cb95422a24f4e9a565a5c8834af960fde87b178cf1e9544eb10,a096a735a90c8cfe6bce3f8f6965f0f9ef12936f3a4ebc85e89bd45b9f72efb5
128,936,2,cayley,896,8.22819711883845,8.381590480993282,0.009087127007660456,0.04738603800069541,character_semidihedral_no_delete,3.552713678800501e-15,cd9688ee1150378ed60ef814a9ba83c1e0ba2fab6f1e896d82aeec6d309bae7c,2b63eb158568f6b5e5c0aa00eca84c2635292ba37a4c87edd58834eae4471a96
128,936,3,cayley,896,8.625699477234466,8.754375234342927,0.009263190004276112,0.04755834900424816,character_semidihedral_no_delete,1.7763568394002505e-14,00fe7904bab8301aacc2e20f41c187612919ee9887fffe20f69d2e0040c2cd9e,ed9901b501df22be3097fbe204e9d0d7036cef620c5acdfc6f89cd822345fcb1
128,936,4,cayley,896,8.393096772859142,8.599456181163088,0.009221584987244569,0.04716832400299609,character_semidihedral_no_delete,1.5987211554602254e-14,1786dd157f2180d6ca49fa5da6f5f9d0049337fd15e81b0e988d23bb17aa5d3d,6b86c2be7d371b127f8b7918072869264e14ddc4a6e99bdecf55abb671c6caf3
128,1017,0,cayley,960,9.614835192865495,9.80216336652402,0.009439519999432378,0.06430842701229267,character_semidihedral_no_delete,2.1316282072803006e-14,380a531147c317498146c430f5c4b2963e0a40e0be0fdb80e35f8dd2e80e717e,68e729dbf24484651972053936c3333481a49cba68f3bdb4646887b6ad5f2d1a
128,1017,1,cayley,960,9.6163917816699,9.790962409105198,0.009539691003737971,0.06417930500174407,character_semidihedral_no_delete,0.0,1ec87bffea80d98bc1cf722bf628ad414de36d3b82a0ad6d82704a9e4c017ec0,850f67335419e7efde41d6edaf38d71fcb520ac69e6e04a9b7577364a525b72b
128,1017,2,cayley,960,9.569964882780354,9.841503435124359,0.009863414001301862,0.06461091399251018,character_semidihedral_no_delete,1.2434497875801753e-14,e702f50b4fc7218194064ccc0bcb677b6349b45786cf8a8b035ebe71115e7331,53bc1427294eac58001e61d6116cc011abac89589415baae3fbcbce05a578282
128,1017,3,cayley,960,9.415746707959975,9.646936002863718,0.00937338599760551,0.06444619799731299,character_semidihedral_no_delete,1.2434497875801753e-14,41abaf246e783c79e3b6cdab7a1f7682a348455ea4b2219c1801341a38ce4200,317cf5255b81272302f570a6ff65ca8024e78fc5aa52f10bdda19896d77a7455
128,1017,4,cayley,960,9.298418166906563,9.451603147653127,0.009575067000696436,0.06434876800631173,character_semidihedral_no_delete,5.329070518200751e-15,00b19c67f2cf52e8cf7277978f9b661ee32c11066e0c3f7bfbcd476e19153376,53c742851f148a2d34e1c9ca2796184933f10b5840546457f3b599d914870807
128,1098,0,cayley,1088,11.297897652801053,11.33713911764378,0.009708283003419638,0.017130888998508453,character_semidihedral_no_delete,3.552713678800501e-15,f194e9d8754333e9e9365d3822a8378c00ddf5d3dac5790d4ed9d2baca5a2e0e,a8e62ea8d94b190d930e939f9891bf886c0fd2765549b29392c561088271aefd
128,1098,1,cayley,1088,11.088337021606426,11.13184520987079,0.009947936006938107,0.016894505999516696,character_semidihedral_no_delete,1.9539925233402755e-14,f6bc9a94b471a4b0eaa891bc1cad4f7f07bba607f3548632bebaa98eb73c515a,6b9724971c3bfc7a0259c7d867f57c29a4bd37cef79095c2f219c02c614a617d
128,1098,2,cayley,1088,11.156949993848492,11.19239873530691,0.009759124004631303,0.017077301992685534,character_semidihedral_no_delete,1.7763568394002505e-15,a461d655c21fbfde39113d6680e6131708b4b449aecf6bba67e4f49cf1c74c94,010cfabb119e280b2acf80859067ba419b30015479e2295d75e2fb9f268ce50e
128,1098,3,cayley,1088,11.525946287674547,11.550259572143645,0.00975699299306143,0.01701136700285133,character_semidihedral_no_delete,2.1316282072803006e-14,5bc684783c8922067f684f865281db393cbc6246fb0a71ad97366bf20d332b82,0c3c79c260b6ce092254ae5436c59fbab840830d3db965e4cdd6a818a664157c
128,1098,4,cayley,1088,11.007279569174376,11.042683823370126,0.009811084004468285,0.01714116100629326,character_semidihedral_no_delete,5.329070518200751e-15,f7eabf952dcb86a4f4db9a885022026890cf00921a535fb34182bbcec400c982,bcfcd1269c11c2cf92543d965a7f22403a43b35a654b1eb7dc70a857360b7fed
128,1178,0,cayley,1152,11.763034535134267,11.902118030086601,0.009922274010023102,0.03333150100661442,character_semidihedral_no_delete,1.7763568394002505e-14,c6fd609f356fd5334e7df54203af32b0b9f0d08b97dc3f1d78ce7804511dbb8a,9d779f21e94515f0c791b2a378dd522325eac7d6f93a8ddf74fa1d991b0aca53
128,1178,1,cayley,1152,12.0,12.136282545999261,0.010025677009252831,0.03332555899396539,character_semidihedral_no_delete,8.881784197001252e-15,f0c846677bbae3ba29dd4830020e68c7893fd4f51a923025b0de21bf9c83fd10,af8d3230dd80b5ca996761daea8c5e333b7011608d00f6f00df9d12b29ab9f04
128,1178,2,cayley,1152,12.0,12.132417270860412,0.010069386000395752,0.03344283500337042,character_semidihedral_no_delete,7.105427357601002e-15,407e35b103c6b74bcfe02fd631ab0e22db9cd1b04adb330ce48cd9e678f85460,44a80212149975f2663e5a66f2b16b9f26a0592189256170e1d6f83909dbe377
128,1178,3,cayley,1152,11.901159665815834,12.026736556435278,0.010083474000566639,0.033431727992137894,character_semidihedral_no_delete,1.4210854715202004e-14,f4ebc3b39496658a1a399d7894c522e0afe9d5d06dedfd085d03c717a7105598,6437ca119f59711e5dfe90adc198463a4637fdde9ed239355e647eea9a8c6c8d
128,1178,4,cayley,1152,12.0,12.08840830745336,0.00993152598675806,0.033547561994055286,character_semidihedral_no_delete,5.329070518200751e-15,9c66dc85287a1ff09efdafb946e8de0a1fc725152048b0f87bdb0556a0a37766,203ed905c0641c5feb8afb294f1bbe3549656f0b6a67dad06101f9db78c077b7
128,1259,0,cayley,1216,13.016614587215754,13.236494521291338,0.010454909992404282,0.050876993002020754,character_semidihedral_no_delete,5.329070518200751e-15,797d10a1b0f4bcb3e17d7296e0012bf7f0d720eb1edc5858f016b72ce5fc2284,009c37f8492d75807f37cd585e065ce330222b5ec10e79e380ccf75e2c54384c
128,1259,1,cayley,1216,12.884063470771716,12.989578113500169,0.010633500991389155,0.05106229199736845,character_semidihedral_no_delete,1.2434497875801753e-14,5baa4d0596b35f7ae7f3c6d03e09209f2dcb720d903b4a907cd6e77eb45b0574,50021fc9393f600a450bc5df13fafc3600398f20d3072286a1d014f84e9f0494
128,1259,2,cayley,1216,12.80468205557015,13.00745533685998,0.010505383994313888,0.05086103100620676,character_semidihedral_no_delete,5.329070518200751e-15,305693f5083c62bed8e3ad340a0d992049522634ef0fd6c9257ad279260f07f2,44fd992743af7d61e2a085288a3aa973c87674365b792ea3744f1a9ae2cc0fcc
128,1259,3,cayley,1216,12.89644234691501,13.008064812925566,0.01048304898722563,0.05086026500794105,character_semidihedral_no_delete,3.552713678800501e-15,8ed944363398447082a8ab9702ec83818fc662434c78e8ad0bdae19dbcdd736d,4f38f58b2d926321106fc45cf2dab343105d7d33513609c815078ca71f56efdc
128,1259,4,cayley,1216,12.865604698005402,13.029005270158997,0.010517277987673879,0.051010747003601864,character_semidihedral_no_delete,1.9539925233402755e-14,84f781315ba53a3b27378dcc8ddb9f0f5e1d5ec26a282338c984743a722c3fd7,ee454df5e50eaf3a223e10c2977d5dc89268a9d9c2804ca13c1a45d0928d43c8
128,1340,0,cayley,1280,13.83996429728005,14.088554243566392,0.010896560997935012,0.06794524400902446,character_semidihedral_no_delete,2.1316282072803006e-14,a09fb80334f37da320112d7534a31c9aaee3c9f6e7ff27181481593b9ef7b13b,0137baeb3c07adf24f91824f5e9e5256bd126f41de7b7d0d31ad3f6b4009f4a3
128,1340,1,cayley,1280,14.34314575050762,14.505352182318859,0.01065841100353282,0.06813984199834522,character_semidihedral_no_delete,5.329070518200751e-15,4f3a03cbee8cdb581458699376131f3a778e81b3ac0ab1e138c10be2f0e99d9b,daa16c1e1af429937cca56a9f3642f363275c96f4858392ce0635d19ff0a2bcc
128,1340,2,cayley,1280,14.113195943833382,14.363354423339455,0.010790328000439331,0.06801922500017099,character_semidihedral_no_delete,2.1316282072803006e-14,326c72c260782753cb3adbb5480c0c8bd78c223d262cdb940bf6a7444014e847,72e6b8949897f04b76768323ad903966c2d5242aa73d31845ca7aaff9b32ed4b
128,1340,3,cayley,1280,14.100435612629417,14.288746687677433,0.010695803008275107,0.06799680399126373,character_semidihedral_no_delete,4.796163466380676e-14,7574705e8bc9ef51660083601ebcb491009c6ffd035aff078ced921c40345ec2,28cb2303ae9c8361b4b8661ddc9c2cf5b709d620e3133e49b50fba1fa58ddbbc
128,1340,4,cayley,1280,14.186062718585752,14.319379236914825,0.011045238003134727,0.06809757299197372,character_semidihedral_no_delete,1.7763568394002505e-14,6ac639bbbbdc6372e6a4a662e15d72ee0afb430e32afa00330109d710049d72e,e5f9913cd435f72b714d9f543fa08e99ca78a5d94903e3962c1a10bb8f8c3e83
128,1421,0,cayley,1408,16.059416594584167,16.102096760271255,0.01120244400226511,0.02070750799612142,character_semidihedral_no_delete,3.552713678800501e-15,a658854e6cab02f33b027893c0bd401bda5cefe8b200bb93a9873e28010c8c51,4a40edf7094163321988193699a1f95259bc6dc85ff8dfe9c5d4119aed1f88fc
128,1421,1,cayley,1408,15.67544467966324,15.749815810510778,0.011451961006969213,0.02087572601158172,character_semidihedral_no_delete,3.552713678800501e-15,dde95b7081e9a70042dcb89a8bc54530481fc083f3667b6e0c4dcb160231eca3,d419802ac0fa1642605f1de03c459c3a6f37bc0a77c6a2831c7ae18e51a36e1c
128,1421,2,cayley,1408,16.189372861309472,16.244598023833962,0.011224706991924904,0.020753408010932617,character_semidihedral_no_delete,1.4210854715202004e-14,ce2ab55f64dc0bd20d68aa30002d893584af9afbd5f7d27b4df7a6884134b4e2,57a3b2f2fb686d84029004812ec8e869871a954a4203108115408a3e07d80490
128,1421,3,cayley,1408,15.67544467966324,15.737257459920524,0.011206171999219805,0.02092705799441319,character_semidihedral_no_delete,2.842170943040401e-14,8ea43826a9b95e90faf62b7218a72ed22a6d093683e81a9689a3d2696346666c,d5c6b8a6788e6b3c43eeb82bc80450a1d492f979269c71c24719613ac5b98f14
128,1421,4,cayley,1408,15.72010826443179,15.7688809072746,0.011183612994500436,0.02077760800602846,character_semidihedral_no_delete,7.105427357601002e-15,a8544660c48831d57079751b94e7be9df06ece378b45123076797efb518a160f,2d83585952307c5e245b6ac60ec7814615bb0489c163ebbcf8231f9f3aedf9d8
128,1502,0,cayley,1472,16.91723746970178,17.026765117894538,0.011590932990657166,0.038195137996808626,character_semidihedral_no_delete,1.7763568394002505e-14,7ad5f2db8ee8674c4b56cae6b294498f50a44f270ea513430a929f1594911bc5,4ad745c9366fa4a8e0192f199abc5adc18065639beb78cf86029e78dc3a03ca8
128,1502,1,cayley,1472,16.483758552821968,16.595215740191637,0.011445883006672375,0.038249021003139205,character_semidihedral_no_delete,7.105427357601002e-15,28d2c89a01a2f2e699504650dca54fd3dd1272d423266ecb9af960ac48bb1b37,60c983e04663e24e671571fe6816c283fbab5164bbade14e58675232412ad896
128,1502,2,cayley,1472,16.3914555045489,16.524974036707707,0.011467896998510696,0.038067788002081215,character_semidihedral_no_delete,3.197442310920451e-14,7a981e3dc38968285dd946981b2adf0a468c604b510918910cc94132ad7b32ac,2ab64e472f29401f3336cabec2eeb99ec273e18e8d688ceee13910e4099f5d66
128,1502,3,cayley,1472,16.54072070193145,16.656445939709688,0.011484008995466866,0.03807734699512366,character_semidihedral_no_delete,1.7763568394002505e-14,ccd41ad228676a42e0a5ceba825d5d92004e4cff22f9dac1719f7c244e2f74b4,d653475efe83b09823b460083fd781d289634694c2459f02922e49da5de156af
128,1502,4,cayley,1472,16.29179606750063,16.460422958681615,0.011417153000365943,0.03803727601189166,character_semidihedral_no_delete,2.4868995751603507e-14,09aee09d1b7aa52886f97c699b6e1b6df09b81b0bc378e64f625e2b31923d0a5,d73571996c91905966d3c166cefcf00d6b66b91545752dba185a8e8f05746b30
128,1582,0,cayley,1536,17.61281141698888,17.831053167032803,0.01166721100162249,0.05470735699054785,character_semidihedral_no_delete,1.0658141036401503e-14,3fdf5726d44f0758a09f098828e14f0adaeda6b68980c2216c7236a3d51e629d,5c35311246117f639d562e0b90fe33cd5fb407ff73e477a977eb218cc8709bc3
128,1582,1,cayley,1536,17.438053303698098,17.690158325427795,0.01164457100094296,0.05406295300053898,character_semidihedral_no_delete,3.197442310920451e-14,5c1b430c2348cc8c0303db85e59502f0d3b5c601ca4db768b401603b12a92a70,df24a0c4a64373ad6f146b58f9c490294def985c1d76af93a8af582f67a997ec
128,1582,2,cayley,1536,18.04901574843513,18.207420229894243,0.01165622699772939,0.05441022900049575,character_semidihedral_no_delete,1.4210854715202004e-14,44915363d2a33b1d71702c4c4052ead8429416a00b8412a4ae16194164600daf,080b7a5a6467f9a8e007dcee1b3f6eb467faa17da58cdb9985f7dff293873f52
128,1582,3,cayley,1536,17.273485366869117,17.52267960638537,0.011659470008453354,0.05453378800302744,character_semidihedral_no_delete,1.0658141036401503e-14,1cfc58f53fe18143212e9445b2fc619c62959a6a3f1d3e59b4cbe043652431e3,ff71d40bdf1d9042d0997a3e7a8f43175bf810b29cfc6a38e6bad462afb5fba2
128,1582,4,cayley,1536,17.806945209380444,17.988279466923018,0.011631371002295054,0.05427761300234124,character_semidihedral_no_delete,2.1316282072803006e-14,6284e7994f521a89acb5cff9914a86a567c01f86498cd59d54b42e9ef8a44ee6,d71e8f1574441cb088fc9d4d2c273def2b10f8e563bdc77f109e47ff6027a87b
128,1663,0,cayley,1600,18.72099681003705,18.91153693561555,0.01197605200286489,0.07161553399055265,character_semidihedral_no_delete,1.0658141036401503e-14,38c55f031ff4ca6b1b57b8a8afc2e1976db97fbac3cf657493df01e4d5ff9e9c,e04418367418c47bf4804e453aa317c7f42797ee17582860139ec5ddd5f7b8cc
128,1663,1,cayley,1600,18.105634936088933,18.418871438696407,0.011880605001351796,0.07169921300373971,character_semidihedral_no_delete,3.552713678800501e-15,2a7f63cdb378d6728d4e577a32ac4251d7a0598c608aa175bfc8857b72fd22e1,caac08e96644713582624ae7b943be494f7c3e052c55c6f072946e57ccdeb801
128,1663,2,cayley,1600,18.59687576256715,18.80492438914241,0.011851836010464467,0.07203099899925292,character_semidihedral_no_delete,7.105427357601002e-15,4f6dae2b06cf0198f0888d2c037378e9ee9bad5a6e433b574fc3e67ddbaf22a1,5d0fa8d16d692fba02e50f4da4487d3831d0b912bfd7fdbc4574fabb6c857c87
128,1663,3,cayley,1600,18.833278839540355,19.006338618053906,0.011968681996222585,0.07173225498991087,character_semidihedral_no_delete,3.552713678800501e-15,6dd58cb2636b07426cbc8073525cdf7c9ab40c94944512b57164c8656756c5da,f73fae6abfd6bbce23309f19a3b7f1355aecc89ba2c9d6e56ea643b86ba52c2d
128,1663,4,cayley,1600,18.319272338689636,18.548340071798734,0.01193538898951374,0.07181341700197663,character_semidihedral_no_delete,3.552713678800501e-15,67a896ff983767ec4599ddfc4c957cd2c89bfa6b7c9c2a2db74d87667ea577d1,ceef2f987e16d5c6c0d46d3d8f86ff9c4fb06bd72758120ea084a80053abf6cf
128,1744,0,cayley,1728,20.66626915292634,20.726352959713864,0.01239359300234355,0.024477507002302445,character_semidihedral_no_delete,2.1316282072803006e-14,3fbfa1d0d6a80dbe336a3cb8b75d20da7085f7011e971e9e5fec7efdeccc5f70,a7d53c47585944261cad63d87c9ebd73af19bdd63575c58a95e24fded48e7305
128,1744,1,cayley,1728,20.315307571926947,20.389320186386925,0.012292148996493779,0.02453012300247792,character_semidihedral_no_delete,2.842170943040401e-14,ad841ccd7a6b936522becf3effff0b1db099ca69c743d1220116969e5760082a,e0dc967f63eec9e7d144ae26f34e96f728f6feb20c2999cd2b89b05a11b2b055
128,1744,2,cayley,1728,20.352288081086808,20.451086886885186,0.012361250002868474,0.024403784002061002,character_semidihedral_no_delete,2.4868995751603507e-14,ca4a43f63a6cba7b510b6bbb333b64972b967556ca99e84bb23f221337caeecb,cb3eabc1797069513b6209d81a0cfbf0254e2d55be4a69b479f6e6f180926f53
128,1744,3,cayley,1728,20.25530508429076,20.35334215629728,0.012235248999786563,0.0244570500071859,character_semidihedral_no_delete,1.4210854715202004e-14,479466ec5547a7068cecdfaf9eeb6f9536f5e855247cd17257d92d3689b470ab,4bdec877575b44e7d82b601af830e44132bd13ad2521b865a94eef4ede2830c6
128,1744,4,cayley,1728,20.362110312919473,20.440696459163014,0.012334983999608085,0.02444741399085615,character_semidihedral_no_delete,7.105427357601002e-15,45c8e7f2b2b1c0f064e46bf9ba46e5b44cb1030397c2906fcb820a962699a33f,d1dba61de0d855922dc87b4b573617130a679f65e01a11c9e088d8c7e9a66a8e
128,1825,0,cayley,1792,21.194869812905054,21.33069302805486,0.012472958012949675,0.04177246100152843,character_semidihedral_no_delete,2.4868995751603507e-14,511fe4790c037e3936ca13833611288bfdca38abc9cac6030babaae0cd4f6e00,34986d54ba4ec483d335eea3cee0b239710ca1f4f114a028a5e1b201d68e2f94
128,1825,1,cayley,1792,21.82508478889657,21.92151819665002,0.012396213001920842,0.041664004005724564,character_semidihedral_no_delete,4.618527782440651e-14,53bc999432bea07a7b4d2c4acbe527b8a181e609293f30e2e9e7d14658394c57,1eee2f797d271b478fae99b73cf00eb47c43c74877f75905a759e691e252f8f7
128,1825,2,cayley,1792,21.584650719108648,21.696937407269097,0.012554996996186674,0.04158861700852867,character_semidihedral_no_delete,1.7763568394002505e-14,f013980e9495713e71613fe2acfbd2737b95be2be6afa9a765fbd356b64641e9,b5d440fc6919711f8395ed7c769c43966101fd0b3917e9b2feb416286cf15c7f
128,1825,3,cayley,1792,21.147521815159852,21.270579852399873,0.012336561005213298,0.04154895698593464,character_semidihedral_no_delete,3.552713678800501e-15,9d73ad6655ff68443a550a89263ec87cfc92ecca87979fbd375c1085c03bf7f2,170cb35ef16ec52d5f9f0b6579fb8131076ff792da3c5304839f2e01f60341b0
128,1825,4,cayley,1792,21.204010256996668,21.362020859517635,0.012391313997795805,0.041622903998359106,character_semidihedral_no_delete,2.1316282072803006e-14,e75f7091a1362c981a69e53f37072f074e7a73716b4ded378a5bc3f64f7b68a8,0c860e8430e1690bf1623fe03fbaa49b657075952319f32bfd2bf0b3f87cfd1d
128,1906,0,cayley,1856,22.0,22.29503232859811,0.012880077993031591,0.05863666800723877,character_semidihedral_no_delete,2.1316282072803006e-14,c7598b5ecbc7ec97d233a9de33c0d1a3ba2ddbb5c3e3368964b2b3cc8463ee68,c403e2876cf3baf1539069c9facb8febfd4645cbfe591a78fa85043e6ad7cce9
128,1906,1,cayley,1856,22.169417722514986,22.38563657825776,0.012817055991035886,0.058799225007533096,character_semidihedral_no_delete,2.1316282072803006e-14,92a13adbae05ef537f828b5a7f92aa93dc555b4e253a91e65bde3bf59c1d4b7f,e15bcc131e9f37ed9217c78a82dc6c7ac18b7c974d611e5b152a7a2c2f23803f
128,1906,2,cayley,1856,22.503116954417536,22.77944897048164,0.012674335011979565,0.05923876400629524,character_semidihedral_no_delete,2.1316282072803006e-14,56487b03cf4102ea8e4e7d7b05f2cd73795c1798d2be14c790926dda1b8ec7ab,9455019112e363764f7ba4723c01727f8eaf2775c1dfce0a8cf0d1d721984f1a
128,1906,3,cayley,1856,22.18749984653492,22.47687187959275,0.012673761011683382,0.059021702996687964,character_semidihedral_no_delete,1.0658141036401503e-14,b52b714aad177382863e9fbf3ca5cec1ac20bc1e95993c9a7fc16b8f58acca0b,48ea72c40ec22725b0ca7ae8543cc05d87d5956e59b514935b8c8f8f61f2019a
128,1906,4,cayley,1856,22.068122967411583,22.28014371763731,0.013184327006456442,0.05966866499511525,character_semidihedral_no_delete,7.105427357601002e-15,fc24e6f5f3c2cdefc04d61d9ee9d134683a6c79b335bfcbfe4c712da2f3e22dd,52fbd24491c8d97e5fa62180896e4ecf50add77d8f200744057750ca557e0741
128,1986,0,cayley,1984,24.049193679940092,24.049717698615616,0.013363058998947963,0.011003334002452902,character_semidihedral_no_delete,7.105427357601002e-15,dea18092c99a724643e4472b34247deb2a814031ed750aa669d27ad4d1f6ff82,5465210866b75b336bf11d68e1d7fcbadc8c4bbd3b8821578ccad789eaa9c5b8
128,1986,1,cayley,1984,24.0,24.021623172051093,0.013261524989502504,0.01074572499783244,character_semidihedral_no_delete,1.7763568394002505e-14,f7916c36ed351ec99d28f8539ef47990e73de1e421081b2a87c7ebf8791c93b6,82ca26c62fe7eea89712e0b3d01803dcabf812346ec3c30f6bd04c439318e4a2
128,1986,2,cayley,1984,24.0,24.020880186903725,0.013123394004651345,0.010840508999535814,character_semidihedral_no_delete,3.552713678800501e-15,0d9450eb2318dff08d7f1a7d4e32b733822688a16de667cad581a236db869d61,5611e58c60534f15a7ce54ffbfbc4681930da6a37207ee6e8dc006a21b55d68f
128,1986,3,cayley,1984,24.29179606750063,24.29994568685801,0.013332519985851832,0.010852946012164466,character_semidihedral_no_delete,3.552713678800501e-15,f8c227dd2288cb581c0d5eabcb5a714bd2e61ee4e91c2187112e6ce9be798c05,ac3151ab2d4114a9992a52e5559ed47062e9bb5c2a86f337403255367092a4cc
128,1986,4,cayley,1984,24.278806616659054,24.281377798965494,0.013058663011179306,0.010815334011567757,character_semidihedral_no_delete,7.105427357601002e-15,a273773a89bc1b51890f5b7f2f62ee0b13d5eb7c6833bface0a6242b3f4e72fd,4c0ccf85caa646160a1adb1dbfe4fa40467fa956a32cf879b4c882e82a0f0525
128,2067,0,cayley,2048,25.416292064424965,25.497138383050533,0.013164154996047728,0.024318398005561903,character_semidihedral_no_delete,2.842170943040401e-14,9eff0782073e657f4a214359994b79023df8de5db5338b41369de5acec43e96a,49fac43ac85733c971833fba72032b4af095ed24f76cbe2c6c60b13af9ac80f4
128,2067,1,cayley,2048,25.303691824026878,25.429027869861557,0.013066890998743474,0.02420138899469748,character_semidihedral_no_delete,7.105427357601002e-15,5e5ba34acc15efd2f1321fad219fc23fdb98aa099c96e02c650f04758cb22cab,1a6528aae6dbe2ecf67061ceb8e89d187f1bc70e128f6e3035b77852398cdb31
128,2067,2,cayley,2048,25.037725477044155,25.13152740727552,0.013081601005978882,0.024221177998697385,character_semidihedral_no_delete,1.7763568394002505e-14,38027ccedf72874aea1784176e60e7f5de5683c4754ada0d1e7439290f71975b,3274cbe76437b6d62ffa6b6265c3a9ee4b79010b53839d4ec4d2beed0607a897
128,2067,3,cayley,2048,25.67544467966324,25.74004194257226,0.01296389100025408,0.024191019998397678,character_semidihedral_no_delete,1.0658141036401503e-14,dbf57b36ff52736a799a12ce2cb9e632c457ef92faf41e84dbac48554bf2ae29,810beb8de5ebc92b83f1826b0882ef523bfecc8c9964e2152e92b64874c2391e
128,2067,4,cayley,2048,25.022047591809795,25.13516080460255,0.013324642000952736,0.024272265000035986,character_semidihedral_no_delete,7.105427357601002e-15,4d3f026720787b8020634b39009d4ac841c296dc9ec7ec1af2cbcf365898f07f,daaa81edd32b8912792fad551942d7aa7ca3688978112d9a14073a4a240761d6
128,2148,0,cayley,2112,26.442713086328585,26.59606333355417,0.013525439004297368,0.04148848399927374,character_semidihedral_no_delete,5.3290705182007514e-14,8a08cc1769149d1cba893cbb7f2bec76c629110384c4fd67016eb6574b00f7fe,fafb3e44c9486c480f33d5afe3fd0690ca49e2c9f0d28fe96432e4e3c9d14e48
128,2148,1,cayley,2112,26.049193679940092,26.229788378901098,0.013555663012084551,0.04166464299487416,character_semidihedral_no_delete,1.0658141036401503e-14,79bd3698db0702e83c505e7c6ff02961e75890fe4345aae90f893326300697b7,beb7d732b3f4f9eab85277e9875862e6fe12d19f83677a2220c2cfa3ab135c6f
128,2148,2,cayley,2112,26.658653541229004,26.875064160197695,0.013518245003069751,0.04147579299751669,character_semidihedral_no_delete,3.907985046680551e-14,97edd4d8d3d311538aca5de9a9338747b35d8a4c6e619886ccf89a6c7a043ab7,9447b13142b6fbbbc4c3b745cc7537593d542514ac7b0f80ea9e2a4ae9be53ce
128,2148,3,cayley,2112,26.62193136252112,26.776648001857282,0.013475115003529936,0.041328817009343766,character_semidihedral_no_delete,7.460698725481052e-14,98145859e02b0ec964f50466bc91d6be7b019a9d29c5cb970262eb9525e3359f,80521386c525afee96297b997ac47076e2ed68b5dc68b3c0725afae2eba9bd02
128,2148,4,cayley,2112,26.266323567123386,26.462209303554694,0.013610287001938559,0.0414454609999666,character_semidihedral_no_delete,3.552713678800501e-14,e02fa48f4b340e0ff1c1a6719de2fc1578653209b432e4297272b9f01b18f62c,cc12ced74eb4523ea7e81912404147d811332b1aa74eedaa873ecb3c3fc719d4
128,2229,0,cayley,2176,27.267981373476793,27.515669882400182,0.013774941995507106,0.058119160996284336,character_semidihedral_no_delete,0.0,e38f9d364692404d0cc78a0ddfe14a23a4615e92a5f1f05f43419893ea285c9b,806db6fd8bc93e6886b5132d571c3e8e3dbe30dc8c87812840df805d94fcc45d
128,2229,1,cayley,2176,27.285491247705806,27.559159107623202,0.013681098003871739,0.05871319299330935,character_semidihedral_no_delete,1.0658141036401503e-14,f1afb14b4eb7b55e7a76e1bdc32e4e263ba0d8b02fc5392fa48b6b4b0a923075,8b89bc9f6b63e68638a11ec5d3f0089c22f99a5ea0edc960f861751c5858d069
128,2229,2,cayley,2176,27.75116886853368,28.055765177540216,0.013787777003017254,0.05820504100120161,character_semidihedral_no_delete,1.7763568394002505e-14,d361811636e068712502c3032a42c9f59cb9a57be72341ad7c579e5033ae9baa,d63b0acdf02c83e995d61a2cfd0df395cb94c1fc287eebfed0f3bd374c5dbb3e
128,2229,3,cayley,2176,27.253083214772616,27.479121322085767,0.013934318005340174,0.058776863996172324,character_semidihedral_no_delete,0.0,77eba23c8e715dcf1a46d9ed6deee5368c86005843eff75c84110980c9234e50,fb38a7ac4ba10850fed395241afcb27bbc69a3c8952fa18a3df65e9abf0b0f55
128,2229,4,cayley,2176,27.121503907176745,27.427476044847012,0.013880643004085869,0.058466531001613475,character_semidihedral_no_delete,1.4210854715202004e-14,902a2fad42cd58bb411d55ec6ec49d61c57c400a8fe16ce334bcf266813aa88d,85f2ce4e888ccab40b9adb6d5b84c805fada52d7fceb9aa534f64ee082094cb8
128,2310,0,cayley,2304,29.41607705339914,29.422706458945214,0.01422350900247693,0.011133911000797525,character_semidihedral_no_delete,1.0658141036401503e-14,2ed5f4860fe11efd037f84a532e76676a3e22dc796f9113c1962e70a147fa3ec,b687e21c9d836ffb94ebbd4a166b4fe5567ae7b47dcdb115fd79548f3c9d2b11
128,2310,1,cayley,2304,29.314557276729513,29.351444497650938,0.014289822996943258,0.011136542001622729,character_semidihedral_no_delete,2.1316282072803006e-14,2073fcf11697b4cdbaf2cfad87cb0bf3b7ce07486f5cdbf23bdfda7c85d66ba1,602fcec6b005d6a21d1c29bcbf3cc0d9150289ec45f6c62098359e327f25bf06
128,2310,2,cayley,2304,30.01216424209876,30.0150196589991,0.01429907999408897,0.011215196005650796,character_semidihedral_no_delete,0.0,b7c48c929547c94add937e3835c749c18b1ac234168d9a48d7154a648d5e676e,a13f8cd44d4295bfda1ad6daacc1737230fff9d8a8a9472308ab9c54f840f5a0
128,2310,3,cayley,2304,29.284840208842176,29.296168766882218,0.014447913999902084,0.01119112700689584,character_semidihedral_no_delete,1.4210854715202004e-14,436250b123fcf958501922b57ab32f7cfc3eb80371932edb1431c514a8183511,db363dd93fc9934750346a49a6bbe7153f955afe2fc212ffbc12b77efbf65d0c
128,2310,4,cayley,2304,29.11429469196405,29.130235341898633,0.014519600008497946,0.011466308002127334,character_semidihedral_no_delete,7.105427357601002e-15,a2412b76ecd376422ec00c55de6644f04bddaf7667fa683adb5fcbc1bd1442c5,7a351d16c1df552ca64bbdb3d7f54ed896628445da4de1c88b718925251a171a
128,2390,0,cayley,2368,30.66626915292634,30.78603767986793,0.014477921999059618,0.027252696003415622,character_semidihedral_no_delete,4.973799150320701e-14,ba13f5b6632ef0eef68fd539174d12ada88b8c41aad245fe5f0f3b570f7003a8,c8e85ad8dad77729b12607a0c9227422e032de094f85e88e9bf68bd84c7b45ec
128,2390,1,cayley,2368,30.558446945501057,30.637384674960245,0.014599276997614652,0.027228015998844057,character_semidihedral_no_delete,3.552713678800501e-15,9d25d091c91f462a9317f11712fd90cb043da110d2c5ff266434343ecaf75e3f,99ced00d569e212b0a73284d7af86b06b9cd38a83044c7052feb4bb4bc0ab25b
128,2390,2,cayley,2368,30.718666016160427,30.825208832283252,0.014488361004623584,0.027295884996419773,character_semidihedral_no_delete,4.618527782440651e-14,f7640212136f27b2025ca2fd112200c24d709e8fd1682ed9b2497865226b4a4f,542ad60533f8c75985ea5cc5b5c88d7560716563d25f4eb5f9ac7378e368a8e4
128,2390,3,cayley,2368,30.29179606750063,30.31909909002634,0.014651126999524422,0.027428336994489655,character_semidihedral_no_delete,4.263256414560601e-14,f30144463fc756853536f2c75e248b7044ade5b14741a973e15a86e45b3a1ae2,49d2faa8972e92b529b6ac9372c51c97c49f98445c78c9120c7670886bb334a3
128,2390,4,cayley,2368,30.29179606750063,30.367821044544137,0.014317806009785272,0.027286534997983836,character_semidihedral_no_delete,1.0658141036401503e-14,c9d4b545c79da815712905b05072a38ae310ca29a9bbd7d7f5966592f5ac61d0,325193e08b3da33b8e70c7c10efc2a87f79a35c7ac30e09e791c95b6a7ee7a0e
128,2471,0,cayley,2432,31.67544467966324,31.812592455799084,0.014883380994433537,0.0445568379946053,character_semidihedral_no_delete,4.263256414560601e-14,f7d429ed76ef8205bacca4199038edeb9e84278d7f14fca816ca97c22454ae0a,de0d1089c74cddd1907b72421dd645544c4da819ccb8e3a94ba53b8f36f94a92
128,2471,1,cayley,2432,31.57327783673501,31.71853457964569,0.014577535999706015,0.04430685799161438,character_semidihedral_no_delete,1.7763568394002505e-14,2069dcdcc17d1b78eee6a7e804b0ba446247079cfb7289563b365689d216fe06,1c72e18cc5477772e11fbe9a8a3d09dfe692d407d803f40bd8ecef0eb7dca008
128,2471,2,cayley,2432,31.5373215910123,31.76095463959377,0.014762816994334571,0.044627769995713606,character_semidihedral_no_delete,3.197442310920451e-14,7e6280aa00193dd96b9f10b047d9f47d6921254e26b1954b917fde16864169b4,4cb7c9cb32605cb206d09b9688e72094076ad2b522c9934db896442fd253b024
128,2471,3,cayley,2432,31.67544467966324,31.890755950577137,0.014668197996797971,0.0445544219983276,character_semidihedral_no_delete,2.4868995751603507e-14,183db0fde2c709e69e755f29bb89b7cb0163599a430994871e7212911df6a083,642d3f37b560c91c2414f2db0d21ecefab2ecc7d5968d34e9f7bd8f62a7d56f0
128,2471,4,cayley,2432,31.715211755611108,31.907966297227944,0.014846200007013977,0.044645437999861315,character_semidihedral_no_delete,3.197442310920451e-14,c518c83bb943e6be4e186de02ec96ce665563a2116899e18e5f8013730790d88,dbaaa3250d5485c19933d22b8ac1de4bc37bea36972e8875fc1cd7fe8a989540
128,2552,0,cayley,2496,33.101375884726366,33.37098916265405,0.014908502009348013,0.06154899099783506,character_semidihedral_no_delete,0.0,bb680cbf54803737aeaad7635f6b6d9c23899290540545ca45a6d89491fb3ce1,c39dce0d5bfb3492e7c89bb4f79031dac7d77bc6f3b3c0a98d0eb63ba49cdfbd
128,2552,1,cayley,2496,32.16358133486847,32.414920242637386,0.015105514001334086,0.06159250799100846,character_semidihedral_no_delete,4.973799150320701e-14,142d7d34900ced23f65a421f777f42836c2fb4735c1641ad1c8173fc6d9c9254,2454665fa813abef4dd46aa6259a51b516e0d6dcae89900e2944915e37ddba78
128,2552,2,cayley,2496,32.91723746970178,33.13512959159633,0.01496414199937135,0.0616183169913711,character_semidihedral_no_delete,7.105427357601002e-15,c267f236c3dc2e8af7231d23fba5cf3d63497ee5e28e080be1f8ae2f3414ed46,ce52d9bab2dd16e84de08660e59c9769cb0580c5a526fb531fc2f3e06e0ac850
128,2552,3,cayley,2496,32.63629428126862,32.83622069187606,0.015167022997047752,0.06172262599284295,character_semidihedral_no_delete,0.0,b5f7e37c96d8f8b2160bd2ec9902f8f158e30cfa40a2c43c30e66c829760189b,b833c8259e0fba29c14ebc4a2e359e270885d6413544e5f98dd0cd6d98a13269
128,2552,4,cayley,2496,32.19202654769593,32.4105075011664,0.01483983700745739,0.06147830300324131,character_semidihedral_no_delete,3.552713678800501e-14,20bfd40e62da684486a2f09753906fce3b79b44c8bb041428c2e92f7979c279c,ec2081fceef03abf6652cded8010396a08cd44a913d22dd02d16c64b681ff7fd
128,2633,0,cayley,2624,34.365008604370125,34.40592131055013,0.015436023997608572,0.014262589989812113,character_semidihedral_no_delete,5.684341886080802e-14,452142872a4003a9c4a1908df8e2b3c2c50343a47bd3e2f38d89ec5028c82f0c,e7bc99251778bc64ab3d8f25dd352eee74e5d493515521587020cf0eaadbed5c
128,2633,1,cayley,2624,34.74625248602861,34.789660274282134,0.01532116399903316,0.014186147003783844,character_semidihedral_no_delete,3.552713678800501e-14,b94fe10b894c7880f2b60d435fbcd3a57135514769f940378ee3548621288a20,649c35b25effab286819998c43e153d634b78e814b9680abe77092091d4127a4
128,2633,2,cayley,2624,34.72390578972801,34.76905212836444,0.015432380998390727,0.01416629200684838,character_semidihedral_no_delete,4.973799150320701e-14,74fdad6b7280728695cc5943bdcecebef6ecb9c9449de8c236527f3d6d3ea462,c9ac67a4fe9cb18fd34d54fbf349906bb343a0de64f7769a18f48bd38bc3dac0
128,2633,3,cayley,2624,34.36149773049016,34.41400036957877,0.015311037001083605,0.014248521998524666,character_semidihedral_no_delete,1.4210854715202004e-14,c8fe72634b3b5bad54e8a015f98bde0b8ac112ff8491082ae08514bf3c94f98a,7af97ddc12a28aeffaea9555c1ef686ac4889d8a3d510c62ddf16e599e5fa389
128,2633,4,cayley,2624,34.0067200497851,34.05291637786165,0.01551175699569285,0.014185531996190548,character_semidihedral_no_delete,7.105427357601002e-15,5cc80641ef72f010d5dae5620edc6646e849b576480398d15e34d4cec5c7ff45,cef77373bdc6aa18292f7ce6ddae8ce06455762af56c80e74176af35c8dbf9a7
128,2714,0,cayley,2688,35.59659875350671,35.695209014165,0.015619347002939321,0.031231725006364286,character_semidihedral_no_delete,3.552713678800501e-14,e5fc1af96091c55e3e993ab82e1813c65fb20a04eaa10502e4fe97c00d8ee989,37afc9775e69687ee7a755c57d168ba27a480a72828d6ed118cb172a20bdc276
128,2714,1,cayley,2688,36.0,36.0478275931195,0.015455089000170119,0.031286013007047586,character_semidihedral_no_delete,2.1316282072803006e-14,fb35c91c19a618ce984a6b5caddff8a79dfcdb1ae46e1cee783d6d8ba72f9b9b,d751250a626c30eb0c3f03e8d7d9323f46e2efb3885e3a603099bad8be1cff99
128,2714,2,cayley,2688,35.35651706275898,35.47067095549567,0.01551726799516473,0.031225394995999523,character_semidihedral_no_delete,0.0,b0cbd0601fc0cd197d61944d85f2ab539b8b2241c2ffa0368757dac658bad7e0,a2c9472033fd1c1505272ee55d53713c53f4b7a65ef323081d059aafed05d6e7
128,2714,3,cayley,2688,35.899642138877056,35.99107003398247,0.01542710499779787,0.03129620601248462,character_semidihedral_no_delete,7.105427357601002e-15,1c8d424b2d9edda53b3904333119132db46ee00d5e8bddd3c4a4cf9adbe91b36,5ad74ed7b48c7c6bb54288a151153b5ad30cb2d7c394b1be4be7aae2d6a00ba1
128,2714,4,cayley,2688,35.529923666914,35.587955937309175,0.015564891989924945,0.031344974995590746,character_semidihedral_no_delete,1.4210854715202004e-14,e89bef3f4ab7cf44a0b83b686c9849d57725c80789eaa05375bcc69b059994a8,2aa1bb5c4b999d50024f0fecfd4df5ca0095ddf9989e243f6e1486735457c917
128,2794,0,cayley,2752,36.936944678216314,37.05273058914299,0.01576859700435307,0.04724857099063229,character_semidihedral_no_delete,3.552713678800501e-14,8de510febc86fafe847a51eb8eaf41b4e0a763dae88e19442f63e036da7a181d,bfb9c22dd79887fe380d9e094cabc0d1b96e2986f8b5506eef3bf1ceb4d90a74
128,2794,1,cayley,2752,36.5421142295891,36.80634482368395,0.01592631200037431,0.04743694899661932,character_semidihedral_no_delete,2.842170943040401e-14,a2557a806d54984620efa3ddd4cb81d5c9d4622e61e4533deaabb41ddd880000,8ec0ecfda956efb8e4b9ada4484ae73c3a16bb5a256f945bf06d49805a999ad3
128,2794,2,cayley,2752,36.684518793383575,36.92283897294808,0.01575008399959188,0.04723754900624044,character_semidihedral_no_delete,2.842170943040401e-14,87b5b7c8dc8dcba8496dc368b92441a4a5de2e1e4893d8db4dbad5adfcdc7095,d370742d21f6fcb2e4d40f0a401f3452cc57e63b8cab079d4f61901119d073cb
128,2794,3,cayley,2752,36.837974136010374,37.062170601713106,0.015860704006627202,0.04734430799726397,character_semidihedral_no_delete,1.4210854715202004e-14,dd44baee30db0eca4bb42628dcba3cf896472472eede10f9e5299c0fa5e5dc39,6ef982ddb3b23990e7fd7265966ae432e45505893d0c93002b68fddf69bb950b
128,2794,4,cayley,2752,36.765308406664715,36.96102062357467,0.01570799200271722,0.047361750999698415,character_semidihedral_no_delete,4.263256414560601e-14,6b81cd9fa34b2b05d904f68c53b9737ef3cc55e0c47a6489f62bc4d215868bc5,d3638ec0646ca8d1947d4552c43e8043049903e6e47f721ad9781f7f574c4739
128,2875,0,cayley,2816,37.59917483846988,37.91013770992218,0.0161078030068893,0.06401915499009192,character_semidihedral_no_delete,7.105427357601002e-15,47f728be51d5118fd5addef5945ea114ab37cf0de8dd62961a6b07cffa3b8485,36ff9ffbb58457b8c2f2674f0ac3b1ab3efb25e50e93adfe09c1b9c9712cb069
128,2875,1,cayley,2816,37.544351088009144,37.84313543070444,0.015931711997836828,0.06407955700706225,character_semidihedral_no_delete,2.1316282072803006e-14,ae2ebb11e2f7d553b068b091b5ff012e4fda147bca5e78eab4995a800530ef32,f6d774a5bb19eea0f301708b8b3c4d6ef0504305d9a924af0c7da37904283cc6
128,2875,2,cayley,2816,38.34036205380866,38.64137922105216,0.015950261993566528,0.0640329650050262,character_semidihedral_no_delete,7.105427357601002e-15,138b7911864d88b7a88926d0e562a12ce4afa7bf55e5b47cc9da7835585233c7,00b807e7b0a24fb8099fa822fb85dc8d624ecf5a342598152d739da5ce16c64f
128,2875,3,cayley,2816,38.0,38.2595923521518,0.01604060899990145,0.06419156800257042,character_semidihedral_no_delete,4.263256414560601e-14,f0fbb5aee88c1b27137281345aba1802d6e555f5ddc2cc919eeef4c2dc2d0325,64dbe1fedcc857944f001c9b8b3571211ab6219b463ffd925927d2356524a2d0
128,2875,4,cayley,2816,38.00113151913947,38.292838992334616,0.015985969992470928,0.06423618899134453,character_semidihedral_no_delete,2.842170943040401e-14,d9113af8c6daa16fd3adbb31c4c4f2544252b8315a6bfcb47783d604fa80382d,1850b2a122d3e6045a0e3e9e32e36cc86ae67990e2bf0d1eaecd94ba07b72ab1
128,2956,0,cayley,2944,40.21736886802077,40.25213878007672,0.01633898999716621,0.01722311800403986,character_semidihedral_no_delete,3.552713678800501e-14,3a8f39ca273d96ac2be88db15d84c1af245700cd3bef5fb31ca4b4e595f896b0,cc34333517fca9845f4b468d4f6e5e4f5dcd42d6b0d7906494fb715ea302fc1d
128,2956,1,cayley,2944,40.306589854274435,40.357477583112626,0.016308360995026305,0.01726629699987825,character_semidihedral_no_delete,7.105427357601002e-15,184bf739dfa4c6ff39c5c4a7e194bded0db2eea83ea924f6ccad56e03777d4dd,2ca612c0cea0470268820539121a36388492cc8149782b85f116627fe895ef4f
128,2956,2,cayley,2944,39.99405116861778,40.04167035719354,0.01629474200308323,0.017232640006113797,character_semidihedral_no_delete,1.4210854715202004e-14,a83c678f2cdfae790646cd61845f1f3d0957c5327d5119b7878a73203c43cb33,36cea54746fab6e77ba494fa3c58a63250155cdf11b653a8d7bc39f104958b66
128,2956,3,cayley,2944,40.0,40.09224194266501,0.01641059400571976,0.017162281001219526,character_semidihedral_no_delete,5.684341886080802e-14,dcc85298edb2e6035fe1ec6568b317fcda3cc2843126b65421cfdb9a85f03e5d,9c391d8bc7173f6076d2e01eda587732cc3175a0d805fa3c135ce5dc14711778
128,2956,4,cayley,2944,40.0,40.09011201513752,0.016529785003513098,0.01720453499001451,character_semidihedral_no_delete,1.4210854715202004e-14,a5fcafb4e71058a9446633d00b9a92cd0e44b42ec05cb4f23158df8151a2457b,2dab78b2a593b22bc73360a956ce795f270a8f1f0bb48f25579c542e214e474c
128,3037,0,cayley,3008,41.166695212789364,41.26685980807781,0.01677831400593277,0.03411424899240956,character_semidihedral_no_delete,2.842170943040401e-14,eb9018ca88c23a1999fe9bc91c7ce4fc99f68aa1422b5c269beff0cd8b947c2f,4a37b480ff4d43b1a3f93de1815e0701f8c0dddd8cd02dd3bafdbb30708d173a
128,3037,1,cayley,3008,41.03063627986242,41.16779552786667,0.016515541006810963,0.03434543301409576,character_semidihedral_no_delete,3.552713678800501e-14,3c66ae473548bca0d822d83e7449715121ddc03536b44094bc65d5eacf31ca4b,ab5e61ca4d3436ac415598df0ab2750569d98d5b3f4c34598401ba016a259fe0
128,3037,2,cayley,3008,41.009749077960265,41.17534522634791,0.016787727989139967,0.03423241099517327,character_semidihedral_no_delete,7.105427357601002e-15,2f4062a9d7d6b62e984ae77d075b15182cdf91866e0e02b08fb50feb71c309d7,9c8604258fff22989d17a4e5228bb1c7003c06756ff632c35558d66b227ea588
128,3037,3,cayley,3008,40.914121556198886,41.00462649595697,0.016511234003701247,0.03435017500305548,character_semidihedral_no_delete,2.842170943040401e-14,4eda48314dd99a0a83450212afc3613457a237d19480387e165a5c15be27f56b,6ff09edb59667b628a5650a5d198af551bcd4c1f6a55311c501ca17476af8774
128,3037,4,cayley,3008,41.3651795364143,41.4889584164832,0.016775495998444967,0.03443217799940612,character_semidihedral_no_delete,2.842170943040401e-14,d2590ca95cc30230bdb4a59bdce1e3d70ce2c63adbb3b8f7a372ef0d01afd9ba,1ac7dfc67679b2307f03185d0a83976f6e86ba23a0c8acaacfbcac6416233d1e
128,3118,0,cayley,3072,42.40445033552028,42.63667931835834,0.016724482993595302,0.05157795600825921,character_semidihedral_no_delete,1.4210854715202004e-14,a45cf7e3f18399e37f75826fa5b92ba0cc37d3eeec8e5964346ab663bdf30daf,b81282208c4a85e4ad4d9f4ff2be9c7e608d9e54eedf4f9832c15630108725b8
128,3118,1,cayley,3072,42.399298351294945,42.61082690013987,0.016863602999364957,0.051674361995537765,character_semidihedral_no_delete,1.4210854715202004e-14,a7c976f839acc6d7d927bf923c2a83cf75e3e35a8ccfe756499f9b5f7ea70963,5c464cfc6c4a31b414ae5b64c2582639829208ce6235df7928e6eac3f7f1219c
128,3118,2,cayley,3072,42.25570740080009,42.46403165871817,0.016808992993901484,0.05161981900164392,character_semidihedral_no_delete,0.0,985af1e230d53bb5294b5d5dafacf7317f674f3f9d9658fd146bac29f8a29cbb,b6bc6e9e849c58ce9de9dad10742ac8ff38fa6026dce7ad21a5dcb9783e3ebeb
128,3118,3,cayley,3072,42.64136193453314,42.82010847571728,0.016791319998446852,0.05146912101190537,character_semidihedral_no_delete,3.552713678800501e-14,5c482add18a913100f10a7923d5a9ecb1248825ee7b44e6e54513ad919912b1e,88b05d9ab522f42dc99147b946de0a8dd5c61ff4a7b5b7e85c441e2b40b33e6e
128,3118,4,cayley,3072,42.024547429181055,42.25859961480738,0.01673504800419323,0.05154847000085283,character_semidihedral_no_delete,1.4210854715202004e-14,2175e19b228131434b989791a43249a89655a80d4dc61cfc74d679aad5ae78a6,f315f6c851f8bdc8a7127ac10de46c2cd323a676b090632d6f3f1080335b1951
128,3198,0,cayley,3136,43.66197121029637,43.85868189350347,0.016765972002758645,0.06746900599682704,character_semidihedral_no_delete,7.105427357601002e-15,1ba74d51606851a8f733a5f45ae793b6234c466923f8076d55baf1befa4ecb65,e5ef98946b107e9e2f4cb016c225b56a04dfa7906efb97138269b0175736bf04
128,3198,1,cayley,3136,43.5110880174306,43.79903338806571,0.01705514400964603,0.06719726099981926,character_semidihedral_no_delete,3.552713678800501e-14,5a04c000fe4d4ac58f44998ff56be637bfaceb5b0856f7e5c34c308c3247ffc6,af4c54110def2bbdd64e53547bcb70b264d351524014e02445a8a65bbcdb8f97
128,3198,2,cayley,3136,43.09901375615252,43.41772238666509,0.016765289998147637,0.06726747899665497,character_semidihedral_no_delete,4.973799150320701e-14,0c961e0ea7150794e087d676695f47b51ed0f406b94c9b1adb66da59ace85709,59ee4cfd6c10467e83399e59332604d03b3f9e3172085a1fa889c03ad8cbee37
128,3198,3,cayley,3136,43.20207567310279,43.38272835264221,0.017040384002029896,0.06780932898982428,character_semidihedral_no_delete,1.4210854715202004e-14,69738e612c5931f16ee3df6460fb9c25c530a0153f0f9eac15240d0f487e3aa4,075bd2972be206f6271b3ac6df57f98a0ee9ec2d358130465b0421549f06928a
128,3198,4,cayley,3136,43.37444401213242,43.558619297733344,0.016834328009281307,0.06748016401252244,character_semidihedral_no_delete,1.4210854715202004e-14,c04aa405fdc8d17d692a25be6d7f0e82e7317fac7d47e4cbad8fecb262c2beaa,2d87d442b4c7b45b424fb73a8369cb4e342fd880703ec7743f21db29f1d67451
128,3279,0,cayley,3264,46.0,46.0,0.01736096601234749,0.02021555000101216,character_semidihedral_no_delete,2.1316282072803006e-14,5daf3863095b90bd21af884298f1b8704023ea81121a5b5b078924470c228602,f89b43e4b1c9505c62e536140ac475a38456fd30f8a692fc9ed4c37020793cbc
128,3279,1,cayley,3264,46.0,46.024933580771986,0.017216965003171936,0.020194578013615683,character_semidihedral_no_delete,3.552713678800501e-14,2466b5226ddba561444cca698429f6f526cfb9ac0e23cd4ec9a92f9dc785c4fe,b12fbb18a5a382e2b26f168fe818ec0c84edaa66c7cdd60d079db5c2e974ba6f
128,3279,2,cayley,3264,46.0,46.08867545080322,0.017240496003068984,0.020146681010373868,character_semidihedral_no_delete,1.4210854715202004e-14,2a4ea1b56128e3be29f6ffaab266b3688c78b1ff66d7fe33b142cc417d63a483,371885dd5f11f56d9fa955b5d7e9c1ed1a09f2a2b5b3b33387cda01024ec47b4
128,3279,3,cayley,3264,46.0,46.10058423282801,0.0173021049995441,0.020144718000665307,character_semidihedral_no_delete,2.842170943040401e-14,ddcd90ab91f54de5f51eb325505fab778d427d4e1400a9ac335f809d07a83f02,3864d14223ef8f13e4ac86300398f1f50f23c997856edb7c971e01c931899328
128,3279,4,cayley,3264,45.78244609522234,45.858815549772444,0.01736112700018566,0.020212780000292696,character_semidihedral_no_delete,1.4210854715202004e-14,0e48d174c8505ce31536a38a61b787e8ff00ee8d5624d81a159ff3efa29f5198,c36f601bdec0322915c2edb3b1718bb74462a4437d73da738a018ff04153b772
128,3360,0,cayley,3328,47.12086507605479,47.28587985906654,0.01777965899964329,0.03714888700051233,character_semidihedral_no_delete,7.105427357601002e-15,eb9cd6e0460aa1bdc4b3f3b91fa96eed26dd91205a88a856e87a0eeb82fa84ca,8dfd2908926e39519abf121c2b164124deb66e893e5b7308a5d80ef969d17d5a
128,3360,1,cayley,3328,46.74102155837349,46.82231586145319,0.017491318998509087,0.037124370006495155,character_semidihedral_no_delete,1.4210854715202004e-14,d2f57c6d8d399908c1782494d5ec0dba6f7ef7cb49e6fd02a2a3a78fc69dbdbf,90a771e55630fb7dc1045f190bae6440bda366a18dfc285a64e56fa380c21e0e
128,3360,2,cayley,3328,46.77374814049449,46.9046112227133,0.017754879998392425,0.03710191599384416,character_semidihedral_no_delete,0.0,3fa62cd6dfec203e69ee6c77412d638e370fbaf97b225d315a3a15fa19e1f1b2,5eed81f20d00fa736baed1c673ac664f0eb692ef6db52816cfd5be4307bc1d33
128,3360,3,cayley,3328,47.5244543449055,47.62153701743625,0.017730835999827832,0.0370982919994276,character_semidihedral_no_delete,2.1316282072803006e-14,8282dc66be940bab9b6fb8301bea12d0849a20eea495763d34624f02626452e8,d8cb888e2405db81879f6a7defdadd0acb5b3f96056b59d7a8a2c74a4aa345e6
128,3360,4,cayley,3328,47.14910122755923,47.242701744828864,0.017325040011201054,0.03711103899695445,character_semidihedral_no_delete,2.842170943040401e-14,205c19fd9bed35454c6ca7a5608db9a4559ac92d2184fe8e42e4c62e82b5e6cb,393492c770757878127ee0e22e2a86024ac1a93c8bbb0ca6a2f8948baa8d0dfe
128,3441,0,cayley,3392,47.965495945989204,48.12070082687291,0.01758492100634612,0.053914741991320625,character_semidihedral_no_delete,4.263256414560601e-14,af339a868f5293d5a4f5b7fc3b8096d9a1a1f3c3710230d44cb3154f57ee0e07,e80378c9e560adef0513f5c00718316592f105a65b43a57171839aa62e1d97a7
128,3441,1,cayley,3392,48.36581851673421,48.53519997071002,0.017801620007958263,0.054035808992921375,character_semidihedral_no_delete,2.842170943040401e-14,bf2dac3b7c4d5e489a4c39898cd3f91ed1387d99bf05c110a3139792ace55b48,3f56fc5f48d817e5878e3798252d7f651ee498a64f9e87869b605e966d69ef75
128,3441,2,cayley,3392,48.06910672403217,48.30357844330615,0.01776103700103704,0.0539447290066164,character_semidihedral_no_delete,7.105427357601002e-15,3e50248f467369406999c04a5b8d1ea63081fbbaa16bc5e0be53684cbbfbadea,87725f8dfe4b0145fd21f6422bbb9cfb6ad519fce4946c38664dbe6dfcb0c8bd
128,3441,3,cayley,3392,48.72855025696635,48.914487266124056,0.01767005400324706,0.053846080001676455,character_semidihedral_no_delete,4.973799150320701e-14,7b64a1a6a86668ed414e80aa2ccb3eac183552098669eeee8d1fbf16294c11d9,73d80387013e487097339af5082bdd4d764ab11bfdda3020d25a5be5abcfa51d
128,3441,4,cayley,3392,48.36044100702776,48.56078185394834,0.01777904799382668,0.05397140700370073,character_semidihedral_no_delete,1.4210854715202004e-14,56c5bc45c7e46184c6b0c85cd5b07c03b4a97d5e02b04ba92e145d6f5f176c10,0bd663322406b3dabf578a9b5806dbcdd35101e4a2d30c6fe8ae979a62f382f7
128,3522,0,cayley,3520,50.240078335781945,50.25295302726125,0.018027530997642316,0.007340356998611242,character_semidihedral_no_delete,2.1316282072803006e-14,922c90d46f2c456df17cc9599300293a3e6a53705ae3ad4960ccc291b3b991e9,4dd74abab77a9575069d5c453a779c4a8af83e345b6b5d2bddfaa6084e145ddb
128,3522,1,cayley,3520,50.542731458432435,50.559258037909636,0.01822665899817366,0.007199548010248691,character_semidihedral_no_delete,4.263256414560601e-14,b293064113977c36438e736a91ad0ff2efb523f44e72d51e635a4a3eb763f337,0f7407461cb2ce45df17e7478f44373d58ddb578ba7f6186bda89ebfb59349dd
128,3522,2,cayley,3520,50.48930171037234,50.48930171037234,0.017984192993026227,0.00730583599943202,character_semidihedral_no_delete,1.4210854715202004e-14,4304b40c9386f427b4bff92a2a197d4e46b2a33e3930eaee274bbc53718a0312,b28b11f72fbec80e27f057d97c484ad2d5f24c706a14eb43efc4cec9689a82d6
128,3522,3,cayley,3520,50.758159417737275,50.75920888933625,0.018085711999447085,0.0073023099976126105,character_semidihedral_no_delete,4.973799150320701e-14,c1913917d5a6848af39868cab4108ea9e790fabf87d70d445be6bd7184a4cd8e,9cc3ceb6714ece24edc58a6a8868d25783ae2e3ba69967bc3b1bd1ec893c977b
128,3522,4,cayley,3520,50.653749364835605,50.65401460888773,0.017945215993677266,0.007238858001073822,character_semidihedral_no_delete,4.263256414560601e-14,9c783f6c613fe3d304cde45369fd7d477564ece65fe43c8d9886232ff0838cc7,605a920f65b6c0e564870165decbb10ad0b65883894133c4f2b6f473bca0e08c
128,3602,0,cayley,3584,52.0,52.020857365579445,0.018125438000424765,0.02311175198701676,character_semidihedral_no_delete,0.0,fae52c915b27d35df9b6bd284b5c3738964eb7c11f3f2b5eb7ac40e2b5533dd3,6baa8cfbb733281dd9f77154d05499ba649779dabf6e3043131acdb4c38a05c8
128,3602,1,cayley,3584,51.93162792551712,51.991024463586264,0.018487078996258788,0.023149817003286444,character_semidihedral_no_delete,0.0,7dadb61c326e49fe86fa210b305ba976076462abf9295ab3ef69f0dbe7bfbf5c,87b32ab66dd68e9e60a71758706b9e70639a5e1481382963cb94a89172f51891
128,3602,2,cayley,3584,52.0,52.05917583716375,0.018168274997151457,0.02318393900350202,character_semidihedral_no_delete,7.105427357601002e-15,b70aebf82f39516f55bed41d87af74edc63de04f3f2617a9b4427d10f27cd94f,0527396a8cc2612862b839ee751135138236521eab8dac9178d13ab5b53c12ae
128,3602,3,cayley,3584,52.0,52.1028759513541,0.01833094999892637,0.02298062399495393,character_semidihedral_no_delete,1.4210854715202004e-14,d0dae9c064fa5f7e7979b1f0b0821a942eafc381750aa1c523fd8c7f8f2f1b3d,265d798e77836caebc36aaefe0fc2b4bd8fdba24a51c97fdab25630818d8a870
128,3602,4,cayley,3584,52.0,52.05891822570431,0.018297910995897837,0.023180385993327945,character_semidihedral_no_delete,4.973799150320701e-14,3d71928a4a3f4146fa7762c5c30e8a84ff74444b5a155bdef4200c941028f421,3a65bb5958ee7a6990370e6bda3149860f98c1a7aa1ea80c625cc09471420d08
128,3683,0,cayley,3648,53.21423552971178,53.30770497251839,0.018621669994900003,0.03993722499581054,character_semidihedral_no_delete,4.263256414560601e-14,ee2c5aca33c0398cb7081d7533aa1baff4aa2c4f3f12c59cd3133d5de79070d4,828a5897f74f7900ff9fb7734a037da5b2e661f65caaee24f485ef119c3d0c51
128,3683,1,cayley,3648,53.030493029485164,53.10113294517595,0.018449673996656202,0.039793625997845083,character_semidihedral_no_delete,3.552713678800501e-14,106cfc5e3d7ab793eeae4009fb9abea66b5726a80d44f9ae5ecb765d3fce0854,227498609ccb509307c3d951affdd100b1def40d9f6bd6ae174cb16067aeb059
128,3683,2,cayley,3648,53.1500020504063,53.25074900451573,0.01870667899493128,0.039898033006465994,character_semidihedral_no_delete,2.842170943040401e-14,c9ee5d8795ef28d72ec3a972229e3d7fed21a524d979d575fb4e2169d11a2715,8f9c6b1c812a0282f46e1f7f8d25cb2eca8eeccc4312a3c8f885abd6e53d3994
128,3683,3,cayley,3648,53.14216746797743,53.25375186723948,0.01841029700881336,0.039914848006446846,character_semidihedral_no_delete,1.4210854715202004e-14,f38216780778a4f096c6614058253814a5591e5234c659c480fe0c37884d4d9d,f9bea12a3ec182a2d747ff2cf9ba460bace976cc50682c971e86e96b2c197414
128,3683,4,cayley,3648,53.15266103842516,53.21896645388628,0.019148721010424197,0.03982056899985764,character_semidihedral_no_delete,1.4210854715202004e-14,f435cf12d79f544eb6d0019d1fdb6d7d55d24d74c65c7626223d12e1eb2fa515,7fdc0d9a8336885682e9c42208f102047ff1eb37f1f35bd00a85e2864d80f9b2
128,3764,0,cayley,3712,54.342124224503905,54.42630348897337,0.0185119300003862,0.056661567999981344,character_semidihedral_no_delete,7.105427357601002e-15,26ca828f57f064c64a264cac2bcaf27e58248d1bfd8b8ebe7636442cde2fb51e,9082b0142642b15ad2710e83e590cb8a5daab8147eb752c3c629a675fc234062
128,3764,1,cayley,3712,54.342124224503905,54.40398557072033,0.019304073008242995,0.056556302995886654,character_semidihedral_no_delete,1.4210854715202004e-14,bacaaa7893b6e7c4a7fac4e9073d42f7762c6b98d279760e825ca92a80df70a3,fbe9a2803da0c61821b75d08b3b8ab2b94ae641a6058f75fa865bf65ea2c230d
128,3764,2,cayley,3712,54.15224093497743,54.20721198997689,0.018442768006934784,0.05649678999907337,character_semidihedral_no_delete,0.0,bcc61e65a12ea2223bf04327b962210322ebd7e50967a251bdb3e6820a796d21,1efbc524034271c5385fcb27f3c8dd1b123669669859cb0a2e7b190d42d2f3e3
128,3764,3,cayley,3712,54.0979169845446,54.23397326879191,0.018721593005466275,0.05649014200025704,character_semidihedral_no_delete,7.815970093361102e-14,e45e68542dedc513c0ad173c144e0f830d5e78e8cb5746a03c322b411f640e23,f482c8faa506c1b9d743df841007f3e9d2a003335f040d4f2db03894f89816ae
128,3764,4,cayley,3712,54.304481869954856,54.43292796154464,0.01853319200745318,0.05653493000136223,character_semidihedral_no_delete,4.973799150320701e-14,ff53ac22a8c83ad481578c38b0de73ace4f633bfebe53ec8c51e841b96a3b56f,bdc1c57a1f038dd434e31b934d1dcfc9dea8489381851c2b2401a7bccd923241
128,3845,0,cayley,3840,56.40684137305051,56.416455577153926,0.018483277992345393,0.010174191003898159,character_semidihedral_no_delete,1.4210854715202004e-14,ac1e7cd19b08a225a535a91b1018bf737f92d851fed55f22e3dbdf78ddd8b2b9,dc0d9e013b2587f5a25110794ac07bdb3603879a9ca1b6e53953b5ad54ed5367
128,3845,1,cayley,3840,56.40684137305051,56.42126325496392,0.018453565004165284,0.010192725996603258,character_semidihedral_no_delete,2.1316282072803006e-14,5bccf784d157cdcb8a20bcaa406597f82f5b39c74decec42ffde50cdaaf31906,1fea23de8d62737f34f351ac9a041ac0a688a551a19dd7231fd138cb5f3a870a
128,3845,2,cayley,3840,56.40684137305051,56.41645557732916,0.018542374004027806,0.010174492999794893,character_semidihedral_no_delete,0.0,cd61080d0a1e2ffb46ed538bf51656b9a0167acdb9e08f23bc634cd243f94705,8a280b53ec977297286c6ac6e0028138ddb647e6e4a966bc01fd5c1aa4eab875
128,3845,3,cayley,3840,56.40684137305051,56.41709173263307,0.01861000900680665,0.01030617298965808,character_semidihedral_no_delete,3.552713678800501e-14,d976fc57799b48b7ae5af5a72d9615b0e7766d8f7a484b5f79982b527f1cf600,126bcc26cf25a13bf85b2c8f2ebd46d6173d5aba28cee8b5f401963885f95c10
128,3845,4,cayley,3840,56.40684137305051,56.42116562461,0.01862919000268448,0.010170360008487478,character_semidihedral_no_delete,4.263256414560601e-14,11a5f6151bd015d6a652527afa0a37acaaeb44ff46976b09a0a16c157d38ed9c,6b0b751a9dc15a3e2dc8299ef3a8c49125b9bde8ede7d62f3507748811d8ea59
128,3926,0,cayley,3904,58.012837279019955,58.017610127445764,0.018744804998277687,0.02687446100753732,character_semidihedral_no_delete,0.0,ae61fcdfa0ae30d88746e5e52cd8653408e27134ce688ddb0829300b592d267f,d960281476c7117fc63c894b55af216c9535f577fc17d228bc6306e41bb6c32e
128,3926,1,cayley,3904,58.012837279019955,58.0422893382768,0.018783391991746612,0.026937716000247747,character_semidihedral_no_delete,2.1316282072803006e-14,6d295de3901fb5b4095e9b415106f17614cacdec71e831b688cb70cb2a991dbb,0a8cc85a7ba0e1160f9ff29b92d5c04ea6391a54ed718bb34a414ae706f4153f
128,3926,2,cayley,3904,58.012837279019955,58.039000577463824,0.01888513599988073,0.026902180994511582,character_semidihedral_no_delete,3.552713678800501e-14,45bcadb5f5141eaa8e964390b4a2eefb1aae5dce93eed642870fe66ece794608,4260388b1c94596145d7f76d606d7944d2bbfc16894766a2ca24b8229c8160be
128,3926,3,cayley,3904,58.012837279019955,58.04975020382062,0.018868389990529977,0.026947785008815117,character_semidihedral_no_delete,5.684341886080802e-14,d5f378bddd73ca0286ba15437ceb50c10fd7d68fca96832884f00496ca98debe,d75ce65c345cc064aed9355ccabd59c4aa77e3207b88819b3ebb20a18a54252a
128,3926,4,cayley,3904,58.012837279019955,58.02970920674646,0.018730042007518932,0.02698108799813781,character_semidihedral_no_delete,7.105427357601002e-15,fc9c280eac87ed8a32ea641c200c33acfbcba15f7dff5eb0eeccc5dff82d173b,7a83ab172255a797911df4d61869699cfc0ddb0773bc0d3d8dc9a6bc74cfcfb8
128,4006,0,cayley,3968,60.0,60.00956923815424,0.016787252010544762,0.04256762498698663,character_semidihedral_no_delete,3.552713678800501e-14,39f655ebf8d9eafd17fbefc6ceaee8b42656d1af9f1942035277d0661fef83d1,121a460ed542abf039d5f3fed4af61253bc8283334d2f34e92b31b0dd876e6b1
128,4006,1,cayley,3968,60.0,59.99999999999994,0.017025745008140802,0.04263596300734207,character_semidihedral_no_delete,2.1316282072803006e-14,32cae393066d295d60ba76dbb72b7c82bb109784f897d395dcaf5cfd12238361,7816e2b1ca8855bb9232e8bc8799282cc9bc10d3db140d5c656da5d73266331c
128,4006,2,cayley,3968,60.0,60.0149401391087,0.017131782005890273,0.04246831900672987,character_semidihedral_no_delete,1.4210854715202004e-14,303209f688b07cf2145a107622c98db5c35c271c0e2d92df972f0c8f83053435,0328286d1a14c7c25c6600081075438d4dd7c8833a9c7bcc7b13d841985d6dd0
128,4006,3,cayley,3968,60.0,60.012460229162855,0.017209587997058406,0.04256841399183031,character_semidihedral_no_delete,0.0,00cf9bfc188552c5a5e409a915795faab6b0a87c0a1f6622ac30403c6658b8e3,14caad701f858cf2ba36e7d097e4bb49b0deb3ae2f4423d078effc9ea080d873
128,4006,4,cayley,3968,60.0,60.01225863640465,0.017029909999109805,0.04264094900281634,character_semidihedral_no_delete,2.842170943040401e-14,e072c727d0b061179184bd5c4e1336bd6dab120b2ef2c0e4f8ab9dddcd107b68,389ef99315feefd811922d3720ad3af9e7a01e727a794b613fb14542c1f200a4
128,4087,0,cayley,4032,62.0,61.999999999999915,0.015569215000141412,0.05899954600317869,character_semidihedral_no_delete,2.842170943040401e-14,c2df3a724affc4b327f127d01e4fc23ce9c3939884aa5d61d1aafd294bb33964,4fabf094f5a12b24307902673c6a4c8074db870abcd6152b5faf283e20718d80
128,4087,1,cayley,4032,62.0,61.9999999999999,0.015330448994063772,0.05900104499596637,character_semidihedral_no_delete,4.973799150320701e-14,d0abddaf131a042fe2b878c6b691195bc7dc2fa4f218b874c83624f824f4be60,8b226b81eaa836390fa1a3d2c8b3698b93a6c66fd7d331291243e4e1fb6db9c3
128,4087,2,cayley,4032,62.0,61.999999999999915,0.01556355100183282,0.05902212600631174,character_semidihedral_no_delete,1.4210854715202004e-14,b44ddf47cba7d5da5cace6e6ce3ec9480207f5ef6a23437e34f193f7faf1b260,be42da54f0b768d2446985d3ab76755c30947566cc488f4608139365642423f5
128,4087,3,cayley,4032,62.0,61.999999999999886,0.015536951992544346,0.05907744000433013,character_semidihedral_no_delete,1.4210854715202004e-14,c9e7c9b72f29820e5bc4f9247e0d4ebe2fe6d3caa4ec392694322b76f6c88e49,78d380e597a302a6f7659205926d11ec18fe617be78cadad84efaa30c584cb12
128,4087,4,cayley,4032,62.0,61.999999999999915,0.015414594003232196,0.059133612012374215,character_semidihedral_no_delete,2.1316282072803006e-14,f4d80734aa2a4dac73516ba10bb692c26fbe8facc6d875cb4c898a35d82d40e0,0abafcb101ff0453068e8861ac738eaef2e2400aa2c453780142b413e7668030
128,4168,0,cayley,4160,64.0,63.9999999999999,0.31378536399279255,0.013937704992713407,character_semidihedral_no_delete,2.842170943040401e-14,aa45f29c719d5189240b992469ce66dea343a0bb0c3f0869d07d1eb331803775,e331c24f254c82e423fb7262d972c8bfee7841a3f0f21056314c60c67c7e8fef
128,4168,0,envelope,4096,64.0,63.999999999999886,0.005287125997710973,0.07443023599626031,envelope_formula,4.973799150320701e-14,c876f48fd7329d8054a18e5ed15586191fe894f14350e33a17d61524c2e958a4,6755c822f7c901ea398b9a03b8a287af77e14e334d11c872ee61204811fca957
128,4168,1,cayley,4160,64.0,63.9999999999999,0.313103685999522,0.013928545988164842,character_semidihedral_no_delete,2.842170943040401e-14,aa45f29c719d5189240b992469ce66dea343a0bb0c3f0869d07d1eb331803775,e331c24f254c82e423fb7262d972c8bfee7841a3f0f21056314c60c67c7e8fef
128,4168,1,envelope,4096,64.0,63.999999999999886,0.00542665999091696,0.07452296899282373,envelope_formula,4.973799150320701e-14,c876f48fd7329d8054a18e5ed15586191fe894f14350e33a17d61524c2e958a4,6755c822f7c901ea398b9a03b8a287af77e14e334d11c872ee61204811fca957
128,4168,2,cayley,4160,64.0,63.9999999999999,0.32672274799551815,0.014335247004055418,character_semidihedral_no_delete,2.842170943040401e-14,aa45f29c719d5189240b992469ce66dea343a0bb0c3f0869d07d1eb331803775,e331c24f254c82e423fb7262d972c8bfee7841a3f0f21056314c60c67c7e8fef
128,4168,2,envelope,4096,64.0,63.999999999999886,0.005434676990262233,0.07484405499417335,envelope_formula,4.973799150320701e-14,c876f48fd7329d8054a18e5ed15586191fe894f14350e33a17d61524c2e958a4,6755c822f7c901ea398b9a03b8a287af77e14e334d11c872ee61204811fca957
128,4168,3,cayley,4160,64.0,63.9999999999999,0.324652960000094,0.014428010996198282,character_semidihedral_no_delete,2.842170943040401e-14,aa45f29c719d5189240b992469ce66dea343a0bb0c3f0869d07d1eb331803775,e331c24f254c82e423fb7262d972c8bfee7841a3f0f21056314c60c67c7e8fef
128,4168,3,envelope,4096,64.0,63.999999999999886,0.005406629992648959,0.07463403401197866,envelope_formula,4.973799150320701e-14,c876f48fd7329d8054a18e5ed15586191fe894f14350e33a17d61524c2e958a4,6755c822f7c901ea398b9a03b8a287af77e14e334d11c872ee61204811fca957
128,4168,4,cayley,4160,64.0,63.9999999999999,0.3155474750092253,0.014022862000274472,character_semidihedral_no_delete,2.842170943040401e-14,aa45f29c719d5189240b992469ce66dea343a0bb0c3f0869d07d1eb331803775,e331c24f254c82e423fb7262d972c8bfee7841a3f0f21056314c60c67c7e8fef
128,4168,4,envelope,4096,64.0,63.999999999999886,0.005295425988151692,0.07435251800052356,envelope_formula,4.973799150320701e-14,c876f48fd7329d8054a18e5ed15586191fe894f14350e33a17d61524c2e958a4,6755c822f7c901ea398b9a03b8a287af77e14e334d11c872ee61204811fca957
128,4249,0,cayley,4224,64.0096305466556,64.08425292649206,0.31873959400400054,0.030686262995004654,character_semidihedral_no_delete,1.4210854715202004e-14,b52a7f027fd64f1f49d4daea7b0f9f34e42affb3f2547e92bcbb29b9a9447925,954e33e5dd10a1cc0aae712883501723616a566b7096f1a6037965f8b8f75c2d
128,4249,0,envelope,4221,65.0,64.99999999999984,0.005432131001725793,0.03304714499972761,envelope_formula,0.0,c8b341dc3cc271e641da48278a953fd2dac4b13b0fd5d528623a45b468791426,68cd70c9a1d4b23734840ef42eaba0b2038a9d3e03f6ea3dcc2704065a55179f
128,4249,1,cayley,4224,64.0096305466556,64.01121005131604,0.3325951089937007,0.031017987013910897,character_semidihedral_no_delete,2.842170943040401e-14,cd0e7b5da70731cb4577058c7dc58c882e582ab563919e66a7a38e02b7f45b7f,326c21e6d8dd1775c3a462f96c06f1a3b23302c8c67696f5b9b40abfff04188f
128,4249,1,envelope,4221,65.0,64.99999999999984,0.005431996003608219,0.03316237400576938,envelope_formula,0.0,c8b341dc3cc271e641da48278a953fd2dac4b13b0fd5d528623a45b468791426,68cd70c9a1d4b23734840ef42eaba0b2038a9d3e03f6ea3dcc2704065a55179f
128,4249,2,cayley,4224,64.0096305466556,64.09083187508266,0.31591472000582144,0.030761982998228632,character_semidihedral_no_delete,1.2789769243681803e-13,ec36e29d56b52432b6f204c7565e6c0a028f20beaf9348360c8690ded6eece94,705276b6133d410ab97c50180383175f9d3b70ae17eaf141821efd2734ab26c1
128,4249,2,envelope,4221,65.0,64.99999999999984,0.005630448009469546,0.032982980002998374,envelope_formula,0.0,c8b341dc3cc271e641da48278a953fd2dac4b13b0fd5d528623a45b468791426,68cd70c9a1d4b23734840ef42eaba0b2038a9d3e03f6ea3dcc2704065a55179f
128,4249,3,cayley,4224,64.0096305466556,64.08425292649206,0.32312432100297883,0.03115024699945934,character_semidihedral_no_delete,1.4210854715202004e-14,b52a7f027fd64f1f49d4daea7b0f9f34e42affb3f2547e92bcbb29b9a9447925,954e33e5dd10a1cc0aae712883501723616a566b7096f1a6037965f8b8f75c2d
128,4249,3,envelope,4221,65.0,64.99999999999984,0.0056816839933162555,0.033376523992046714,envelope_formula,0.0,c8b341dc3cc271e641da48278a953fd2dac4b13b0fd5d528623a45b468791426,68cd70c9a1d4b23734840ef42eaba0b2038a9d3e03f6ea3dcc2704065a55179f
128,4249,4,cayley,4224,64.0096305466556,64.10119452126109,0.32914017100119963,0.031134630989981815,character_semidihedral_no_delete,0.0,46404956c41828e47d0599492cae473c890bd99f34932676259f3f37499ffb4f,1ae1ef18a160cfbaa2bddd847c3663f6d8637f754dac5eb37e1024adce3d02ba
128,4249,4,envelope,4221,65.0,64.99999999999984,0.005560458987019956,0.033060139990993775,envelope_formula,0.0,c8b341dc3cc271e641da48278a953fd2dac4b13b0fd5d528623a45b468791426,68cd70c9a1d4b23734840ef42eaba0b2038a9d3e03f6ea3dcc2704065a55179f
128,4329,0,cayley,4288,64.03842943919354,64.24093392441605,0.331481362998602,0.04658000500057824,character_semidihedral_no_delete,5.684341886080802e-14,d413b051d9205bffebbb4eb645eb690e6a21bb78784a89e81be461c27708fbd2,3addfc1bfe3c1acc5ac9581ecd91d5be75ea6fcf6c9a4ddee91b873f88524d07
128,4329,0,envelope,4221,65.0,64.9999999999998,0.005644549994030967,0.10730007500387728,envelope_formula,1.2789769243681803e-13,c8b341dc3cc271e641da48278a953fd2dac4b13b0fd5d528623a45b468791426,67629a371befc39344e0acea37b42bb2d5aadd83c834cb5927355de8d7eef35d
128,4329,1,cayley,4288,64.03842943919354,64.23023254640084,0.32885563001036644,0.047075381997274235,character_semidihedral_no_delete,4.263256414560601e-14,aad86529f52c9634a43bea513615f94ea9ba32c4fccf0299e6b27fd26e3f73ce,640265c617c6149cb41ca6b9577acb85f7994f088b2d197de9a09e71e5365a84
128,4329,1,envelope,4221,65.0,64.9999999999998,0.005633865992422216,0.10767595999641344,envelope_formula,1.2789769243681803e-13,c8b341dc3cc271e641da48278a953fd2dac4b13b0fd5d528623a45b468791426,67629a371befc39344e0acea37b42bb2d5aadd83c834cb5927355de8d7eef35d
128,4329,2,cayley,4288,64.03842943919354,64.20025707334271,0.3295031299930997,0.04686039499938488,character_semidihedral_no_delete,7.105427357601002e-14,08075a2f02f54c5b06757d2d3270eceff97b2756c60987948eb9bc5fc783f762,2d93951950b49b945a85a42f835cc09869898ed6bd3161725631bae20a4cdbed
128,4329,2,envelope,4221,65.0,64.9999999999998,0.0057425739942118526,0.10728487400047015,envelope_formula,1.2789769243681803e-13,c8b341dc3cc271e641da48278a953fd2dac4b13b0fd5d528623a45b468791426,67629a371befc39344e0acea37b42bb2d5aadd83c834cb5927355de8d7eef35d
128,4329,3,cayley,4288,64.03842943919354,64.21060144185871,0.31911824499547947,0.046489568005199544,character_semidihedral_no_delete,5.684341886080802e-14,672055f088f52ff278b80eb2dbef47c23060ee59db651ab3f0809d9a82e7a793,d4ee18bf8f753b4978f2f00983e161527f476bb756623dfc84e72b1492755122
128,4329,3,envelope,4221,65.0,64.9999999999998,0.005531072994926944,0.1074264570052037,envelope_formula,1.2789769243681803e-13,c8b341dc3cc271e641da48278a953fd2dac4b13b0fd5d528623a45b468791426,67629a371befc39344e0acea37b42bb2d5aadd83c834cb5927355de8d7eef35d
128,4329,4,cayley,4288,64.03842943919354,64.21060144185871,0.3151246689958498,0.0465738150087418,character_semidihedral_no_delete,5.684341886080802e-14,672055f088f52ff278b80eb2dbef47c23060ee59db651ab3f0809d9a82e7a793,d4ee18bf8f753b4978f2f00983e161527f476bb756623dfc84e72b1492755122
128,4329,4,envelope,4221,65.0,64.9999999999998,0.0056478460028301924,0.10732960300811101,envelope_formula,1.2789769243681803e-13,c8b341dc3cc271e641da48278a953fd2dac4b13b0fd5d528623a45b468791426,67629a371befc39344e0acea37b42bb2d5aadd83c834cb5927355de8d7eef35d
128,4410,0,cayley,4352,64.60622002825195,64.6181663829111,0.31766825600061566,0.06242182801361196,character_semidihedral_no_delete,2.842170943040401e-14,0a995d36ad41c29c5935a17351ac0788648b94a12a77085887f47017e64cd3db,1b26c8941a6aef5f0d83c7c784e24ad3b85183ac685ad52f686192f4cd498fcb
128,4410,0,envelope,4340,66.0,65.99999999999984,0.005617108996375464,0.07160807799664326,envelope_formula,1.4210854715202004e-14,e4c0864f1d97a1fdfa58cdc33f3414f76d99d588bea4de9c5544ab2f80fb2897,636286205a476fdd7631b19b9cba949ebb18b644959d7ee63083293edff4374d
128,4410,1,cayley,4352,64.60622002825195,64.66304948199273,0.31810919000417925,0.06233994700596668,character_semidihedral_no_delete,7.105427357601002e-14,25c9aacf8487078fd03158e9863c516673c0236e572b701899bebf246f2b1d0d,f38569aaad2b831b6cd3182c57e99cba757755806f570cdb3d486e72878a3861
128,4410,1,envelope,4340,66.0,65.99999999999984,0.0057990989880636334,0.0716116069961572,envelope_formula,1.4210854715202004e-14,e4c0864f1d97a1fdfa58cdc33f3414f76d99d588bea4de9c5544ab2f80fb2897,636286205a476fdd7631b19b9cba949ebb18b644959d7ee63083293edff4374d
128,4410,2,cayley,4352,64.60622002825195,64.69973869666643,0.32018312900618184,0.06245540898817126,character_semidihedral_no_delete,1.4210854715202004e-14,a0ed2a461f7380280315cef113ae1acdce203d8efcc472f2a37238a709128386,5bc2f5632c0626c579157277d8a8d725b55c4d260d094cb452b347444b223f67
128,4410,2,envelope,4340,66.0,65.99999999999984,0.005864127000677399,0.07197533200087491,envelope_formula,1.4210854715202004e-14,e4c0864f1d97a1fdfa58cdc33f3414f76d99d588bea4de9c5544ab2f80fb2897,636286205a476fdd7631b19b9cba949ebb18b644959d7ee63083293edff4374d
128,4410,3,cayley,4352,64.60622002825195,64.74225416142146,0.31890683399979025,0.062193090008804575,character_semidihedral_no_delete,5.684341886080802e-14,b44cb76a48e4d0ce3aa0d74bd3ac4a2225833b104a32fbd12b228c7aa87a660e,3fe2c2e857541140d8e7e8878f874c2995069a154d8ae4e2c2173f6e205cadc6
128,4410,3,envelope,4340,66.0,65.99999999999984,0.005652086008922197,0.07155619899276644,envelope_formula,1.4210854715202004e-14,e4c0864f1d97a1fdfa58cdc33f3414f76d99d588bea4de9c5544ab2f80fb2897,636286205a476fdd7631b19b9cba949ebb18b644959d7ee63083293edff4374d
128,4410,4,cayley,4352,64.60622002825195,64.6213770074145,0.33257953499560244,0.06271291300072335,character_semidihedral_no_delete,1.4210854715202004e-14,c1c85c3f7b5556e87fe02c0a739168f6057703020d42593eefb407fa55bc6cc4,1627adba8e6a257b6374aba694b78b4f746a5b312811e73568f9508b7ffc6c26
128,4410,4,envelope,4340,66.0,65.99999999999984,0.005700822002836503,0.0718557910004165,envelope_formula,1.4210854715202004e-14,e4c0864f1d97a1fdfa58cdc33f3414f76d99d588bea4de9c5544ab2f80fb2897,636286205a476fdd7631b19b9cba949ebb18b644959d7ee63083293edff4374d
128,4491,0,cayley,4480,66.29637425180894,66.33041683078433,0.3264965809939895,0.01744107400008943,character_semidihedral_no_delete,2.842170943040401e-14,eaa2b57be8f090702aeabdc97369f067c5e2490201eadc8d88d8750854ffb5ef,ce33474304813d9430c9d04ff204fe66078e3ebddc4a07960c22d71688543f91
128,4491,0,envelope,4453,67.0,66.9999999999999,0.0058799239923246205,0.04193687600491103,envelope_formula,9.947598300641403e-14,139735c43fd1acfe680e33eacc42d6822e4695085a698dc74b5883602d54633b,a99f538d42e45851204d63be6e04d0e212d298651868f6ed1d2f2b3d47430ea0
128,4491,1,cayley,4480,66.29637425180894,66.34359546947437,0.3328508900012821,0.01789683500828687,character_semidihedral_no_delete,1.4210854715202004e-14,2ea530f0d706c376d0f0bda75946658f72bf24c951aac7230ef80ffba24399cf,eae17b38344d66d25aeac22d48c0df9cc01eaa1157776597bc1eec059876ce18
128,4491,1,envelope,4453,67.0,66.9999999999999,0.006157481999252923,0.04198787400673609,envelope_formula,9.947598300641403e-14,139735c43fd1acfe680e33eacc42d6822e4695085a698dc74b5883602d54633b,a99f538d42e45851204d63be6e04d0e212d298651868f6ed1d2f2b3d47430ea0
128,4491,2,cayley,4480,66.23403523278819,66.26783807196846,0.32484705399838276,0.017453954002121463,character_semidihedral_no_delete,4.263256414560601e-14,34820131e02d237bb09c0ad0a93d299e1bd5ae28c40f287ff2861987fa2259d6,7c36ecd26e82e3503b0b863a9bb5c8967f6883f060a9c980d04a9b09e10bdb93
128,4491,2,envelope,4453,67.0,66.9999999999999,0.005823881001560949,0.04218151100212708,envelope_formula,9.947598300641403e-14,139735c43fd1acfe680e33eacc42d6822e4695085a698dc74b5883602d54633b,a99f538d42e45851204d63be6e04d0e212d298651868f6ed1d2f2b3d47430ea0
128,4491,3,cayley,4480,66.29637425180894,66.33911593460722,0.3339339609956369,0.01790084599633701,character_semidihedral_no_delete,5.684341886080802e-14,ed22054d7cc10354ef61c1b0361f89652fb753c074afaca892214126d944b8cf,a8dd4961ae0fca350ea25e8c0c14469633bc2b07f5efdaa7b1e1e60b60b31931
128,4491,3,envelope,4453,67.0,66.9999999999999,0.0058594680012902245,0.042041054999572225,envelope_formula,9.947598300641403e-14,139735c43fd1acfe680e33eacc42d6822e4695085a698dc74b5883602d54633b,a99f538d42e45851204d63be6e04d0e212d298651868f6ed1d2f2b3d47430ea0
128,4491,4,cayley,4480,66.29637425180894,66.3214803658629,0.3254943719948642,0.017496779008070007,character_semidihedral_no_delete,2.842170943040401e-14,e53972356a63df87b31f62c911f85513a64b9588a0c1ec4ff6b3932a640023b4,f688c3d11e1f0fc29aff21f0919ac660236a73468125db07eaf620905bb8119c
128,4491,4,envelope,4453,67.0,66.9999999999999,0.006033215002389625,0.04193857099744491,envelope_formula,9.947598300641403e-14,139735c43fd1acfe680e33eacc42d6822e4695085a698dc74b5883602d54633b,a99f538d42e45851204d63be6e04d0e212d298651868f6ed1d2f2b3d47430ea0
128,4572,0,cayley,4544,67.35918190299894,67.39868250270659,0.33463428300456144,0.0344598119991133,character_semidihedral_no_delete,1.7053025658242404e-13,b5ffcce827ce71455f6fb08d89c17ab5281fb96ea16fa359b2919710896658fe,a1d9709e3818fa5512e116b84c15284bd53f03f696b44f33976582559307c12d
128,4572,0,envelope,4560,68.0,67.99999999999982,0.0059709269989980385,0.017679773998679593,envelope_formula,4.263256414560601e-14,d7a87e6893d98bc1303deb16d6bd3456805a8cb941c5d0ddfee358b6776dc132,edaba79314a674c8fd6d58ff7515674367e08ff732ffc12d680232cf2e301934
128,4572,1,cayley,4544,67.35918190299894,67.3831143882574,0.3259145639894996,0.03425575800065417,character_semidihedral_no_delete,2.842170943040401e-14,178de02cc36925ac1e0d50166a6d28ee234b12732190e44b217daa101c545d80,b3427d47900a3ed6af704f9a9d2683d53bad72bc929bad0dbfb50341b0311ac2
128,4572,1,envelope,4560,68.0,67.99999999999982,0.00598918400646653,0.01760962799016852,envelope_formula,4.263256414560601e-14,d7a87e6893d98bc1303deb16d6bd3456805a8cb941c5d0ddfee358b6776dc132,edaba79314a674c8fd6d58ff7515674367e08ff732ffc12d680232cf2e301934
128,4572,2,cayley,4544,67.35918190299894,67.4722059757443,0.335327493987279,0.0345064889988862,character_semidihedral_no_delete,1.2789769243681803e-13,b99f0ec5839a8e0084270d6f41794f035d7625046f81f9526379af59630644ff,5aa0dadade49d6fb58940b745deceb26cb3e79bef66994e42286335211c953d3
128,4572,2,envelope,4560,68.0,67.99999999999982,0.005956127002718858,0.017722449003485963,envelope_formula,4.263256414560601e-14,d7a87e6893d98bc1303deb16d6bd3456805a8cb941c5d0ddfee358b6776dc132,edaba79314a674c8fd6d58ff7515674367e08ff732ffc12d680232cf2e301934
128,4572,3,cayley,4544,67.35918190299894,67.42008560564723,0.32542737100447994,0.034023911008262075,character_semidihedral_no_delete,4.263256414560601e-14,1d48bb7d48eced96f1bf27fe749f48b8deff8b519e9080ffd30de7259abc2f8e,bf2673b789b379dc6638d2389231f2849669f1b912d6e2423dc344d9e594c291
128,4572,3,envelope,4560,68.0,67.99999999999982,0.005901839002035558,0.017550945005496033,envelope_formula,4.263256414560601e-14,d7a87e6893d98bc1303deb16d6bd3456805a8cb941c5d0ddfee358b6776dc132,edaba79314a674c8fd6d58ff7515674367e08ff732ffc12d680232cf2e301934
128,4572,4,cayley,4544,67.35918190299894,67.38295998166815,0.3417275520041585,0.034527031995821744,character_semidihedral_no_delete,5.684341886080802e-14,37b6ce9998143a6112822bc41c2be825a2972ac30dca69cf5b881d74e2c51a2c,baf0e9458203b1227cd5cd8951ce8a7febb84afb51a4cd860b42b434e74b34f8
128,4572,4,envelope,4560,68.0,67.99999999999982,0.006051781994756311,0.017710806991090067,envelope_formula,4.263256414560601e-14,d7a87e6893d98bc1303deb16d6bd3456805a8cb941c5d0ddfee358b6776dc132,edaba79314a674c8fd6d58ff7515674367e08ff732ffc12d680232cf2e301934
128,4653,0,cayley,4608,68.1781721149885,68.37795019817531,0.3286738540045917,0.049901516002137214,character_semidihedral_no_delete,4.263256414560601e-14,74bb1ba4fd844c83f5ab3e2fde78e930458a733f852a16b085fe0b70b7c2aa9c,1b84028fe3e33f93991ff0e0e583761c4f1a9e497f5d29e27e384a8e35964f37
128,4653,0,envelope,4560,68.0,67.99999999999986,0.005968597994069569,0.09205304300121497,envelope_formula,5.684341886080802e-14,d7a87e6893d98bc1303deb16d6bd3456805a8cb941c5d0ddfee358b6776dc132,6e584f5ff467df3c082793bb843af3ab1cc1ee95912a7378fec92269e37b3970
128,4653,1,cayley,4608,68.16192210842415,68.25020878606132,0.337473665989819,0.05058131799160037,character_semidihedral_no_delete,0.0,fe0d509eed68276c9d4cab48238dd4c8e5b24a8fc29f3c5ec2b329b72f7849ba,92ca74994444ce158073643f6749774afa76040eb73c2328a0397130f8a8548e
128,4653,1,envelope,4560,68.0,67.99999999999986,0.0061601630004588515,0.09235182600968983,envelope_formula,5.684341886080802e-14,d7a87e6893d98bc1303deb16d6bd3456805a8cb941c5d0ddfee358b6776dc132,6e584f5ff467df3c082793bb843af3ab1cc1ee95912a7378fec92269e37b3970
128,4653,2,cayley,4608,68.37298421358938,68.44376595097201,0.33662855900183786,0.05077586500556208,character_semidihedral_no_delete,1.4210854715202004e-14,f56597feb61e7d2f619ed74baa3550a79097ace0e8cee5d0017e8a3398e9a508,89bb3ca32156dc722adde978598bf7347ad0c40c5ae5f62c072ef15290b47041
128,4653,2,envelope,4560,68.0,67.99999999999986,0.006056746002286673,0.09205005299008917,envelope_formula,5.684341886080802e-14,d7a87e6893d98bc1303deb16d6bd3456805a8cb941c5d0ddfee358b6776dc132,6e584f5ff467df3c082793bb843af3ab1cc1ee95912a7378fec92269e37b3970
128,4653,3,cayley,4608,68.37298421358938,68.47272051823728,0.3393902309908299,0.051028182002482936,character_semidihedral_no_delete,7.105427357601002e-14,38e35aba90af5a5b47b08a827557d0dcae2ce3021d3426658940992a8104603a,e2b31f57925f0adc47f2f2e409e957a9973be79c56430fe1a532591365c238a4
128,4653,3,envelope,4560,68.0,67.99999999999986,0.005985194002278149,0.09245595100219361,envelope_formula,5.684341886080802e-14,d7a87e6893d98bc1303deb16d6bd3456805a8cb941c5d0ddfee358b6776dc132,6e584f5ff467df3c082793bb843af3ab1cc1ee95912a7378fec92269e37b3970
128,4653,4,cayley,4608,68.1781721149885,68.33131113387823,0.3219054989895085,0.05020133098878432,character_semidihedral_no_delete,5.684341886080802e-14,71b717668006a34cc8417a642a5b95e4783d56f9d8b81f4845d0b68b901f6844,8723fffe7716482afefbcf1a07e94ff7045765a44c26ae4687b076a519e91066
128,4653,4,envelope,4560,68.0,67.99999999999986,0.006087158995796926,0.09202652600652073,envelope_formula,5.684341886080802e-14,d7a87e6893d98bc1303deb16d6bd3456805a8cb941c5d0ddfee358b6776dc132,6e584f5ff467df3c082793bb843af3ab1cc1ee95912a7378fec92269e37b3970
128,4733,0,cayley,4672,69.34805571035331,69.39929975704405,0.3266236560011748,0.0662684089911636,character_semidihedral_no_delete,1.1368683772161603e-13,60a262d7dcd68c47cc7573c7c4994997f33409ead0db2439cfe98abd03e6c7d7,b1b6a8857d34a70d3568b0a272187c492b4679cb4d5127c3bb43a7c745dd3ee5
128,4733,0,envelope,4661,69.0,68.99999999999987,0.0063354630110552534,0.07260451500769705,envelope_formula,4.263256414560601e-14,fbd651af0613c12bc20847852e2992572a5bf08621ec306065da35af0881bbe8,3139a2c39092a0bc8717d03ca5e7bc47c91d928fa3ee8962cea5eabe9cf76000
128,4733,1,cayley,4672,69.05505270816654,69.27270636906205,0.3334138000063831,0.06575107699609362,character_semidihedral_no_delete,9.947598300641403e-14,bc2bac396f24a7ea01c353d33dc108b3827375ff7387e3c2db99a7a1ad6189b2,17151069228c0c732d42df6808b8dda791516492097a69269c25a9474f9cb52d
128,4733,1,envelope,4661,69.0,68.99999999999987,0.006272409998928197,0.07305025099776685,envelope_formula,4.263256414560601e-14,fbd651af0613c12bc20847852e2992572a5bf08621ec306065da35af0881bbe8,3139a2c39092a0bc8717d03ca5e7bc47c91d928fa3ee8962cea5eabe9cf76000
128,4733,2,cayley,4672,69.18151326663248,69.41581537293685,0.33807740100019146,0.06587761599803343,character_semidihedral_no_delete,1.4210854715202004e-14,f7ecb71194d3253f5235bef239eb3b6cf0b032c857ee6bcd48763c5bf433b458,41b4c72e5efebdc1aacec907d2373af476bcdf9a02114a67cbc7949f933151aa
128,4733,2,envelope,4661,69.0,68.99999999999987,0.006300729000940919,0.07290685499901883,envelope_formula,4.263256414560601e-14,fbd651af0613c12bc20847852e2992572a5bf08621ec306065da35af0881bbe8,3139a2c39092a0bc8717d03ca5e7bc47c91d928fa3ee8962cea5eabe9cf76000
128,4733,3,cayley,4672,69.3150958331959,69.38059864297378,0.3384194210084388,0.06587854199460708,character_semidihedral_no_delete,2.842170943040401e-14,724dd8fc122e042fc1d7c6f6b65eb462ce3e325b53e5eb47b1ec2a9a2ab822cc,150176a619d533edcaab8ad902036338979ffb42ca9f81a2cb683e223fb528f7
128,4733,3,envelope,4661,69.0,68.99999999999987,0.006214053995790891,0.07273952399555128,envelope_formula,4.263256414560601e-14,fbd651af0613c12bc20847852e2992572a5bf08621ec306065da35af0881bbe8,3139a2c39092a0bc8717d03ca5e7bc47c91d928fa3ee8962cea5eabe9cf76000
128,4733,4,cayley,4672,69.34805571035331,69.44581909145425,0.33307719200092833,0.0652626739902189,character_semidihedral_no_delete,5.684341886080802e-14,3b624e52fb005cac59552debf62a2f93a18b6d96a05dc4549aa978794cef7c8b,4b179eeace9be37b7e33b6083573eb9390e480ea015de3f3a851d2337a2c9816
128,4733,4,envelope,4661,69.0,68.99999999999987,0.006195039008161984,0.07245823000266682,envelope_formula,4.263256414560601e-14,fbd651af0613c12bc20847852e2992572a5bf08621ec306065da35af0881bbe8,3139a2c39092a0bc8717d03ca5e7bc47c91d928fa3ee8962cea5eabe9cf76000
128,4814,0,cayley,4800,71.2259203093557,71.24210174904897,0.33299321300000884,0.020595257010427304,character_semidihedral_no_delete,1.4210854715202004e-14,979e245d237384434200f1b609e17c1c903e6d2d77f8ef93b3e963fe1cb7e4fa,09323d70482d0724677a145adb057e41ac471576da2ec52c7723b3a7a9912b7d
128,4814,0,envelope,4756,70.0,69.99999999999982,0.006333744007861242,0.05978229999891482,envelope_formula,2.842170943040401e-14,12e0def7364a81e30ca37fa2ffdac24a06aae3083401661434f434fa69a9f599,8d028d6a534383accb9e6c15c1fab486e346ccdf2bbf22c72672a9a32bb0ab6c
128,4814,1,cayley,4800,71.2259203093557,71.28159382037525,0.33866154799761716,0.021013297999161296,character_semidihedral_no_delete,7.105427357601002e-14,7913ccbdcf7f17ef9b441999f043f7c61b14299b78172a164409773857fcbc8d,97369830c125f8e7a1ece1e99a809e07fc1ebfb79cbeeb6d210e91f49a29bf09
128,4814,1,envelope,4756,70.0,69.99999999999982,0.006542657007230446,0.05972452300193254,envelope_formula,2.842170943040401e-14,12e0def7364a81e30ca37fa2ffdac24a06aae3083401661434f434fa69a9f599,8d028d6a534383accb9e6c15c1fab486e346ccdf2bbf22c72672a9a32bb0ab6c
128,4814,2,cayley,4800,71.43128111297048,71.46270080254168,0.3377081740036374,0.020894995992421173,character_semidihedral_no_delete,0.0,b1617bd356181e09195e5b243efd272fa41ce8c4d81460f5145dc97ec5eeec31,089698b3f7ee96e7b733be42df59587574c7013a0ab03342bd5c14419ea63501
128,4814,2,envelope,4756,70.0,69.99999999999982,0.00630687500233762,0.059835680993273854,envelope_formula,2.842170943040401e-14,12e0def7364a81e30ca37fa2ffdac24a06aae3083401661434f434fa69a9f599,8d028d6a534383accb9e6c15c1fab486e346ccdf2bbf22c72672a9a32bb0ab6c
128,4814,3,cayley,4800,71.17157287525382,71.19035943384536,0.32617784799367655,0.020472691001486965,character_semidihedral_no_delete,8.526512829121202e-14,b151d947425848263b5113790596823f332c9397a7bddc785c53cd6fdad431b3,b433b3b47ebf141fdd093fdd489313086564868dd287c8803459104d4d28288e
128,4814,3,envelope,4756,70.0,69.99999999999982,0.006206074001966044,0.06002612599695567,envelope_formula,2.842170943040401e-14,12e0def7364a81e30ca37fa2ffdac24a06aae3083401661434f434fa69a9f599,8d028d6a534383accb9e6c15c1fab486e346ccdf2bbf22c72672a9a32bb0ab6c
128,4814,4,cayley,4800,71.2259203093557,71.28946700562913,0.3236500659986632,0.020482995998463593,character_semidihedral_no_delete,0.0,ba4b1b2a6ee70dd840ea32d1b88d9a0141fda5b4cb857f5fb338f5fc9f6d8a97,02c5400bc82d153ef9cd2dd38d94336586bf074e2f7e6d0e8f2f51104d08b0d3
128,4814,4,envelope,4756,70.0,69.99999999999982,0.006290888995863497,0.059801523995702155,envelope_formula,2.842170943040401e-14,12e0def7364a81e30ca37fa2ffdac24a06aae3083401661434f434fa69a9f599,8d028d6a534383accb9e6c15c1fab486e346ccdf2bbf22c72672a9a32bb0ab6c
128,4895,0,cayley,4864,71.88649249810663,71.97799996758054,0.3343279370019445,0.036915770993800834,character_semidihedral_no_delete,4.263256414560601e-14,63365a345ef1fb7a99d0b5ba943c5d8101dc10b411e660d8002fb7479d8d6227,b878cd50b9aff718f250fb99d0ed48545ee45b246f75a07794f21f5902f58044
128,4895,0,envelope,4845,71.0,70.99999999999984,0.006684863998088986,0.05263200400804635,envelope_formula,4.263256414560601e-14,87ef2ed8db704f56507fb9d430c3a2941cad19822b6a82814156502e5fcfa537,cfe314c82ee96aa1eaf2aa6ecc6ba56c335efbea8d233047288c41eb17666020
128,4895,1,cayley,4864,71.88931061307225,72.02891849855014,0.3389442379993852,0.03741896399878897,character_semidihedral_no_delete,4.263256414560601e-14,ee2d2003312ac503d87b2140791349be171d031bf34f0c0fa01946362e93e099,af8b78e36d70a2fc794c0fbd2306b91f7ec41a2f927085b6f3cfa48c2bdcca79
128,4895,1,envelope,4845,71.0,70.99999999999984,0.0066901909885928035,0.05258472998684738,envelope_formula,4.263256414560601e-14,87ef2ed8db704f56507fb9d430c3a2941cad19822b6a82814156502e5fcfa537,cfe314c82ee96aa1eaf2aa6ecc6ba56c335efbea8d233047288c41eb17666020
128,4895,2,cayley,4864,72.0,72.21472816438693,0.32683239100151695,0.037117191997822374,character_semidihedral_no_delete,0.0,8857b35262c885357a89faa23de05ef590865b0e3c4971650d870d3635dc1305,fa799edac7567c18c4f4bb144bcbda665569030453b5f7ca5d769c9689b4a468
128,4895,2,envelope,4845,71.0,70.99999999999984,0.006390345995896496,0.05236182401131373,envelope_formula,4.263256414560601e-14,87ef2ed8db704f56507fb9d430c3a2941cad19822b6a82814156502e5fcfa537,cfe314c82ee96aa1eaf2aa6ecc6ba56c335efbea8d233047288c41eb17666020
128,4895,3,cayley,4864,72.0,72.0840147226562,0.327759148000041,0.03713504799816292,character_semidihedral_no_delete,4.263256414560601e-14,b0ff33b37568dc492cf8e132d7c432fa8b125382aee7827a0e4629455b3126af,019cdbcc1f3a52927394183832fe0a7301d5f885c8372fa8847dea294a39ac5b
128,4895,3,envelope,4845,71.0,70.99999999999984,0.00649018501280807,0.052435218007303774,envelope_formula,4.263256414560601e-14,87ef2ed8db704f56507fb9d430c3a2941cad19822b6a82814156502e5fcfa537,cfe314c82ee96aa1eaf2aa6ecc6ba56c335efbea8d233047288c41eb17666020
128,4895,4,cayley,4864,72.0,72.05686866420736,0.3438042990019312,0.037414906997582875,character_semidihedral_no_delete,1.4210854715202004e-14,8c7ac34341a969060f0d6e15b91c5b5651710c0e488954069d5fa2193c615cc7,55742e83401e6b9e579e559b424aa7942d5efa4b2b607811cf73d953af5d1038
128,4895,4,envelope,4845,71.0,70.99999999999984,0.006418727003620006,0.05252032799762674,envelope_formula,4.263256414560601e-14,87ef2ed8db704f56507fb9d430c3a2941cad19822b6a82814156502e5fcfa537,cfe314c82ee96aa1eaf2aa6ecc6ba56c335efbea8d233047288c41eb17666020
128,4976,0,cayley,4953,73.22151627921663,73.28883649116337,0.31777975099976175,0.02950805200089235,dense_subset_laplacian,4.263256414560601e-14,f6c6f22c3e1da81a3a815d08c307343730ca6b0685714c56f95b0be9f8a23e3e,12d263af02a4a298705d6be5f1c72e493bd163918c03b1e18aff817f7041e124
128,4976,0,envelope,4928,72.0,71.99999999999982,0.006619359002797864,0.051725072000408545,envelope_formula,1.4210854715202004e-14,074599ed83dcd511790321b7a6e3cb013bd27f8ea0d3ee564bac3d65c099511b,e55539c9481fea24d7938118fadd8d8b4c40b681508ccec30347e904abf02761
128,4976,1,cayley,4953,73.1499936131683,73.1873961561691,0.3170484410075005,0.030005673004779965,dense_subset_laplacian,0.0,7fa831c8de9e6d912618373076370dca10b9eb645322be7fbc0a12fe8c1d5c21,18074e6c636e73b4f41ee915a4b07414be86abc46542f3de6f1bd0d0d71f7943
128,4976,1,envelope,4928,72.0,71.99999999999982,0.006806695993873291,0.05176519800443202,envelope_formula,1.4210854715202004e-14,074599ed83dcd511790321b7a6e3cb013bd27f8ea0d3ee564bac3d65c099511b,e55539c9481fea24d7938118fadd8d8b4c40b681508ccec30347e904abf02761
128,4976,2,cayley,4953,73.2396072168634,73.25149143919846,0.31626557299750857,0.029572624000138603,dense_subset_laplacian,7.105427357601002e-14,60548a119c355a288c87b7aa19b767e83ddc94f78a839c75e63f605e01e1b0a9,92f5bdb34e2dd872bf4f7c65d54212cc675a3e79e8ee8a58b2bd7190975d8c29
128,4976,2,envelope,4928,72.0,71.99999999999982,0.006676381002762355,0.05160908399557229,envelope_formula,1.4210854715202004e-14,074599ed83dcd511790321b7a6e3cb013bd27f8ea0d3ee564bac3d65c099511b,e55539c9481fea24d7938118fadd8d8b4c40b681508ccec30347e904abf02761
128,4976,3,cayley,4953,73.6411528164008,73.67465819168434,0.3248921570047969,0.02960370000801049,dense_subset_laplacian,2.842170943040401e-14,e87ba48f8b01d97e273d2d8db60a1c70d96f59a6608ed65a93aa0a5e26e2b207,83ee23e0d6f2ccb8db22c84e71cfc55fcfb39d14734ef99200a49f260f510110
128,4976,3,envelope,4928,72.0,71.99999999999982,0.006404908999684267,0.0517897989921039,envelope_formula,1.4210854715202004e-14,074599ed83dcd511790321b7a6e3cb013bd27f8ea0d3ee564bac3d65c099511b,e55539c9481fea24d7938118fadd8d8b4c40b681508ccec30347e904abf02761
128,4976,4,cayley,4953,73.1303278752881,73.15332778581536,0.3093875949998619,0.029599974004668184,dense_subset_laplacian,0.0,7f231e7745cd76936b85c5b6e5e3e78d983d92dfadf04aaaac5ecd6250963efa,70b6a467888ed09055012a6538e87b97745e459ceefab868547e118c94d9de0e
128,4976,4,envelope,4928,72.0,71.99999999999982,0.006676553006400354,0.05161490000318736,envelope_formula,1.4210854715202004e-14,074599ed83dcd511790321b7a6e3cb013bd27f8ea0d3ee564bac3d65c099511b,e55539c9481fea24d7938118fadd8d8b4c40b681508ccec30347e904abf02761
128,5057,0,cayley,4953,73.22151627921663,73.44863961597223,0.31069610100530554,0.10905345599167049,dense_subset_laplacian,2.842170943040401e-14,f6c6f22c3e1da81a3a815d08c307343730ca6b0685714c56f95b0be9f8a23e3e,350d207d5b3178af8d6442b7e4f28d759d303fe7a09b164b61cc60968456c1de
128,5057,0,envelope,5005,73.0,72.99999999999984,0.006598042993573472,0.05644766100158449,envelope_formula,4.263256414560601e-14,da11450933bf6a71f7deab7726bcd84d5cd3dd5faca21cd76684135ed3cc97d1,7c3a538c95fe9c69c3652ac22e9da7c91d73b46d1a690626baa2dc83cbe0bbe6
128,5057,1,cayley,4953,73.1499936131683,73.22950376192911,0.5033788720029406,0.10962513700360432,dense_subset_laplacian,4.263256414560601e-14,7fa831c8de9e6d912618373076370dca10b9eb645322be7fbc0a12fe8c1d5c21,ce6f82c6b24eb84b34c04fb67dc3c180298065e618e1412668f12f7384d3790f
128,5057,1,envelope,5005,73.0,72.99999999999984,0.006991027999902144,0.0564480850007385,envelope_formula,4.263256414560601e-14,da11450933bf6a71f7deab7726bcd84d5cd3dd5faca21cd76684135ed3cc97d1,7c3a538c95fe9c69c3652ac22e9da7c91d73b46d1a690626baa2dc83cbe0bbe6
128,5057,2,cayley,4953,73.2396072168634,73.31875129202528,0.31521139400138054,0.10952145500050392,dense_subset_laplacian,1.4210854715202004e-14,60548a119c355a288c87b7aa19b767e83ddc94f78a839c75e63f605e01e1b0a9,1382b6e8ff3c93a4345c70dad63f15ebb1570927d95a779cf0cc18651beac5fc
128,5057,2,envelope,5005,73.0,72.99999999999984,0.0066600949940038845,0.05647670099278912,envelope_formula,4.263256414560601e-14,da11450933bf6a71f7deab7726bcd84d5cd3dd5faca21cd76684135ed3cc97d1,7c3a538c95fe9c69c3652ac22e9da7c91d73b46d1a690626baa2dc83cbe0bbe6
128,5057,3,cayley,4953,73.6411528164008,73.79630472934757,0.3141057519969763,0.10932590199809056,dense_subset_laplacian,1.4210854715202004e-14,e87ba48f8b01d97e273d2d8db60a1c70d96f59a6608ed65a93aa0a5e26e2b207,ee4d807aa4b157af99ea580693391d81c55cc90e5fd490f312ccf080e015491e
128,5057,3,envelope,5005,73.0,72.99999999999984,0.006661883002379909,0.05655751501035411,envelope_formula,4.263256414560601e-14,da11450933bf6a71f7deab7726bcd84d5cd3dd5faca21cd76684135ed3cc97d1,7c3a538c95fe9c69c3652ac22e9da7c91d73b46d1a690626baa2dc83cbe0bbe6
128,5057,4,cayley,4953,73.1303278752881,73.17984358705097,0.31163140799617395,0.10962130199186504,dense_subset_laplacian,5.684341886080802e-14,7f231e7745cd76936b85c5b6e5e3e78d983d92dfadf04aaaac5ecd6250963efa,eb26e31b788b7fd90988d9f0d53cc11db0bdef36567843e665a6d20c4ca95435
128,5057,4,envelope,5005,73.0,72.99999999999984,0.0068256049999035895,0.056561936013167724,envelope_formula,4.263256414560601e-14,da11450933bf6a71f7deab7726bcd84d5cd3dd5faca21cd76684135ed3cc97d1,7c3a538c95fe9c69c3652ac22e9da7c91d73b46d1a690626baa2dc83cbe0bbe6
128,5137,0,cayley,5080,76.26379535703562,76.26481574957062,0.3138172650069464,0.06307260500034317,dense_subset_laplacian,4.263256414560601e-14,dccc441e366084033d5da71ad9732dcf618b2ad1ba88c6c82af4a6f86546b0f9,a2a52d2c29529b21bf59a0e1c6481140fcd8b529df5e2283ae5c0908f9d42938
128,5137,0,envelope,5076,74.0,73.99999999999987,0.006691373011562973,0.06521031999727711,envelope_formula,1.7053025658242404e-13,61628f446c30c8237d6bc688eb3fda94bbe593245f00c67f16baff83962074d2,533d7999197f228393fa5374ca153a278c7ac13e75ea7e9a1ab5e17a5bd02a7f
128,5137,1,cayley,5080,76.29471616707933,76.29671228969038,0.310627717000898,0.0634085519996006,dense_subset_laplacian,7.105427357601002e-14,95af7a5bc17fc8c3965f9a23d81ce7b8adb75fd797b040a3b16a3e5f3a93ebf7,806445cf6b2c2d6cdba67c2083197b778cba2739a5d12ed5f24ff608dd959794
128,5137,1,envelope,5076,74.0,73.99999999999987,0.00683320099778939,0.06537691099219956,envelope_formula,1.7053025658242404e-13,61628f446c30c8237d6bc688eb3fda94bbe593245f00c67f16baff83962074d2,533d7999197f228393fa5374ca153a278c7ac13e75ea7e9a1ab5e17a5bd02a7f
128,5137,2,cayley,5080,76.29471616707936,76.29663378354981,0.30762607300130185,0.06309918900660705,dense_subset_laplacian,2.842170943040401e-14,c36336ca4bdd69a41e1b4895d411c60ec6c2351048a19eb464ceb29377539ab7,97176a8fceb0238f1ce0be6ab9979a43d21f1a185862f0ec0b727fd100b51a9f
128,5137,2,envelope,5076,74.0,73.99999999999987,0.006887141003971919,0.06530256400583312,envelope_formula,1.7053025658242404e-13,61628f446c30c8237d6bc688eb3fda94bbe593245f00c67f16baff83962074d2,533d7999197f228393fa5374ca153a278c7ac13e75ea7e9a1ab5e17a5bd02a7f
128,5137,3,cayley,5080,76.22556593464061,76.23331007103859,0.3119220660009887,0.06283341400558129,dense_subset_laplacian,0.0,bf00efd10b8dbb2a44189add069142d1c45e396fc02c889e544c1b695fb865c0,33e04a6d9708337c1f02c8401986b04b5bc1b22d700d3e811411dfc59077c5ae
128,5137,3,envelope,5076,74.0,73.99999999999987,0.006655533012235537,0.06498658399505075,envelope_formula,1.7053025658242404e-13,61628f446c30c8237d6bc688eb3fda94bbe593245f00c67f16baff83962074d2,533d7999197f228393fa5374ca153a278c7ac13e75ea7e9a1ab5e17a5bd02a7f
128,5137,4,cayley,5080,76.26379535703562,76.2644914241403,0.3112974779942306,0.06309660300030373,dense_subset_laplacian,7.105427357601002e-14,78ab59e026b82f3019336c1b6f183e6d7f04da701c170a6992c6ba7f3352fa36,1215af48d9f3b8fedd1dbac3bd43a197cbb44b7a682af272615b13c637b15a63
128,5137,4,envelope,5076,74.0,73.99999999999987,0.006649062008364126,0.06505455600563437,envelope_formula,1.7053025658242404e-13,61628f446c30c8237d6bc688eb3fda94bbe593245f00c67f16baff83962074d2,533d7999197f228393fa5374ca153a278c7ac13e75ea7e9a1ab5e17a5bd02a7f
128,5218,0,cayley,5207,78.9576182046073,78.96793497709042,0.25627969100605696,0.017679028998827562,dense_subset_laplacian,1.4210854715202004e-14,57ea6d0c4cebf464a0082f16343b8c779dbf52d6685e75452fe06381d1ae1b9c,abf0532d60243420037a5a013a84f947cf9d2181ba3d2a55044a2641baacea79
128,5218,0,envelope,5200,76.0,75.99999999999987,0.006804970995290205,0.02347437900607474,envelope_formula,1.1368683772161603e-13,7520e04fb420c5b169e9515b9f67a015a221a30bf5d0e1c2f1a6614db57bc303,0a69203444d6cd2f4e7d5b718cd7ed8926773527a12e326621b39f64ac528e64
128,5218,1,cayley,5207,78.95761820460727,78.95785794637764,0.26452436301042326,0.017644683990511112,dense_subset_laplacian,7.105427357601002e-14,7775093889b021ac3f33316f905adcde1f0521a55aaef64236ec595ca4548e94,ea413d96f53008f507fb6b7b3d673b6f27340fbff894d9583ace55fde57c21b5
128,5218,1,envelope,5200,76.0,75.99999999999987,0.006918405997566879,0.02344697499938775,envelope_formula,1.1368683772161603e-13,7520e04fb420c5b169e9515b9f67a015a221a30bf5d0e1c2f1a6614db57bc303,0a69203444d6cd2f4e7d5b718cd7ed8926773527a12e326621b39f64ac528e64
128,5218,2,cayley,5207,78.95761820460733,78.96350100721328,0.25915379700018093,0.017656939002336003,dense_subset_laplacian,0.0,c053c1ed102760a9029788a0e205ba15d0f2648977cfb6ff4510cb17c6e9c258,4a9e3ba9c5739e1805fbbe3959aa67e67270650d0e7f76bb386953087c4dc609
128,5218,2,envelope,5200,76.0,75.99999999999987,0.006801615993026644,0.023522639996372163,envelope_formula,1.1368683772161603e-13,7520e04fb420c5b169e9515b9f67a015a221a30bf5d0e1c2f1a6614db57bc303,0a69203444d6cd2f4e7d5b718cd7ed8926773527a12e326621b39f64ac528e64
128,5218,3,cayley,5207,78.9576182046073,78.96351808554293,0.2607434909878066,0.017729141996824183,dense_subset_laplacian,0.0,957457df0db012c199027bc85da1b7dbb271492300049778ce175c36d8078d7f,cd3e0367133e50100a965e83e38fcd1f887838f91da7c2127f70de289610132b
128,5218,3,envelope,5200,76.0,75.99999999999987,0.00673731199640315,0.023465584992663935,envelope_formula,1.1368683772161603e-13,7520e04fb420c5b169e9515b9f67a015a221a30bf5d0e1c2f1a6614db57bc303,0a69203444d6cd2f4e7d5b718cd7ed8926773527a12e326621b39f64ac528e64
128,5218,4,cayley,5207,78.95761820460727,78.96578644628325,0.2575932529871352,0.017676789007964544,dense_subset_laplacian,5.684341886080802e-14,bbaba6ba9652e3794bfe65aca6910bec089b7aa869ac39edc268f4eba4d19094,17cbd6582d586b56db5e2a62255e13bc8e3766786f2f466cc96133e916efe633
128,5218,4,envelope,5200,76.0,75.99999999999987,0.006809384998632595,0.023486425998271443,envelope_formula,1.1368683772161603e-13,7520e04fb420c5b169e9515b9f67a015a221a30bf5d0e1c2f1a6614db57bc303,0a69203444d6cd2f4e7d5b718cd7ed8926773527a12e326621b39f64ac528e64
128,5299,0,cayley,5207,78.9576182046073,79.00066582501289,0.260366703994805,0.0972409430105472,dense_subset_laplacian,0.0,57ea6d0c4cebf464a0082f16343b8c779dbf52d6685e75452fe06381d1ae1b9c,e4c61a5a2943db70b02a8340fa85eb96b59b096a4d80299f6847ce2334b32a81
128,5299,0,envelope,5253,77.0,76.99999999999984,0.0069474529882427305,0.05069764799554832,envelope_formula,9.947598300641403e-14,7cabb96a908d4a3cb43cf2a4b94d2c80eae94f99565ffd6875161c615754e14f,15ae241662d7e0f337d80cf796fbf53b941575263637b5c69f25dd7114dbbde7
128,5299,1,cayley,5207,78.95761820460727,78.98923257696329,0.26379502200870775,0.09729267000511754,dense_subset_laplacian,1.4210854715202004e-14,7775093889b021ac3f33316f905adcde1f0521a55aaef64236ec595ca4548e94,80a6bceee08e580387651ce8f5fe290bb68fdd3bc6b806ab04257d9f6b1e71ab
128,5299,1,envelope,5253,77.0,76.99999999999984,0.006833916006144136,0.050669896008912474,envelope_formula,9.947598300641403e-14,7cabb96a908d4a3cb43cf2a4b94d2c80eae94f99565ffd6875161c615754e14f,15ae241662d7e0f337d80cf796fbf53b941575263637b5c69f25dd7114dbbde7
128,5299,2,cayley,5207,78.95761820460733,78.97555412719468,0.2591472589992918,0.09710501099471003,dense_subset_laplacian,4.263256414560601e-14,c053c1ed102760a9029788a0e205ba15d0f2648977cfb6ff4510cb17c6e9c258,36ca2b96e9b271065d1552acb6c38af37ba85fc4d23474dcc623fe40012c0b5b
128,5299,2,envelope,5253,77.0,76.99999999999984,0.006944267996004783,0.050483131999499165,envelope_formula,9.947598300641403e-14,7cabb96a908d4a3cb43cf2a4b94d2c80eae94f99565ffd6875161c615754e14f,15ae241662d7e0f337d80cf796fbf53b941575263637b5c69f25dd7114dbbde7
128,5299,3,cayley,5207,78.9576182046073,78.97564988795715,0.2617708829930052,0.09708832499745768,dense_subset_laplacian,0.0,957457df0db012c199027bc85da1b7dbb271492300049778ce175c36d8078d7f,8f6dc498fb559de7a094d1b3be33eb5ce3919e408322606a51b2d158b41f2249
128,5299,3,envelope,5253,77.0,76.99999999999984,0.006903351008077152,0.050653244004934095,envelope_formula,9.947598300641403e-14,7cabb96a908d4a3cb43cf2a4b94d2c80eae94f99565ffd6875161c615754e14f,15ae241662d7e0f337d80cf796fbf53b941575263637b5c69f25dd7114dbbde7
128,5299,4,cayley,5207,78.95761820460727,79.00115693076363,0.2564288919966202,0.09700889300438575,dense_subset_laplacian,1.4210854715202004e-14,bbaba6ba9652e3794bfe65aca6910bec089b7aa869ac39edc268f4eba4d19094,97990385735d9a6534bf51abbce8e8c5160e193cf0c34b6f247510d6f7b3e901
128,5299,4,envelope,5253,77.0,76.99999999999984,0.007074813998769969,0.05061704499530606,envelope_formula,9.947598300641403e-14,7cabb96a908d4a3cb43cf2a4b94d2c80eae94f99565ffd6875161c615754e14f,15ae241662d7e0f337d80cf796fbf53b941575263637b5c69f25dd7114dbbde7
128,5380,0,cayley,5334,81.99999999999987,81.99999999999979,0.05703377799363807,0.05151777999708429,dense_subset_laplacian,4.263256414560601e-14,5b1334400c7061f94ed79df81541b02af33823f1bfea5ed5c86dae24f83eff76,6d0b9bb05733f07b845687982aee0319c3cc062fa98957eed1bc42d9840323b6
128,5380,0,envelope,5376,80.0,79.99999999999979,0.006830536003690213,0.009711188002256677,envelope_formula,1.4210854715202004e-14,2f631dadc0d9ce03107aa89bf89a431045c899473f20a5768028aa5b991d9dac,b673d7954637735124b166bb7350becea661fb69c7ce094785f048b11c6768f9
128,5380,1,cayley,5334,81.99999999999982,81.99999999999982,0.05461927100259345,0.05136050200962927,dense_subset_laplacian,7.105427357601002e-14,574165a81cc043ea42019df760ba03e619877de642cb9627609c8bb196610be6,9b54bb7797dacfdc4244e644a03bda151e197e9fafbd4e5ce3bef35a39134b83
128,5380,1,envelope,5376,80.0,79.99999999999979,0.006758046001777984,0.009659464994911104,envelope_formula,1.4210854715202004e-14,2f631dadc0d9ce03107aa89bf89a431045c899473f20a5768028aa5b991d9dac,b673d7954637735124b166bb7350becea661fb69c7ce094785f048b11c6768f9
128,5380,2,cayley,5334,81.99999999999987,81.99999999999979,0.05467532901093364,0.051271186996018514,dense_subset_laplacian,4.263256414560601e-14,5b1334400c7061f94ed79df81541b02af33823f1bfea5ed5c86dae24f83eff76,6d0b9bb05733f07b845687982aee0319c3cc062fa98957eed1bc42d9840323b6
128,5380,2,envelope,5376,80.0,79.99999999999979,0.0068076300085522234,0.009770150005351752,envelope_formula,1.4210854715202004e-14,2f631dadc0d9ce03107aa89bf89a431045c899473f20a5768028aa5b991d9dac,b673d7954637735124b166bb7350becea661fb69c7ce094785f048b11c6768f9
128,5380,3,cayley,5334,81.99999999999989,81.99999999999984,0.05471160299202893,0.05114839499583468,dense_subset_laplacian,1.4210854715202004e-14,32bfbb842c6a5119362be56a2f6d58f4dcc518798dde5d0f2c5cbe2f94952fc6,51754d6e012399e870cbebfc5511effec12c4ba1628a81e27268ddeab98db8a0
128,5380,3,envelope,5376,80.0,79.99999999999979,0.007083849006448872,0.009706034004921094,envelope_formula,1.4210854715202004e-14,2f631dadc0d9ce03107aa89bf89a431045c899473f20a5768028aa5b991d9dac,b673d7954637735124b166bb7350becea661fb69c7ce094785f048b11c6768f9
128,5380,4,cayley,5334,81.9999999999999,81.99999999999982,0.05485176300862804,0.051745653996476904,dense_subset_laplacian,0.0,b54f6214fd0fcbb1c2d8606dca64c4661497d10f480e1460893760cea1b6e8d7,5a39407df4b00bd94bc61ea2edf5c55b2f765cd2be24ec469038a242599c690c
128,5380,4,envelope,5376,80.0,79.99999999999979,0.00703566700394731,0.009680684001068585,envelope_formula,1.4210854715202004e-14,2f631dadc0d9ce03107aa89bf89a431045c899473f20a5768028aa5b991d9dac,b673d7954637735124b166bb7350becea661fb69c7ce094785f048b11c6768f9
128,5461,0,cayley,5461,84.99999999999982,84.99999999999982,0.032912914000917226,0.0008837039931677282,dense_subset_laplacian,0.0,34b1bb8a048429504fb6409f23f44d125d5d0fc915165888e1f51318e121aca4,34b1bb8a048429504fb6409f23f44d125d5d0fc915165888e1f51318e121aca4
128,5461,0,envelope,5461,85.0,84.99999999999984,0.006931502997758798,0.0008678830054122955,envelope_formula,0.0,11c50ca6c3f243e51f3561d5565d3f02e40d83c375941b41a8a6212aac4d83a2,11c50ca6c3f243e51f3561d5565d3f02e40d83c375941b41a8a6212aac4d83a2
128,5461,1,cayley,5461,84.99999999999982,84.99999999999982,0.03224160100216977,0.0008822879899526015,dense_subset_laplacian,4.263256414560601e-14,33351320fc208aa82609a43ea0a111fd76e3dfa2a37fdd1a7e11a41940b980da,33351320fc208aa82609a43ea0a111fd76e3dfa2a37fdd1a7e11a41940b980da
128,5461,1,envelope,5461,85.0,84.99999999999984,0.00699873200210277,0.0008583150047343224,envelope_formula,0.0,11c50ca6c3f243e51f3561d5565d3f02e40d83c375941b41a8a6212aac4d83a2,11c50ca6c3f243e51f3561d5565d3f02e40d83c375941b41a8a6212aac4d83a2
128,5461,2,cayley,5461,84.99999999999982,84.99999999999982,0.03241065100883134,0.0008947779861046001,dense_subset_laplacian,0.0,34b1bb8a048429504fb6409f23f44d125d5d0fc915165888e1f51318e121aca4,34b1bb8a048429504fb6409f23f44d125d5d0fc915165888e1f51318e121aca4
128,5461,2,envelope,5461,85.0,84.99999999999984,0.0070123020122991875,0.0008758659969316795,envelope_formula,0.0,11c50ca6c3f243e51f3561d5565d3f02e40d83c375941b41a8a6212aac4d83a2,11c50ca6c3f243e51f3561d5565d3f02e40d83c375941b41a8a6212aac4d83a2
128,5461,3,cayley,5461,84.99999999999979,84.99999999999979,0.032225554998149164,0.0008755519957048818,dense_subset_laplacian,0.0,1758f7939d2a51cbfa49fe6cf99eb6b2bbcf272a368c7ae9892354f7e5c3e8ae,1758f7939d2a51cbfa49fe6cf99eb6b2bbcf272a368c7ae9892354f7e5c3e8ae
128,5461,3,envelope,5461,85.0,84.99999999999984,0.007031860004644841,0.0008687899971846491,envelope_formula,0.0,11c50ca6c3f243e51f3561d5565d3f02e40d83c375941b41a8a6212aac4d83a2,11c50ca6c3f243e51f3561d5565d3f02e40d83c375941b41a8a6212aac4d83a2
128,5461,4,cayley,5461,84.99999999999979,84.99999999999979,0.03220925299683586,0.000880809995578602,dense_subset_laplacian,2.842170943040401e-14,672a5d8bc13d7eac5137d24b059c1dc38f3d4ace004eaf3e443f3760ecc0c848,672a5d8bc13d7eac5137d24b059c1dc38f3d4ace004eaf3e443f3760ecc0c848
128,5461,4,envelope,5461,85.0,84.99999999999984,0.007049842999549583,0.0008666930079925805,envelope_formula,0.0,11c50ca6c3f243e51f3561d5565d3f02e40d83c375941b41a8a6212aac4d83a2,11c50ca6c3f243e51f3561d5565d3f02e40d83c375941b41a8a6212aac4d83a2
128,5541,0,cayley,5504,81.42530350944078,81.60807770987924,0.022320137009955943,0.04097580201050732,character_cyclic_no_delete,2.842170943040401e-14,ffa0504db338772356b1f95df59591d1ea717ecccc462fd1eab726f84602322e,183ffa35e25f3758f933906fa381373917a08856ffddff21eb4253dcbdfa2940
128,5541,0,envelope,5461,85.0,84.99999999999984,0.006978493998758495,0.08359538699733093,envelope_formula,2.842170943040401e-14,11c50ca6c3f243e51f3561d5565d3f02e40d83c375941b41a8a6212aac4d83a2,34d802177d0dd4f7fbd1dbbc919021b2273282ad2f28bf8f713fec5bb46f46e4
128,5541,1,cayley,5504,81.893968970018,82.01815429954121,0.022230848000617698,0.04071026800374966,character_cyclic_no_delete,2.842170943040401e-14,90181937fd74e49a74013eb0f79a6df143c1cd7d079dc250078eab67964ba051,8d7f697fb700ee510159737a16d0eec7894c78d77002a7d0b340bf10cee1e05e
128,5541,1,envelope,5461,85.0,84.99999999999984,0.006920450003235601,0.08384480199310929,envelope_formula,2.842170943040401e-14,11c50ca6c3f243e51f3561d5565d3f02e40d83c375941b41a8a6212aac4d83a2,34d802177d0dd4f7fbd1dbbc919021b2273282ad2f28bf8f713fec5bb46f46e4
128,5541,2,cayley,5504,81.4057301841774,81.56138801289522,0.0226462559949141,0.04080953299126122,character_cyclic_no_delete,4.263256414560601e-14,c7486124dbd8694c01c95851df408e722ec5f46d585be4b92b656a71352bd436,ed6b58049b34f74a5d0e409e56c24bf4b1263deae3b5f97048be0dea444c8c53
128,5541,2,envelope,5461,85.0,84.99999999999984,0.006901831991854124,0.08375555099337362,envelope_formula,2.842170943040401e-14,11c50ca6c3f243e51f3561d5565d3f02e40d83c375941b41a8a6212aac4d83a2,34d802177d0dd4f7fbd1dbbc919021b2273282ad2f28bf8f713fec5bb46f46e4
128,5541,3,cayley,5504,82.04853376554462,82.21851354800043,0.021939042999292724,0.04096566500084009,character_cyclic_no_delete,2.842170943040401e-14,5b643a8aea18eacd4c2fe2f8be33001faaa8ac3ad51c22bf20a39b1a0565908f,5136f17b5496d76762f35f96e28af86820b8ba8b1798f9976045224f035dbeb7
128,5541,3,envelope,5461,85.0,84.99999999999984,0.00700481899548322,0.08370820200070739,envelope_formula,2.842170943040401e-14,11c50ca6c3f243e51f3561d5565d3f02e40d83c375941b41a8a6212aac4d83a2,34d802177d0dd4f7fbd1dbbc919021b2273282ad2f28bf8f713fec5bb46f46e4
128,5541,4,cayley,5504,81.17966997006477,81.35500835174456,0.022245820990065113,0.04072990700660739,character_cyclic_no_delete,7.105427357601002e-14,62dd429dc4a1fee1c148a34935ede35950b6d37d4ebf4a274c930a5ce91b463a,b61508062216162ac4e0c1000ed7ac7c45ae313baf73397833d9fd0a30ff5025
128,5541,4,envelope,5461,85.0,84.99999999999984,0.0071041260089259595,0.08376086299540475,envelope_formula,2.842170943040401e-14,11c50ca6c3f243e51f3561d5565d3f02e40d83c375941b41a8a6212aac4d83a2,34d802177d0dd4f7fbd1dbbc919021b2273282ad2f28bf8f713fec5bb46f46e4
128,5622,0,cayley,5504,81.42530350944078,81.76165643493482,0.022016125003574416,0.11631748199579306,character_cyclic_no_delete,2.842170943040401e-14,ffa0504db338772356b1f95df59591d1ea717ecccc462fd1eab726f84602322e,0c60a1a577b75ca635db72090ac20462a04706b91d767ffb23b8c4e9111515f5
128,5622,0,envelope,5544,86.0,85.99999999999984,0.007122720999177545,0.07778025900188368,envelope_formula,8.526512829121202e-14,277aa4d1d40ab1af2d48598c06102589ab92cfdbf6bf878b8c0ffe05b71ec26f,7cf283844dabd734879ba021b940c20bc66634c58939b08b4fb7f513185352b9
128,5622,1,cayley,5504,81.893968970018,82.16013378273065,0.022608490005950443,0.11587453600077424,character_cyclic_no_delete,1.1368683772161603e-13,90181937fd74e49a74013eb0f79a6df143c1cd7d079dc250078eab67964ba051,c760cc769a56599411b70c2a7f25633ac760150c8f3667a424cbe3a91424d67d
128,5622,1,envelope,5544,86.0,85.99999999999984,0.007253488001879305,0.07789042800141033,envelope_formula,8.526512829121202e-14,277aa4d1d40ab1af2d48598c06102589ab92cfdbf6bf878b8c0ffe05b71ec26f,7cf283844dabd734879ba021b940c20bc66634c58939b08b4fb7f513185352b9
128,5622,2,cayley,5504,81.4057301841774,81.6365166653428,0.022270757996011525,0.11720331000105944,character_cyclic_no_delete,7.105427357601002e-14,c7486124dbd8694c01c95851df408e722ec5f46d585be4b92b656a71352bd436,2b6e45a39c50abd68a715f5f9d075903ada34721058ccb9bd7574e074c496c20
128,5622,2,envelope,5544,86.0,85.99999999999984,0.006913893987075426,0.07754959299927577,envelope_formula,8.526512829121202e-14,277aa4d1d40ab1af2d48598c06102589ab92cfdbf6bf878b8c0ffe05b71ec26f,7cf283844dabd734879ba021b940c20bc66634c58939b08b4fb7f513185352b9
128,5622,3,cayley,5504,82.04853376554462,82.38604226755577,0.022621310999966227,0.11573809600668028,character_cyclic_no_delete,8.526512829121202e-14,5b643a8aea18eacd4c2fe2f8be33001faaa8ac3ad51c22bf20a39b1a0565908f,20d9098d6735a8d84fba7d0047a72286b509eb0936abb8af62e85f20390958f1
128,5622,3,envelope,5544,86.0,85.99999999999984,0.006981302998610772,0.07761096600734163,envelope_formula,8.526512829121202e-14,277aa4d1d40ab1af2d48598c06102589ab92cfdbf6bf878b8c0ffe05b71ec26f,7cf283844dabd734879ba021b940c20bc66634c58939b08b4fb7f513185352b9
128,5622,4,cayley,5504,81.17966997006477,81.53030219413752,0.021972782007651404,0.11628010800632183,character_cyclic_no_delete,9.947598300641403e-14,62dd429dc4a1fee1c148a34935ede35950b6d37d4ebf4a274c930a5ce91b463a,615a06e3c38b70d6bf58d9c4b5c811b6ff6b8f8b3ce2d198f6d0288eb14cdfbe
128,5622,4,envelope,5544,86.0,85.99999999999984,0.006954043012228794,0.07778270299604628,envelope_formula,8.526512829121202e-14,277aa4d1d40ab1af2d48598c06102589ab92cfdbf6bf878b8c0ffe05b71ec26f,7cf283844dabd734879ba021b940c20bc66634c58939b08b4fb7f513185352b9
128,5703,0,cayley,5632,84.0182105236504,84.20608050308736,0.022840115008875728,0.07219630599138327,character_cyclic_no_delete,4.263256414560601e-14,4a8b6c0b64d6d84d4251f911aed9408cc9a5988d80de778851177ec7acceedf2,c29a08fc4f77acf5033ff7820a2eddaed40af2940ba573b638835fb6201d09cf
128,5703,0,envelope,5658,87.0,86.99999999999979,0.0073736810008995235,0.04746700399846304,envelope_formula,4.263256414560601e-14,d60f6ab7682b0d0d73034c62bb23b619a2ccaffc110aee21db2f79501cdb8660,ca61f01a7d8d47c424611b6ec32608610eb45abd4ac35adc35714e5213074848
128,5703,1,cayley,5632,84.1888657966597,84.52385657196366,0.022389114994439296,0.07202444299764466,character_cyclic_no_delete,2.842170943040401e-14,4cf56396f3e1ccf04ae0e9659eb62c508de53d6807dfc47800c0d2414731f07d,ff924921194af56ea7eaff6a5a5d322b311b74d9c7e47b273f4a25993f3f8906
128,5703,1,envelope,5658,87.0,86.99999999999979,0.007167745992774144,0.04769877401122358,envelope_formula,4.263256414560601e-14,d60f6ab7682b0d0d73034c62bb23b619a2ccaffc110aee21db2f79501cdb8660,ca61f01a7d8d47c424611b6ec32608610eb45abd4ac35adc35714e5213074848
128,5703,2,cayley,5632,84.12454876772912,84.43442329487958,0.02268575699417852,0.07192941800167318,character_cyclic_no_delete,2.842170943040401e-14,76bb06a27eabd7fb5e1c8605b88a06bc33252f727b65ed77aee6df49e4a4f6cd,baff6cff01234f4c1df26455aedeff710a6221cbd9d0fd36d233e7684de669c2
128,5703,2,envelope,5658,87.0,86.99999999999979,0.007447151001542807,0.04759598299278878,envelope_formula,4.263256414560601e-14,d60f6ab7682b0d0d73034c62bb23b619a2ccaffc110aee21db2f79501cdb8660,ca61f01a7d8d47c424611b6ec32608610eb45abd4ac35adc35714e5213074848
128,5703,3,cayley,5632,84.09313912229895,84.39722586483096,0.02226111901109107,0.07181950099766254,character_cyclic_no_delete,7.105427357601002e-14,21d4d3d0b722c813f29b8566d9af380d734ae2c7a709cd95587b1935df2f9fbf,b1fcb2dc2d47d5fb5bf8ba6fcbd93c81d439cae83debaac31208c9b6e4bee1e8
128,5703,3,envelope,5658,87.0,86.99999999999979,0.007209567003883421,0.047681633004685864,envelope_formula,4.263256414560601e-14,d60f6ab7682b0d0d73034c62bb23b619a2ccaffc110aee21db2f79501cdb8660,ca61f01a7d8d47c424611b6ec32608610eb45abd4ac35adc35714e5213074848
128,5703,4,cayley,5632,84.2605596041908,84.45901173755253,0.02274786999623757,0.07221556099830195,character_cyclic_no_delete,4.263256414560601e-14,1f56b34aba57497abcce8d9ae837dc029cb2cf02dbbe84bc0c3d2aecf3edace8,a42b284bb8693976c75d8daf724ac21578af6ac9cc54084b9b6fcf07923b2292
128,5703,4,envelope,5658,87.0,86.99999999999979,0.007486561007681303,0.04775824300304521,envelope_formula,4.263256414560601e-14,d60f6ab7682b0d0d73034c62bb23b619a2ccaffc110aee21db2f79501cdb8660,ca61f01a7d8d47c424611b6ec32608610eb45abd4ac35adc35714e5213074848
128,5784,0,cayley,5760,87.16934516799314,87.24891206401016,0.022861032994114794,0.028550104005262256,character_cyclic_no_delete,7.105427357601002e-14,36b8e5a4ea7f7c4b85ef965e5f08ce6ca0bf055345ffcf0c110184f450d5a4db,0bc3e78d8121dbbd2dc5d8ce9c31ed98ec3aa92e236b1b364bc9fc5e13263702
128,5784,0,envelope,5760,88.0,87.99999999999982,0.00745653199555818,0.028218652994837612,envelope_formula,1.1368683772161603e-13,79559c27a93ebb46532b90394b92a3d61dd5bdfc227d8fd82e241134db5849c3,1da909a95802b46daa576fc8511eca13e74596f2dd8c7c1d887b27e6d45db713
128,5784,1,cayley,5760,87.08934391583156,87.18094268467935,0.02320298200356774,0.02844449199619703,character_cyclic_no_delete,1.1368683772161603e-13,fc4a597ea3f25d22ca7638aa1148798da3b502971efda8fbe3afcf23a5f07a5c,cea1c73f7c4cac1f1b21398f45591ae045887014c2dc43c732c46639b304d085
128,5784,1,envelope,5760,88.0,87.99999999999982,0.007648424012586474,0.028375175010296516,envelope_formula,1.1368683772161603e-13,79559c27a93ebb46532b90394b92a3d61dd5bdfc227d8fd82e241134db5849c3,1da909a95802b46daa576fc8511eca13e74596f2dd8c7c1d887b27e6d45db713
128,5784,2,cayley,5760,87.37160922317835,87.39522155423502,0.02292154700262472,0.02837102400371805,character_cyclic_no_delete,2.842170943040401e-14,2e6f89be72bf705782f1cc2f41998ed96a300715975b90754a1eadf07ea9e6b7,db45dd5efd0a29d4e0efb859928fa9a47d40db4ed8db00e5e7673d94144616aa
128,5784,2,envelope,5760,88.0,87.99999999999982,0.007392194995190948,0.028256826000870205,envelope_formula,1.1368683772161603e-13,79559c27a93ebb46532b90394b92a3d61dd5bdfc227d8fd82e241134db5849c3,1da909a95802b46daa576fc8511eca13e74596f2dd8c7c1d887b27e6d45db713
128,5784,3,cayley,5760,87.37160922317835,87.41188947969209,0.023321751010371372,0.028418472997145727,character_cyclic_no_delete,5.684341886080802e-14,0d81b6edee91c892617e0b91ec0f43c45b38b6ad8c38f319ec21b21b32984648,2c7c1ac27471da64c3a97f9a0fd30593f28509a393526cb3fee6d82475ff71ea
128,5784,3,envelope,5760,88.0,87.99999999999982,0.007515507997595705,0.028188312993734144,envelope_formula,1.1368683772161603e-13,79559c27a93ebb46532b90394b92a3d61dd5bdfc227d8fd82e241134db5849c3,1da909a95802b46daa576fc8511eca13e74596f2dd8c7c1d887b27e6d45db713
128,5784,4,cayley,5760,87.13066485964609,87.21570542947228,0.022549674002220854,0.028407118006725796,character_cyclic_no_delete,2.842170943040401e-14,84d37704652cf4b06faddb324f00d3121a08e542b6614f8140f6e19f58a62fd5,db3fcb3cd0ad1185cf333efe6a6118149dcc7a5c19fecc5aa80e4f7a786950e7
128,5784,4,envelope,5760,88.0,87.99999999999982,0.00730892299907282,0.028181072004372254,envelope_formula,1.1368683772161603e-13,79559c27a93ebb46532b90394b92a3d61dd5bdfc227d8fd82e241134db5849c3,1da909a95802b46daa576fc8511eca13e74596f2dd8c7c1d887b27e6d45db713
128,5865,0,cayley,5760,87.16934516799314,87.33018706889824,0.023173902998678386,0.10347117199853528,character_cyclic_no_delete,0.0,36b8e5a4ea7f7c4b85ef965e5f08ce6ca0bf055345ffcf0c110184f450d5a4db,73d8d31212d01e99e719138747eaa4daf37eafe14f84ba428c0ff1e867cf0059
128,5865,0,envelope,5850,89.0,88.99999999999987,0.007901000004494563,0.019779820999247022,envelope_formula,8.526512829121202e-14,ef11eb57db654811b5a9b3e8fb7b22581c31b92e5275392d97e5140ab2d4ace9,adc0063b2eb7423a4fc37c37b0f9c1eaa1e66ca1c99fc97efaf96004d728cdfd
128,5865,1,cayley,5760,87.08934391583156,87.298387104517,0.022878076997585595,0.10397139000997413,character_cyclic_no_delete,4.263256414560601e-14,fc4a597ea3f25d22ca7638aa1148798da3b502971efda8fbe3afcf23a5f07a5c,1b1f8c088da528a17033b95859444c8a6677acaa602a5f267edeae82fbd27c38
128,5865,1,envelope,5850,89.0,88.99999999999987,0.007368721999228001,0.019856469007208943,envelope_formula,8.526512829121202e-14,ef11eb57db654811b5a9b3e8fb7b22581c31b92e5275392d97e5140ab2d4ace9,adc0063b2eb7423a4fc37c37b0f9c1eaa1e66ca1c99fc97efaf96004d728cdfd
128,5865,2,cayley,5760,87.37160922317835,87.41012884089217,0.02319026499753818,0.1023203140066471,character_cyclic_no_delete,4.263256414560601e-14,2e6f89be72bf705782f1cc2f41998ed96a300715975b90754a1eadf07ea9e6b7,b032374bb2c95475d69b1d5f2a966fe3f9d85e3a36bd38532f12288dcb734731
128,5865,2,envelope,5850,89.0,88.99999999999987,0.007554123003501445,0.019814737999695353,envelope_formula,8.526512829121202e-14,ef11eb57db654811b5a9b3e8fb7b22581c31b92e5275392d97e5140ab2d4ace9,adc0063b2eb7423a4fc37c37b0f9c1eaa1e66ca1c99fc97efaf96004d728cdfd
128,5865,3,cayley,5760,87.37160922317835,87.50861659305097,0.022589341999264434,0.10264447800000198,character_cyclic_no_delete,4.263256414560601e-14,0d81b6edee91c892617e0b91ec0f43c45b38b6ad8c38f319ec21b21b32984648,10a17a11d78191c45eb627f8fd787e74425bb065b0aafbfa841da4bee3184abd
128,5865,3,envelope,5850,89.0,88.99999999999987,0.007473901001503691,0.019800627007498406,envelope_formula,8.526512829121202e-14,ef11eb57db654811b5a9b3e8fb7b22581c31b92e5275392d97e5140ab2d4ace9,adc0063b2eb7423a4fc37c37b0f9c1eaa1e66ca1c99fc97efaf96004d728cdfd
128,5865,4,cayley,5760,87.13066485964609,87.30054158724208,0.023101162994862534,0.1043639150011586,character_cyclic_no_delete,1.4210854715202004e-14,84d37704652cf4b06faddb324f00d3121a08e542b6614f8140f6e19f58a62fd5,983367c0db698004c1cd90f784a886f347e05b490255ba9bb9556d7485223bfe
128,5865,4,envelope,5850,89.0,88.99999999999987,0.007583430007798597,0.019881371990777552,envelope_formula,8.526512829121202e-14,ef11eb57db654811b5a9b3e8fb7b22581c31b92e5275392d97e5140ab2d4ace9,adc0063b2eb7423a4fc37c37b0f9c1eaa1e66ca1c99fc97efaf96004d728cdfd
128,5945,0,cayley,5888,89.75019711149676,89.77395755450054,0.022484291999717243,0.05830320599488914,character_cyclic_no_delete,5.684341886080802e-14,738e6a8863d285160cad7849deb02c475332c2207b5f2ba5317a02c81e95c390,2e41cef57bd30cedfc33fbc1efabd8fb2033e0a1b53a97845665e726763a3506
128,5945,0,envelope,5928,90.0,89.99999999999982,0.007711163008934818,0.021703325997805223,envelope_formula,4.263256414560601e-14,00ecb6cd6fda8b9bc788fba0b567d377b3b595daff6bd25d45a20432d0d4e184,23f7f680f079f607c6ff52cb320aa404db9b55d2676b58266e72a7dd9c02091c
128,5945,1,cayley,5888,89.75019711149676,89.82194373706436,0.02201225199678447,0.05878783900698181,character_cyclic_no_delete,0.0,61d2e63ebe22e3c144d4f5c0af119ad83b0fb8988fb8daae4f5bd38283cdc18d,4e562003d8cc29bc54eec8ac1e66f41e128e4290ddcdf8d74e054038bc30a1cd
128,5945,1,envelope,5928,90.0,89.99999999999982,0.007777997001539916,0.021631251001963392,envelope_formula,4.263256414560601e-14,00ecb6cd6fda8b9bc788fba0b567d377b3b595daff6bd25d45a20432d0d4e184,23f7f680f079f607c6ff52cb320aa404db9b55d2676b58266e72a7dd9c02091c
128,5945,2,cayley,5888,89.75019711149676,89.84898649497518,0.022492888994747773,0.05871900399506558,character_cyclic_no_delete,1.4210854715202004e-14,057b00c1644d8bfef3863f45ef1234f1de091a58943673e8607e8c416028adf8,43406a8bf30104553fca7dc92dbad7a2d5153ec65b14b49864ba8b5f496b593c
128,5945,2,envelope,5928,90.0,89.99999999999982,0.007599000004120171,0.021656163997249678,envelope_formula,4.263256414560601e-14,00ecb6cd6fda8b9bc788fba0b567d377b3b595daff6bd25d45a20432d0d4e184,23f7f680f079f607c6ff52cb320aa404db9b55d2676b58266e72a7dd9c02091c
128,5945,3,cayley,5888,89.75019711149676,89.78465675897135,0.022406043994124047,0.05869681999320164,character_cyclic_no_delete,1.4210854715202004e-14,79f03ac38c9f48579fc9b3a5894a030e7dd24538a0f906e60b6f752def94eade,8e180545de849d5923e5110fbcd91bf05282aeedd5f665f6ebbbad73ea71ad4d
128,5945,3,envelope,5928,90.0,89.99999999999982,0.00780738600587938,0.021704700993723236,envelope_formula,4.263256414560601e-14,00ecb6cd6fda8b9bc788fba0b567d377b3b595daff6bd25d45a20432d0d4e184,23f7f680f079f607c6ff52cb320aa404db9b55d2676b58266e72a7dd9c02091c
128,5945,4,cayley,5888,89.75019711149676,89.80645981464322,0.022371261002263054,0.05907102099445183,character_cyclic_no_delete,1.1368683772161603e-13,4a73f7ce56ad3a07eb6a11802b8224352cf076d7bf2e71dfbcfd5113d1a4a3c1,330a9c1b9a9038d27b6a24b946f676311d50491fae22167dded78749bac0db0a
128,5945,4,envelope,5928,90.0,89.99999999999982,0.0076628679962595925,0.021717202995205298,envelope_formula,4.263256414560601e-14,00ecb6cd6fda8b9bc788fba0b567d377b3b595daff6bd25d45a20432d0d4e184,23f7f680f079f607c6ff52cb320aa404db9b55d2676b58266e72a7dd9c02091c
128,6026,0,cayley,6016,92.0096305466556,92.01641997235349,0.019653560986625962,0.015559248000499792,character_cyclic_no_delete,2.842170943040401e-14,e343dd95ce76197e0817213184623f37060edf756ae8907203aedc84ed815f84,094ecd5a0b191c805ebe2372a61711e5c3371015fdb856d889951d7500f64ed4
128,6026,0,envelope,5994,91.0,90.99999999999984,0.007773096993332729,0.03681907898862846,envelope_formula,1.5631940186722204e-13,100f172f498232be1853776d0e8b0b380fd098e53dba2afacd8755fb378b0390,189f31978f3254df6d514a5ae5ba4f747a5a9742d346f83a9397f6827468ad46
128,6026,1,cayley,6016,92.0096305466556,92.02882063712686,0.019928296998841688,0.015441789000760764,character_cyclic_no_delete,1.2789769243681803e-13,c63ab014f1383aedd97b82c7fc126d0d37e75a54e0328f9a90013dd9ebc6de35,a3fe89643bea2b8eef9d9262f4f9a76cb35fe0cc9bdb8b6f6822dfcb1990bd98
128,6026,1,envelope,5994,91.0,90.99999999999984,0.007609435997437686,0.03669625800102949,envelope_formula,1.5631940186722204e-13,100f172f498232be1853776d0e8b0b380fd098e53dba2afacd8755fb378b0390,189f31978f3254df6d514a5ae5ba4f747a5a9742d346f83a9397f6827468ad46
128,6026,2,cayley,6016,92.0096305466556,92.01641997235349,0.019669478992000222,0.015465508011402562,character_cyclic_no_delete,2.842170943040401e-14,e343dd95ce76197e0817213184623f37060edf756ae8907203aedc84ed815f84,094ecd5a0b191c805ebe2372a61711e5c3371015fdb856d889951d7500f64ed4
128,6026,2,envelope,5994,91.0,90.99999999999984,0.0075965659925714135,0.036815953993937,envelope_formula,1.5631940186722204e-13,100f172f498232be1853776d0e8b0b380fd098e53dba2afacd8755fb378b0390,189f31978f3254df6d514a5ae5ba4f747a5a9742d346f83a9397f6827468ad46
128,6026,3,cayley,6016,92.0096305466556,92.01095620926341,0.019545379007468,0.015591764997225255,character_cyclic_no_delete,4.263256414560601e-14,816afd9d904718bb79e38e19be116a5f820cf59836ce0399c4a88772ea45cd2a,d4fbc5177dd117205c616e25f191ae0bef5bd56c4bb67d446cc721a14ed6a747
128,6026,3,envelope,5994,91.0,90.99999999999984,0.007731548001174815,0.036784598996746354,envelope_formula,1.5631940186722204e-13,100f172f498232be1853776d0e8b0b380fd098e53dba2afacd8755fb378b0390,189f31978f3254df6d514a5ae5ba4f747a5a9742d346f83a9397f6827468ad46
128,6026,4,cayley,6016,92.0096305466556,92.03405380063218,0.019365995001862757,0.015647203996195458,character_cyclic_no_delete,2.842170943040401e-14,7d6d623d70306d0f8a00cff237f285c75809e5150295599b4928d3d12ca23d5a,3acbf9574bf10f96ce104bc25c4ce51d29744d1ce6148e1d2ae08690cdd2a725
128,6026,4,envelope,5994,91.0,90.99999999999984,0.007744339993223548,0.03650127899891231,envelope_formula,1.5631940186722204e-13,100f172f498232be1853776d0e8b0b380fd098e53dba2afacd8755fb378b0390,189f31978f3254df6d514a5ae5ba4f747a5a9742d346f83a9397f6827468ad46
128,6107,0,cayley,6016,92.0096305466556,92.07683730050958,0.019791774000623263,0.08964050200302154,character_cyclic_no_delete,0.0,e343dd95ce76197e0817213184623f37060edf756ae8907203aedc84ed815f84,c73c69ac54a58d44b5b064a778d59ba225bb795320cdbda2d77944d73cad1eaa
128,6107,0,envelope,6090,93.0,92.99999999999979,0.008136716991430148,0.022318921008263715,envelope_formula,1.4210854715202004e-14,0ed9c20e75d03678856ba684ffe6e8f9dbdf64326381e9df2a4a8b9d8f41d521,744121d77b16bd2069ba349a9bdc3b5f378a3f0a53ba4d3b46338eb1e695cd78
128,6107,1,cayley,6016,92.0096305466556,92.28005109977657,0.01979643799131736,0.09059250500285998,character_cyclic_no_delete,9.947598300641403e-14,c63ab014f1383aedd97b82c7fc126d0d37e75a54e0328f9a90013dd9ebc6de35,ca47f628b44cb6e2537502dadf505113068c7e07474e8e401d96e920d604f8fc
128,6107,1,envelope,6090,93.0,92.99999999999979,0.008146200008923188,0.022435190010583028,envelope_formula,1.4210854715202004e-14,0ed9c20e75d03678856ba684ffe6e8f9dbdf64326381e9df2a4a8b9d8f41d521,744121d77b16bd2069ba349a9bdc3b5f378a3f0a53ba4d3b46338eb1e695cd78
128,6107,2,cayley,6016,92.0096305466556,92.07683730050958,0.019952392001869157,0.08927383800619282,character_cyclic_no_delete,0.0,e343dd95ce76197e0817213184623f37060edf756ae8907203aedc84ed815f84,c73c69ac54a58d44b5b064a778d59ba225bb795320cdbda2d77944d73cad1eaa
128,6107,2,envelope,6090,93.0,92.99999999999979,0.007828355999663472,0.02219370100647211,envelope_formula,1.4210854715202004e-14,0ed9c20e75d03678856ba684ffe6e8f9dbdf64326381e9df2a4a8b9d8f41d521,744121d77b16bd2069ba349a9bdc3b5f378a3f0a53ba4d3b46338eb1e695cd78
128,6107,3,cayley,6016,92.0096305466556,92.03223362117275,0.01934133900795132,0.08949791999475565,character_cyclic_no_delete,9.947598300641403e-14,816afd9d904718bb79e38e19be116a5f820cf59836ce0399c4a88772ea45cd2a,d3ee6c2c593416bb0358b8f551dddd03d0022d613e2b646a2c1df778ebdbef71
128,6107,3,envelope,6090,93.0,92.99999999999979,0.0077674519998254254,0.022288819993264042,envelope_formula,1.4210854715202004e-14,0ed9c20e75d03678856ba684ffe6e8f9dbdf64326381e9df2a4a8b9d8f41d521,744121d77b16bd2069ba349a9bdc3b5f378a3f0a53ba4d3b46338eb1e695cd78
128,6107,4,cayley,6016,92.0096305466556,92.111923508061,0.019932998999138363,0.08965447399532422,character_cyclic_no_delete,2.842170943040401e-14,7d6d623d70306d0f8a00cff237f285c75809e5150295599b4928d3d12ca23d5a,b2c57a877f6c28f0613134bdf78560a7ea56d139bc60a18f7ba9ce7ab6380b3e
128,6107,4,envelope,6090,93.0,92.99999999999979,0.00795909900625702,0.022376552995410748,envelope_formula,1.4210854715202004e-14,0ed9c20e75d03678856ba684ffe6e8f9dbdf64326381e9df2a4a8b9d8f41d521,744121d77b16bd2069ba349a9bdc3b5f378a3f0a53ba4d3b46338eb1e695cd78
128,6188,0,envelope,6144,96.0,95.99999999999982,0.007921866999822669,0.04651529899274465,envelope_formula,9.947598300641403e-14,d96716e76800543f7e5187e7c40c79becce71a4e1c5e735cdeb4941119cf7d1f,736e6f474542b705aaeef556a82b7ca13d45a51cff8f144646f65bc2fbbff8dd
128,6188,1,envelope,6144,96.0,95.99999999999982,0.00824310799362138,0.046667086993693374,envelope_formula,9.947598300641403e-14,d96716e76800543f7e5187e7c40c79becce71a4e1c5e735cdeb4941119cf7d1f,736e6f474542b705aaeef556a82b7ca13d45a51cff8f144646f65bc2fbbff8dd
128,6188,2,envelope,6144,96.0,95.99999999999982,0.008075033998466097,0.046708271009265445,envelope_formula,9.947598300641403e-14,d96716e76800543f7e5187e7c40c79becce71a4e1c5e735cdeb4941119cf7d1f,736e6f474542b705aaeef556a82b7ca13d45a51cff8f144646f65bc2fbbff8dd
128,6188,3,envelope,6144,96.0,95.99999999999982,0.007967175988596864,0.046461254998575896,envelope_formula,9.947598300641403e-14,d96716e76800543f7e5187e7c40c79becce71a4e1c5e735cdeb4941119cf7d1f,736e6f474542b705aaeef556a82b7ca13d45a51cff8f144646f65bc2fbbff8dd
128,6188,4,envelope,6144,96.0,95.99999999999982,0.008037817999138497,0.046476112998789176,envelope_formula,9.947598300641403e-14,d96716e76800543f7e5187e7c40c79becce71a4e1c5e735cdeb4941119cf7d1f,736e6f474542b705aaeef556a82b7ca13d45a51cff8f144646f65bc2fbbff8dd
128,6269,0,envelope,6262,97.0,96.99999999999979,0.008162641999660991,0.012691171999904327,envelope_formula,5.684341886080802e-14,3b71455a90b591d5481e4dab779278050fd4848bb2e99d87ed45a8c2947647cd,35616692cada334e933311ba09a824e3e90572f63518795243c8e4314a21d412
128,6269,1,envelope,6262,97.0,96.99999999999979,0.007915480993688107,0.012557553010992706,envelope_formula,5.684341886080802e-14,3b71455a90b591d5481e4dab779278050fd4848bb2e99d87ed45a8c2947647cd,35616692cada334e933311ba09a824e3e90572f63518795243c8e4314a21d412
128,6269,2,envelope,6262,97.0,96.99999999999979,0.008058592997258529,0.012632693993509747,envelope_formula,5.684341886080802e-14,3b71455a90b591d5481e4dab779278050fd4848bb2e99d87ed45a8c2947647cd,35616692cada334e933311ba09a824e3e90572f63518795243c8e4314a21d412
128,6269,3,envelope,6262,97.0,96.99999999999979,0.008001344991498627,0.012611416997970082,envelope_formula,5.684341886080802e-14,3b71455a90b591d5481e4dab779278050fd4848bb2e99d87ed45a8c2947647cd,35616692cada334e933311ba09a824e3e90572f63518795243c8e4314a21d412
128,6269,4,envelope,6262,97.0,96.99999999999979,0.008101378989522345,0.012653140001930296,envelope_formula,5.684341886080802e-14,3b71455a90b591d5481e4dab779278050fd4848bb2e99d87ed45a8c2947647cd,35616692cada334e933311ba09a824e3e90572f63518795243c8e4314a21d412
128,6349,0,envelope,6262,97.0,96.99999999999977,0.007859767007175833,0.08980766800232232,envelope_formula,4.263256414560601e-14,3b71455a90b591d5481e4dab779278050fd4848bb2e99d87ed45a8c2947647cd,b69dc6687d6ae5cf6d8ebc8f6a33d2dc035771f7061fdba0c53e8ef32bfee257
128,6349,1,envelope,6262,97.0,96.99999999999977,0.008069336006883532,0.09004109499801416,envelope_formula,4.263256414560601e-14,3b71455a90b591d5481e4dab779278050fd4848bb2e99d87ed45a8c2947647cd,b69dc6687d6ae5cf6d8ebc8f6a33d2dc035771f7061fdba0c53e8ef32bfee257
128,6349,2,envelope,6262,97.0,96.99999999999977,0.008034418991883285,0.08994200399320107,envelope_formula,4.263256414560601e-14,3b71455a90b591d5481e4dab779278050fd4848bb2e99d87ed45a8c2947647cd,b69dc6687d6ae5cf6d8ebc8f6a33d2dc035771f7061fdba0c53e8ef32bfee257
128,6349,3,envelope,6262,97.0,96.99999999999977,0.007850644004065543,0.09025733399903402,envelope_formula,4.263256414560601e-14,3b71455a90b591d5481e4dab779278050fd4848bb2e99d87ed45a8c2947647cd,b69dc6687d6ae5cf6d8ebc8f6a33d2dc035771f7061fdba0c53e8ef32bfee257
128,6349,4,envelope,6262,97.0,96.99999999999977,0.00805453400244005,0.09001853599329479,envelope_formula,4.263256414560601e-14,3b71455a90b591d5481e4dab779278050fd4848bb2e99d87ed45a8c2947647cd,b69dc6687d6ae5cf6d8ebc8f6a33d2dc035771f7061fdba0c53e8ef32bfee257
128,6430,0,envelope,6360,98.0,97.99999999999983,0.008166826999513432,0.07140081899706274,envelope_formula,2.842170943040401e-14,1905697c3e50e52dcd109c289e4583ab0b09c2efada3bd1801fd735afcbbb128,06378636f676352f8a1b27c82c4d3e5bdf8a4f5aff06eb95460f3571af368198
128,6430,1,envelope,6360,98.0,97.99999999999983,0.008278018998680636,0.07140374899609014,envelope_formula,2.842170943040401e-14,1905697c3e50e52dcd109c289e4583ab0b09c2efada3bd1801fd735afcbbb128,06378636f676352f8a1b27c82c4d3e5bdf8a4f5aff06eb95460f3571af368198
128,6430,2,envelope,6360,98.0,97.99999999999983,0.008032982994336635,0.07146501200622879,envelope_formula,2.842170943040401e-14,1905697c3e50e52dcd109c289e4583ab0b09c2efada3bd1801fd735afcbbb128,06378636f676352f8a1b27c82c4d3e5bdf8a4f5aff06eb95460f3571af368198
128,6430,3,envelope,6360,98.0,97.99999999999983,0.0081693539978005,0.07141506600601133,envelope_formula,2.842170943040401e-14,1905697c3e50e52dcd109c289e4583ab0b09c2efada3bd1801fd735afcbbb128,06378636f676352f8a1b27c82c4d3e5bdf8a4f5aff06eb95460f3571af368198
128,6430,4,envelope,6360,98.0,97.99999999999983,0.008375204997719266,0.07138734799809754,envelope_formula,2.842170943040401e-14,1905697c3e50e52dcd109c289e4583ab0b09c2efada3bd1801fd735afcbbb128,06378636f676352f8a1b27c82c4d3e5bdf8a4f5aff06eb95460f3571af368198
128,6511,0,envelope,6496,100.0,99.9999999999998,0.008335058999364264,0.020477420010138303,envelope_formula,2.842170943040401e-14,9113e4a9706037eec9cb71110b16b6e01dd8e3fb6d10aa8a5ea02eab9f348aa1,5cfe32fce8f1a4768492c02eb61c1bea5c9a9840f98459ccbc5388709e58be74
128,6511,1,envelope,6496,100.0,99.9999999999998,0.008163514998159371,0.020336606001365,envelope_formula,2.842170943040401e-14,9113e4a9706037eec9cb71110b16b6e01dd8e3fb6d10aa8a5ea02eab9f348aa1,5cfe32fce8f1a4768492c02eb61c1bea5c9a9840f98459ccbc5388709e58be74
128,6511,2,envelope,6496,100.0,99.9999999999998,0.008683202002430335,0.020362622992252,envelope_formula,2.842170943040401e-14,9113e4a9706037eec9cb71110b16b6e01dd8e3fb6d10aa8a5ea02eab9f348aa1,5cfe32fce8f1a4768492c02eb61c1bea5c9a9840f98459ccbc5388709e58be74
128,6511,3,envelope,6496,100.0,99.9999999999998,0.008133798008202575,0.020313237997470424,envelope_formula,2.842170943040401e-14,9113e4a9706037eec9cb71110b16b6e01dd8e3fb6d10aa8a5ea02eab9f348aa1,5cfe32fce8f1a4768492c02eb61c1bea5c9a9840f98459ccbc5388709e58be74
128,6511,4,envelope,6496,100.0,99.9999999999998,0.008293748993310146,0.020473281998420134,envelope_formula,2.842170943040401e-14,9113e4a9706037eec9cb71110b16b6e01dd8e3fb6d10aa8a5ea02eab9f348aa1,5cfe32fce8f1a4768492c02eb61c1bea5c9a9840f98459ccbc5388709e58be74
128,6592,0,envelope,6552,102.0,101.99999999999982,0.008516875997884199,0.04461231399909593,envelope_formula,2.842170943040401e-14,b42c16f7d3159e39909fe188c7160bd64c28df77085d4d16e06d995184bcb48f,3d843d05b3fc27b6fecbc3ff939839bd221e7eb293c29d279f0a5972919cbfc4
128,6592,1,envelope,6552,102.0,101.99999999999982,0.00837896300072316,0.044222590993740596,envelope_formula,2.842170943040401e-14,b42c16f7d3159e39909fe188c7160bd64c28df77085d4d16e06d995184bcb48f,3d843d05b3fc27b6fecbc3ff939839bd221e7eb293c29d279f0a5972919cbfc4
128,6592,2,envelope,6552,102.0,101.99999999999982,0.008227186001022346,0.044552392995683476,envelope_formula,2.842170943040401e-14,b42c16f7d3159e39909fe188c7160bd64c28df77085d4d16e06d995184bcb48f,3d843d05b3fc27b6fecbc3ff939839bd221e7eb293c29d279f0a5972919cbfc4
128,6592,3,envelope,6552,102.0,101.99999999999982,0.008353883007657714,0.044386276000295766,envelope_formula,2.842170943040401e-14,b42c16f7d3159e39909fe188c7160bd64c28df77085d4d16e06d995184bcb48f,3d843d05b3fc27b6fecbc3ff939839bd221e7eb293c29d279f0a5972919cbfc4
128,6592,4,envelope,6552,102.0,101.99999999999982,0.00832530298794154,0.04443563800305128,envelope_formula,2.842170943040401e-14,b42c16f7d3159e39909fe188c7160bd64c28df77085d4d16e06d995184bcb48f,3d843d05b3fc27b6fecbc3ff939839bd221e7eb293c29d279f0a5972919cbfc4
128,6673,0,envelope,6625,103.0,102.99999999999977,0.008735573006561026,0.05061937600839883,envelope_formula,1.4210854715202004e-14,e534a7816ef75895ca36ca130fea7f0666f73e18008d12a904c445ab79e5e5b4,9d494adbde60bef166460fcc69f250d22afc7b5e571022fc62ed51e393f28811
128,6673,1,envelope,6625,103.0,102.99999999999977,0.008806932004517876,0.050590469007147476,envelope_formula,1.4210854715202004e-14,e534a7816ef75895ca36ca130fea7f0666f73e18008d12a904c445ab79e5e5b4,9d494adbde60bef166460fcc69f250d22afc7b5e571022fc62ed51e393f28811
128,6673,2,envelope,6625,103.0,102.99999999999977,0.008442068006843328,0.050584352007717825,envelope_formula,1.4210854715202004e-14,e534a7816ef75895ca36ca130fea7f0666f73e18008d12a904c445ab79e5e5b4,9d494adbde60bef166460fcc69f250d22afc7b5e571022fc62ed51e393f28811
128,6673,3,envelope,6625,103.0,102.99999999999977,0.0083803470042767,0.050551297012134455,envelope_formula,1.4210854715202004e-14,e534a7816ef75895ca36ca130fea7f0666f73e18008d12a904c445ab79e5e5b4,9d494adbde60bef166460fcc69f250d22afc7b5e571022fc62ed51e393f28811
128,6673,4,envelope,6625,103.0,102.99999999999977,0.008735202995012514,0.05047560000093654,envelope_formula,1.4210854715202004e-14,e534a7816ef75895ca36ca130fea7f0666f73e18008d12a904c445ab79e5e5b4,9d494adbde60bef166460fcc69f250d22afc7b5e571022fc62ed51e393f28811
128,6753,0,envelope,6720,104.0,103.99999999999983,0.008566298987716436,0.035971253004390746,envelope_formula,7.105427357601002e-14,215eab6821be7f959654107d9c7545ff42a6cdc6d079a1a0e37a88a484fe729d,2792ea67488620cc0c02efe2c4eb4b59aa002cca31874563d42052270e33e851
128,6753,1,envelope,6720,104.0,103.99999999999983,0.008582602007663809,0.03596775099867955,envelope_formula,7.105427357601002e-14,215eab6821be7f959654107d9c7545ff42a6cdc6d079a1a0e37a88a484fe729d,2792ea67488620cc0c02efe2c4eb4b59aa002cca31874563d42052270e33e851
128,6753,2,envelope,6720,104.0,103.99999999999983,0.008640544998343103,0.035885530000086874,envelope_formula,7.105427357601002e-14,215eab6821be7f959654107d9c7545ff42a6cdc6d079a1a0e37a88a484fe729d,2792ea67488620cc0c02efe2c4eb4b59aa002cca31874563d42052270e33e851
128,6753,3,envelope,6720,104.0,103.99999999999983,0.008568256991566159,0.03582148300483823,envelope_formula,7.105427357601002e-14,215eab6821be7f959654107d9c7545ff42a6cdc6d079a1a0e37a88a484fe729d,2792ea67488620cc0c02efe2c4eb4b59aa002cca31874563d42052270e33e851
128,6753,4,envelope,6720,104.0,103.99999999999983,0.008609740994870663,0.035848004001309164,envelope_formula,7.105427357601002e-14,215eab6821be7f959654107d9c7545ff42a6cdc6d079a1a0e37a88a484fe729d,2792ea67488620cc0c02efe2c4eb4b59aa002cca31874563d42052270e33e851
128,6834,0,envelope,6820,106.0,105.99999999999974,0.008558196990634315,0.0193094169953838,envelope_formula,1.4210854715202004e-14,2d9dc9b35af75670dbc147a71e1ec64609c63881fb54aa9750b2da89f9081382,ff07dcf7260eb0588a3bf3dae478df529f0869a4601a24fa4f059eb840ced2b7
128,6834,1,envelope,6820,106.0,105.99999999999974,0.008884483992005698,0.019378853001398966,envelope_formula,1.4210854715202004e-14,2d9dc9b35af75670dbc147a71e1ec64609c63881fb54aa9750b2da89f9081382,ff07dcf7260eb0588a3bf3dae478df529f0869a4601a24fa4f059eb840ced2b7
128,6834,2,envelope,6820,106.0,105.99999999999974,0.008641403997899033,0.019302662010886706,envelope_formula,1.4210854715202004e-14,2d9dc9b35af75670dbc147a71e1ec64609c63881fb54aa9750b2da89f9081382,ff07dcf7260eb0588a3bf3dae478df529f0869a4601a24fa4f059eb840ced2b7
128,6834,3,envelope,6820,106.0,105.99999999999974,0.008767146005993709,0.019294134006486274,envelope_formula,1.4210854715202004e-14,2d9dc9b35af75670dbc147a71e1ec64609c63881fb54aa9750b2da89f9081382,ff07dcf7260eb0588a3bf3dae478df529f0869a4601a24fa4f059eb840ced2b7
128,6834,4,envelope,6820,106.0,105.99999999999974,0.008491011991281994,0.019502137001836672,envelope_formula,1.4210854715202004e-14,2d9dc9b35af75670dbc147a71e1ec64609c63881fb54aa9750b2da89f9081382,ff07dcf7260eb0588a3bf3dae478df529f0869a4601a24fa4f059eb840ced2b7
128,6915,0,envelope,6867,107.0,106.99999999999989,0.009037755007739179,0.05193766600859817,envelope_formula,1.1368683772161603e-13,009aea0a5a7a6442af300cc4312d52642eec3c39400c661b560eae04198ace24,3c35127dc52dc84d504ca8785eee81bfe7b179203fc670b2c4e28d581f11a08b
128,6915,1,envelope,6867,107.0,106.99999999999989,0.008555451000574976,0.05186160799348727,envelope_formula,1.1368683772161603e-13,009aea0a5a7a6442af300cc4312d52642eec3c39400c661b560eae04198ace24,3c35127dc52dc84d504ca8785eee81bfe7b179203fc670b2c4e28d581f11a08b
128,6915,2,envelope,6867,107.0,106.99999999999989,0.009076180998818018,0.05177191999973729,envelope_formula,1.1368683772161603e-13,009aea0a5a7a6442af300cc4312d52642eec3c39400c661b560eae04198ace24,3c35127dc52dc84d504ca8785eee81bfe7b179203fc670b2c4e28d581f11a08b
128,6915,3,envelope,6867,107.0,106.99999999999989,0.008528915990609676,0.05180279699561652,envelope_formula,1.1368683772161603e-13,009aea0a5a7a6442af300cc4312d52642eec3c39400c661b560eae04198ace24,3c35127dc52dc84d504ca8785eee81bfe7b179203fc670b2c4e28d581f11a08b
128,6915,4,envelope,6867,107.0,106.99999999999989,0.008946796995587647,0.05161017199861817,envelope_formula,1.1368683772161603e-13,009aea0a5a7a6442af300cc4312d52642eec3c39400c661b560eae04198ace24,3c35127dc52dc84d504ca8785eee81bfe7b179203fc670b2c4e28d581f11a08b
128,6996,0,envelope,6960,108.0,107.99999999999977,0.008665693007060327,0.038953152994508855,envelope_formula,1.2789769243681803e-13,d02c0fe52e6561aa3385a5350713dcbd5a9d4d2ee01a273636b514bc648fef4d,a8935690fdb00429fee6b1b175cc257da3ace11647ed92ee92e1697809b0a1cc
128,6996,1,envelope,6960,108.0,107.99999999999977,0.008958753998740576,0.03894379000121262,envelope_formula,1.2789769243681803e-13,d02c0fe52e6561aa3385a5350713dcbd5a9d4d2ee01a273636b514bc648fef4d,a8935690fdb00429fee6b1b175cc257da3ace11647ed92ee92e1697809b0a1cc
128,6996,2,envelope,6960,108.0,107.99999999999977,0.008891986988601275,0.03895931599254254,envelope_formula,1.2789769243681803e-13,d02c0fe52e6561aa3385a5350713dcbd5a9d4d2ee01a273636b514bc648fef4d,a8935690fdb00429fee6b1b175cc257da3ace11647ed92ee92e1697809b0a1cc
128,6996,3,envelope,6960,108.0,107.99999999999977,0.008845176998875104,0.039213811003719456,envelope_formula,1.2789769243681803e-13,d02c0fe52e6561aa3385a5350713dcbd5a9d4d2ee01a273636b514bc648fef4d,a8935690fdb00429fee6b1b175cc257da3ace11647ed92ee92e1697809b0a1cc
128,6996,4,envelope,6960,108.0,107.99999999999977,0.008730130997719243,0.03934862298774533,envelope_formula,1.2789769243681803e-13,d02c0fe52e6561aa3385a5350713dcbd5a9d4d2ee01a273636b514bc648fef4d,a8935690fdb00429fee6b1b175cc257da3ace11647ed92ee92e1697809b0a1cc
128,7077,0,envelope,7056,110.0,109.99999999999983,0.009213715005898848,0.02519055499578826,envelope_formula,8.526512829121202e-14,5a6ac9d978252758769e3889fb6302332e520e5c2fa8ed6d1f555f96068b6680,6f60a0849764cc8deb85460dc7672dd02da973da19a5839b66a1f317522e218e
128,7077,1,envelope,7056,110.0,109.99999999999983,0.008758697993471287,0.02494365100574214,envelope_formula,8.526512829121202e-14,5a6ac9d978252758769e3889fb6302332e520e5c2fa8ed6d1f555f96068b6680,6f60a0849764cc8deb85460dc7672dd02da973da19a5839b66a1f317522e218e
128,7077,2,envelope,7056,110.0,109.99999999999983,0.009300990001065657,0.02489718700235244,envelope_formula,8.526512829121202e-14,5a6ac9d978252758769e3889fb6302332e520e5c2fa8ed6d1f555f96068b6680,6f60a0849764cc8deb85460dc7672dd02da973da19a5839b66a1f317522e218e
128,7077,3,envelope,7056,110.0,109.99999999999983,0.00890111799526494,0.024998345004860312,envelope_formula,8.526512829121202e-14,5a6ac9d978252758769e3889fb6302332e520e5c2fa8ed6d1f555f96068b6680,6f60a0849764cc8deb85460dc7672dd02da973da19a5839b66a1f317522e218e
128,7077,4,envelope,7056,110.0,109.99999999999983,0.009044296995853074,0.02492650499334559,envelope_formula,8.526512829121202e-14,5a6ac9d978252758769e3889fb6302332e520e5c2fa8ed6d1f555f96068b6680,6f60a0849764cc8deb85460dc7672dd02da973da19a5839b66a1f317522e218e
128,7157,0,envelope,7140,111.0,110.9999999999998,0.008930005991715007,0.02133584499824792,envelope_formula,0.0,3d93e8af1c60981c11b76aaeb0bddf543d2568493d993bff20ab9878c58b0d5e,818af21adea7c10b255a48264a3d69dc9237f9e33aa7641496e3a84a73fc6239
128,7157,1,envelope,7140,111.0,110.9999999999998,0.008836940993205644,0.021177682996494696,envelope_formula,0.0,3d93e8af1c60981c11b76aaeb0bddf543d2568493d993bff20ab9878c58b0d5e,818af21adea7c10b255a48264a3d69dc9237f9e33aa7641496e3a84a73fc6239
128,7157,2,envelope,7140,111.0,110.9999999999998,0.009274479001760483,0.02143695400445722,envelope_formula,0.0,3d93e8af1c60981c11b76aaeb0bddf543d2568493d993bff20ab9878c58b0d5e,818af21adea7c10b255a48264a3d69dc9237f9e33aa7641496e3a84a73fc6239
128,7157,3,envelope,7140,111.0,110.9999999999998,0.008929475996410474,0.02128513999923598,envelope_formula,0.0,3d93e8af1c60981c11b76aaeb0bddf543d2568493d993bff20ab9878c58b0d5e,818af21adea7c10b255a48264a3d69dc9237f9e33aa7641496e3a84a73fc6239
128,7157,4,envelope,7140,111.0,110.9999999999998,0.009190017997752875,0.021485644989297725,envelope_formula,0.0,3d93e8af1c60981c11b76aaeb0bddf543d2568493d993bff20ab9878c58b0d5e,818af21adea7c10b255a48264a3d69dc9237f9e33aa7641496e3a84a73fc6239
128,7238,0,envelope,7168,112.0,111.99999999999974,0.009201983993989415,0.07846855699608568,envelope_formula,1.4210854715202004e-14,b22530ab9086bb8e0bf99a18f8edd11fd22c98650e07c04434a28377d9da3f04,a0b37df71a8d2ccbd30a8158a86d29a78e9d6100c669964aed5c4c39652b2e3f
128,7238,1,envelope,7168,112.0,111.99999999999974,0.009595695999450982,0.07860264299961273,envelope_formula,1.4210854715202004e-14,b22530ab9086bb8e0bf99a18f8edd11fd22c98650e07c04434a28377d9da3f04,a0b37df71a8d2ccbd30a8158a86d29a78e9d6100c669964aed5c4c39652b2e3f
128,7238,2,envelope,7168,112.0,111.99999999999974,0.008944093002355658,0.07871111101121642,envelope_formula,1.4210854715202004e-14,b22530ab9086bb8e0bf99a18f8edd11fd22c98650e07c04434a28377d9da3f04,a0b37df71a8d2ccbd30a8158a86d29a78e9d6100c669964aed5c4c39652b2e3f
128,7238,3,envelope,7168,112.0,111.99999999999974,0.009530705996439792,0.07884878899494652,envelope_formula,1.4210854715202004e-14,b22530ab9086bb8e0bf99a18f8edd11fd22c98650e07c04434a28377d9da3f04,a0b37df71a8d2ccbd30a8158a86d29a78e9d6100c669964aed5c4c39652b2e3f
128,7238,4,envelope,7168,112.0,111.99999999999974,0.00925613300933037,0.07842842899844982,envelope_formula,1.4210854715202004e-14,b22530ab9086bb8e0bf99a18f8edd11fd22c98650e07c04434a28377d9da3f04,a0b37df71a8d2ccbd30a8158a86d29a78e9d6100c669964aed5c4c39652b2e3f
128,7319,0,envelope,7308,114.0,113.99999999999983,0.00951277899730485,0.015978474999428727,envelope_formula,1.8474111129762605e-13,24fd852565121ebe6a61cffbabc8b9a9f6ec68a5aa58223c4855050f374eb46a,0c80495394dd245a00346136d645134638add4f4b515c230377a29da1e502689
128,7319,1,envelope,7308,114.0,113.99999999999983,0.009178012987831607,0.015882046995102428,envelope_formula,1.8474111129762605e-13,24fd852565121ebe6a61cffbabc8b9a9f6ec68a5aa58223c4855050f374eb46a,0c80495394dd245a00346136d645134638add4f4b515c230377a29da1e502689
128,7319,2,envelope,7308,114.0,113.99999999999983,0.009249506998457946,0.01622008600679692,envelope_formula,1.8474111129762605e-13,24fd852565121ebe6a61cffbabc8b9a9f6ec68a5aa58223c4855050f374eb46a,0c80495394dd245a00346136d645134638add4f4b515c230377a29da1e502689
128,7319,3,envelope,7308,114.0,113.99999999999983,0.009205638998537324,0.0159168120007962,envelope_formula,1.8474111129762605e-13,24fd852565121ebe6a61cffbabc8b9a9f6ec68a5aa58223c4855050f374eb46a,0c80495394dd245a00346136d645134638add4f4b515c230377a29da1e502689
128,7319,4,envelope,7308,114.0,113.99999999999983,0.009488953000982292,0.016194582000025548,envelope_formula,1.8474111129762605e-13,24fd852565121ebe6a61cffbabc8b9a9f6ec68a5aa58223c4855050f374eb46a,0c80495394dd245a00346136d645134638add4f4b515c230377a29da1e502689
128,7400,0,envelope,7371,115.0,114.99999999999972,0.009549114998662844,0.03201978800643701,envelope_formula,2.842170943040401e-14,5c0b31388f5bcfba97868d48683ff3d750d46279ebb940ac1053feeecbe2a31a,1aad29a242cc3befafbd32093c68f9e7f189b458dfac226ad6c014ccff120f81
128,7400,1,envelope,7371,115.0,114.99999999999972,0.009634585992898792,0.03211034600099083,envelope_formula,2.842170943040401e-14,5c0b31388f5bcfba97868d48683ff3d750d46279ebb940ac1053feeecbe2a31a,1aad29a242cc3befafbd32093c68f9e7f189b458dfac226ad6c014ccff120f81
128,7400,2,envelope,7371,115.0,114.99999999999972,0.00949961099831853,0.031836931986617856,envelope_formula,2.842170943040401e-14,5c0b31388f5bcfba97868d48683ff3d750d46279ebb940ac1053feeecbe2a31a,1aad29a242cc3befafbd32093c68f9e7f189b458dfac226ad6c014ccff120f81
128,7400,3,envelope,7371,115.0,114.99999999999972,0.009622354002203792,0.031719029997475445,envelope_formula,2.842170943040401e-14,5c0b31388f5bcfba97868d48683ff3d750d46279ebb940ac1053feeecbe2a31a,1aad29a242cc3befafbd32093c68f9e7f189b458dfac226ad6c014ccff120f81
128,7400,4,envelope,7371,115.0,114.99999999999972,0.00915026200527791,0.03176020800310653,envelope_formula,2.842170943040401e-14,5c0b31388f5bcfba97868d48683ff3d750d46279ebb940ac1053feeecbe2a31a,1aad29a242cc3befafbd32093c68f9e7f189b458dfac226ad6c014ccff120f81
128,7481,0,envelope,7440,116.0,115.9999999999998,0.009512939999694936,0.0446703380002873,envelope_formula,1.4210854715202004e-13,b3ab6edf81d9a4bd9806941f7df026266de86da9f504478e02eb13e17ba6655c,4756f3f5622bfdadf414796b527b2f2794d1a9871bd02effd5cf6155529c1a54
128,7481,1,envelope,7440,116.0,115.9999999999998,0.009213855999405496,0.04428974000620656,envelope_formula,1.4210854715202004e-13,b3ab6edf81d9a4bd9806941f7df026266de86da9f504478e02eb13e17ba6655c,4756f3f5622bfdadf414796b527b2f2794d1a9871bd02effd5cf6155529c1a54
128,7481,2,envelope,7440,116.0,115.9999999999998,0.009944525998434983,0.044357418999425136,envelope_formula,1.4210854715202004e-13,b3ab6edf81d9a4bd9806941f7df026266de86da9f504478e02eb13e17ba6655c,4756f3f5622bfdadf414796b527b2f2794d1a9871bd02effd5cf6155529c1a54
128,7481,3,envelope,7440,116.0,115.9999999999998,0.00940237200120464,0.04439677199115977,envelope_formula,1.4210854715202004e-13,b3ab6edf81d9a4bd9806941f7df026266de86da9f504478e02eb13e17ba6655c,4756f3f5622bfdadf414796b527b2f2794d1a9871bd02effd5cf6155529c1a54
128,7481,4,envelope,7440,116.0,115.9999999999998,0.009851101000094786,0.044296698004473,envelope_formula,1.4210854715202004e-13,b3ab6edf81d9a4bd9806941f7df026266de86da9f504478e02eb13e17ba6655c,4756f3f5622bfdadf414796b527b2f2794d1a9871bd02effd5cf6155529c1a54
128,7561,0,envelope,7560,118.0,117.9999999999997,0.009370448999106884,0.006883220994495787,envelope_formula,4.263256414560601e-14,b57fbc0647fa8217f6dff3178363626b67e8d6fe1b22de5cd17b7adbd36d36ca,72efb26945f379d05eee12223a46c87a291ef82d23654f8a2968b9737022eb1b
128,7561,1,envelope,7560,118.0,117.9999999999997,0.009315085000707768,0.006962774001294747,envelope_formula,4.263256414560601e-14,b57fbc0647fa8217f6dff3178363626b67e8d6fe1b22de5cd17b7adbd36d36ca,72efb26945f379d05eee12223a46c87a291ef82d23654f8a2968b9737022eb1b
128,7561,2,envelope,7560,118.0,117.9999999999997,0.009860737001872621,0.006892004996188916,envelope_formula,4.263256414560601e-14,b57fbc0647fa8217f6dff3178363626b67e8d6fe1b22de5cd17b7adbd36d36ca,72efb26945f379d05eee12223a46c87a291ef82d23654f8a2968b9737022eb1b
128,7561,3,envelope,7560,118.0,117.9999999999997,0.00966738500574138,0.006817148998379707,envelope_formula,4.263256414560601e-14,b57fbc0647fa8217f6dff3178363626b67e8d6fe1b22de5cd17b7adbd36d36ca,72efb26945f379d05eee12223a46c87a291ef82d23654f8a2968b9737022eb1b
128,7561,4,envelope,7560,118.0,117.9999999999997,0.009633937996113673,0.007036663999315351,envelope_formula,4.263256414560601e-14,b57fbc0647fa8217f6dff3178363626b67e8d6fe1b22de5cd17b7adbd36d36ca,72efb26945f379d05eee12223a46c87a291ef82d23654f8a2968b9737022eb1b
128,7642,0,envelope,7623,119.0,118.99999999999976,0.009515357000054792,0.024268160996143706,envelope_formula,1.4210854715202004e-14,064b35f81343f3d46e68dbd386a58077fd909a8d9719ec357ba49d6662464ae1,1a02ed14e29ea8307cd9cb04be936510b5433a51b5796cb7cf4b230c140da186
128,7642,1,envelope,7623,119.0,118.99999999999976,0.01009316899580881,0.02434768999228254,envelope_formula,1.4210854715202004e-14,064b35f81343f3d46e68dbd386a58077fd909a8d9719ec357ba49d6662464ae1,1a02ed14e29ea8307cd9cb04be936510b5433a51b5796cb7cf4b230c140da186
128,7642,2,envelope,7623,119.0,118.99999999999976,0.009990465987357311,0.02440105300047435,envelope_formula,1.4210854715202004e-14,064b35f81343f3d46e68dbd386a58077fd909a8d9719ec357ba49d6662464ae1,1a02ed14e29ea8307cd9cb04be936510b5433a51b5796cb7cf4b230c140da186
128,7642,3,envelope,7623,119.0,118.99999999999976,0.010027665994130075,0.02456931800406892,envelope_formula,1.4210854715202004e-14,064b35f81343f3d46e68dbd386a58077fd909a8d9719ec357ba49d6662464ae1,1a02ed14e29ea8307cd9cb04be936510b5433a51b5796cb7cf4b230c140da186
128,7642,4,envelope,7623,119.0,118.99999999999976,0.009440314999665134,0.02435733900347259,envelope_formula,1.4210854715202004e-14,064b35f81343f3d46e68dbd386a58077fd909a8d9719ec357ba49d6662464ae1,1a02ed14e29ea8307cd9cb04be936510b5433a51b5796cb7cf4b230c140da186
128,7723,0,envelope,7680,120.0,119.99999999999982,0.010073949990328401,0.04905190299905371,envelope_formula,2.842170943040401e-14,b20c21466f99c9b743a239800e8c5bc8749708e55ba11973ed8eef62fb6e65a6,bfe208795ac4eb845127baf050a63beb75d25e2796ca239ec1200018deb4c92b
128,7723,1,envelope,7680,120.0,119.99999999999982,0.009562937004375271,0.04901165601040702,envelope_formula,2.842170943040401e-14,b20c21466f99c9b743a239800e8c5bc8749708e55ba11973ed8eef62fb6e65a6,bfe208795ac4eb845127baf050a63beb75d25e2796ca239ec1200018deb4c92b
128,7723,2,envelope,7680,120.0,119.99999999999982,0.009822658001212403,0.04893893799453508,envelope_formula,2.842170943040401e-14,b20c21466f99c9b743a239800e8c5bc8749708e55ba11973ed8eef62fb6e65a6,bfe208795ac4eb845127baf050a63beb75d25e2796ca239ec1200018deb4c92b
128,7723,3,envelope,7680,120.0,119.99999999999982,0.009605562998331152,0.04872416598664131,envelope_formula,2.842170943040401e-14,b20c21466f99c9b743a239800e8c5bc8749708e55ba11973ed8eef62fb6e65a6,bfe208795ac4eb845127baf050a63beb75d25e2796ca239ec1200018deb4c92b
128,7723,4,envelope,7680,120.0,119.99999999999982,0.009894200004055165,0.04917412799841259,envelope_formula,2.842170943040401e-14,b20c21466f99c9b743a239800e8c5bc8749708e55ba11973ed8eef62fb6e65a6,bfe208795ac4eb845127baf050a63beb75d25e2796ca239ec1200018deb4c92b
128,7804,0,envelope,7749,121.0,120.99999999999977,0.00990994599123951,0.0617511970049236,envelope_formula,0.0,8471c366084d143b3e08846dc36159d26ff3d0485d4680d2d738d7c65bb09614,2191943bc220cac6e3f48f868f6a5261df5a2b2a6cd980c1bafd4a28a997ceec
128,7804,1,envelope,7749,121.0,120.99999999999977,0.00998327400884591,0.061843786999816075,envelope_formula,0.0,8471c366084d143b3e08846dc36159d26ff3d0485d4680d2d738d7c65bb09614,2191943bc220cac6e3f48f868f6a5261df5a2b2a6cd980c1bafd4a28a997ceec
128,7804,2,envelope,7749,121.0,120.99999999999977,0.009863622995908372,0.06134314899099991,envelope_formula,0.0,8471c366084d143b3e08846dc36159d26ff3d0485d4680d2d738d7c65bb09614,2191943bc220cac6e3f48f868f6a5261df5a2b2a6cd980c1bafd4a28a997ceec
128,7804,3,envelope,7749,121.0,120.99999999999977,0.010013596998760477,0.06164405000163242,envelope_formula,0.0,8471c366084d143b3e08846dc36159d26ff3d0485d4680d2d738d7c65bb09614,2191943bc220cac6e3f48f868f6a5261df5a2b2a6cd980c1bafd4a28a997ceec
128,7804,4,envelope,7749,121.0,120.99999999999977,0.009943565994035453,0.061590764002176,envelope_formula,0.0,8471c366084d143b3e08846dc36159d26ff3d0485d4680d2d738d7c65bb09614,2191943bc220cac6e3f48f868f6a5261df5a2b2a6cd980c1bafd4a28a997ceec
128,7885,0,envelope,7875,123.0,122.99999999999973,0.010235098001430742,0.01508976801414974,envelope_formula,0.0,5efc4c89f48268ef61909d39eca2d9d4a7f942ce2c48d1b07b8dfbbfdaba3d69,05cf9a116a5eaac5d7abc818eb2526837cc18d988112fdaf92c94f72b011f710
128,7885,1,envelope,7875,123.0,122.99999999999973,0.010139801001059823,0.015224075003061444,envelope_formula,0.0,5efc4c89f48268ef61909d39eca2d9d4a7f942ce2c48d1b07b8dfbbfdaba3d69,05cf9a116a5eaac5d7abc818eb2526837cc18d988112fdaf92c94f72b011f710
128,7885,2,envelope,7875,123.0,122.99999999999973,0.010349257994676009,0.015379734002635814,envelope_formula,0.0,5efc4c89f48268ef61909d39eca2d9d4a7f942ce2c48d1b07b8dfbbfdaba3d69,05cf9a116a5eaac5d7abc818eb2526837cc18d988112fdaf92c94f72b011f710
128,7885,3,envelope,7875,123.0,122.99999999999973,0.0102434459986398,0.015149374012253247,envelope_formula,0.0,5efc4c89f48268ef61909d39eca2d9d4a7f942ce2c48d1b07b8dfbbfdaba3d69,05cf9a116a5eaac5d7abc818eb2526837cc18d988112fdaf92c94f72b011f710
128,7885,4,envelope,7875,123.0,122.99999999999973,0.010536051006056368,0.015426259007654153,envelope_formula,0.0,5efc4c89f48268ef61909d39eca2d9d4a7f942ce2c48d1b07b8dfbbfdaba3d69,05cf9a116a5eaac5d7abc818eb2526837cc18d988112fdaf92c94f72b011f710
128,7965,0,envelope,7936,124.0,123.99999999999982,0.010422772000310943,0.03572844999143854,envelope_formula,1.4210854715202004e-14,c42213d986dc94eac108f2a5b5019b64539ee8216e934646db0341e8dbedfa8c,5d91225c52d06432eec763f47a3bc541d0c4a4cc6ac62adb55fcbdf82e6bfebf
128,7965,1,envelope,7936,124.0,123.99999999999982,0.010167561005800962,0.035683798996615224,envelope_formula,1.4210854715202004e-14,c42213d986dc94eac108f2a5b5019b64539ee8216e934646db0341e8dbedfa8c,5d91225c52d06432eec763f47a3bc541d0c4a4cc6ac62adb55fcbdf82e6bfebf
128,7965,2,envelope,7936,124.0,123.99999999999982,0.010740579004050232,0.03604661001008935,envelope_formula,1.4210854715202004e-14,c42213d986dc94eac108f2a5b5019b64539ee8216e934646db0341e8dbedfa8c,5d91225c52d06432eec763f47a3bc541d0c4a4cc6ac62adb55fcbdf82e6bfebf
128,7965,3,envelope,7936,124.0,123.99999999999982,0.010156396994716488,0.03575801399711054,envelope_formula,1.4210854715202004e-14,c42213d986dc94eac108f2a5b5019b64539ee8216e934646db0341e8dbedfa8c,5d91225c52d06432eec763f47a3bc541d0c4a4cc6ac62adb55fcbdf82e6bfebf
128,7965,4,envelope,7936,124.0,123.99999999999982,0.010489018997759558,0.036025820998474956,envelope_formula,1.4210854715202004e-14,c42213d986dc94eac108f2a5b5019b64539ee8216e934646db0341e8dbedfa8c,5d91225c52d06432eec763f47a3bc541d0c4a4cc6ac62adb55fcbdf82e6bfebf
128,8046,0,envelope,8001,125.0,124.99999999999984,0.010446984990267083,0.05222322999907192,envelope_formula,1.4210854715202004e-14,cddc5ee9cce45386289de1692bcc968904e56e6597dac84cbcfa0d0c1bc7b518,670d2099a6abf9a5f1460414c2b24b9dbb77d1145b48ae707bcff93bb656cc28
128,8046,1,envelope,8001,125.0,124.99999999999984,0.010674049990484491,0.052452406991505995,envelope_formula,1.4210854715202004e-14,cddc5ee9cce45386289de1692bcc968904e56e6597dac84cbcfa0d0c1bc7b518,670d2099a6abf9a5f1460414c2b24b9dbb77d1145b48ae707bcff93bb656cc28
128,8046,2,envelope,8001,125.0,124.99999999999984,0.010684990993468091,0.052110856006038375,envelope_formula,1.4210854715202004e-14,cddc5ee9cce45386289de1692bcc968904e56e6597dac84cbcfa0d0c1bc7b518,670d2099a6abf9a5f1460414c2b24b9dbb77d1145b48ae707bcff93bb656cc28
128,8046,3,envelope,8001,125.0,124.99999999999984,0.010839028996997513,0.05260726099368185,envelope_formula,1.4210854715202004e-14,cddc5ee9cce45386289de1692bcc968904e56e6597dac84cbcfa0d0c1bc7b518,670d2099a6abf9a5f1460414c2b24b9dbb77d1145b48ae707bcff93bb656cc28
128,8046,4,envelope,8001,125.0,124.99999999999984,0.010529133011004888,0.052277613009209745,envelope_formula,1.4210854715202004e-14,cddc5ee9cce45386289de1692bcc968904e56e6597dac84cbcfa0d0c1bc7b518,670d2099a6abf9a5f1460414c2b24b9dbb77d1145b48ae707bcff93bb656cc28
128,8127,0,envelope,8064,126.0,125.99999999999997,0.011814695011707954,0.06425317200773861,envelope_formula,5.684341886080802e-14,1d422c7bc142ef1e1ecbdea2015c953f0c6a1ad8e7a947632a9565eb003de419,cc37092a0ca0c9e1e776fbe207c1ff3bd06de4522c02143800978e35600d6bde
128,8127,1,envelope,8064,126.0,125.99999999999997,0.011274901000433601,0.06416836299467832,envelope_formula,5.684341886080802e-14,1d422c7bc142ef1e1ecbdea2015c953f0c6a1ad8e7a947632a9565eb003de419,cc37092a0ca0c9e1e776fbe207c1ff3bd06de4522c02143800978e35600d6bde
128,8127,2,envelope,8064,126.0,125.99999999999997,0.011632855996140279,0.06424244699883275,envelope_formula,5.684341886080802e-14,1d422c7bc142ef1e1ecbdea2015c953f0c6a1ad8e7a947632a9565eb003de419,cc37092a0ca0c9e1e776fbe207c1ff3bd06de4522c02143800978e35600d6bde
128,8127,3,envelope,8064,126.0,125.99999999999997,0.011495911006932147,0.06388894299743697,envelope_formula,5.684341886080802e-14,1d422c7bc142ef1e1ecbdea2015c953f0c6a1ad8e7a947632a9565eb003de419,cc37092a0ca0c9e1e776fbe207c1ff3bd06de4522c02143800978e35600d6bde
128,8127,4,envelope,8064,126.0,125.99999999999997,0.011901199002750218,0.06405531799828168,envelope_formula,5.684341886080802e-14,1d422c7bc142ef1e1ecbdea2015c953f0c6a1ad8e7a947632a9565eb003de419,cc37092a0ca0c9e1e776fbe207c1ff3bd06de4522c02143800978e35600d6bde
