n,m,repeat_idx,method,lambda2,runtime_init_s,runtime_complete_s,runtime_select_s,runtime_total_s,selected_family,branches,graph_sha256,max_score_error
8,8,0,MAC,0.3376036697878203,5.3810072131454945e-06,0.004311977987526916,0.0,0.0043173589947400615,path,1,4fb07be46f39bc18baf054ed15fd595e3c4a87ffe11ded75228bfa16385b7924,1.1102230246251565e-16
8,8,0,BB-RL,1.0,0.00015189200348686427,0.0018940959998872131,2.810003934428096e-06,0.0020487980073085055,envelope,1,7c4b524d071e9b8a327a83612e58cfdbd905a85bb72c9758cd54e2a4b9f6feff,8.881784197001252e-16
8,8,1,BB-RL,1.0,0.00014869400183670223,0.001962762005859986,2.906992449425161e-06,0.0021143630001461133,envelope,1,7c4b524d071e9b8a327a83612e58cfdbd905a85bb72c9758cd54e2a4b9f6feff,8.881784197001252e-16
8,8,1,MAC,0.3376036697878203,6.384012522175908e-06,0.0043621479999274015,0.0,0.0043685320124495775,path,1,4fb07be46f39bc18baf054ed15fd595e3c4a87ffe11ded75228bfa16385b7924,1.1102230246251565e-16
8,8,2,MAC,0.3376036697878203,5.125999450683594e-06,0.004315535989007913,0.0,0.004320661988458596,path,1,4fb07be46f39bc18baf054ed15fd595e3c4a87ffe11ded75228bfa16385b7924,1.1102230246251565e-16
8,8,2,BB-RL,1.0,0.00014164000458549708,0.0018542049947427586,2.8830108931288123e-06,0.0019987280102213845,envelope,1,7c4b524d071e9b8a327a83612e58cfdbd905a85bb72c9758cd54e2a4b9f6feff,8.881784197001252e-16
8,8,3,BB-RL,1.0,0.00015382099081762135,0.001856584000051953,2.892003976739943e-06,0.002013296994846314,envelope,1,7c4b524d071e9b8a327a83612e58cfdbd905a85bb72c9758cd54e2a4b9f6feff,8.881784197001252e-16
8,8,3,MAC,0.3376036697878203,6.2150065787136555e-06,0.0043476799910422415,0.0,0.004353894997620955,path,1,4fb07be46f39bc18baf054ed15fd595e3c4a87ffe11ded75228bfa16385b7924,1.1102230246251565e-16
8,8,4,MAC,0.3376036697878203,5.1240058382973075e-06,0.004289445001631975,0.0,0.0042945690074702725,path,1,4fb07be46f39bc18baf054ed15fd595e3c4a87ffe11ded75228bfa16385b7924,1.1102230246251565e-16
8,8,4,BB-RL,1.0,0.0001406210067216307,0.0018505629996070638,2.810003934428096e-06,0.0019939940102631226,envelope,1,7c4b524d071e9b8a327a83612e58cfdbd905a85bb72c9758cd54e2a4b9f6feff,8.881784197001252e-16
8,9,0,BB-RL,0.9999999999999991,0.0024673680018167943,0.0043128209945280105,3.6349956644698977e-06,0.006783823992009275,envelope,2,22be88521edb7714714d0378dca3fb433e398621f035875b88020195915868b2,3.3306690738754696e-16
8,9,0,MAC,0.5857864376269049,5.4150004871189594e-06,0.004331147996708751,0.0,0.00433656299719587,path,1,b503d92a79dd47ef479805f3c228c57828647077e74672898d6800e06fef57c9,2.220446049250313e-16
8,9,1,MAC,0.5857864376269049,5.188005161471665e-06,0.004309306008508429,0.0,0.004314494013669901,path,1,b503d92a79dd47ef479805f3c228c57828647077e74672898d6800e06fef57c9,2.220446049250313e-16
8,9,1,BB-RL,0.9999999999999991,0.002780900991638191,0.004172200002358295,3.6179990274831653e-06,0.006956718993023969,envelope,2,22be88521edb7714714d0378dca3fb433e398621f035875b88020195915868b2,3.3306690738754696e-16
8,9,2,BB-RL,0.9999999999999991,0.0026239059952786192,0.004161673001362942,3.434004611335695e-06,0.006789013001252897,envelope,2,22be88521edb7714714d0378dca3fb433e398621f035875b88020195915868b2,3.3306690738754696e-16
8,9,2,MAC,0.5857864376269049,4.493995220400393e-06,0.004359279992058873,0.0,0.004363773987279274,path,1,b503d92a79dd47ef479805f3c228c57828647077e74672898d6800e06fef57c9,2.220446049250313e-16
8,9,3,MAC,0.5857864376269049,5.3249968914315104e-06,0.00433285599865485,0.0,0.004338180995546281,path,1,b503d92a79dd47ef479805f3c228c57828647077e74672898d6800e06fef57c9,2.220446049250313e-16
8,9,3,BB-RL,0.9999999999999991,0.002618983999127522,0.004161523000220768,3.667009877972305e-06,0.006784174009226263,envelope,2,22be88521edb7714714d0378dca3fb433e398621f035875b88020195915868b2,3.3306690738754696e-16
8,9,4,BB-RL,0.9999999999999991,0.0026059289957629517,0.004168915009358898,3.6529963836073875e-06,0.006778497001505457,envelope,2,22be88521edb7714714d0378dca3fb433e398621f035875b88020195915868b2,3.3306690738754696e-16
8,9,4,MAC,0.5857864376269049,5.285997758619487e-06,0.004331299991463311,0.0,0.0043365859892219305,path,1,b503d92a79dd47ef479805f3c228c57828647077e74672898d6800e06fef57c9,2.220446049250313e-16
8,10,0,MAC,0.9160318901726997,5.170004442334175e-06,0.004305843001930043,0.0,0.004311013006372377,path,1,b6d9c242370d73fbda6d2643482c0befee355c2af0d948d9e3043ba3eb557d0b,9.992007221626409e-16
8,10,0,BB-RL,1.2679491924311228,0.0025915489968610927,0.0022767470072722062,2.754997694864869e-06,0.004871051001828164,cayley,1,bb51b34bb5931f03868582e7222be599f9b884e16110b046f0b7856601ac77a2,6.661338147750939e-16
8,10,1,BB-RL,1.2679491924311228,0.0023849809949751943,0.0022659560054307804,2.888002200052142e-06,0.004653825002606027,cayley,1,bb51b34bb5931f03868582e7222be599f9b884e16110b046f0b7856601ac77a2,6.661338147750939e-16
8,10,1,MAC,0.9160318901726997,6.183996447362006e-06,0.004340566010796465,0.0,0.004346750007243827,path,1,b6d9c242370d73fbda6d2643482c0befee355c2af0d948d9e3043ba3eb557d0b,9.992007221626409e-16
8,10,2,MAC,0.9160318901726997,4.975008778274059e-06,0.0043046739883720875,0.0,0.0043096489971503615,path,1,b6d9c242370d73fbda6d2643482c0befee355c2af0d948d9e3043ba3eb557d0b,9.992007221626409e-16
8,10,2,BB-RL,1.2679491924311228,0.0025907450035447255,0.0022680149995721877,2.921995474025607e-06,0.004861681998590939,cayley,1,bb51b34bb5931f03868582e7222be599f9b884e16110b046f0b7856601ac77a2,6.661338147750939e-16
8,10,3,BB-RL,1.2679491924311228,0.00235881500702817,0.002278116997331381,2.7049973141402006e-06,0.004639637001673691,cayley,1,bb51b34bb5931f03868582e7222be599f9b884e16110b046f0b7856601ac77a2,6.661338147750939e-16
8,10,3,MAC,0.9160318901726997,6.157002644613385e-06,0.004352756004664116,0.0,0.004358913007308729,path,1,b6d9c242370d73fbda6d2643482c0befee355c2af0d948d9e3043ba3eb557d0b,9.992007221626409e-16
8,10,4,MAC,0.9160318901726997,5.071997293271124e-06,0.004325054993387312,0.0,0.004330126990680583,path,1,b6d9c242370d73fbda6d2643482c0befee355c2af0d948d9e3043ba3eb557d0b,9.992007221626409e-16
8,10,4,BB-RL,1.2679491924311228,0.0025586559931980446,0.002269247008371167,2.8240028768777847e-06,0.004830727004446089,cayley,1,bb51b34bb5931f03868582e7222be599f9b884e16110b046f0b7856601ac77a2,6.661338147750939e-16
8,11,0,BB-RL,1.2679491924311224,0.0023681820021010935,0.002915384990046732,2.8070062398910522e-06,0.005286373998387717,cayley,1,218817e56a3e254b1859371c5acf41f0f0928512cb0a36ac4f353c6ef94eb913,8.881784197001252e-16
8,11,0,MAC,1.2679491924311228,6.280999514274299e-06,0.004372770999907516,0.0,0.00437905199942179,path,1,dd43883a47ca7ed6df7c8867673fe28c23d5425a0c45f29ba7b435225ab4f321,4.440892098500626e-16
8,11,1,MAC,1.2679491924311228,5.075999069958925e-06,0.004324766996433027,0.0,0.004329842995502986,path,1,dd43883a47ca7ed6df7c8867673fe28c23d5425a0c45f29ba7b435225ab4f321,4.440892098500626e-16
8,11,1,BB-RL,1.2679491924311224,0.0025075759913306683,0.002931793002062477,2.8719950933009386e-06,0.0054422409884864464,cayley,1,218817e56a3e254b1859371c5acf41f0f0928512cb0a36ac4f353c6ef94eb913,8.881784197001252e-16
8,11,2,BB-RL,1.2679491924311224,0.0023674840049352497,0.0029220680007711053,2.788001438602805e-06,0.005292340007144958,cayley,1,218817e56a3e254b1859371c5acf41f0f0928512cb0a36ac4f353c6ef94eb913,8.881784197001252e-16
8,11,2,MAC,1.2679491924311228,6.246991688385606e-06,0.004352068004664034,0.0,0.004358314996352419,path,1,dd43883a47ca7ed6df7c8867673fe28c23d5425a0c45f29ba7b435225ab4f321,4.440892098500626e-16
8,11,3,MAC,1.2679491924311228,5.237001460045576e-06,0.004298376996302977,0.0,0.004303613997763023,path,1,dd43883a47ca7ed6df7c8867673fe28c23d5425a0c45f29ba7b435225ab4f321,4.440892098500626e-16
8,11,3,BB-RL,1.2679491924311224,0.0024629399995319545,0.0029279320006025955,2.9030052246525884e-06,0.005393775005359203,cayley,1,218817e56a3e254b1859371c5acf41f0f0928512cb0a36ac4f353c6ef94eb913,8.881784197001252e-16
8,11,4,BB-RL,1.2679491924311224,0.0023956990044098347,0.00291929800005164,2.898988896049559e-06,0.005317895993357524,cayley,1,218817e56a3e254b1859371c5acf41f0f0928512cb0a36ac4f353c6ef94eb913,8.881784197001252e-16
8,11,4,MAC,1.2679491924311228,6.093992851674557e-06,0.004361951010650955,0.0,0.00436804500350263,path,1,dd43883a47ca7ed6df7c8867673fe28c23d5425a0c45f29ba7b435225ab4f321,4.440892098500626e-16
8,12,0,MAC,1.3344199306231972,5.036999937146902e-06,0.0043106889934279025,0.0,0.004315725993365049,path,1,d820fd2b1db060d1e85fb9c7e2146f1860f7b7c6b57a5a3c0c8de1f12e6b4ba9,6.661338147750939e-16
8,12,0,BB-RL,1.9999999999999996,0.002698359006899409,0.0002573630044935271,2.2570020519196987e-06,0.002957979013444856,cayley,1,7c837fe98fd2487b98421bbc9e9aa9d431e6072a4595c02de2c78ecdf1068031,2.220446049250313e-16
8,12,1,BB-RL,1.9999999999999996,0.002773204992990941,0.0002560110006015748,2.3260072339326143e-06,0.003031542000826448,cayley,1,7c837fe98fd2487b98421bbc9e9aa9d431e6072a4595c02de2c78ecdf1068031,2.220446049250313e-16
8,12,1,MAC,1.3344199306231972,5.0879898481070995e-06,0.004340571002103388,0.0,0.004345658991951495,path,1,d820fd2b1db060d1e85fb9c7e2146f1860f7b7c6b57a5a3c0c8de1f12e6b4ba9,6.661338147750939e-16
8,12,2,MAC,1.3344199306231972,5.062989657744765e-06,0.0042930760100716725,0.0,0.004298138999729417,path,1,d820fd2b1db060d1e85fb9c7e2146f1860f7b7c6b57a5a3c0c8de1f12e6b4ba9,6.661338147750939e-16
8,12,2,BB-RL,1.9999999999999996,0.0026766379887703806,0.00025039000320248306,2.3830070858821273e-06,0.002929410999058746,cayley,1,7c837fe98fd2487b98421bbc9e9aa9d431e6072a4595c02de2c78ecdf1068031,2.220446049250313e-16
8,12,3,BB-RL,1.9999999999999996,0.0026511390024097636,0.0002474100037943572,2.3339962353929877e-06,0.002900883002439514,cayley,1,147b98ae2490b9a7d0e7f4d6f6d2ec62e3e0f77b3f1ff250dd6d67a9837ef17d,4.440892098500626e-16
8,12,3,MAC,1.3344199306231972,5.219000740908086e-06,0.004326134992879815,0.0,0.0043313539936207235,path,1,d820fd2b1db060d1e85fb9c7e2146f1860f7b7c6b57a5a3c0c8de1f12e6b4ba9,6.661338147750939e-16
8,12,4,MAC,1.3344199306231972,4.992005415260792e-06,0.00427429900446441,0.0,0.004279291009879671,path,1,d820fd2b1db060d1e85fb9c7e2146f1860f7b7c6b57a5a3c0c8de1f12e6b4ba9,6.661338147750939e-16
8,12,4,BB-RL,1.9999999999999996,0.0026027130079455674,0.0002526949974708259,2.3460015654563904e-06,0.0028577540069818497,cayley,1,11df904cadad80e285e0467531b03823bff8462e4d1bfcdb815e163e4395cff8,2.220446049250313e-16
8,13,0,BB-RL,2.0,0.002588704999652691,0.0016023860080167651,2.8439972084015608e-06,0.004193935004877858,cayley,1,b86f77ac3696cc62e50440fbcdbe58e8b380ea37d506fdf1a8f9bc221403ee2d,1.3322676295501878e-15
8,13,0,MAC,1.5857864376269046,6.210000719875097e-06,0.004333333999966271,0.0,0.004339544000686146,path,1,165956d1309c9b3b32857fb426c23f9bc948997fc6835851462091c9c427b94c,8.881784197001252e-16
8,13,1,MAC,1.5857864376269046,5.184992915019393e-06,0.0043135290034115314,0.0,0.004318713996326551,path,1,165956d1309c9b3b32857fb426c23f9bc948997fc6835851462091c9c427b94c,8.881784197001252e-16
8,13,1,BB-RL,2.0,0.0027184549981029704,0.001594137997017242,2.849003067240119e-06,0.0043154419981874526,cayley,1,b86f77ac3696cc62e50440fbcdbe58e8b380ea37d506fdf1a8f9bc221403ee2d,1.3322676295501878e-15
8,13,2,BB-RL,2.0,0.0025228739978047088,0.0015781719994265586,2.8040085453540087e-06,0.004103850005776621,cayley,1,b86f77ac3696cc62e50440fbcdbe58e8b380ea37d506fdf1a8f9bc221403ee2d,1.3322676295501878e-15
8,13,2,MAC,1.5857864376269046,6.2850012909621e-06,0.004338083992479369,0.0,0.004344368993770331,path,1,165956d1309c9b3b32857fb426c23f9bc948997fc6835851462091c9c427b94c,8.881784197001252e-16
8,13,3,MAC,1.5857864376269046,5.063004209659994e-06,0.00428409299638588,0.0,0.00428915600059554,path,1,165956d1309c9b3b32857fb426c23f9bc948997fc6835851462091c9c427b94c,8.881784197001252e-16
8,13,3,BB-RL,2.0,0.002640900987898931,0.0016020490002119914,2.7710048016160727e-06,0.004245720992912538,cayley,1,dd9b49e9e8b18104ff7f9a1d317cb706c8ca417fe4c9fa52d79f8314724bfeda,4.440892098500626e-16
8,13,4,BB-RL,1.9999999999999987,0.00248946099600289,0.0015986890066415071,2.7850037440657616e-06,0.004090935006388463,cayley,1,85cdddd3d3cec51d228dd0b46683d25849a4179d4f351287e517617bb3a1a3b0,8.881784197001252e-16
8,13,4,MAC,1.5857864376269046,6.2850012909621e-06,0.00436821099719964,0.0,0.004374495998490602,path,1,165956d1309c9b3b32857fb426c23f9bc948997fc6835851462091c9c427b94c,8.881784197001252e-16
8,14,0,MAC,1.4384471871911697,5.087000317871571e-06,0.0043207099952269346,0.0,0.004325796995544806,path,1,9d3beec31831e6354739d4c44434f3e9cc1fe7ad7f0a43fa6993339ae12073d1,8.881784197001252e-16
8,14,0,BB-RL,1.999999999999999,0.002642241001012735,0.002261456989799626,2.810003934428096e-06,0.004906507994746789,cayley,1,4b2e0aacc101d741789423da87ffd4019bc2488e97e53431066d558c3af611d3,2.886579864025407e-15
8,14,1,BB-RL,1.999999999999999,0.002536215994041413,0.0022545520041603595,2.8659997042268515e-06,0.004793633997905999,cayley,1,4b2e0aacc101d741789423da87ffd4019bc2488e97e53431066d558c3af611d3,2.886579864025407e-15
8,14,1,MAC,1.4384471871911697,6.165006197988987e-06,0.004369946997030638,0.0,0.004376112003228627,path,1,9d3beec31831e6354739d4c44434f3e9cc1fe7ad7f0a43fa6993339ae12073d1,8.881784197001252e-16
8,14,2,MAC,1.4384471871911697,5.306006642058492e-06,0.004328726994572207,0.0,0.004334033001214266,path,1,9d3beec31831e6354739d4c44434f3e9cc1fe7ad7f0a43fa6993339ae12073d1,8.881784197001252e-16
8,14,2,BB-RL,1.999999999999999,0.0026082050026161596,0.0022641389950877056,2.8810027288272977e-06,0.0048752250004326925,cayley,1,4b2e0aacc101d741789423da87ffd4019bc2488e97e53431066d558c3af611d3,2.886579864025407e-15
8,14,3,BB-RL,1.9999999999999991,0.0025050960102817044,0.0022686449956381693,2.877000952139497e-06,0.004776618006872013,cayley,1,03f6372de241f4ba1531f6bff68e3bb772960d0fc2d2a1f1be0e03c85f433d6f,1.3322676295501878e-15
8,14,3,MAC,1.4384471871911697,6.362010026350617e-06,0.004375845994218253,0.0,0.004382208004244603,path,1,9d3beec31831e6354739d4c44434f3e9cc1fe7ad7f0a43fa6993339ae12073d1,8.881784197001252e-16
8,14,4,MAC,1.4384471871911697,5.132998921908438e-06,0.004340131999924779,0.0,0.004345264998846687,path,1,9d3beec31831e6354739d4c44434f3e9cc1fe7ad7f0a43fa6993339ae12073d1,8.881784197001252e-16
8,14,4,BB-RL,2.0000000000000004,0.0027247499965596944,0.002263746995595284,2.982007572427392e-06,0.004991478999727406,cayley,1,df91d9c9ec22ede124b94bd7d669503526deae758030c8ea0033a63fa11e23ec,0.0
8,15,0,BB-RL,2.3542486889354084,0.002546067989896983,0.002916821002145298,2.9280054150149226e-06,0.005465816997457296,cayley,1,a673004c5135c62676579807a22d52a5c2248fc53ed906a4d6aebae8a79732ae,8.881784197001252e-16
8,15,0,MAC,1.9999999999999982,6.264002877287567e-06,0.004379709003842436,0.0,0.004385973006719723,path,1,97bd197771f1f2027b0311a0d287c67d3f0239fe86af9dc92bddda5033e8c000,2.6645352591003757e-15
8,15,1,MAC,1.9999999999999982,5.14599378220737e-06,0.004338744009146467,0.0,0.004343890002928674,path,1,97bd197771f1f2027b0311a0d287c67d3f0239fe86af9dc92bddda5033e8c000,2.6645352591003757e-15
8,15,1,BB-RL,2.3542486889354084,0.0027164729981450364,0.0029028200078755617,1.1416996130719781e-05,0.005630710002151318,cayley,1,a673004c5135c62676579807a22d52a5c2248fc53ed906a4d6aebae8a79732ae,8.881784197001252e-16
8,15,2,BB-RL,2.3542486889354084,0.002502613002434373,0.0029159639962017536,2.8240028768777847e-06,0.005421401001513004,cayley,1,a673004c5135c62676579807a22d52a5c2248fc53ed906a4d6aebae8a79732ae,8.881784197001252e-16
8,15,2,MAC,1.9999999999999982,6.3449988374486566e-06,0.004379734993563034,0.0,0.004386079992400482,path,1,97bd197771f1f2027b0311a0d287c67d3f0239fe86af9dc92bddda5033e8c000,2.6645352591003757e-15
8,15,3,MAC,1.9999999999999982,5.041001713834703e-06,0.004320157997426577,0.0,0.004325198999140412,path,1,97bd197771f1f2027b0311a0d287c67d3f0239fe86af9dc92bddda5033e8c000,2.6645352591003757e-15
8,15,3,BB-RL,2.3542486889354106,0.0026913119945675135,0.002925170003436506,2.89799936581403e-06,0.005619379997369833,cayley,1,593ce36d9527e43b6ff2e4fa5f9bb414f14b1f14205223ef0a241cedf334e9cb,3.9968028886505635e-15
8,15,4,BB-RL,2.3542486889354084,0.0025346109905513003,0.0029103580018272623,2.8340000426396728e-06,0.005447802992421202,cayley,1,eb53c3a79b5f3308b75ce48add488c37df5ce624b190eefc2a12b56d6f1945d3,8.881784197001252e-16
8,15,4,MAC,1.9999999999999982,6.282993126660585e-06,0.004368139008875005,0.0,0.0043744220020016655,path,1,97bd197771f1f2027b0311a0d287c67d3f0239fe86af9dc92bddda5033e8c000,2.6645352591003757e-15
8,16,0,MAC,2.130064949636499,5.219000740908086e-06,0.004338710001320578,0.0,0.004343929002061486,path,1,845fa6cce51e0ec21725650e7a890fcfd9fcd65ae5b0b30fb04fcec2077cb0d1,4.440892098500626e-16
8,16,0,BB-RL,3.9999999999999964,0.0028145660035079345,0.000251039004069753,2.374988980591297e-06,0.003067979996558279,cayley,1,82127199c8123132886c67af4c0c26b194e0884ff49483f454bd474bb37db57d,0.0
8,16,1,BB-RL,3.9999999999999964,0.0027439289988251403,0.00024711800506338477,2.278989995829761e-06,0.002993325993884355,cayley,1,82127199c8123132886c67af4c0c26b194e0884ff49483f454bd474bb37db57d,0.0
8,16,1,MAC,2.130064949636499,5.237990990281105e-06,0.0043596220057224855,0.0,0.004364859996712767,path,1,845fa6cce51e0ec21725650e7a890fcfd9fcd65ae5b0b30fb04fcec2077cb0d1,4.440892098500626e-16
8,16,2,MAC,2.130064949636499,5.007997970096767e-06,0.0043192140001337975,0.0,0.004324221998103894,path,1,845fa6cce51e0ec21725650e7a890fcfd9fcd65ae5b0b30fb04fcec2077cb0d1,4.440892098500626e-16
8,16,2,BB-RL,3.9999999999999964,0.0027169320092070848,0.00025013499544002116,2.3519969545304775e-06,0.0029694190016016364,cayley,1,82127199c8123132886c67af4c0c26b194e0884ff49483f454bd474bb37db57d,0.0
8,16,3,BB-RL,3.9999999999999964,0.0027533069951459765,0.0002549460041336715,2.449000021442771e-06,0.003010701999301091,cayley,1,82127199c8123132886c67af4c0c26b194e0884ff49483f454bd474bb37db57d,0.0
8,16,3,MAC,2.130064949636499,5.295005394145846e-06,0.004378067998914048,0.0,0.004383363004308194,path,1,845fa6cce51e0ec21725650e7a890fcfd9fcd65ae5b0b30fb04fcec2077cb0d1,4.440892098500626e-16
8,16,4,MAC,2.130064949636499,5.0349917728453875e-06,0.0043533630087040365,0.0,0.004358398000476882,path,1,845fa6cce51e0ec21725650e7a890fcfd9fcd65ae5b0b30fb04fcec2077cb0d1,4.440892098500626e-16
8,16,4,BB-RL,3.9999999999999964,0.002794658998027444,0.00024925399338826537,2.3270113160833716e-06,0.0030462400027317926,cayley,1,82127199c8123132886c67af4c0c26b194e0884ff49483f454bd474bb37db57d,0.0
8,17,0,BB-RL,3.9999999999999973,0.002767803001916036,0.0015890609938651323,2.8460053727030754e-06,0.004359710001153871,cayley,1,b0f691036f60d6eaef01ad0c3b74360bf6c550bfb0f7d469381fb87cbe2876a6,0.0
8,17,0,MAC,2.5857864376269046,6.293994374573231e-06,0.004393085997435264,0.0,0.0043993799918098375,path,1,ba32816015d28312017ba55c12b35592997a069d8adef2c7925de2881afb1f5d,4.440892098500626e-16
8,17,1,MAC,2.5857864376269046,4.968998837284744e-06,0.004328158000134863,0.0,0.004333126998972148,path,1,ba32816015d28312017ba55c12b35592997a069d8adef2c7925de2881afb1f5d,4.440892098500626e-16
8,17,1,BB-RL,3.9999999999999973,0.0028797389968531206,0.0015945970080792904,2.7879868866875768e-06,0.004477123991819099,cayley,1,b0f691036f60d6eaef01ad0c3b74360bf6c550bfb0f7d469381fb87cbe2876a6,0.0
8,17,2,BB-RL,3.9999999999999973,0.0026618870033416897,0.0015999210008885711,2.9039947548881173e-06,0.004264711998985149,cayley,1,b0f691036f60d6eaef01ad0c3b74360bf6c550bfb0f7d469381fb87cbe2876a6,0.0
8,17,2,MAC,2.5857864376269046,6.4109917730093e-06,0.004397756012622267,0.0,0.004404167004395276,path,1,ba32816015d28312017ba55c12b35592997a069d8adef2c7925de2881afb1f5d,4.440892098500626e-16
8,17,3,MAC,2.5857864376269046,5.319991032592952e-06,0.004329237010097131,0.0,0.004334557001129724,path,1,ba32816015d28312017ba55c12b35592997a069d8adef2c7925de2881afb1f5d,4.440892098500626e-16
8,17,3,BB-RL,3.9999999999999973,0.0028139789937995374,0.001593485998455435,2.788001438602805e-06,0.004410252993693575,cayley,1,b0f691036f60d6eaef01ad0c3b74360bf6c550bfb0f7d469381fb87cbe2876a6,0.0
8,17,4,BB-RL,3.9999999999999973,0.0026295300049241632,0.0015999029856175184,2.8690119506791234e-06,0.004232302002492361,cayley,1,b0f691036f60d6eaef01ad0c3b74360bf6c550bfb0f7d469381fb87cbe2876a6,0.0
8,17,4,MAC,2.5857864376269046,6.095011485740542e-06,0.004394658986711875,0.0,0.004400753998197615,path,1,ba32816015d28312017ba55c12b35592997a069d8adef2c7925de2881afb1f5d,4.440892098500626e-16
8,18,0,MAC,2.585786437626904,7.906011887826025e-06,0.0044130530004622415,0.0,0.0044209590123500675,path,1,1ac08f3a4834fae66d552b17dafb6ad1f682e734f3cc94b98382bf7026af78d6,4.440892098500626e-15
8,18,0,BB-RL,3.9999999999999964,0.005837360993609764,0.004575519997160882,3.7429999792948365e-06,0.01041662399074994,envelope,2,362623da1ea3e193115ff980f391abffe0261b746d1af3eea55714b4688b06f6,3.552713678800501e-15
8,18,1,BB-RL,3.9999999999999964,0.00575670599937439,0.004553268998279236,3.645007382147014e-06,0.010313620005035773,envelope,2,362623da1ea3e193115ff980f391abffe0261b746d1af3eea55714b4688b06f6,3.552713678800501e-15
8,18,1,MAC,2.585786437626904,1.045700628310442e-05,0.004370330992969684,0.0,0.004380787999252789,path,1,1ac08f3a4834fae66d552b17dafb6ad1f682e734f3cc94b98382bf7026af78d6,4.440892098500626e-15
8,18,2,MAC,2.585786437626904,5.278998287394643e-06,0.004330342009779997,0.0,0.004335621008067392,path,1,1ac08f3a4834fae66d552b17dafb6ad1f682e734f3cc94b98382bf7026af78d6,4.440892098500626e-15
8,18,2,BB-RL,3.9999999999999964,0.005487873000674881,0.004569398995954543,3.7190038710832596e-06,0.010060991000500508,envelope,2,362623da1ea3e193115ff980f391abffe0261b746d1af3eea55714b4688b06f6,3.552713678800501e-15
8,18,3,BB-RL,3.9999999999999964,0.005541553007788025,0.004557235006359406,3.6399869713932276e-06,0.010102428001118824,envelope,2,362623da1ea3e193115ff980f391abffe0261b746d1af3eea55714b4688b06f6,3.552713678800501e-15
8,18,3,MAC,2.585786437626904,4.7869980335235596e-06,0.004373572999611497,0.0,0.0043783599976450205,path,1,1ac08f3a4834fae66d552b17dafb6ad1f682e734f3cc94b98382bf7026af78d6,4.440892098500626e-15
8,18,4,MAC,2.585786437626904,5.213005351833999e-06,0.004339627004810609,0.0,0.004344840010162443,path,1,1ac08f3a4834fae66d552b17dafb6ad1f682e734f3cc94b98382bf7026af78d6,4.440892098500626e-15
8,18,4,BB-RL,3.9999999999999964,0.00552258500829339,0.0045575729891425,3.7410063669085503e-06,0.010083899003802799,envelope,2,362623da1ea3e193115ff980f391abffe0261b746d1af3eea55714b4688b06f6,3.552713678800501e-15
8,19,0,BB-RL,3.9999999999999982,0.005706787007511593,0.005884151003556326,3.7189893191680312e-06,0.011594657000387087,envelope,2,d291f9f696ffc6dced356765fb76e73d044b6e8e0c6dc34b216ee03d92cc465a,1.7763568394002505e-15
8,19,0,MAC,3.5188056959079845,5.308000254444778e-06,0.004346195011748932,0.0,0.004351503012003377,path,1,9ffc8e15b3feb169e51aa3eb4b84cd26a58a2cf06309ee760bff8c17862bc3de,8.881784197001252e-16
8,19,1,MAC,3.5188056959079845,5.187001079320908e-06,0.004322528999182396,0.0,0.0043277160002617165,path,1,9ffc8e15b3feb169e51aa3eb4b84cd26a58a2cf06309ee760bff8c17862bc3de,8.881784197001252e-16
8,19,1,BB-RL,3.9999999999999982,0.005452723999042064,0.005859572993358597,3.655994078144431e-06,0.011315952986478806,envelope,2,d291f9f696ffc6dced356765fb76e73d044b6e8e0c6dc34b216ee03d92cc465a,1.7763568394002505e-15
8,19,2,BB-RL,3.9999999999999982,0.005363752992707305,0.005890876011108048,3.5689881769940257e-06,0.011258197991992347,envelope,2,d291f9f696ffc6dced356765fb76e73d044b6e8e0c6dc34b216ee03d92cc465a,1.7763568394002505e-15
8,19,2,MAC,3.5188056959079845,4.579997039400041e-06,0.00437410399899818,0.0,0.00437868399603758,path,1,9ffc8e15b3feb169e51aa3eb4b84cd26a58a2cf06309ee760bff8c17862bc3de,8.881784197001252e-16
8,19,3,MAC,3.5188056959079845,5.20399771630764e-06,0.004353633004939184,0.0,0.004358837002655491,path,1,9ffc8e15b3feb169e51aa3eb4b84cd26a58a2cf06309ee760bff8c17862bc3de,8.881784197001252e-16
8,19,3,BB-RL,3.9999999999999982,0.0054849540028953925,0.00596105499425903,3.6150013329461217e-06,0.011449623998487368,envelope,2,d291f9f696ffc6dced356765fb76e73d044b6e8e0c6dc34b216ee03d92cc465a,1.7763568394002505e-15
8,19,4,BB-RL,3.9999999999999982,0.005486475012730807,0.005874080990906805,3.712004399858415e-06,0.01136426800803747,envelope,2,d291f9f696ffc6dced356765fb76e73d044b6e8e0c6dc34b216ee03d92cc465a,1.7763568394002505e-15
8,19,4,MAC,3.5188056959079845,4.482004442252219e-06,0.004373182004201226,0.0,0.004377664008643478,path,1,9ffc8e15b3feb169e51aa3eb4b84cd26a58a2cf06309ee760bff8c17862bc3de,8.881784197001252e-16
8,20,0,MAC,2.90213320977716,5.059002432972193e-06,0.004342127009294927,0.0,0.004347186011727899,path,1,1e40d03eb2e4196cb2834edc547bf397fc86cd132f76ab88de393187ffc4efbb,0.0
8,20,0,BB-RL,4.0,0.0030992569954833016,0.008504184006596915,3.54400253854692e-06,0.011606985004618764,envelope,2,8305f7cf1ee74d51dc2932ced9fd22ff62611a94ced80b1b5cd4f3b57ae81c31,8.881784197001252e-16
8,20,1,BB-RL,4.0,0.00288413000816945,0.00852307298919186,3.716006176546216e-06,0.011410919003537856,envelope,2,8305f7cf1ee74d51dc2932ced9fd22ff62611a94ced80b1b5cd4f3b57ae81c31,3.552713678800501e-15
8,20,1,MAC,2.90213320977716,5.376001354306936e-06,0.004375502991024405,0.0,0.004380878992378712,path,1,1e40d03eb2e4196cb2834edc547bf397fc86cd132f76ab88de393187ffc4efbb,0.0
8,20,2,MAC,2.90213320977716,1.143499684985727e-05,0.00433310100925155,0.0,0.004344536006101407,path,1,1e40d03eb2e4196cb2834edc547bf397fc86cd132f76ab88de393187ffc4efbb,0.0
8,20,2,BB-RL,4.0,0.002911517003667541,0.008571405996917747,1.2526012142188847e-05,0.011495449012727477,envelope,2,8305f7cf1ee74d51dc2932ced9fd22ff62611a94ced80b1b5cd4f3b57ae81c31,8.881784197001252e-16
8,20,3,BB-RL,4.0,0.002742643002420664,0.008617077997769229,3.8040016079321504e-06,0.011363525001797825,envelope,2,8305f7cf1ee74d51dc2932ced9fd22ff62611a94ced80b1b5cd4f3b57ae81c31,8.881784197001252e-16
8,20,3,MAC,2.90213320977716,4.502988304011524e-06,0.004390254005556926,0.0,0.004394756993860938,path,1,1e40d03eb2e4196cb2834edc547bf397fc86cd132f76ab88de393187ffc4efbb,0.0
8,20,4,MAC,2.90213320977716,5.128007614985108e-06,0.004346097994130105,0.0,0.00435122600174509,path,1,1e40d03eb2e4196cb2834edc547bf397fc86cd132f76ab88de393187ffc4efbb,0.0
8,20,4,BB-RL,4.0,0.0031548539991490543,0.00848938399576582,3.569002728909254e-06,0.011647806997643784,envelope,2,8305f7cf1ee74d51dc2932ced9fd22ff62611a94ced80b1b5cd4f3b57ae81c31,8.881784197001252e-16
8,21,0,BB-RL,4.999999999999996,0.0033752590097719803,0.0004764140030601993,2.7719943318516016e-06,0.0038544450071640313,cayley,2,498689f21b740b6d832292d3d4c192098a1d3a17ae0a96f6b3fb4d4a904c9a3e,4.440892098500626e-15
8,21,0,MAC,3.6570769172228283,5.36099832970649e-06,0.004360873994301073,0.0,0.00436623499263078,path,1,f720ea733f01c262d56ea89fca0b681c6c3937f4d28a49dcdccf0c339a2d74e0,1.7763568394002505e-15
8,21,1,MAC,3.6570769172228283,4.989007720723748e-06,0.004334956989623606,0.0,0.00433994599734433,path,1,f720ea733f01c262d56ea89fca0b681c6c3937f4d28a49dcdccf0c339a2d74e0,1.7763568394002505e-15
8,21,1,BB-RL,4.999999999999999,0.003064849996007979,0.00047113200707826763,3.012988599948585e-06,0.003538994991686195,cayley,2,2a6cf696fb96206e65f354f4b55eab393405b2a24283d8291bdd8c8090d4bc64,8.881784197001252e-16
8,21,2,BB-RL,4.999999999999996,0.0031236520007951185,0.0004543040122371167,3.0509982025250793e-06,0.0035810070112347603,cayley,2,498689f21b740b6d832292d3d4c192098a1d3a17ae0a96f6b3fb4d4a904c9a3e,4.440892098500626e-15
8,21,2,MAC,3.6570769172228283,5.3910043789073825e-06,0.004380008002044633,0.0,0.00438539900642354,path,1,f720ea733f01c262d56ea89fca0b681c6c3937f4d28a49dcdccf0c339a2d74e0,1.7763568394002505e-15
8,21,3,MAC,3.6570769172228283,5.360008799470961e-06,0.004337014994234778,0.0,0.004342375003034249,path,1,f720ea733f01c262d56ea89fca0b681c6c3937f4d28a49dcdccf0c339a2d74e0,1.7763568394002505e-15
8,21,3,BB-RL,4.999999999999996,0.0031377419945783913,0.00046306200965773314,2.9229995561763644e-06,0.003603727003792301,cayley,2,498689f21b740b6d832292d3d4c192098a1d3a17ae0a96f6b3fb4d4a904c9a3e,4.440892098500626e-15
8,21,4,BB-RL,4.999999999999997,0.003115035011433065,0.00045910599874332547,3.0230003176257014e-06,0.003577164010494016,cayley,2,1ab67808480198d7977fc615da833c8eb6da5daa4b156b1f512c983614d08953,8.881784197001252e-16
8,21,4,MAC,3.6570769172228283,5.198991857469082e-06,0.0043814079981530085,0.0,0.004386606990010478,path,1,f720ea733f01c262d56ea89fca0b681c6c3937f4d28a49dcdccf0c339a2d74e0,1.7763568394002505e-15
8,22,0,MAC,4.381966011250107,5.117006367072463e-06,0.00436187899322249,0.0,0.004366995999589562,path,1,c6a56b31fff92b08b05c24f935a388c172864175c2f7822410fe371db757c0fe,4.440892098500626e-15
8,22,0,BB-RL,5.0,0.003343873002449982,0.0032322530023520812,3.6760029615834355e-06,0.0065798020077636465,envelope,2,a8e01e406ac216c3b546aef48c7356b02c743a4a78f68e29b765bcd739bf7c27,2.6645352591003757e-15
8,22,1,BB-RL,5.0,0.003119136003078893,0.0032927700085565448,3.559995093382895e-06,0.0064154660067288205,envelope,2,a8e01e406ac216c3b546aef48c7356b02c743a4a78f68e29b765bcd739bf7c27,1.7763568394002505e-15
8,22,1,MAC,4.381966011250107,4.459012416191399e-06,0.0043602899968391284,0.0,0.00436474900925532,path,1,c6a56b31fff92b08b05c24f935a388c172864175c2f7822410fe371db757c0fe,4.440892098500626e-15
8,22,2,MAC,4.381966011250107,5.149006028659642e-06,0.0043137139873579144,0.0,0.004318862993386574,path,1,c6a56b31fff92b08b05c24f935a388c172864175c2f7822410fe371db757c0fe,4.440892098500626e-15
8,22,2,BB-RL,5.0,0.003008694009622559,0.0032214019884122536,3.7749996408820152e-06,0.0062338709976756945,envelope,2,a8e01e406ac216c3b546aef48c7356b02c743a4a78f68e29b765bcd739bf7c27,2.6645352591003757e-15
8,22,3,BB-RL,5.0,0.002862925990484655,0.0032258530118269846,3.818990080617368e-06,0.006092597992392257,envelope,2,a8e01e406ac216c3b546aef48c7356b02c743a4a78f68e29b765bcd739bf7c27,2.6645352591003757e-15
8,22,3,MAC,4.381966011250107,5.359994247555733e-06,0.004370163005660288,0.0,0.004375522999907844,path,1,c6a56b31fff92b08b05c24f935a388c172864175c2f7822410fe371db757c0fe,4.440892098500626e-15
8,22,4,MAC,4.381966011250107,5.031994078308344e-06,0.004333921009674668,0.0,0.004338953003752977,path,1,c6a56b31fff92b08b05c24f935a388c172864175c2f7822410fe371db757c0fe,4.440892098500626e-15
8,22,4,BB-RL,5.0,0.0031526329985354096,0.003217056000721641,3.712004399858415e-06,0.006373401003656909,envelope,2,a8e01e406ac216c3b546aef48c7356b02c743a4a78f68e29b765bcd739bf7c27,8.881784197001252e-16
8,23,0,BB-RL,4.9999999999999964,0.00022034801077097654,0.0022427569929277524,2.8109934646636248e-06,0.0024659159971633926,envelope,1,0357f202f45de86dff2277a761cdb6a5acc2e9e2cd4f641266832dec51378428,3.552713678800501e-15
8,23,0,MAC,4.585786437626904,6.279005901888013e-06,0.0043852189992321655,0.0,0.0043914980051340535,path,1,c70d58c76f2b5ff3b01da7a3ffb828ca79903cbad4ff49febd51ef627f6aa1ee,1.7763568394002505e-15
8,23,1,MAC,4.585786437626904,5.026013241149485e-06,0.004334863988333382,0.0,0.004339890001574531,path,1,c70d58c76f2b5ff3b01da7a3ffb828ca79903cbad4ff49febd51ef627f6aa1ee,1.7763568394002505e-15
8,23,1,BB-RL,4.9999999999999964,0.00016515998868271708,0.0022478169994428754,2.7140049496665597e-06,0.002415690993075259,envelope,1,0357f202f45de86dff2277a761cdb6a5acc2e9e2cd4f641266832dec51378428,3.552713678800501e-15
8,23,2,BB-RL,4.9999999999999964,0.00017209499492309988,0.0022374960099114105,2.8859940357506275e-06,0.002412476998870261,envelope,1,0357f202f45de86dff2277a761cdb6a5acc2e9e2cd4f641266832dec51378428,3.552713678800501e-15
8,23,2,MAC,4.585786437626904,6.309011951088905e-06,0.004386593995150179,0.0,0.004392903007101268,path,1,c70d58c76f2b5ff3b01da7a3ffb828ca79903cbad4ff49febd51ef627f6aa1ee,1.7763568394002505e-15
8,23,3,MAC,4.585786437626904,5.120004061609507e-06,0.0043263080005999655,0.0,0.004331428004661575,path,1,c70d58c76f2b5ff3b01da7a3ffb828ca79903cbad4ff49febd51ef627f6aa1ee,1.7763568394002505e-15
8,23,3,BB-RL,4.9999999999999964,0.00016686700109858066,0.002253291997476481,2.8670037863776088e-06,0.002423026002361439,envelope,1,0357f202f45de86dff2277a761cdb6a5acc2e9e2cd4f641266832dec51378428,3.552713678800501e-15
8,23,4,BB-RL,4.9999999999999964,0.00017313500575255603,0.002250249992357567,2.7570058591663837e-06,0.0024261420039692894,envelope,1,0357f202f45de86dff2277a761cdb6a5acc2e9e2cd4f641266832dec51378428,3.552713678800501e-15
8,23,4,MAC,4.585786437626904,6.204994861036539e-06,0.004383988009067252,0.0,0.004390193003928289,path,1,c70d58c76f2b5ff3b01da7a3ffb828ca79903cbad4ff49febd51ef627f6aa1ee,1.7763568394002505e-15
8,24,0,MAC,4.999999999999997,5.114998202770948e-06,0.004292817990062758,0.0,0.004297932988265529,path,1,cc090df8e26eb7f5aadf95acdcff9a74f90ff324ec7e6b2576946296dd184adb,1.7763568394002505e-15
8,24,0,BB-RL,6.000000000000002,0.00017324900545645505,0.00024838799436111003,2.3330067051574588e-06,0.00042397000652272254,envelope,1,1f63dad2f94849cc4fc2e005e9ddb045953516a0bb6f13b1b0bd5cf928b4b60c,9.769962616701378e-15
8,24,1,BB-RL,6.000000000000002,0.00016842299373820424,0.00023846600379329175,2.262997440993786e-06,0.0004091519949724898,envelope,1,1f63dad2f94849cc4fc2e005e9ddb045953516a0bb6f13b1b0bd5cf928b4b60c,9.769962616701378e-15
8,24,1,MAC,4.999999999999997,5.195004632696509e-06,0.004347000998677686,0.0,0.004352196003310382,path,1,cc090df8e26eb7f5aadf95acdcff9a74f90ff324ec7e6b2576946296dd184adb,1.7763568394002505e-15
8,24,2,MAC,4.999999999999997,5.002992111258209e-06,0.0042877750092884526,0.0,0.004292778001399711,path,1,cc090df8e26eb7f5aadf95acdcff9a74f90ff324ec7e6b2576946296dd184adb,1.7763568394002505e-15
8,24,2,BB-RL,6.000000000000002,0.0001700449938653037,0.0002548220072640106,2.329994458705187e-06,0.0004271969955880195,envelope,1,1f63dad2f94849cc4fc2e005e9ddb045953516a0bb6f13b1b0bd5cf928b4b60c,9.769962616701378e-15
8,24,3,BB-RL,6.000000000000002,0.0001667520118644461,0.0002355920005356893,2.2479944163933396e-06,0.00040459200681652874,envelope,1,1f63dad2f94849cc4fc2e005e9ddb045953516a0bb6f13b1b0bd5cf928b4b60c,9.769962616701378e-15
8,24,3,MAC,4.999999999999997,5.073001375421882e-06,0.004320938998716883,0.0,0.004326012000092305,path,1,cc090df8e26eb7f5aadf95acdcff9a74f90ff324ec7e6b2576946296dd184adb,1.7763568394002505e-15
8,24,4,MAC,4.999999999999997,5.207999492995441e-06,0.004284319002181292,0.0,0.004289527001674287,path,1,cc090df8e26eb7f5aadf95acdcff9a74f90ff324ec7e6b2576946296dd184adb,1.7763568394002505e-15
8,24,4,BB-RL,6.000000000000002,0.0001712380035314709,0.0002550069912103936,2.1570012904703617e-06,0.00042840199603233486,envelope,1,1f63dad2f94849cc4fc2e005e9ddb045953516a0bb6f13b1b0bd5cf928b4b60c,9.769962616701378e-15
8,25,0,BB-RL,5.999999999999994,0.0001650280028115958,0.001592155997059308,2.8039939934387803e-06,0.0017599879938643426,envelope,1,cdca29d49a134580e6c06c3cef0b6cb26a57e8e8bc90c3debaa9d3ace7e44678,4.440892098500626e-15
8,25,0,MAC,4.585786437626907,6.197995389811695e-06,0.004366573004517704,0.0,0.004372770999907516,path,1,59a67b51e8d39d5e98e71d5dde55360f6f655cac02a88f6359d4a749f4d46ed3,2.6645352591003757e-15
8,25,1,MAC,4.585786437626907,4.918998456560075e-06,0.004327988994191401,0.0,0.004332907992647961,path,1,59a67b51e8d39d5e98e71d5dde55360f6f655cac02a88f6359d4a749f4d46ed3,2.6645352591003757e-15
8,25,1,BB-RL,5.999999999999994,0.00017543199646752328,0.0016012470005080104,2.886998117901385e-06,0.001779565995093435,envelope,1,cdca29d49a134580e6c06c3cef0b6cb26a57e8e8bc90c3debaa9d3ace7e44678,4.440892098500626e-15
8,25,2,BB-RL,5.999999999999994,0.000177241992787458,0.001583891993504949,2.8520007617771626e-06,0.001763985987054184,envelope,1,cdca29d49a134580e6c06c3cef0b6cb26a57e8e8bc90c3debaa9d3ace7e44678,4.440892098500626e-15
8,25,2,MAC,4.585786437626907,6.390997441485524e-06,0.00433998899825383,0.0,0.004346379995695315,path,1,59a67b51e8d39d5e98e71d5dde55360f6f655cac02a88f6359d4a749f4d46ed3,2.6645352591003757e-15
8,25,3,MAC,4.585786437626907,5.1910028560087085e-06,0.004303795998566784,0.0,0.004308987001422793,path,1,59a67b51e8d39d5e98e71d5dde55360f6f655cac02a88f6359d4a749f4d46ed3,2.6645352591003757e-15
8,25,3,BB-RL,5.999999999999994,0.00017298500461038202,0.0015880269929766655,2.845001290552318e-06,0.0017638569988775998,envelope,1,cdca29d49a134580e6c06c3cef0b6cb26a57e8e8bc90c3debaa9d3ace7e44678,4.440892098500626e-15
8,25,4,BB-RL,5.999999999999994,0.0002310800045961514,0.0015930289955576882,2.83500412479043e-06,0.00182694400427863,envelope,1,cdca29d49a134580e6c06c3cef0b6cb26a57e8e8bc90c3debaa9d3ace7e44678,4.440892098500626e-15
8,25,4,MAC,4.585786437626907,6.193993613123894e-06,0.004348203001427464,0.0,0.004354396995040588,path,1,59a67b51e8d39d5e98e71d5dde55360f6f655cac02a88f6359d4a749f4d46ed3,2.6645352591003757e-15
8,26,0,MAC,5.999999999999999,5.153007805347443e-06,0.0042921069980366156,0.0,0.004297260005841963,path,1,24d1beee9a1e53f793bac688ff4f9ae708d1242782ec8734aaa39d3dca10ae28,8.881784197001252e-16
8,26,0,BB-RL,5.999999999999998,0.0001745229965308681,0.00233693300106097,2.4699984351173043e-06,0.0025139259960269555,envelope,1,e487a075448bbeee0b38ca00667165f64c7422bf2c7888d70bcedbe516e34612,4.440892098500626e-15
8,26,1,BB-RL,5.999999999999998,0.0001714469981379807,0.002232423998066224,2.778004272840917e-06,0.0024066490004770458,envelope,1,e487a075448bbeee0b38ca00667165f64c7422bf2c7888d70bcedbe516e34612,4.440892098500626e-15
8,26,1,MAC,5.999999999999999,6.244008545763791e-06,0.004354311997303739,0.0,0.004360556005849503,path,1,24d1beee9a1e53f793bac688ff4f9ae708d1242782ec8734aaa39d3dca10ae28,8.881784197001252e-16
8,26,2,MAC,5.999999999999999,5.137000698596239e-06,0.004303574998630211,0.0,0.004308711999328807,path,1,24d1beee9a1e53f793bac688ff4f9ae708d1242782ec8734aaa39d3dca10ae28,8.881784197001252e-16
8,26,2,BB-RL,5.999999999999998,0.0001711630029603839,0.002252649996080436,2.7930072974413633e-06,0.002426606006338261,envelope,1,e487a075448bbeee0b38ca00667165f64c7422bf2c7888d70bcedbe516e34612,4.440892098500626e-15
8,26,3,BB-RL,5.999999999999998,0.00017487199511379004,0.0022037330054445192,2.5269982870668173e-06,0.002381131998845376,envelope,1,e487a075448bbeee0b38ca00667165f64c7422bf2c7888d70bcedbe516e34612,4.440892098500626e-15
8,26,3,MAC,5.999999999999999,5.506008164957166e-06,0.004322062988649122,0.0,0.00432756899681408,path,1,24d1beee9a1e53f793bac688ff4f9ae708d1242782ec8734aaa39d3dca10ae28,8.881784197001252e-16
8,26,4,MAC,5.999999999999999,5.207009962759912e-06,0.004285546994651668,0.0,0.004290754004614428,path,1,24d1beee9a1e53f793bac688ff4f9ae708d1242782ec8734aaa39d3dca10ae28,8.881784197001252e-16
8,26,4,BB-RL,5.999999999999998,0.00018058900604955852,0.0022185419948073104,2.4500041035935283e-06,0.0024015810049604625,envelope,1,e487a075448bbeee0b38ca00667165f64c7422bf2c7888d70bcedbe516e34612,4.440892098500626e-15
8,27,0,BB-RL,6.000000000000001,0.00017149500490631908,0.0028210210002725944,2.782006049528718e-06,0.002995298011228442,envelope,1,3b3db900303310762f220cbbcee8f960c7f2d8ea7110be855e90508e366bfb60,1.7763568394002505e-15
8,27,0,MAC,5.999999999999997,6.26700057182461e-06,0.00434694999421481,0.0,0.004353216994786635,path,1,6678b49c72bafd5d59bc00c378962d6423c5e23e23b9d532954cf68dbf4171b1,2.6645352591003757e-15
8,27,1,MAC,5.999999999999997,5.049005267210305e-06,0.00427245200262405,0.0,0.00427750100789126,path,1,6678b49c72bafd5d59bc00c378962d6423c5e23e23b9d532954cf68dbf4171b1,2.6645352591003757e-15
8,27,1,BB-RL,6.000000000000001,0.00017224800831172615,0.002896790989325382,2.825006959028542e-06,0.0030718640045961365,envelope,1,3b3db900303310762f220cbbcee8f960c7f2d8ea7110be855e90508e366bfb60,1.7763568394002505e-15
8,27,2,BB-RL,6.000000000000001,0.00017909400048665702,0.0028089779953006655,2.85300484392792e-06,0.0029909250006312504,envelope,1,3b3db900303310762f220cbbcee8f960c7f2d8ea7110be855e90508e366bfb60,1.7763568394002505e-15
8,27,2,MAC,5.999999999999997,6.153000867925584e-06,0.004323631001170725,0.0,0.00432978400203865,path,1,6678b49c72bafd5d59bc00c378962d6423c5e23e23b9d532954cf68dbf4171b1,2.6645352591003757e-15
8,27,3,MAC,5.999999999999997,5.132998921908438e-06,0.004284777998691425,0.0,0.004289910997613333,path,1,6678b49c72bafd5d59bc00c378962d6423c5e23e23b9d532954cf68dbf4171b1,2.6645352591003757e-15
8,27,3,BB-RL,6.000000000000001,0.0001724339963402599,0.0028314259980106726,2.8340000426396728e-06,0.003006693994393572,envelope,1,3b3db900303310762f220cbbcee8f960c7f2d8ea7110be855e90508e366bfb60,1.7763568394002505e-15
8,27,4,BB-RL,6.000000000000001,0.00017497999942861497,0.0028838400030508637,2.802000381052494e-06,0.003061622002860531,envelope,1,3b3db900303310762f220cbbcee8f960c7f2d8ea7110be855e90508e366bfb60,1.7763568394002505e-15
8,27,4,MAC,5.999999999999997,6.229995051398873e-06,0.004351074996520765,0.0,0.004357304991572164,path,1,6678b49c72bafd5d59bc00c378962d6423c5e23e23b9d532954cf68dbf4171b1,2.6645352591003757e-15
16,16,0,MAC,0.06840947262112144,8.737988537177444e-06,0.006148868007585406,0.0,0.006157605996122584,path,1,f525c32fc03d1bf9d9a7ea569830ab77a4824205a18a34be463b36ea5471aa49,5.967448757360216e-16
16,16,0,BB-RL,0.9999999999999999,0.00016409599629696459,0.0021248539997031912,2.876011421903968e-06,0.0022918260074220598,envelope,1,086e22132feb67b18e81423639b6d21688f371f87526e9a65443e79ad3192cb7,8.881784197001252e-16
16,16,1,BB-RL,0.9999999999999999,0.00020152999786660075,0.00205110500974115,2.930988557636738e-06,0.0022555659961653873,envelope,1,086e22132feb67b18e81423639b6d21688f371f87526e9a65443e79ad3192cb7,8.881784197001252e-16
16,16,1,MAC,0.06840947262112144,8.796996553428471e-06,0.006151303998194635,0.0,0.006160100994748063,path,1,f525c32fc03d1bf9d9a7ea569830ab77a4824205a18a34be463b36ea5471aa49,5.967448757360216e-16
16,16,2,MAC,0.06840947262112144,7.288006599992514e-06,0.006037240993464366,0.0,0.006044529000064358,path,1,f525c32fc03d1bf9d9a7ea569830ab77a4824205a18a34be463b36ea5471aa49,5.967448757360216e-16
16,16,2,BB-RL,0.9999999999999999,0.00016229500761255622,0.002118725999025628,2.9249931685626507e-06,0.002283945999806747,envelope,1,086e22132feb67b18e81423639b6d21688f371f87526e9a65443e79ad3192cb7,8.881784197001252e-16
16,16,3,BB-RL,0.9999999999999999,0.00019052199786528945,0.0020455670019146055,2.882006810978055e-06,0.002238971006590873,envelope,1,086e22132feb67b18e81423639b6d21688f371f87526e9a65443e79ad3192cb7,8.881784197001252e-16
16,16,3,MAC,0.06840947262112144,8.659000741317868e-06,0.0061362120031844825,0.0,0.0061448710039258,path,1,f525c32fc03d1bf9d9a7ea569830ab77a4824205a18a34be463b36ea5471aa49,5.967448757360216e-16
16,16,4,MAC,0.06840947262112144,7.488008122891188e-06,0.006039615996996872,0.0,0.006047104005119763,path,1,f525c32fc03d1bf9d9a7ea569830ab77a4824205a18a34be463b36ea5471aa49,5.967448757360216e-16
16,16,4,BB-RL,0.9999999999999999,0.00016330101061612368,0.0021144689962966368,2.8609938453882933e-06,0.0022806310007581487,envelope,1,086e22132feb67b18e81423639b6d21688f371f87526e9a65443e79ad3192cb7,8.881784197001252e-16
16,17,0,BB-RL,1.0000000000000002,0.0001971989986486733,0.002776041001197882,2.8909998945891857e-06,0.0029761309997411445,envelope,1,96fb96f107b18d20c488fe0675a5d9619e5a6e9e87d9cf5ad1c5fac072cde9e4,1.887379141862766e-15
16,17,0,MAC,0.22483422286071975,8.855000487528741e-06,0.006199384995852597,0.0,0.006208239996340126,path,1,e3a75f12265e9f36530185313bfd29d7a2a3af996b3781d08ee6bd0cf300d12c,1.1102230246251565e-16
16,17,1,MAC,0.22483422286071975,8.638991857878864e-06,0.006198229995789006,0.0,0.006206868987646885,path,1,e3a75f12265e9f36530185313bfd29d7a2a3af996b3781d08ee6bd0cf300d12c,1.1102230246251565e-16
16,17,1,BB-RL,1.0000000000000002,0.0002010180032812059,0.0028769820055458695,2.9039947548881173e-06,0.0030809040035819635,envelope,1,96fb96f107b18d20c488fe0675a5d9619e5a6e9e87d9cf5ad1c5fac072cde9e4,1.887379141862766e-15
16,17,2,BB-RL,1.0000000000000002,0.00027055799728259444,0.0028397650021361187,2.863991539925337e-06,0.0031131869909586385,envelope,1,96fb96f107b18d20c488fe0675a5d9619e5a6e9e87d9cf5ad1c5fac072cde9e4,1.887379141862766e-15
16,17,2,MAC,0.22483422286071975,8.961011189967394e-06,0.006197157999849878,0.0,0.006206119011039846,path,1,e3a75f12265e9f36530185313bfd29d7a2a3af996b3781d08ee6bd0cf300d12c,1.1102230246251565e-16
16,17,3,MAC,0.22483422286071975,8.692004485055804e-06,0.006183133999002166,0.0,0.006191826003487222,path,1,e3a75f12265e9f36530185313bfd29d7a2a3af996b3781d08ee6bd0cf300d12c,1.1102230246251565e-16
16,17,3,BB-RL,1.0000000000000002,0.00018911500228568912,0.0028789439966203645,2.849992597475648e-06,0.0030709089915035293,envelope,1,96fb96f107b18d20c488fe0675a5d9619e5a6e9e87d9cf5ad1c5fac072cde9e4,1.887379141862766e-15
16,17,4,BB-RL,1.0000000000000002,0.00019741100550163537,0.0027846719895023853,2.8840004233643413e-06,0.002984966995427385,envelope,1,96fb96f107b18d20c488fe0675a5d9619e5a6e9e87d9cf5ad1c5fac072cde9e4,1.887379141862766e-15
16,17,4,MAC,0.22483422286071975,8.944000001065433e-06,0.0062002380000194535,0.0,0.006209182000020519,path,1,e3a75f12265e9f36530185313bfd29d7a2a3af996b3781d08ee6bd0cf300d12c,1.1102230246251565e-16
16,18,0,MAC,0.31541339807428026,8.556002285331488e-06,0.006209651997778565,0.0,0.006218208000063896,path,1,486c07439220f336620fe475b3963bfb6a61119c13de3fbbb21780b8b62e6b08,7.216449660063518e-16
16,18,0,BB-RL,0.9999999999999999,0.00019789299403782934,0.003642811003373936,2.829998265951872e-06,0.003843533995677717,envelope,1,4e3f1af5619c7218672a309dda4c5e8f551475071dbc246f407595c0d46e5212,6.661338147750939e-16
16,18,1,BB-RL,0.9999999999999999,0.00019182299729436636,0.0034945340012200177,2.968008629977703e-06,0.0036893250071443617,envelope,1,4e3f1af5619c7218672a309dda4c5e8f551475071dbc246f407595c0d46e5212,6.661338147750939e-16
16,18,1,MAC,0.31541339807428026,8.89599323272705e-06,0.006219222006620839,0.0,0.006228117999853566,path,1,486c07439220f336620fe475b3963bfb6a61119c13de3fbbb21780b8b62e6b08,7.216449660063518e-16
16,18,2,MAC,0.31541339807428026,8.638002327643335e-06,0.006175269008963369,0.0,0.006183907011291012,path,1,486c07439220f336620fe475b3963bfb6a61119c13de3fbbb21780b8b62e6b08,7.216449660063518e-16
16,18,2,BB-RL,0.9999999999999999,0.0001967999996850267,0.0035622150026028976,2.9239890864118934e-06,0.003761938991374336,envelope,1,4e3f1af5619c7218672a309dda4c5e8f551475071dbc246f407595c0d46e5212,6.661338147750939e-16
16,18,3,BB-RL,0.9999999999999999,0.00019973600865341723,0.003511731993057765,2.906002919189632e-06,0.003714374004630372,envelope,1,4e3f1af5619c7218672a309dda4c5e8f551475071dbc246f407595c0d46e5212,6.661338147750939e-16
16,18,3,MAC,0.31541339807428026,8.778006304055452e-06,0.00620899599744007,0.0,0.006217774003744125,path,1,486c07439220f336620fe475b3963bfb6a61119c13de3fbbb21780b8b62e6b08,7.216449660063518e-16
16,18,4,MAC,0.31541339807428026,8.744988008402288e-06,0.006193805005750619,0.0,0.006202549993759021,path,1,486c07439220f336620fe475b3963bfb6a61119c13de3fbbb21780b8b62e6b08,7.216449660063518e-16
16,18,4,BB-RL,0.9999999999999999,0.0001884520024759695,0.003618144997744821,3.086999640800059e-06,0.0038096839998615906,envelope,1,4e3f1af5619c7218672a309dda4c5e8f551475071dbc246f407595c0d46e5212,6.661338147750939e-16
16,19,0,BB-RL,0.9999999999999999,0.00020110300101805478,0.004219820009893738,3.020992153324187e-06,0.004423944003065117,envelope,1,aa525891d9bff75732919121f01290251b17b888519b52d455b4cc46c21b9c8d,1.9984014443252818e-15
16,19,0,MAC,0.2884853972110664,8.638002327643335e-06,0.006208492995938286,0.0,0.0062171309982659295,path,1,7d709d294e4bcbb24860c75c7ea03f74e028a81a58fdc5568b2986b10241dfa0,5.551115123125783e-17
16,19,1,MAC,0.2884853972110664,8.72100645210594e-06,0.006192461994942278,0.0,0.006201183001394384,path,1,7d709d294e4bcbb24860c75c7ea03f74e028a81a58fdc5568b2986b10241dfa0,5.551115123125783e-17
16,19,1,BB-RL,0.9999999999999999,0.00018955300038214773,0.004314318997785449,2.8249924071133137e-06,0.00450669699057471,envelope,1,aa525891d9bff75732919121f01290251b17b888519b52d455b4cc46c21b9c8d,1.9984014443252818e-15
16,19,2,BB-RL,0.9999999999999999,0.0001947370037669316,0.004179158000624739,2.8759968699887395e-06,0.004376771001261659,envelope,1,aa525891d9bff75732919121f01290251b17b888519b52d455b4cc46c21b9c8d,1.9984014443252818e-15
16,19,2,MAC,0.2884853972110664,8.914998034015298e-06,0.006232982996152714,0.0,0.006241897994186729,path,1,7d709d294e4bcbb24860c75c7ea03f74e028a81a58fdc5568b2986b10241dfa0,5.551115123125783e-17
16,19,3,MAC,0.2884853972110664,8.47000046633184e-06,0.0061972000112291425,0.0,0.006205670011695474,path,1,7d709d294e4bcbb24860c75c7ea03f74e028a81a58fdc5568b2986b10241dfa0,5.551115123125783e-17
16,19,3,BB-RL,0.9999999999999999,0.000192170002264902,0.004175289010163397,2.943997969850898e-06,0.0043704030103981495,envelope,1,aa525891d9bff75732919121f01290251b17b888519b52d455b4cc46c21b9c8d,1.9984014443252818e-15
16,19,4,BB-RL,0.9999999999999999,0.00026656499539967626,0.004170956002781168,2.8340000426396728e-06,0.0044403549982234836,envelope,1,aa525891d9bff75732919121f01290251b17b888519b52d455b4cc46c21b9c8d,1.9984014443252818e-15
16,19,4,MAC,0.2884853972110664,8.81501182448119e-06,0.006193146997247823,0.0,0.006201962009072304,path,1,7d709d294e4bcbb24860c75c7ea03f74e028a81a58fdc5568b2986b10241dfa0,5.551115123125783e-17
16,20,0,MAC,0.2978786275296351,8.775998139753938e-06,0.0061953810072736815,0.0,0.006204157005413435,path,1,ff2a6a5cc3da10b3ebcaf09c6c00eacccda6ac0713cc39a4e116cb7ca6314917,1.7763568394002505e-15
16,20,0,BB-RL,1.0,0.0001969760050997138,0.004848907992709428,1.2581003829836845e-05,0.005058465001638979,envelope,1,b222d647e0b20da0e7e6a9591d74bb5d274e6c6a170ec5e8f61cae53ec4bd986,1.2212453270876722e-15
16,20,1,BB-RL,1.0,0.00018971000099554658,0.004781882991665043,2.7990026865154505e-06,0.004974391995347105,envelope,1,b222d647e0b20da0e7e6a9591d74bb5d274e6c6a170ec5e8f61cae53ec4bd986,1.2212453270876722e-15
16,20,1,MAC,0.2978786275296351,8.85099871084094e-06,0.006201110998517834,0.0,0.006209961997228675,path,1,ff2a6a5cc3da10b3ebcaf09c6c00eacccda6ac0713cc39a4e116cb7ca6314917,1.7763568394002505e-15
16,20,2,MAC,0.2978786275296351,8.544011507183313e-06,0.006208684993907809,0.0,0.006217229005414993,path,1,ff2a6a5cc3da10b3ebcaf09c6c00eacccda6ac0713cc39a4e116cb7ca6314917,1.7763568394002505e-15
16,20,2,BB-RL,1.0,0.0001893219887278974,0.004938240002957173,2.886008587665856e-06,0.005130448000272736,envelope,1,b222d647e0b20da0e7e6a9591d74bb5d274e6c6a170ec5e8f61cae53ec4bd986,1.2212453270876722e-15
16,20,3,BB-RL,1.0,0.00018848500621970743,0.004843499991693534,2.8600043151527643e-06,0.005034845002228394,envelope,1,b222d647e0b20da0e7e6a9591d74bb5d274e6c6a170ec5e8f61cae53ec4bd986,1.2212453270876722e-15
16,20,3,MAC,0.2978786275296351,9.020004654303193e-06,0.006198233008035459,0.0,0.006207253012689762,path,1,ff2a6a5cc3da10b3ebcaf09c6c00eacccda6ac0713cc39a4e116cb7ca6314917,1.7763568394002505e-15
16,20,4,MAC,0.2978786275296351,8.569011697545648e-06,0.006188071987708099,0.0,0.006196640999405645,path,1,ff2a6a5cc3da10b3ebcaf09c6c00eacccda6ac0713cc39a4e116cb7ca6314917,1.7763568394002505e-15
16,20,4,BB-RL,1.0,0.00019910700211767107,0.005036964997998439,2.921005943790078e-06,0.0052389930060599,envelope,1,b222d647e0b20da0e7e6a9591d74bb5d274e6c6a170ec5e8f61cae53ec4bd986,1.2212453270876722e-15
16,21,0,BB-RL,0.9999999999999983,0.002361980004934594,0.005651897008647211,2.8529902920126915e-06,0.008016730003873818,envelope,1,3f493ba9918552f5e93b7608940d3b226b5a3ef28df4753dc04ce7443472f574,7.771561172376096e-16
16,21,0,MAC,0.450747295609731,8.849994628690183e-06,0.006208026999956928,0.0,0.006216876994585618,path,1,8a922cbbd8ec27bec5a1b58212a9a2086ddf19ae995b45e3d59e48518a51e021,3.885780586188048e-16
16,21,1,MAC,0.450747295609731,8.533010259270668e-06,0.006185825986904092,0.0,0.006194358997163363,path,1,8a922cbbd8ec27bec5a1b58212a9a2086ddf19ae995b45e3d59e48518a51e021,3.885780586188048e-16
16,21,1,BB-RL,0.9999999999999983,0.002355242002522573,0.005610353997326456,2.8710055630654097e-06,0.007968467005412094,envelope,1,3f493ba9918552f5e93b7608940d3b226b5a3ef28df4753dc04ce7443472f574,7.771561172376096e-16
16,21,2,BB-RL,0.9999999999999983,0.0023191090003820136,0.0056704150047153234,2.888991730287671e-06,0.007992412996827625,envelope,1,3f493ba9918552f5e93b7608940d3b226b5a3ef28df4753dc04ce7443472f574,7.771561172376096e-16
16,21,2,MAC,0.450747295609731,8.735994924791157e-06,0.006190890999278054,0.0,0.006199626994202845,path,1,8a922cbbd8ec27bec5a1b58212a9a2086ddf19ae995b45e3d59e48518a51e021,3.885780586188048e-16
16,21,3,MAC,0.450747295609731,8.578004781156778e-06,0.0062051510030869395,0.0,0.006213729007868096,path,1,8a922cbbd8ec27bec5a1b58212a9a2086ddf19ae995b45e3d59e48518a51e021,3.885780586188048e-16
16,21,3,BB-RL,0.9999999999999983,0.002359741003601812,0.005566310996073298,2.864995622076094e-06,0.007928916995297186,envelope,1,3f493ba9918552f5e93b7608940d3b226b5a3ef28df4753dc04ce7443472f574,7.771561172376096e-16
16,21,4,BB-RL,0.9999999999999983,0.002311652002390474,0.005601297991233878,2.9370130505412817e-06,0.007915887006674893,envelope,1,3f493ba9918552f5e93b7608940d3b226b5a3ef28df4753dc04ce7443472f574,7.771561172376096e-16
16,21,4,MAC,0.450747295609731,8.679009624756873e-06,0.006228172991541214,0.0,0.006236852001165971,path,1,8a922cbbd8ec27bec5a1b58212a9a2086ddf19ae995b45e3d59e48518a51e021,3.885780586188048e-16
16,22,0,MAC,0.3888253646894003,8.61799344420433e-06,0.006205098994541913,0.0,0.006213716987986118,path,1,f3efaceb227accda0655921670a3a7cc91cd7ea7f51d1b786bc175406117bd53,4.996003610813204e-16
16,22,0,BB-RL,1.0000000000000002,0.002327876994968392,0.006322004002868198,2.955988747999072e-06,0.008652836986584589,envelope,1,33e5dd31b96dd66083e800e37d51a294fe9ed5df324ff3295ebd6cc521d1db1f,8.881784197001252e-16
16,22,1,BB-RL,1.0000000000000002,0.002379807992838323,0.006398605997674167,2.910004695877433e-06,0.008781323995208368,envelope,1,33e5dd31b96dd66083e800e37d51a294fe9ed5df324ff3295ebd6cc521d1db1f,8.881784197001252e-16
16,22,1,MAC,0.3888253646894003,8.858987712301314e-06,0.007060822012135759,0.0,0.00706968099984806,path,1,f3efaceb227accda0655921670a3a7cc91cd7ea7f51d1b786bc175406117bd53,4.996003610813204e-16
16,22,2,MAC,0.3888253646894003,8.824994438327849e-06,0.006197422000695951,0.0,0.006206246995134279,path,1,f3efaceb227accda0655921670a3a7cc91cd7ea7f51d1b786bc175406117bd53,4.996003610813204e-16
16,22,2,BB-RL,1.0000000000000002,0.002359211997827515,0.006284645001869649,2.8799986466765404e-06,0.00864673699834384,envelope,1,33e5dd31b96dd66083e800e37d51a294fe9ed5df324ff3295ebd6cc521d1db1f,8.881784197001252e-16
16,22,3,BB-RL,1.0000000000000002,0.00233635600307025,0.0062156899948604405,2.8149952413514256e-06,0.008554860993172042,envelope,1,33e5dd31b96dd66083e800e37d51a294fe9ed5df324ff3295ebd6cc521d1db1f,8.881784197001252e-16
16,22,3,MAC,0.3888253646894003,8.588991477154195e-06,0.006211475003510714,0.0,0.006220063994987868,path,1,f3efaceb227accda0655921670a3a7cc91cd7ea7f51d1b786bc175406117bd53,4.996003610813204e-16
16,22,4,MAC,0.3888253646894003,8.639006409794092e-06,0.006176693990710191,0.0,0.0061853329971199855,path,1,f3efaceb227accda0655921670a3a7cc91cd7ea7f51d1b786bc175406117bd53,4.996003610813204e-16
16,22,4,BB-RL,1.0000000000000002,0.00234659000125248,0.006311710996669717,2.943997969850898e-06,0.008661244995892048,envelope,1,33e5dd31b96dd66083e800e37d51a294fe9ed5df324ff3295ebd6cc521d1db1f,8.881784197001252e-16
16,23,0,BB-RL,0.9999999999999996,0.0023111790069378912,0.0070590099930996075,2.9670045478269458e-06,0.009373156004585326,envelope,1,8dc85689b0a8a4af67a5292bf928be9133e8fb486dedcf30bfb42a33bf5980d6,5.551115123125783e-16
16,23,0,MAC,0.5331319030932764,8.809001883491874e-06,0.006222614989383146,0.0,0.006231423991266638,path,1,f5e76cb3b19d0f1d4eba13f67cc6e4ba4a949b23efff094904c1202f412c0e2e,4.440892098500626e-16
16,23,1,MAC,0.5331319030932764,8.809991413727403e-06,0.006203864002600312,0.0,0.00621267399401404,path,1,f5e76cb3b19d0f1d4eba13f67cc6e4ba4a949b23efff094904c1202f412c0e2e,4.440892098500626e-16
16,23,1,BB-RL,0.9999999999999996,0.0023538480018032715,0.007021229001111351,2.855987986549735e-06,0.009377932990901172,envelope,1,8dc85689b0a8a4af67a5292bf928be9133e8fb486dedcf30bfb42a33bf5980d6,5.551115123125783e-16
16,23,2,BB-RL,0.9999999999999996,0.0023286170035135,0.007056772999931127,2.9939983505755663e-06,0.009388384001795202,envelope,1,8dc85689b0a8a4af67a5292bf928be9133e8fb486dedcf30bfb42a33bf5980d6,5.551115123125783e-16
16,23,2,MAC,0.5331319030932764,8.889997843652964e-06,0.006230493003386073,0.0,0.006239383001229726,path,1,f5e76cb3b19d0f1d4eba13f67cc6e4ba4a949b23efff094904c1202f412c0e2e,4.440892098500626e-16
16,23,3,MAC,0.5331319030932764,8.629998774267733e-06,0.006256659995415248,0.0,0.006265289994189516,path,1,f5e76cb3b19d0f1d4eba13f67cc6e4ba4a949b23efff094904c1202f412c0e2e,4.440892098500626e-16
16,23,3,BB-RL,0.9999999999999996,0.0024004000006243587,0.007028311010799371,2.896995283663273e-06,0.009431608006707393,envelope,1,8dc85689b0a8a4af67a5292bf928be9133e8fb486dedcf30bfb42a33bf5980d6,5.551115123125783e-16
16,23,4,BB-RL,0.9999999999999996,0.0023204290046123788,0.006946747002075426,2.8810027288272977e-06,0.009270057009416632,envelope,1,8dc85689b0a8a4af67a5292bf928be9133e8fb486dedcf30bfb42a33bf5980d6,5.551115123125783e-16
16,23,4,MAC,0.5331319030932764,8.718008757568896e-06,0.006244699994567782,0.0,0.006253418003325351,path,1,f5e76cb3b19d0f1d4eba13f67cc6e4ba4a949b23efff094904c1202f412c0e2e,4.440892098500626e-16
16,24,0,MAC,0.47138478180618615,8.292001439258456e-06,0.006200981995789334,0.0,0.006209273997228593,path,1,cb61c1c1a77c48b0eb85980f172fff2531c55c1334739ff69ee118c820a8af25,8.326672684688674e-16
16,24,0,BB-RL,0.9999999999999999,0.0027885910094482824,0.00793984899064526,3.6800047382712364e-06,0.010732120004831813,envelope,2,575f6a9f6b8587427645124dc6a6c53abdcfa66df9cdcba1d03880051cefa34f,2.6645352591003757e-15
16,24,1,BB-RL,0.9999999999999999,0.0027617669984465465,0.007883151003625244,3.7620047805830836e-06,0.010648680006852373,envelope,2,575f6a9f6b8587427645124dc6a6c53abdcfa66df9cdcba1d03880051cefa34f,5.551115123125783e-16
16,24,1,MAC,0.47138478180618615,8.71199881657958e-06,0.006137054995633662,0.0,0.006145766994450241,path,1,cb61c1c1a77c48b0eb85980f172fff2531c55c1334739ff69ee118c820a8af25,8.326672684688674e-16
16,24,2,MAC,0.47138478180618615,8.502000127919018e-06,0.006164867998450063,0.0,0.006173369998577982,path,1,cb61c1c1a77c48b0eb85980f172fff2531c55c1334739ff69ee118c820a8af25,8.326672684688674e-16
16,24,2,BB-RL,0.9999999999999999,0.0028147029952378944,0.007960018003359437,3.7230056477710605e-06,0.010778444004245102,envelope,2,575f6a9f6b8587427645124dc6a6c53abdcfa66df9cdcba1d03880051cefa34f,2.6645352591003757e-15
16,24,3,BB-RL,0.9999999999999999,0.0027219229959882796,0.007935614994494244,3.6520068533718586e-06,0.010661189997335896,envelope,2,575f6a9f6b8587427645124dc6a6c53abdcfa66df9cdcba1d03880051cefa34f,1.7763568394002505e-15
16,24,3,MAC,0.47138478180618615,8.575996616855264e-06,0.006280797999352217,0.0,0.006289373995969072,path,1,cb61c1c1a77c48b0eb85980f172fff2531c55c1334739ff69ee118c820a8af25,8.326672684688674e-16
16,24,4,MAC,0.47138478180618615,8.593997335992754e-06,0.00617304899787996,0.0,0.006181642995215952,path,1,cb61c1c1a77c48b0eb85980f172fff2531c55c1334739ff69ee118c820a8af25,8.326672684688674e-16
16,24,4,BB-RL,0.9999999999999999,0.002778468988253735,0.008035603997996077,3.6640121834352612e-06,0.010817736998433247,envelope,2,575f6a9f6b8587427645124dc6a6c53abdcfa66df9cdcba1d03880051cefa34f,4.440892098500626e-16
16,25,0,BB-RL,0.9999999999999994,0.002694505004910752,0.010667106995242648,3.7489953683689237e-06,0.013365360995521769,envelope,2,619fb48420993e6e3909acacb02ec0fa31d02208af42c65c5bb9b0386124f70c,2.220446049250313e-16
16,25,0,MAC,0.7532933388454262,8.960007107816637e-06,0.006176176990265958,0.0,0.006185136997373775,path,1,26c27cbaa51ec148f3ee7a699861557881b348bc50f3efcc450dbe6deab8cdce,2.220446049250313e-16
16,25,1,MAC,0.7532933388454262,8.632006938569248e-06,0.006188094994286075,0.0,0.0061967270012246445,path,1,26c27cbaa51ec148f3ee7a699861557881b348bc50f3efcc450dbe6deab8cdce,2.220446049250313e-16
16,25,1,BB-RL,0.9999999999999994,0.0028454610001062974,0.010621796012856066,3.5689881769940257e-06,0.013470826001139358,envelope,2,619fb48420993e6e3909acacb02ec0fa31d02208af42c65c5bb9b0386124f70c,1.5543122344752192e-15
16,25,2,BB-RL,0.9999999999999994,0.0026927930011879653,0.010439249002956785,3.7610006984323263e-06,0.013135803004843183,envelope,2,619fb48420993e6e3909acacb02ec0fa31d02208af42c65c5bb9b0386124f70c,2.220446049250313e-16
16,25,2,MAC,0.7532933388454262,8.77499405760318e-06,0.00614282900642138,0.0,0.006151604000478983,path,1,26c27cbaa51ec148f3ee7a699861557881b348bc50f3efcc450dbe6deab8cdce,2.220446049250313e-16
16,25,3,MAC,0.7532933388454262,8.684000931680202e-06,0.006182511991937645,0.0,0.006191195992869325,path,1,26c27cbaa51ec148f3ee7a699861557881b348bc50f3efcc450dbe6deab8cdce,2.220446049250313e-16
16,25,3,BB-RL,0.9999999999999994,0.002798488989355974,0.010517779999645427,3.7010031519457698e-06,0.013319969992153347,envelope,2,619fb48420993e6e3909acacb02ec0fa31d02208af42c65c5bb9b0386124f70c,1.1102230246251565e-15
16,25,4,BB-RL,0.9999999999999994,0.0026952069893013686,0.010536469009821303,3.654000465758145e-06,0.01323532999958843,envelope,2,619fb48420993e6e3909acacb02ec0fa31d02208af42c65c5bb9b0386124f70c,6.661338147750939e-16
16,25,4,MAC,0.7532933388454262,9.089999366551638e-06,0.006150449000415392,0.0,0.006159538999781944,path,1,26c27cbaa51ec148f3ee7a699861557881b348bc50f3efcc450dbe6deab8cdce,2.220446049250313e-16
16,26,0,MAC,0.46267143768218916,9.540002793073654e-06,0.006207371989148669,0.0,0.006216911991941743,path,1,a4d5c583be0b9f9733c1f3d93fcaf8bf62a3f92834fca5b7fd0e6cba4befbad4,3.885780586188048e-16
16,26,0,BB-RL,0.8972249509033587,0.0026793520082719624,0.0028480849869083613,2.931003109551966e-06,0.005530367998289876,cayley,1,1a112c7cb13314eec96254ade2cd9c7a25903e7ab2ec28639954031a344dc674,8.881784197001252e-16
16,26,1,BB-RL,0.8972249509033612,0.002668116008862853,0.002860525986761786,2.8710055630654097e-06,0.0055315130011877045,cayley,1,2433264926b409c172c4f6b38626308a0cca58263d04d72d46ec52f4b06702ab,3.1086244689504383e-15
16,26,1,MAC,0.46267143768218916,8.9270033640787e-06,0.006241670009330846,0.0,0.006250597012694925,path,1,a4d5c583be0b9f9733c1f3d93fcaf8bf62a3f92834fca5b7fd0e6cba4befbad4,3.885780586188048e-16
16,26,2,MAC,0.46267143768218916,8.579998393543065e-06,0.006212491003680043,0.0,0.006221071002073586,path,1,a4d5c583be0b9f9733c1f3d93fcaf8bf62a3f92834fca5b7fd0e6cba4befbad4,3.885780586188048e-16
16,26,2,BB-RL,0.8972249509033587,0.002673429000424221,0.002856427992810495,2.7700007194653153e-06,0.005532626993954182,cayley,1,1a112c7cb13314eec96254ade2cd9c7a25903e7ab2ec28639954031a344dc674,8.881784197001252e-16
16,26,3,BB-RL,0.8972249509033585,0.00264464299834799,0.0028937989991391078,2.921005943790078e-06,0.005541363003430888,cayley,1,87cefd61a0ce10618790bd696f8d95e919c696ea8d6397bb7d1b1ad6e0943d13,1.1102230246251565e-16
16,26,3,MAC,0.46267143768218916,8.803996024653316e-06,0.006241519993636757,0.0,0.0062503239896614105,path,1,a4d5c583be0b9f9733c1f3d93fcaf8bf62a3f92834fca5b7fd0e6cba4befbad4,3.885780586188048e-16
16,26,4,MAC,0.46267143768218916,8.581002475693822e-06,0.006227842997759581,0.0,0.0062364240002352744,path,1,a4d5c583be0b9f9733c1f3d93fcaf8bf62a3f92834fca5b7fd0e6cba4befbad4,3.885780586188048e-16
16,26,4,BB-RL,0.8972249509033585,0.0027167989901499823,0.0028216850041644648,2.9990042094141245e-06,0.005541482998523861,cayley,1,a71238e91b6ce594584b553124f7deabc7dfef0507bd97b996423f4f334571f3,1.2212453270876722e-15
16,27,0,BB-RL,1.0403114611891295,0.0026191069919150323,0.0034591669973451644,2.8570066206157207e-06,0.006081130995880812,cayley,1,61ec554dfa6caa46c30ef58df0b4de7a6d033d76f35b08e3f9341142d9f6a07a,4.440892098500626e-16
16,27,0,MAC,0.9756064999871241,8.938004611991346e-06,0.006210327992448583,0.0,0.006219265997060575,path,1,db3352d31dd9e359065f21d4a6b17fdc3ec5e6517f95850e3bc4256a155f1772,0.0
16,27,1,MAC,0.9756064999871241,8.589006029069424e-06,0.006190029991557822,0.0,0.006198618997586891,path,1,db3352d31dd9e359065f21d4a6b17fdc3ec5e6517f95850e3bc4256a155f1772,0.0
16,27,1,BB-RL,1.0403114611891304,0.002660126003320329,0.003602705997764133,2.9809889383614063e-06,0.006265812990022823,cayley,1,6dd8da137d060d73a81db2595aa7e0ac34ec85c045917d04d0313a120e1539c1,4.440892098500626e-16
16,27,2,BB-RL,1.0403114611891295,0.0026176749961450696,0.0035615109954960644,2.9619986889883876e-06,0.006182147990330122,cayley,1,61ec554dfa6caa46c30ef58df0b4de7a6d033d76f35b08e3f9341142d9f6a07a,4.440892098500626e-16
16,27,2,MAC,0.9756064999871241,8.931005140766501e-06,0.0062164760020095855,0.0,0.006225407007150352,path,1,db3352d31dd9e359065f21d4a6b17fdc3ec5e6517f95850e3bc4256a155f1772,0.0
16,27,3,MAC,0.9756064999871241,8.705988875590265e-06,0.006168521998915821,0.0,0.006177227987791412,path,1,db3352d31dd9e359065f21d4a6b17fdc3ec5e6517f95850e3bc4256a155f1772,0.0
16,27,3,BB-RL,1.0403114611891278,0.0026637939881766215,0.0035627050092443824,2.906002919189632e-06,0.0062294050003401935,cayley,1,47e8d070d9a3ebb202d4bc1135aef343befa181450114bf498f2beaf2e8660c7,1.9984014443252818e-15
16,27,4,BB-RL,1.0403114611891287,0.002615787001559511,0.003561254998203367,2.863991539925337e-06,0.006179905991302803,cayley,1,755ced2417b0f514790fab0c5936ef6243b6a4fd878871aa979f535638b2ff65,0.0
16,27,4,MAC,0.9756064999871241,8.720991900190711e-06,0.006198614006279968,0.0,0.0062073349981801584,path,1,db3352d31dd9e359065f21d4a6b17fdc3ec5e6517f95850e3bc4256a155f1772,0.0
16,28,0,MAC,1.1129203989152971,8.670001989230514e-06,0.006167464991449378,0.0,0.006176134993438609,path,1,f937c452cde75635786fe21b6fbcb8134efebd8774bd2fb0ce1bdf4164e85c6a,6.661338147750939e-16
16,28,0,BB-RL,1.5505102572168221,0.0026790840056492016,0.004301584995118901,2.7670030249282718e-06,0.006983436003793031,cayley,1,9ad7a2a0cfbfe15016e0ce78164fd3178021604d2a90748624c62ec79877de2e,2.220446049250313e-16
16,28,1,BB-RL,1.5505102572168217,0.0026612820074660704,0.004211681996821426,2.9520015232264996e-06,0.006875916005810723,cayley,1,03160838762c8295a1db62442dace0df0ba01ef0fdc72e71ff4b3a0bd811a50f,0.0
16,28,1,MAC,1.1129203989152971,8.930001058615744e-06,0.006218925991561264,0.0,0.0062278559926198795,path,1,f937c452cde75635786fe21b6fbcb8134efebd8774bd2fb0ce1bdf4164e85c6a,6.661338147750939e-16
16,28,2,MAC,1.1129203989152971,8.567003533244133e-06,0.006178954994538799,0.0,0.006187521998072043,path,1,f937c452cde75635786fe21b6fbcb8134efebd8774bd2fb0ce1bdf4164e85c6a,6.661338147750939e-16
16,28,2,BB-RL,1.5505102572168221,0.0026590109919197857,0.004177957001957111,2.8899958124384284e-06,0.006839857989689335,cayley,1,9ad7a2a0cfbfe15016e0ce78164fd3178021604d2a90748624c62ec79877de2e,2.220446049250313e-16
16,28,3,BB-RL,1.5505102572168208,0.0026398299960419536,0.004189831990515813,2.919012331403792e-06,0.006832580998889171,cayley,1,74736094b05ebb1f994a83ca4b31711121457949c0dcee5ce0ed569cf2c4ecaa,6.661338147750939e-16
16,28,3,MAC,1.1129203989152971,8.897011866793036e-06,0.006205630998010747,0.0,0.00621452800987754,path,1,f937c452cde75635786fe21b6fbcb8134efebd8774bd2fb0ce1bdf4164e85c6a,6.661338147750939e-16
16,28,4,MAC,1.1129203989152971,8.591989171691239e-06,0.006165871003759094,0.0,0.006174462992930785,path,1,f937c452cde75635786fe21b6fbcb8134efebd8774bd2fb0ce1bdf4164e85c6a,6.661338147750939e-16
16,28,4,BB-RL,1.5505102572168212,0.0027400170074542984,0.0043094629945699126,2.8500071493908763e-06,0.007052330009173602,cayley,1,9ae0fe3c8bee6b66f22679d2abd81b1be4c6d68e9d6aa97ff38498a09f1638b0,0.0
16,30,0,MAC,1.295268329108926,8.70700750965625e-06,0.0062070409912848845,0.0,0.006215747998794541,path,1,955076be22a05f217938c5a223d79163b42efe05b24ad0be0472a13ac230c678,4.440892098500626e-16
16,30,0,BB-RL,1.8592679335164015,0.002656614000443369,0.005627065998851322,2.9899965738877654e-06,0.008286669995868579,cayley,1,9d60b9ed4e1e9a49a2f914dc3f1c566f5469b99710764ce11345c4ba30b15c2a,1.5543122344752192e-15
16,30,1,BB-RL,1.575590774621574,0.0026517609949223697,0.005616409005597234,2.806991687975824e-06,0.00827097699220758,cayley,1,23bdbdf2418364d8ba27d5d67d4a201da96e4421f2105f9ea1bf4b4beb457891,1.5543122344752192e-15
16,30,1,MAC,1.295268329108926,8.888993761502206e-06,0.006218666007043794,0.0,0.006227555000805296,path,1,955076be22a05f217938c5a223d79163b42efe05b24ad0be0472a13ac230c678,4.440892098500626e-16
16,30,2,MAC,1.295268329108926,8.597999112680554e-06,0.006212680003955029,0.0,0.0062212780030677095,path,1,955076be22a05f217938c5a223d79163b42efe05b24ad0be0472a13ac230c678,4.440892098500626e-16
16,30,2,BB-RL,1.8592679335164015,0.002655635995324701,0.005663310003001243,2.906002919189632e-06,0.008321852001245134,cayley,1,9d60b9ed4e1e9a49a2f914dc3f1c566f5469b99710764ce11345c4ba30b15c2a,1.5543122344752192e-15
16,30,3,BB-RL,1.575590774621575,0.0026349989930167794,0.005540886995731853,2.9270013328641653e-06,0.008178812990081497,cayley,1,f4d3af8a881e0d09c5f196056d742fc014835ba251a3edc0a4bdc4d01d06d99a,1.9984014443252818e-15
16,30,3,MAC,1.295268329108926,8.647999493405223e-06,0.00620982599502895,0.0,0.0062184739945223555,path,1,955076be22a05f217938c5a223d79163b42efe05b24ad0be0472a13ac230c678,4.440892098500626e-16
16,30,4,MAC,1.295268329108926,8.431001333519816e-06,0.006192310000187717,0.0,0.006200741001521237,path,1,955076be22a05f217938c5a223d79163b42efe05b24ad0be0472a13ac230c678,4.440892098500626e-16
16,30,4,BB-RL,1.5755907746215736,0.0026739820023067296,0.0056710499920882285,2.8189970180392265e-06,0.008347850991412997,cayley,1,3924088193425ce0f488316d9b0662cf1610f5e7ce9f215879c3f5a8848d34db,4.440892098500626e-16
16,31,0,BB-RL,1.5761428271760716,0.0026325899962102994,0.006236077009816654,2.7659989427775145e-06,0.008871433004969731,cayley,1,0ff24a84e8c0b2cfb045768c8ad6cedf63817bfa83bd30bb5bec4d4405a680c0,4.440892098500626e-16
16,31,0,MAC,1.080781330431269,8.750008419156075e-06,0.006234999003936537,0.0,0.006243749012355693,path,1,1a00b7d601dce720c88a9a38e1a451f221be187fddcd7285b368cd3e09f23bb8,4.440892098500626e-16
16,31,1,MAC,1.080781330431269,8.70799703989178e-06,0.006217770991497673,0.0,0.006226478988537565,path,1,1a00b7d601dce720c88a9a38e1a451f221be187fddcd7285b368cd3e09f23bb8,4.440892098500626e-16
16,31,1,BB-RL,1.634805763726345,0.002726041988353245,0.0062402379990089685,2.8610083973035216e-06,0.008969140995759517,cayley,1,a59bd214fde1a7afe615323540388870be1e01ee058e3e10f68500c50a296338,6.661338147750939e-16
16,31,2,BB-RL,1.5761428271760716,0.0026566349988570437,0.006279134002397768,2.8500071493908763e-06,0.008938619008404203,cayley,1,0ff24a84e8c0b2cfb045768c8ad6cedf63817bfa83bd30bb5bec4d4405a680c0,4.440892098500626e-16
16,31,2,MAC,1.080781330431269,8.684990461915731e-06,0.0062547390116378665,0.0,0.006263424002099782,path,1,1a00b7d601dce720c88a9a38e1a451f221be187fddcd7285b368cd3e09f23bb8,4.440892098500626e-16
16,31,3,MAC,1.080781330431269,8.611998055130243e-06,0.006230257000424899,0.0,0.006238868998480029,path,1,1a00b7d601dce720c88a9a38e1a451f221be187fddcd7285b368cd3e09f23bb8,4.440892098500626e-16
16,31,3,BB-RL,1.5761428271760716,0.0027071689983131364,0.006239385998924263,2.8959912015125155e-06,0.008949450988438912,cayley,1,92286d4067f077f286aa299547dd57d09ad98c7612fcdac354f15f50ad69733d,1.7763568394002505e-15
16,31,4,BB-RL,1.5761428271760716,0.0027031490026274696,0.006274474988458678,2.9340008040890098e-06,0.008980557991890237,cayley,1,6f40a3f15e9caf0545b8ba5369e756823405fe09ca3708e5b7331bd867be4759,8.881784197001252e-16
16,31,4,MAC,1.080781330431269,8.661998435854912e-06,0.006248339006560855,0.0,0.0062570010049967095,path,1,1a00b7d601dce720c88a9a38e1a451f221be187fddcd7285b368cd3e09f23bb8,4.440892098500626e-16
16,32,0,MAC,1.070635479458502,8.580987923778594e-06,0.006219263013917953,0.0,0.006227844001841731,path,1,b403a79f1d051c1d3a725fbc972112e2ed2d726d89dcfa47f71ed6ab33c9bf62,0.0
16,32,0,BB-RL,1.9999999999999987,0.0027185399958398193,0.00030746799893677235,2.900007530115545e-06,0.003028908002306707,cayley,1,9fc4eb1ee1a7fe23ae32cdb32945fb7b44c8f2014c61fe584b1a55bb10703827,2.6645352591003757e-15
16,32,1,BB-RL,1.9999999999999996,0.002747188991634175,0.00026675900153350085,2.4400069378316402e-06,0.0030163880001055077,cayley,1,1d1bc27a3d0fa9084663e5ca20f10b16387c570dd7f1d9f1dff4cdb6a0a6c5cf,0.0
16,32,1,MAC,1.070635479458502,7.333001121878624e-06,0.006189063002238981,0.0,0.00619639600336086,path,1,b403a79f1d051c1d3a725fbc972112e2ed2d726d89dcfa47f71ed6ab33c9bf62,0.0
16,32,2,MAC,1.070635479458502,8.852002792991698e-06,0.006237091991351917,0.0,0.006245943994144909,path,1,b403a79f1d051c1d3a725fbc972112e2ed2d726d89dcfa47f71ed6ab33c9bf62,0.0
16,32,2,BB-RL,1.9999999999999982,0.0027554939879337326,0.00029141300183255225,2.843007678166032e-06,0.003049749997444451,cayley,1,e77f2ffb35e88a40dc1cc4369879b0f3fbb8e40cd95e64d06ef9cbcf96a698d9,1.7763568394002505e-15
16,32,3,BB-RL,1.9999999999999987,0.0027045349997933954,0.0002883600100176409,2.67800351139158e-06,0.002995573013322428,cayley,1,9fc4eb1ee1a7fe23ae32cdb32945fb7b44c8f2014c61fe584b1a55bb10703827,2.6645352591003757e-15
16,32,3,MAC,1.070635479458502,8.86499765329063e-06,0.006254955005715601,0.0,0.006263820003368892,path,1,b403a79f1d051c1d3a725fbc972112e2ed2d726d89dcfa47f71ed6ab33c9bf62,0.0
16,32,4,MAC,1.070635479458502,8.552000508643687e-06,0.006249772995943204,0.0,0.006258324996451847,path,1,b403a79f1d051c1d3a725fbc972112e2ed2d726d89dcfa47f71ed6ab33c9bf62,0.0
16,32,4,BB-RL,1.9999999999999996,0.0027546479977900162,0.0003005230100825429,2.697997842915356e-06,0.0030578690057154745,cayley,1,1d1bc27a3d0fa9084663e5ca20f10b16387c570dd7f1d9f1dff4cdb6a0a6c5cf,0.0
16,33,0,BB-RL,2.000000000000001,0.0027401380066294223,0.0018754179909592494,2.9140064725652337e-06,0.004618470004061237,cayley,1,cd71b78c99f826fabd45c547cde0dcdbfbbf92f25b7e33bdedc353dbf9132e45,1.9984014443252818e-15
16,33,0,MAC,1.0001641187715098,8.849005098454654e-06,0.006251781989703886,0.0,0.006260630994802341,path,1,e74e556bd34c676564f13b2c9269d7acfd6c98852651bbd894eaf50f8f5d0d5a,1.9984014443252818e-15
16,33,1,MAC,1.0001641187715098,8.585993782617152e-06,0.006258981011342257,0.0,0.006267567005124874,path,1,e74e556bd34c676564f13b2c9269d7acfd6c98852651bbd894eaf50f8f5d0d5a,1.9984014443252818e-15
16,33,1,BB-RL,2.0000000000000004,0.0027958540013059974,0.0018808029999490827,2.9270013328641653e-06,0.004679584002587944,cayley,1,cd4d21761589ceeec4fbc33119a364dab9bbd28d41ac7671629320c83c67ebaf,6.661338147750939e-16
16,33,2,BB-RL,1.9999999999999996,0.002730371998040937,0.0018780859973048791,2.921005943790078e-06,0.004611379001289606,cayley,1,a48a90725c0509db27188f50f098c8a1886d376bf0ba7f9df8dacda515219fdf,8.881784197001252e-16
16,33,2,MAC,1.0001641187715098,8.763003279455006e-06,0.006241572991712019,0.0,0.006250335994991474,path,1,e74e556bd34c676564f13b2c9269d7acfd6c98852651bbd894eaf50f8f5d0d5a,1.9984014443252818e-15
16,33,3,MAC,1.0001641187715098,8.603004971519113e-06,0.00622624100651592,0.0,0.006234844011487439,path,1,e74e556bd34c676564f13b2c9269d7acfd6c98852651bbd894eaf50f8f5d0d5a,1.9984014443252818e-15
16,33,3,BB-RL,2.000000000000001,0.002888449002057314,0.0018806329899234697,2.949003828689456e-06,0.004772030995809473,cayley,1,cd71b78c99f826fabd45c547cde0dcdbfbbf92f25b7e33bdedc353dbf9132e45,1.9984014443252818e-15
16,33,4,BB-RL,2.0000000000000004,0.0027292710001347587,0.0018803860002662987,2.864995622076094e-06,0.004612521996023133,cayley,1,cd4d21761589ceeec4fbc33119a364dab9bbd28d41ac7671629320c83c67ebaf,6.661338147750939e-16
16,33,4,MAC,1.0001641187715098,9.073992259800434e-06,0.00644043501233682,0.0,0.006449509004596621,path,1,e74e556bd34c676564f13b2c9269d7acfd6c98852651bbd894eaf50f8f5d0d5a,1.9984014443252818e-15
16,34,0,MAC,1.1418946462372408,8.531991625204682e-06,0.006231070001376793,0.0,0.0062396019930019975,path,1,b2f0494f2a4580f812e01745c7b2b5bae565ba04168f972e08ca70e5cc03a770,4.440892098500626e-16
16,34,0,BB-RL,2.0484772188067715,0.002731736996793188,0.0026207729970337823,2.829008735716343e-06,0.005355339002562687,cayley,1,69438af1de8e49257890f23cf144cea74e5e5b8494354bc4e4c8cfb705ad7f35,3.9968028886505635e-15
16,34,1,BB-RL,2.059697330567998,0.0027240360068390146,0.002602289998321794,2.831991878338158e-06,0.005329157997039147,cayley,1,24d552c9dffe02af7ace07b235a3b395c37c0f9240aed004eba35b9df7fec95c,4.440892098500626e-16
16,34,1,MAC,1.1418946462372408,8.988994522951543e-06,0.0062309960048878565,0.0,0.006239984999410808,path,1,b2f0494f2a4580f812e01745c7b2b5bae565ba04168f972e08ca70e5cc03a770,4.440892098500626e-16
16,34,2,MAC,1.1418946462372408,8.478004019707441e-06,0.006235455002752133,0.0,0.00624393300677184,path,1,b2f0494f2a4580f812e01745c7b2b5bae565ba04168f972e08ca70e5cc03a770,4.440892098500626e-16
16,34,2,BB-RL,2.0484772188067715,0.002764151999144815,0.0025760780117707327,2.9389921110123396e-06,0.00534316900302656,cayley,1,4efe663fe0385030c0ba334ae68972f93db16e6463605c79582f3ecf09df61e5,3.9968028886505635e-15
16,34,3,BB-RL,2.0484772188067715,0.002707342995563522,0.0025823769974522293,2.7339992811903358e-06,0.005292453992296942,cayley,1,69438af1de8e49257890f23cf144cea74e5e5b8494354bc4e4c8cfb705ad7f35,3.9968028886505635e-15
16,34,3,MAC,1.1418946462372408,8.816001354716718e-06,0.006222145006177016,0.0,0.006230961007531732,path,1,b2f0494f2a4580f812e01745c7b2b5bae565ba04168f972e08ca70e5cc03a770,4.440892098500626e-16
16,34,4,MAC,1.1418946462372408,8.637012797407806e-06,0.006233993990463205,0.0,0.0062426310032606125,path,1,b2f0494f2a4580f812e01745c7b2b5bae565ba04168f972e08ca70e5cc03a770,4.440892098500626e-16
16,34,4,BB-RL,2.059697330567998,0.002762554999208078,0.0025686029985081404,2.796004991978407e-06,0.005333954002708197,cayley,1,24d552c9dffe02af7ace07b235a3b395c37c0f9240aed004eba35b9df7fec95c,4.440892098500626e-16
16,35,0,BB-RL,2.1461923143835246,0.0027300069923512638,0.00326371900155209,2.9380025807768106e-06,0.005996663996484131,cayley,1,1d400f5fb731c765864156202d3af3251ce9118aa80c63c32459d68dea91073d,3.9968028886505635e-15
16,35,0,MAC,1.2026751760391772,8.89599323272705e-06,0.006230087004951201,0.0,0.006238982998183928,path,1,2e3f4c01179520022ee839bfe4a620b61f107653f0592d4d598214eb07614107,1.5543122344752192e-15
16,35,1,MAC,1.2026751760391772,7.355003617703915e-06,0.0061569709941977635,0.0,0.006164325997815467,path,1,2e3f4c01179520022ee839bfe4a620b61f107653f0592d4d598214eb07614107,1.5543122344752192e-15
16,35,1,BB-RL,2.1461923143835264,0.0027222329954383895,0.003231474998756312,2.788001438602805e-06,0.005956495995633304,cayley,1,185b2e453b3f41621b995eb23ac2f2cc908f8d8d69f94a4b8c4e1d569a1a531f,8.881784197001252e-16
16,35,2,BB-RL,2.0537030087030876,0.0028131970029789954,0.0032114139903569594,2.797998604364693e-06,0.0060274089919403195,cayley,1,4497e128eb484b722b926cbbcc9d639e4dc6a681e90ddc92be7005898d33de96,4.440892098500626e-16
16,35,2,MAC,1.2026751760391772,8.728005923330784e-06,0.006233014995814301,0.0,0.006241743001737632,path,1,2e3f4c01179520022ee839bfe4a620b61f107653f0592d4d598214eb07614107,1.5543122344752192e-15
16,35,3,MAC,1.2026751760391772,8.540999260731041e-06,0.006187124003190547,0.0,0.006195665002451278,path,1,2e3f4c01179520022ee839bfe4a620b61f107653f0592d4d598214eb07614107,1.5543122344752192e-15
16,35,3,BB-RL,2.1461923143835246,0.0027348839939804748,0.003304059006040916,2.8899958124384284e-06,0.006041832995833829,cayley,1,1d400f5fb731c765864156202d3af3251ce9118aa80c63c32459d68dea91073d,3.9968028886505635e-15
16,35,4,BB-RL,2.1461923143835264,0.0026896369963651523,0.003255764997447841,2.9650109354406595e-06,0.005948367004748434,cayley,1,185b2e453b3f41621b995eb23ac2f2cc908f8d8d69f94a4b8c4e1d569a1a531f,8.881784197001252e-16
16,35,4,MAC,1.2026751760391772,8.867005817592144e-06,0.006237727997358888,0.0,0.0062465950031764805,path,1,2e3f4c01179520022ee839bfe4a620b61f107653f0592d4d598214eb07614107,1.5543122344752192e-15
16,36,0,MAC,1.299813685808463,8.700008038431406e-06,0.006230415994650684,0.0,0.006239116002689116,path,1,fccabddca4e366b49029743762cb66e87e2c5baef676323198285405c0c3ca08,6.661338147750939e-16
16,36,0,BB-RL,2.1461923143835255,0.0027146479988005012,0.00397342600626871,2.8059876058250666e-06,0.006690879992675036,cayley,1,c82793c252a718263003958e8ebc2e9df16661b7b9c5845cf1c41062811ab772,2.220446049250313e-15
16,36,1,BB-RL,2.1461923143835255,0.00272085600590799,0.00396276600076817,2.964996383525431e-06,0.006686587003059685,cayley,1,77ad4024705db3bc7e1cc2c99d93af7fb995a3ddf8b01df4814bbaf0f6849080,1.3322676295501878e-15
16,36,1,MAC,1.299813685808463,8.7970111053437e-06,0.006232101994100958,0.0,0.006240899005206302,path,1,fccabddca4e366b49029743762cb66e87e2c5baef676323198285405c0c3ca08,6.661338147750939e-16
16,36,2,MAC,1.299813685808463,8.529008482582867e-06,0.0061969939997652546,0.0,0.006205523008247837,path,1,fccabddca4e366b49029743762cb66e87e2c5baef676323198285405c0c3ca08,6.661338147750939e-16
16,36,2,BB-RL,2.1461923143835255,0.0027599950117291883,0.00392503899638541,2.911998308263719e-06,0.006687946006422862,cayley,1,59ab515b0b227ff28a12542ef6edfa1493fbac5dc23b544bfff0fdfde59a8fbb,0.0
16,36,3,BB-RL,2.1461923143835255,0.0027104769978905097,0.003907455000444315,2.831002348102629e-06,0.006620763000682928,cayley,1,c82793c252a718263003958e8ebc2e9df16661b7b9c5845cf1c41062811ab772,2.220446049250313e-15
16,36,3,MAC,1.299813685808463,8.921007975004613e-06,0.006221171002835035,0.0,0.00623009201081004,path,1,fccabddca4e366b49029743762cb66e87e2c5baef676323198285405c0c3ca08,6.661338147750939e-16
16,36,4,MAC,1.299813685808463,8.692994015291333e-06,0.006214829001692124,0.0,0.006223521995707415,path,1,fccabddca4e366b49029743762cb66e87e2c5baef676323198285405c0c3ca08,6.661338147750939e-16
16,36,4,BB-RL,2.1461923143835255,0.0027166299987584352,0.003921034003724344,2.829998265951872e-06,0.006640494000748731,cayley,1,77ad4024705db3bc7e1cc2c99d93af7fb995a3ddf8b01df4814bbaf0f6849080,1.3322676295501878e-15
16,37,0,BB-RL,2.263177863143061,0.0026470840093679726,0.00467992399353534,2.8830108931288123e-06,0.007329891013796441,cayley,1,0787016fc240dac2100076b138ace430a2f1f9cdcf0b1f6c2ac081b96e28ada7,0.0
16,37,0,MAC,1.5001907896454065,8.757007890380919e-06,0.00627583300229162,0.0,0.006284590010182001,path,1,addb0eec88bb377702a44777e26e47cb73c85cb2c3b6967794c63e64be0667b5,1.1102230246251565e-15
16,37,1,MAC,1.5001907896454065,8.447997970506549e-06,0.0062486499955412,0.0,0.006257097993511707,path,1,addb0eec88bb377702a44777e26e47cb73c85cb2c3b6967794c63e64be0667b5,1.1102230246251565e-15
16,37,1,BB-RL,2.263177863143061,0.002794547996018082,0.0047113939945120364,2.896005753427744e-06,0.007508837996283546,cayley,1,e2b64fd2f6f2df7a973f42dea882b661a4d3d9d3727a2bd7e0b5867073a92b8f,8.881784197001252e-16
16,37,2,BB-RL,2.1876974790854122,0.002702843994484283,0.004654023010516539,2.7469941414892673e-06,0.0073596139991423115,cayley,1,d9f6e761e59315a20ea400d90970740579a28520b04309b5b2a18c79f02d8335,8.881784197001252e-16
16,37,2,MAC,1.5001907896454065,8.920993423089385e-06,0.006254702006117441,0.0,0.00626362299954053,path,1,addb0eec88bb377702a44777e26e47cb73c85cb2c3b6967794c63e64be0667b5,1.1102230246251565e-15
16,37,3,MAC,1.5001907896454065,8.46099283080548e-06,0.006235036998987198,0.0,0.006243497991818003,path,1,addb0eec88bb377702a44777e26e47cb73c85cb2c3b6967794c63e64be0667b5,1.1102230246251565e-15
16,37,3,BB-RL,2.263177863143061,0.002746117999777198,0.004699871002230793,2.882996341213584e-06,0.007448871998349205,cayley,1,0787016fc240dac2100076b138ace430a2f1f9cdcf0b1f6c2ac081b96e28ada7,0.0
16,37,4,BB-RL,2.263177863143061,0.002687971995328553,0.004636983008822426,2.8879876481369138e-06,0.007327842991799116,cayley,1,e2b64fd2f6f2df7a973f42dea882b661a4d3d9d3727a2bd7e0b5867073a92b8f,8.881784197001252e-16
16,37,4,MAC,1.5001907896454065,8.799004717729986e-06,0.0062557259952882305,0.0,0.0062645250000059605,path,1,addb0eec88bb377702a44777e26e47cb73c85cb2c3b6967794c63e64be0667b5,1.1102230246251565e-15
16,38,0,MAC,1.205441382686475,8.596995030529797e-06,0.00622264901176095,0.0,0.00623124600679148,path,1,71e8e5e913fd09e51158826bb215be07bed04eca3f81c46b9f7cff9c2d2888a5,1.7763568394002505e-15
16,38,0,BB-RL,2.3260790568040015,0.0027895669918507338,0.005388035002397373,3.0049995984882116e-06,0.008180606993846595,cayley,1,3132caaa49382c6d5ebc3a675f42a077f33afdcd25992610d76d4771aab62f80,4.440892098500626e-16
16,38,1,BB-RL,2.3260790568040015,0.0027190900000277907,0.00527544500073418,2.8799986466765404e-06,0.007997414999408647,cayley,1,6eb45dd6f9e83c8f44117e50eb720ab9922c51235e1ad52b0f2176f9d74e65fc,8.881784197001252e-16
16,38,1,MAC,1.205441382686475,8.849005098454654e-06,0.006217516987817362,0.0,0.006226365992915817,path,1,71e8e5e913fd09e51158826bb215be07bed04eca3f81c46b9f7cff9c2d2888a5,1.7763568394002505e-15
16,38,2,MAC,1.205441382686475,8.575996616855264e-06,0.006231856008525938,0.0,0.006240432005142793,path,1,71e8e5e913fd09e51158826bb215be07bed04eca3f81c46b9f7cff9c2d2888a5,1.7763568394002505e-15
16,38,2,BB-RL,2.197486050025373,0.002779401998850517,0.005416906002210453,2.8719950933009386e-06,0.008199179996154271,cayley,1,0a9180c9a1c52484f21002da9564908e6e029dab744418dc711ffca496684603,1.3322676295501878e-15
16,38,3,BB-RL,2.3260790568040015,0.0027577900036703795,0.005356351000955328,2.9170041671022773e-06,0.00811705800879281,cayley,1,3132caaa49382c6d5ebc3a675f42a077f33afdcd25992610d76d4771aab62f80,4.440892098500626e-16
16,38,3,MAC,1.205441382686475,8.966002496890724e-06,0.006240866001462564,0.0,0.006249832003959455,path,1,71e8e5e913fd09e51158826bb215be07bed04eca3f81c46b9f7cff9c2d2888a5,1.7763568394002505e-15
16,38,4,MAC,1.205441382686475,8.565009920857847e-06,0.006217198999365792,0.0,0.0062257640092866495,path,1,71e8e5e913fd09e51158826bb215be07bed04eca3f81c46b9f7cff9c2d2888a5,1.7763568394002505e-15
16,38,4,BB-RL,2.3260790568040015,0.0027824950084323063,0.00537474500015378,2.812987077049911e-06,0.008160052995663136,cayley,1,6eb45dd6f9e83c8f44117e50eb720ab9922c51235e1ad52b0f2176f9d74e65fc,8.881784197001252e-16
16,39,0,BB-RL,2.381966011250105,0.0028122680087108165,0.006026562987244688,2.8650101739913225e-06,0.008841696006129496,cayley,1,8aa167892fbdec248a104973ddaf60cbdcb4b31a518cd58bd33a23788a37a4e9,0.0
16,39,0,MAC,1.5662162123874757,8.905990398488939e-06,0.006269582008826546,0.0,0.006278487999225035,path,1,757869f312a814051cecb729d781a330d6910e41955cca11d6442e74aa3c383a,2.6645352591003757e-15
16,39,1,MAC,1.5662162123874757,8.6719956016168e-06,0.006253327999729663,0.0,0.00626199999533128,path,1,757869f312a814051cecb729d781a330d6910e41955cca11d6442e74aa3c383a,2.6645352591003757e-15
16,39,1,BB-RL,2.381966011250107,0.0027499470015754923,0.006066518995794468,2.829008735716343e-06,0.008819295006105676,cayley,1,43c6276a45dfbb3c2a481a18d50a1b01be5628825f305c958137149dd142e5b7,3.552713678800501e-15
16,39,2,BB-RL,2.2679491924311237,0.002735344009124674,0.006005962990457192,2.7909991331398487e-06,0.008744097998715006,cayley,1,cbc38965418397ad9bba6110209cb7ebc9e433a1dce1f6271217d3cb48eb4a6d,1.7763568394002505e-15
16,39,2,MAC,1.5662162123874757,8.918999810703099e-06,0.006254068008274771,0.0,0.006262987008085474,path,1,757869f312a814051cecb729d781a330d6910e41955cca11d6442e74aa3c383a,2.6645352591003757e-15
16,39,3,MAC,1.5662162123874757,8.578994311392307e-06,0.006245049007702619,0.0,0.006253628002014011,path,1,757869f312a814051cecb729d781a330d6910e41955cca11d6442e74aa3c383a,2.6645352591003757e-15
16,39,3,BB-RL,2.381966011250105,0.002751973006525077,0.00603355499333702,2.7600035537034273e-06,0.0087882880034158,cayley,1,8aa167892fbdec248a104973ddaf60cbdcb4b31a518cd58bd33a23788a37a4e9,0.0
16,39,4,BB-RL,2.381966011250107,0.0027122770115965977,0.006011429999489337,2.802000381052494e-06,0.008726509011466987,cayley,1,43c6276a45dfbb3c2a481a18d50a1b01be5628825f305c958137149dd142e5b7,3.552713678800501e-15
16,39,4,MAC,1.5662162123874757,8.881004760041833e-06,0.006255171989323571,0.0,0.006264052994083613,path,1,757869f312a814051cecb729d781a330d6910e41955cca11d6442e74aa3c383a,2.6645352591003757e-15
16,40,0,MAC,1.6368876924038176,8.691989933140576e-06,0.006285146999289282,0.0,0.006293838989222422,path,1,582ef9e270c5b4f2205706650e7a05f5047262ab115b86bbd3071bb48cf065d0,2.6645352591003757e-15
16,40,0,BB-RL,2.76393202250021,0.002955818999907933,0.0003042339958483353,2.7899950509890914e-06,0.0032628429908072576,cayley,1,77a5a63ae1f1701a612120003815cb3f399b5302fa22df40043a4f7c8b198158,1.7763568394002505e-15
16,40,1,BB-RL,2.76393202250021,0.0028987419937038794,0.00029363500652834773,2.8469949029386044e-06,0.0031952239951351658,cayley,1,c8b0e9f85dac6f24f83f2d65e426a6d263b1c3bffee1f55c04b77195f49046b6,8.881784197001252e-16
16,40,1,MAC,1.6368876924038176,8.811999578028917e-06,0.006267439996008761,0.0,0.00627625199558679,path,1,582ef9e270c5b4f2205706650e7a05f5047262ab115b86bbd3071bb48cf065d0,2.6645352591003757e-15
16,40,2,MAC,1.6368876924038176,8.65399488247931e-06,0.006270782003412023,0.0,0.0062794359982945025,path,1,582ef9e270c5b4f2205706650e7a05f5047262ab115b86bbd3071bb48cf065d0,2.6645352591003757e-15
16,40,2,BB-RL,2.76393202250021,0.0029896369960624725,0.0002924939908552915,2.7690111892297864e-06,0.0032848999981069937,cayley,1,c8b0e9f85dac6f24f83f2d65e426a6d263b1c3bffee1f55c04b77195f49046b6,8.881784197001252e-16
16,40,3,BB-RL,2.76393202250021,0.002984232996823266,0.00028910499531775713,2.7980131562799215e-06,0.003276136005297303,cayley,1,6257dd0b02488b41a03f59ea29939d2186a651c5944e884c2913e2d7dde33730,2.220446049250313e-15
16,40,3,MAC,1.6368876924038176,8.751012501306832e-06,0.006267132994253188,0.0,0.006275884006754495,path,1,582ef9e270c5b4f2205706650e7a05f5047262ab115b86bbd3071bb48cf065d0,2.6645352591003757e-15
16,40,4,MAC,1.6368876924038176,8.502000127919018e-06,0.006269199991947971,0.0,0.00627770199207589,path,1,582ef9e270c5b4f2205706650e7a05f5047262ab115b86bbd3071bb48cf065d0,2.6645352591003757e-15
16,40,4,BB-RL,2.7639320225002093,0.003038124996237457,0.0002945440064650029,2.6790075935423374e-06,0.003335348010296002,cayley,1,c74a48322e573038ff0ec1aeb791135f3644604f93b073d1f6653d3ab519c0c5,1.7763568394002505e-15
16,41,0,BB-RL,2.763932022500212,0.002941745988209732,0.0018840600096154958,2.811997546814382e-06,0.004828617995372042,cayley,1,d14fc27851f56cf1a8cf2d72c48277c2b0fdc938fe4e6583208ae1bce6fceca1,8.881784197001252e-16
16,41,0,MAC,2.158866027126874,8.942995918914676e-06,0.00630267099768389,0.0,0.006311613993602805,path,1,bb027ec0aa096733175b719e440a76958e269a19aef15fe65186e4d1566d4d5b,2.220446049250313e-15
16,41,1,MAC,2.158866027126874,8.401999366469681e-06,0.006282922986429185,0.0,0.006291324985795654,path,1,bb027ec0aa096733175b719e440a76958e269a19aef15fe65186e4d1566d4d5b,2.220446049250313e-15
16,41,1,BB-RL,2.763932022500212,0.0029763789934804663,0.001891032006824389,2.9719958547502756e-06,0.004870382996159606,cayley,1,5c4865c9743951690481093a5feb08b1e206c970473b60e315e1e80d74d370a9,8.881784197001252e-16
16,41,2,BB-RL,2.763932022500212,0.0029338879976421595,0.0018734860059339553,2.9249931685626507e-06,0.004810298996744677,cayley,1,5c4865c9743951690481093a5feb08b1e206c970473b60e315e1e80d74d370a9,8.881784197001252e-16
16,41,2,MAC,2.158866027126874,9.045994374901056e-06,0.006308165000518784,0.0,0.006317210994893685,path,1,bb027ec0aa096733175b719e440a76958e269a19aef15fe65186e4d1566d4d5b,2.220446049250313e-15
16,41,3,MAC,2.158866027126874,8.45199974719435e-06,0.006282499001827091,0.0,0.006290951001574285,path,1,bb027ec0aa096733175b719e440a76958e269a19aef15fe65186e4d1566d4d5b,2.220446049250313e-15
16,41,3,BB-RL,2.76393202250021,0.002951126007246785,0.0018786119908327237,2.8970098355785012e-06,0.004832635007915087,cayley,1,53d7929edba217f2217316e217170b292a1a3b50e1d5efbb2a42f8e114576dac,4.440892098500626e-16
16,41,4,BB-RL,2.763932022500211,0.0029296259890543297,0.0018806270090863109,2.8170034056529403e-06,0.0048130700015462935,cayley,1,98a4e8c9f46fb170070a0eec495cc9c97c8953fb50befdfb125897f91780439e,1.7763568394002505e-15
16,41,4,MAC,2.158866027126874,9.000999853014946e-06,0.0063054580095922574,0.0,0.006314459009445272,path,1,bb027ec0aa096733175b719e440a76958e269a19aef15fe65186e4d1566d4d5b,2.220446049250313e-15
16,42,0,MAC,2.077170445890384,8.621005690656602e-06,0.006277116990531795,0.0,0.006285737996222451,path,1,a8a5385505c31222c0f6ef5e0bee86a514848de0405aacc37e9de873046ca7bf,6.217248937900877e-15
16,42,0,BB-RL,2.843784896797904,0.00294132498675026,0.002576527011115104,2.986998879350722e-06,0.005520838996744715,cayley,1,7783b9572afd43b00b81ba83e4d20ff8d069087f4c0e18945c242f55857579ff,2.6645352591003757e-15
16,42,1,BB-RL,2.843784896797903,0.002949759000330232,0.0025688900059321895,2.872999175451696e-06,0.005521522005437873,cayley,1,0f18f679ae88f450f68e9bd79bc2c5d08b91718ffe4a60aee7ae9f3af27be48a,0.0
16,42,1,MAC,2.077170445890384,1.6734993550926447e-05,0.006263936011237092,0.0,0.006280671004788019,path,1,a8a5385505c31222c0f6ef5e0bee86a514848de0405aacc37e9de873046ca7bf,6.217248937900877e-15
16,42,2,MAC,2.077170445890384,8.545990567654371e-06,0.00626565600396134,0.0,0.006274201994528994,path,1,a8a5385505c31222c0f6ef5e0bee86a514848de0405aacc37e9de873046ca7bf,6.217248937900877e-15
16,42,2,BB-RL,2.843784896797903,0.0030237709870561957,0.002582219007308595,2.810003934428096e-06,0.005608799998299219,cayley,1,0f18f679ae88f450f68e9bd79bc2c5d08b91718ffe4a60aee7ae9f3af27be48a,0.0
16,42,3,BB-RL,2.843784896797904,0.0029081429966026917,0.00257280700316187,2.8240028768777847e-06,0.0054837740026414394,cayley,1,c7d1f46c876f9f7a13313ced217d70da7f3e590f64818c91024be44487b328a0,2.6645352591003757e-15
16,42,3,MAC,2.077170445890384,8.873001206666231e-06,0.006266424010391347,0.0,0.006275297011598013,path,1,a8a5385505c31222c0f6ef5e0bee86a514848de0405aacc37e9de873046ca7bf,6.217248937900877e-15
16,42,4,MAC,2.077170445890384,8.794013410806656e-06,0.006237033987417817,0.0,0.006245828000828624,path,1,a8a5385505c31222c0f6ef5e0bee86a514848de0405aacc37e9de873046ca7bf,6.217248937900877e-15
16,42,4,BB-RL,2.843784896797904,0.0029511470056604594,0.002592144999653101,2.8240028768777847e-06,0.005546116008190438,cayley,1,266e4d0d3aad9534439dbee06cc0ce958834b506951422c1838efe5a09f1f858,1.3322676295501878e-15
16,43,0,BB-RL,2.860949498464272,0.002942613005870953,0.003319366995128803,2.958011464215815e-06,0.006264938012463972,cayley,1,988a92f98964c5bad26450b7fd7c144830a76065ab0d81bdd45ef2f3ea56ea9b,3.552713678800501e-15
16,43,0,MAC,1.4442501967332126,1.7556987586431205e-05,0.006275255000218749,0.0,0.00629281198780518,path,1,9e5de841092e807b3cb57d16655d5316687d625af088e92bf93c4a5c4695b7a8,2.220446049250313e-16
16,43,1,MAC,1.4442501967332126,8.471994078718126e-06,0.006246621996979229,0.0,0.006255093991057947,path,1,9e5de841092e807b3cb57d16655d5316687d625af088e92bf93c4a5c4695b7a8,2.220446049250313e-16
16,43,1,BB-RL,2.860949498464273,0.0029411620052997023,0.003229234993341379,2.9560032999143004e-06,0.0061733530019409955,cayley,1,dba4f56250cbdd651949d1945945c4f59743cebfd4eb6b2f68daa125cf778c03,2.6645352591003757e-15
16,43,2,BB-RL,2.860949498464273,0.002968013010104187,0.003206560999387875,2.8999929782003164e-06,0.006177474002470262,cayley,1,dba4f56250cbdd651949d1945945c4f59743cebfd4eb6b2f68daa125cf778c03,2.6645352591003757e-15
16,43,2,MAC,1.4442501967332126,8.818999049253762e-06,0.006286820993409492,0.0,0.006295639992458746,path,1,9e5de841092e807b3cb57d16655d5316687d625af088e92bf93c4a5c4695b7a8,2.220446049250313e-16
16,43,3,MAC,1.4442501967332126,8.639995940029621e-06,0.006276625004829839,0.0,0.0062852650007698685,path,1,9e5de841092e807b3cb57d16655d5316687d625af088e92bf93c4a5c4695b7a8,2.220446049250313e-16
16,43,3,BB-RL,2.860949498464272,0.0029621630092151463,0.003311904991278425,3.0170049285516143e-06,0.006277085005422123,cayley,1,696eeafbe5a9308e0fa59681979acad91cae19556816a3d68dda834c98c15392,1.7763568394002505e-15
16,43,4,BB-RL,2.860949498464273,0.0029867130069760606,0.0031982410000637174,2.8909998945891857e-06,0.006187845006934367,cayley,1,3d888851309e53398bade3ca0c666140b97bf126c9dc5ef1a29815804fe0702c,4.440892098500626e-16
16,43,4,MAC,1.4442501967332126,8.968010661192238e-06,0.006289054988883436,0.0,0.006298022999544628,path,1,9e5de841092e807b3cb57d16655d5316687d625af088e92bf93c4a5c4695b7a8,2.220446049250313e-16
16,44,0,MAC,1.7160157147834063,8.805000106804073e-06,0.0062676870002178475,0.0,0.006276492000324652,path,1,4c03a4dbcb2a3e5d232b9053cc9d06cafd6e08bed2722e7abf5100173de1a451,6.661338147750939e-16
16,44,0,BB-RL,2.9412213471710316,0.0030477010004688054,0.0038917539932299405,2.811997546814382e-06,0.00694226699124556,cayley,1,e0f875ebf18533140602b45a237c5d513771fd3e6629405958d50028179ba5fb,2.220446049250313e-15
16,44,1,BB-RL,3.0296556521079534,0.002927388995885849,0.0038922510138945654,2.830987796187401e-06,0.006822470997576602,cayley,1,26cb7c95decb496fef1f942d5b3721413760b90a488b7672d4de8bf54f6a463c,2.220446049250313e-15
16,44,1,MAC,1.7160157147834063,8.880000677891076e-06,0.0062705040036235005,0.0,0.0062793840043013915,path,1,4c03a4dbcb2a3e5d232b9053cc9d06cafd6e08bed2722e7abf5100173de1a451,6.661338147750939e-16
16,44,2,MAC,1.7160157147834063,8.728995453566313e-06,0.006268368000746705,0.0,0.006277096996200271,path,1,4c03a4dbcb2a3e5d232b9053cc9d06cafd6e08bed2722e7abf5100173de1a451,6.661338147750939e-16
16,44,2,BB-RL,3.0296556521079534,0.0029598389955936,0.003905574994860217,2.886008587665856e-06,0.006868299999041483,cayley,1,26cb7c95decb496fef1f942d5b3721413760b90a488b7672d4de8bf54f6a463c,2.220446049250313e-15
16,44,3,BB-RL,2.941221347171029,0.002922697996837087,0.003891799002303742,3.0270020943135023e-06,0.006817524001235142,cayley,1,579c113cef9999e2c521d07809f5fad86d32e14b71782783dbeded91d649e8e2,0.0
16,44,3,MAC,1.7160157147834063,8.849994628690183e-06,0.006270657991990447,0.0,0.006279507986619137,path,1,4c03a4dbcb2a3e5d232b9053cc9d06cafd6e08bed2722e7abf5100173de1a451,6.661338147750939e-16
16,44,4,MAC,1.7160157147834063,8.558999979868531e-06,0.0062656059890287,0.0,0.006274164989008568,path,1,4c03a4dbcb2a3e5d232b9053cc9d06cafd6e08bed2722e7abf5100173de1a451,6.661338147750939e-16
16,44,4,BB-RL,3.0296556521079556,0.0029485029954230413,0.0039161909953691065,2.8740032576024532e-06,0.00686756799404975,cayley,1,b63b7f0c2661614fbb8e202bb5f6d43138158512b845945bcc0d8d978ec36d64,3.1086244689504383e-15
16,45,0,BB-RL,2.9696781528153573,0.002915365999797359,0.004634383993106894,3.015011316165328e-06,0.007552765004220419,cayley,1,84d464767551cd735d9bfc6c94123f88954491149be16ecc6c0ac6dfcd82b528,2.220446049250313e-15
16,45,0,MAC,1.7944777195381851,8.72999953571707e-06,0.006290294011705555,0.0,0.006299024011241272,path,1,a193f104debf7caed839efb9306491b69db51647fbcde2dc81dfdc177e5632e7,1.5543122344752192e-15
16,45,1,MAC,1.7944777195381851,8.753006113693118e-06,0.006277858003159054,0.0,0.006286611009272747,path,1,a193f104debf7caed839efb9306491b69db51647fbcde2dc81dfdc177e5632e7,1.5543122344752192e-15
16,45,1,BB-RL,3.139194146888294,0.002968893008073792,0.00465093000093475,3.043998731300235e-06,0.007622867007739842,cayley,1,5aecd394b1a03c23f521ba97ac13f199204ec1886c6043a130da1648a5efeee1,3.9968028886505635e-15
16,45,2,BB-RL,3.139194146888294,0.0029424690001178533,0.0045670379913644865,2.7900096029043198e-06,0.007512297001085244,cayley,1,5aecd394b1a03c23f521ba97ac13f199204ec1886c6043a130da1648a5efeee1,3.9968028886505635e-15
16,45,2,MAC,1.7944777195381851,8.930001058615744e-06,0.006282280999585055,0.0,0.0062912110006436706,path,1,a193f104debf7caed839efb9306491b69db51647fbcde2dc81dfdc177e5632e7,1.5543122344752192e-15
16,45,3,MAC,1.7944777195381851,8.56400583870709e-06,0.006270013996982016,0.0,0.006278578002820723,path,1,a193f104debf7caed839efb9306491b69db51647fbcde2dc81dfdc177e5632e7,1.5543122344752192e-15
16,45,3,BB-RL,2.969678152815352,0.003021557000465691,0.004597117003868334,2.9389921110123396e-06,0.007621612996445037,cayley,1,ed153178e9e28e30cf663475f5255014aebbf754b7b6d69edbf9dd0fc179cc77,2.220446049250313e-15
16,45,4,BB-RL,3.1391941468882965,0.002893991011660546,0.004575059996568598,2.986998879350722e-06,0.007472038007108495,cayley,1,ca6b56d5c0f4c5216e5d913918b075c9687814bcdedddb867f1a04ed7c8116e9,2.220446049250313e-15
16,45,4,MAC,1.7944777195381851,8.598988642916083e-06,0.00629544400726445,0.0,0.006304042995907366,path,1,a193f104debf7caed839efb9306491b69db51647fbcde2dc81dfdc177e5632e7,1.5543122344752192e-15
16,46,0,MAC,2.7558501738564125,8.431001333519816e-06,0.006299808999756351,0.0,0.006308240001089871,path,1,a692eb9d9b587d54a9abe9f8de97c9d06b6926766ed9e581be425dd8b86d7029,8.881784197001252e-16
16,46,0,BB-RL,3.1533659799407103,0.002923400010331534,0.0052899829897796735,2.8759968699887395e-06,0.008216258996981196,cayley,1,95e029413a083f9775b037f7b5e6dbe4f7d5b0340f1504fe1f027896f63901c7,4.440892098500626e-16
16,46,1,BB-RL,3.144130613890177,0.002973694005049765,0.0053100259974598885,2.9810034902766347e-06,0.00828670100599993,cayley,1,8c9d59eae1aae54283cf32df7cd50452d2b07d66544f08850a5f36bf735b4cf1,0.0
16,46,1,MAC,2.7558501738564125,9.127004886977375e-06,0.006316878003417514,0.0,0.006326005008304492,path,1,a692eb9d9b587d54a9abe9f8de97c9d06b6926766ed9e581be425dd8b86d7029,8.881784197001252e-16
16,46,2,MAC,2.7558501738564125,8.629998774267733e-06,0.006307572009973228,0.0,0.006316202008747496,path,1,a692eb9d9b587d54a9abe9f8de97c9d06b6926766ed9e581be425dd8b86d7029,8.881784197001252e-16
16,46,2,BB-RL,3.144130613890177,0.0029860510112484917,0.005364162992918864,2.85300484392792e-06,0.008353067009011284,cayley,1,8c9d59eae1aae54283cf32df7cd50452d2b07d66544f08850a5f36bf735b4cf1,0.0
16,46,3,BB-RL,3.1533659799407077,0.0029201470024418086,0.005333016000804491,2.9320071917027235e-06,0.008256095010438003,cayley,1,f8533ed19ae481af093db48a68d851f3e6496fb9562e6832b545b5eec8d0a29f,4.440892098500626e-15
16,46,3,MAC,2.7558501738564125,8.74800025485456e-06,0.0063188359927153215,0.0,0.006327583992970176,path,1,a692eb9d9b587d54a9abe9f8de97c9d06b6926766ed9e581be425dd8b86d7029,8.881784197001252e-16
16,46,4,MAC,2.7558501738564125,8.773000445216894e-06,0.00633320800261572,0.0,0.006341981003060937,path,1,a692eb9d9b587d54a9abe9f8de97c9d06b6926766ed9e581be425dd8b86d7029,8.881784197001252e-16
16,46,4,BB-RL,3.1689551178289883,0.002967495995108038,0.00526229600654915,2.83999543171376e-06,0.008232631997088902,cayley,1,1c3371c1ea5f8fbef1f3dc42f3fe46f773410d2e5f649d705648c659c6c9eb08,4.440892098500626e-15
16,47,0,BB-RL,3.279223955710647,0.002836843006662093,0.005968192999716848,2.888991730287671e-06,0.008807924998109229,cayley,1,79aaa41abad5eb2a10a204546ca8bb0904162bef545398c6a008d223b6876aed,6.217248937900877e-15
16,47,0,MAC,2.426607793792141,8.71199881657958e-06,0.006283431008341722,0.0,0.006292143007158302,path,1,3b1ddc6eeaf051101d70865f911f5b90d711b0d3531adfeb6b6061aa6a6e7d24,1.7763568394002505e-15
16,47,1,MAC,2.426607793792141,8.565999451093376e-06,0.006259018002310768,0.0,0.006267584001761861,path,1,3b1ddc6eeaf051101d70865f911f5b90d711b0d3531adfeb6b6061aa6a6e7d24,1.7763568394002505e-15
16,47,1,BB-RL,3.279223955710647,0.0030666319944430143,0.006020775006618351,2.941989805549383e-06,0.009090348990866914,cayley,1,d676c8469d77a1e0136c5617889aa2ef2767dae06a950ca13b06dcd5a19fda35,1.7763568394002505e-15
16,47,2,BB-RL,3.279223955710647,0.0028891910042148083,0.005988049990264699,2.8479989850893617e-06,0.008880088993464597,cayley,1,d676c8469d77a1e0136c5617889aa2ef2767dae06a950ca13b06dcd5a19fda35,1.7763568394002505e-15
16,47,2,MAC,2.426607793792141,8.832008461467922e-06,0.006259040994336829,0.0,0.0062678730027982965,path,1,3b1ddc6eeaf051101d70865f911f5b90d711b0d3531adfeb6b6061aa6a6e7d24,1.7763568394002505e-15
16,47,3,MAC,2.426607793792141,8.443996193818748e-06,0.006249539001146331,0.0,0.00625798299734015,path,1,3b1ddc6eeaf051101d70865f911f5b90d711b0d3531adfeb6b6061aa6a6e7d24,1.7763568394002505e-15
16,47,3,BB-RL,3.279223955710647,0.0029482420068234205,0.005867077998118475,2.8460053727030754e-06,0.008818166010314599,cayley,1,f686b5d697e5f235d832b6703c58eb80f8fe0b90ef0a043fb91bb2fd3fcd1b8f,3.552713678800501e-15
16,47,4,BB-RL,3.2792239557106444,0.0028929550026077777,0.006003216985845938,2.8690119506791234e-06,0.008899041000404395,cayley,1,500d48ccfe3621392b60fcd8ddc2f1c7cf506241dd2e4e5f4b8ed6589bb77b0a,0.0
16,47,4,MAC,2.426607793792141,9.397001122124493e-06,0.006278868007939309,0.0,0.006288265009061433,path,1,3b1ddc6eeaf051101d70865f911f5b90d711b0d3531adfeb6b6061aa6a6e7d24,1.7763568394002505e-15
16,48,0,MAC,2.6899015267085753,8.495000656694174e-06,0.006308349999017082,0.0,0.006316844999673776,path,1,3baf77ca54392d2800d5c183be30ae703b29abad4cb554a4c92862b8103bd9ac,8.881784197001252e-16
16,48,0,BB-RL,3.9999999999999964,0.0030813310004305094,0.00029391900170594454,2.8109934646636248e-06,0.0033780609956011176,cayley,1,de4e1670b685710a698db4ecd736e7717d4cfb532836ff1264e210a45f3d23ae,8.881784197001252e-16
16,48,1,BB-RL,3.9999999999999982,0.0030336570052895695,0.00028846100030932575,2.7709902497008443e-06,0.003324888995848596,cayley,1,999f3f1ea7d32f89942dba58bdd20da3d276185056bdace87bbc490fb125771d,4.440892098500626e-16
16,48,1,MAC,2.6899015267085753,8.844013791531324e-06,0.006309571996098384,0.0,0.006318416009889916,path,1,3baf77ca54392d2800d5c183be30ae703b29abad4cb554a4c92862b8103bd9ac,8.881784197001252e-16
16,48,2,MAC,2.6899015267085753,8.711009286344051e-06,0.006301861998508684,0.0,0.006310573007795028,path,1,3baf77ca54392d2800d5c183be30ae703b29abad4cb554a4c92862b8103bd9ac,8.881784197001252e-16
16,48,2,BB-RL,4.000000000000001,0.0030931970104575157,0.0002946169988717884,2.83999543171376e-06,0.003390654004761018,cayley,1,673a8da4847ac95b1f57212878327b74d492d0eba62505fb8c77b1c112400c39,8.881784197001252e-16
16,48,3,BB-RL,4.000000000000003,0.003052635001949966,0.0002856650098692626,2.854998456314206e-06,0.0033411550102755427,cayley,1,57720a2bbe5974afcb3ef308237fe8cb782ec93e8c33ca67f69512c0c50059a8,3.552713678800501e-15
16,48,3,MAC,2.6899015267085753,8.820003131404519e-06,0.006295490995398723,0.0,0.006304310998530127,path,1,3baf77ca54392d2800d5c183be30ae703b29abad4cb554a4c92862b8103bd9ac,8.881784197001252e-16
16,48,4,MAC,2.6899015267085753,8.735005394555628e-06,0.00629627300077118,0.0,0.006305008006165735,path,1,3baf77ca54392d2800d5c183be30ae703b29abad4cb554a4c92862b8103bd9ac,8.881784197001252e-16
16,48,4,BB-RL,4.000000000000003,0.003119897999567911,0.0002904430002672598,2.8120120987296104e-06,0.0034131530119339004,cayley,1,57720a2bbe5974afcb3ef308237fe8cb782ec93e8c33ca67f69512c0c50059a8,3.552713678800501e-15
16,49,0,BB-RL,3.999999999999999,0.0030384349956875667,0.0018830799963325262,2.8229987947270274e-06,0.00492433799081482,cayley,1,e9b4771c9902da3b1be7a22d782640e5fe7eb89f2e2e21ab3d7cd139712388c9,3.1086244689504383e-15
16,49,0,MAC,2.5334706138940133,8.764996891841292e-06,0.006351436997647397,0.0,0.0063602019945392385,path,1,82c4cfaa232b0c8a1e916df9d1890b0359f1624715fd521402151fa1b333242b,5.329070518200751e-15
16,49,1,MAC,2.5334706138940133,8.715011063031852e-06,0.00631348199385684,0.0,0.006322197004919872,path,1,82c4cfaa232b0c8a1e916df9d1890b0359f1624715fd521402151fa1b333242b,5.329070518200751e-15
16,49,1,BB-RL,3.999999999999999,0.003066233010031283,0.0018905929900938645,2.964006853289902e-06,0.004959790006978437,cayley,1,22ae42d95637e3a5063d26f5917b7b6b543be5f7e3816e9ab0cb031d86bfc137,8.881784197001252e-16
16,49,2,BB-RL,4.082451742347204,0.0030814439960522577,0.0018618580070324242,2.845001290552318e-06,0.004946147004375234,cayley,1,6980c145e7c18cdcb1b3e0922a0b1ab9cb4c2de825939fbb316a2f1873d6b4dc,0.0
16,49,2,MAC,2.5334706138940133,8.504008292220533e-06,0.0063209910003934056,0.0,0.006329495008685626,path,1,82c4cfaa232b0c8a1e916df9d1890b0359f1624715fd521402151fa1b333242b,5.329070518200751e-15
16,49,3,MAC,2.5334706138940133,8.483999408781528e-06,0.006316783998045139,0.0,0.0063252679974539205,path,1,82c4cfaa232b0c8a1e916df9d1890b0359f1624715fd521402151fa1b333242b,5.329070518200751e-15
16,49,3,BB-RL,4.082451742347204,0.003100710004218854,0.0018728729919530451,2.8710055630654097e-06,0.0049764540017349645,cayley,1,6b779213968da661d335e084dcd0647b42001d6a4b469f7bba4d88a78dd8e044,0.0
16,49,4,BB-RL,4.082451742347204,0.003074763997574337,0.0018616129964357242,3.0579976737499237e-06,0.004939434991683811,cayley,1,6b779213968da661d335e084dcd0647b42001d6a4b469f7bba4d88a78dd8e044,0.0
16,49,4,MAC,2.5334706138940133,8.78899300005287e-06,0.00633788900449872,0.0,0.006346677997498773,path,1,82c4cfaa232b0c8a1e916df9d1890b0359f1624715fd521402151fa1b333242b,5.329070518200751e-15
16,50,0,MAC,2.7380643955111648,8.51499498821795e-06,0.006335380006930791,0.0,0.006343895001919009,path,1,c1f58e081d4e27f9a2243ec8b66f7e01032b50f7c8cb7c803fef94c342cbdd01,3.1086244689504383e-15
16,50,0,BB-RL,4.000000000000001,0.0030722550000064075,0.0025631550088291988,2.8850045055150986e-06,0.005638295013341121,cayley,1,e210a463b417180a9ef7d58f8d3df90475937ad4fb55f19b9651613400da64e2,2.220446049250313e-15
16,50,1,BB-RL,3.9999999999999982,0.003043390010134317,0.0025611140008550137,2.8049980755895376e-06,0.00560730900906492,cayley,1,a635cf1b8fee55462e7f8328d2f9312ad7f435809927ed2fcb45d0ead9a7433f,8.881784197001252e-16
16,50,1,MAC,2.7380643955111648,8.935996447689831e-06,0.006335099009447731,0.0,0.006344035005895421,path,1,c1f58e081d4e27f9a2243ec8b66f7e01032b50f7c8cb7c803fef94c342cbdd01,3.1086244689504383e-15
16,50,2,MAC,2.7380643955111648,8.486997103318572e-06,0.006333887999062426,0.0,0.006342374996165745,path,1,c1f58e081d4e27f9a2243ec8b66f7e01032b50f7c8cb7c803fef94c342cbdd01,3.1086244689504383e-15
16,50,2,BB-RL,4.113031946944857,0.003095474006840959,0.002569200994912535,2.901011612266302e-06,0.0056675760133657604,cayley,1,1a45d29b4e7ad15d444d4b6714dbaf3da08de8e2f32fe535b2df85866b365fc2,0.0
16,50,3,BB-RL,4.113031946944855,0.0030317460041260347,0.002556328006903641,2.9039947548881173e-06,0.005590978005784564,cayley,1,61408d4fd543b976334c6d6682afafc1df702e5575a3a397c266d462bd55ef1e,4.440892098500626e-15
16,50,3,MAC,2.7380643955111648,8.852002792991698e-06,0.006335195997962728,0.0,0.00634404800075572,path,1,c1f58e081d4e27f9a2243ec8b66f7e01032b50f7c8cb7c803fef94c342cbdd01,3.1086244689504383e-15
16,50,4,MAC,2.7380643955111648,8.615010301582515e-06,0.006295291997957975,0.0,0.006303907008259557,path,1,c1f58e081d4e27f9a2243ec8b66f7e01032b50f7c8cb7c803fef94c342cbdd01,3.1086244689504383e-15
16,50,4,BB-RL,4.113031946944855,0.00313317499239929,0.0025535560125717893,2.7329951990395784e-06,0.005689464000170119,cayley,1,61408d4fd543b976334c6d6682afafc1df702e5575a3a397c266d462bd55ef1e,4.440892098500626e-15
16,51,0,BB-RL,3.9999999999999947,0.003020959993591532,0.003200313003617339,2.8049980755895376e-06,0.0062240779952844605,cayley,1,3cf73fc8de1430b6ffbb26717cdf4629d6ad3d636dd9e4e9dba919c1a6630d52,2.6645352591003757e-15
16,51,0,MAC,2.4956537370782073,8.821996743790805e-06,0.006368734000716358,0.0,0.006377555997460149,path,1,0c642b4f8eb1ac7246a08961babea311af8e9c1fcd163950f9ed2c2382cbd526,3.1086244689504383e-15
16,51,1,MAC,2.4956537370782073,8.657996659167111e-06,0.006312110010185279,0.0,0.006320768006844446,path,1,0c642b4f8eb1ac7246a08961babea311af8e9c1fcd163950f9ed2c2382cbd526,3.1086244689504383e-15
16,51,1,BB-RL,3.9999999999999964,0.003096945001743734,0.003224247004254721,2.7479982236400247e-06,0.006323940004222095,cayley,1,d9e5a2d3f7a523f1c025d3940270fdf7823dcc6d8f6d5994c43e22a9517b7c73,4.440892098500626e-15
16,51,2,BB-RL,4.1612397580536475,0.0030617779993917793,0.0032531059987377375,2.9070070013403893e-06,0.006317791005130857,cayley,1,5bc25a4547323fee4930c32db1e130b7ab677d9716ce06372bbdbea3434d013d,3.552713678800501e-15
16,51,2,MAC,2.4956537370782073,1.857298775576055e-05,0.006359662002068944,0.0,0.006378234989824705,path,1,0c642b4f8eb1ac7246a08961babea311af8e9c1fcd163950f9ed2c2382cbd526,3.1086244689504383e-15
16,51,3,MAC,2.4956537370782073,8.419010555371642e-06,0.0063218290015356615,0.0,0.006330248012091033,path,1,0c642b4f8eb1ac7246a08961babea311af8e9c1fcd163950f9ed2c2382cbd526,3.1086244689504383e-15
16,51,3,BB-RL,4.161239758053646,0.0030787489959038794,0.003197401005309075,2.886998117901385e-06,0.006279036999330856,cayley,1,1453fb3c0dde5f754700962f2c66befab5e25a0919a4a1559c62fa070f9a5640,6.217248937900877e-15
16,51,4,BB-RL,4.161239758053646,0.003117820990155451,0.0032515330094611272,2.792003215290606e-06,0.006372146002831869,cayley,1,1453fb3c0dde5f754700962f2c66befab5e25a0919a4a1559c62fa070f9a5640,6.217248937900877e-15
16,51,4,MAC,2.4956537370782073,9.031005902215838e-06,0.0063577539985999465,0.0,0.006366785004502162,path,1,0c642b4f8eb1ac7246a08961babea311af8e9c1fcd163950f9ed2c2382cbd526,3.1086244689504383e-15
16,52,0,MAC,3.267854448090283,8.567003533244133e-06,0.006348574999719858,0.0,0.006357142003253102,path,1,390c2ef1a31c9f358eb0157282a72ba2d4e6598c41df6f2c217d114424e259e3,8.881784197001252e-16
16,52,0,BB-RL,4.000000000000003,0.003030855004908517,0.0039457789971493185,2.8460053727030754e-06,0.0069794800074305385,cayley,1,a9a058eba802cef623de711bdd20ed355678ed9f29d354e7c1b50924c47dbecb,2.6645352591003757e-15
16,52,1,BB-RL,3.999999999999999,0.0030398899980355054,0.00394076100201346,2.872999175451696e-06,0.006983523999224417,cayley,1,dc4d5673cb21fae21e168d0f40db92dcfcbd61e1bcbae582db0a1896eb66cf93,1.7763568394002505e-15
16,52,1,MAC,3.267854448090283,9.343988494947553e-06,0.00634543300839141,0.0,0.006354776996886358,path,1,390c2ef1a31c9f358eb0157282a72ba2d4e6598c41df6f2c217d114424e259e3,8.881784197001252e-16
16,52,2,MAC,3.267854448090283,8.82899621501565e-06,0.006326065995381214,0.0,0.006334894991596229,path,1,390c2ef1a31c9f358eb0157282a72ba2d4e6598c41df6f2c217d114424e259e3,8.881784197001252e-16
16,52,2,BB-RL,4.242061193667346,0.003092841012403369,0.0038837009924463928,2.864995622076094e-06,0.006979407000471838,cayley,1,e2361ad2550d9d3f17dcf432e99d28833c33306b4d247dcb69f6ca7624910208,4.440892098500626e-15
16,52,3,BB-RL,4.242061193667344,0.003037121001398191,0.0038866630056872964,2.906992449425161e-06,0.006926690999534912,cayley,1,7e8955185f960863e4a33bb53338390658198f180784a4187c62431b908b09b5,4.440892098500626e-15
16,52,3,MAC,3.267854448090283,8.813003660179675e-06,0.006363017004332505,0.0,0.006371830007992685,path,1,390c2ef1a31c9f358eb0157282a72ba2d4e6598c41df6f2c217d114424e259e3,8.881784197001252e-16
16,52,4,MAC,3.267854448090283,8.789997082203627e-06,0.006344835011987016,0.0,0.006353625009069219,path,1,390c2ef1a31c9f358eb0157282a72ba2d4e6598c41df6f2c217d114424e259e3,8.881784197001252e-16
16,52,4,BB-RL,4.242061193667344,0.0030889360059518367,0.0038842530047986656,2.9109942261129618e-06,0.006976100004976615,cayley,1,7e8955185f960863e4a33bb53338390658198f180784a4187c62431b908b09b5,4.440892098500626e-15
16,53,0,BB-RL,4.0,0.0030293919990072027,0.004551402002107352,2.9910006560385227e-06,0.007583785001770593,cayley,1,bdbad279750b7b7f98aa47340bc990ab414725b8acbf1d5539a009d6d16eac6b,1.7763568394002505e-15
16,53,0,MAC,3.0710241437010417,8.735994924791157e-06,0.006353859003866091,0.0,0.0063625949987908825,path,1,d7b3f3b473b01fb631beaf03c31fca3c441bb5b1897b5af1be6ef654405f1c36,8.881784197001252e-16
16,53,1,MAC,3.0710241437010417,8.368995622731745e-06,0.00630823899700772,0.0,0.006316607992630452,path,1,d7b3f3b473b01fb631beaf03c31fca3c441bb5b1897b5af1be6ef654405f1c36,8.881784197001252e-16
16,53,1,BB-RL,4.0,0.0030606529908254743,0.004588357012835331,2.9379880288615823e-06,0.007651947991689667,cayley,1,72c89008ee961e39bd98a77d7940cc220b19c9d304eeab79e1dbf8162a0d7fa4,8.881784197001252e-16
16,53,2,BB-RL,4.388393480428072,0.0031571489962516353,0.004554197992547415,2.839005901478231e-06,0.007714185994700529,cayley,1,bd9f4f2b8b5f50739af61d486e95f171ee07b200abc74a9944fe1acd24ac5bef,1.7763568394002505e-15
16,53,2,MAC,3.0710241437010417,8.771996363066137e-06,0.006345592992147431,0.0,0.006354364988510497,path,1,d7b3f3b473b01fb631beaf03c31fca3c441bb5b1897b5af1be6ef654405f1c36,8.881784197001252e-16
16,53,3,MAC,3.0710241437010417,8.592003723606467e-06,0.006352252996293828,0.0,0.006360845000017434,path,1,d7b3f3b473b01fb631beaf03c31fca3c441bb5b1897b5af1be6ef654405f1c36,8.881784197001252e-16
16,53,3,BB-RL,4.388393480428072,0.003061536990571767,0.00456605400540866,2.849992597475648e-06,0.007630440988577902,cayley,1,2dce43d920b4986b89df16c3c21bd2d6cbcaa1f6388efb0defd4e6f93c56fb20,0.0
16,53,4,BB-RL,4.388393480428072,0.003036951005924493,0.004547036995063536,2.7909991331398487e-06,0.007586779000121169,cayley,1,2dce43d920b4986b89df16c3c21bd2d6cbcaa1f6388efb0defd4e6f93c56fb20,0.0
16,53,4,MAC,3.0710241437010417,8.745002560317516e-06,0.006365053995978087,0.0,0.006373798998538405,path,1,d7b3f3b473b01fb631beaf03c31fca3c441bb5b1897b5af1be6ef654405f1c36,8.881784197001252e-16
16,54,0,MAC,2.6735296831638697,8.552000508643687e-06,0.006324650996248238,0.0,0.0063332029967568815,path,1,3e03ec460a47b0e1b6a34902b265f5e98dfc0018e03560263674946110ada1db,2.6645352591003757e-15
16,54,0,BB-RL,4.0,0.0031409080111188814,0.005253031995380297,2.754997694864869e-06,0.008396695004194044,cayley,1,a197e998404d38841c3079aeb82d0af995a6182bb178fcdeeb02b7ca7de4b3c0,3.552713678800501e-15
16,54,1,BB-RL,3.9999999999999982,0.0030701130017405376,0.005319873002008535,2.9679940780624747e-06,0.008392953997827135,cayley,1,e6a7af8aa46ab2d6d744ddf47538faf4a04017ecfcc88205374657e97f738aa9,1.7763568394002505e-15
16,54,1,MAC,2.6735296831638697,8.659000741317868e-06,0.0063431040034629405,0.0,0.006351763004204258,path,1,3e03ec460a47b0e1b6a34902b265f5e98dfc0018e03560263674946110ada1db,2.6645352591003757e-15
16,54,2,MAC,2.6735296831638697,8.55499820318073e-06,0.006324750007479452,0.0,0.006333305005682632,path,1,3e03ec460a47b0e1b6a34902b265f5e98dfc0018e03560263674946110ada1db,2.6645352591003757e-15
16,54,2,BB-RL,4.585786437626905,0.003072855994105339,0.005294266011333093,3.049994120374322e-06,0.008370171999558806,cayley,1,594b56926784584ca18e19ba7d33a8c1d93881b05d59dab8f83366905a9f2c07,8.881784197001252e-16
16,54,3,BB-RL,4.585786437626903,0.0030596750002587214,0.005255962008959614,2.853994374163449e-06,0.008318491003592499,cayley,1,995289665deed8dcf912de6c1211a8c2748eccad1e7700d8c099baaf39fa43da,8.881784197001252e-16
16,54,3,MAC,2.6735296831638697,8.99900624062866e-06,0.006347181988530792,0.0,0.006356180994771421,path,1,3e03ec460a47b0e1b6a34902b265f5e98dfc0018e03560263674946110ada1db,2.6645352591003757e-15
16,54,4,MAC,2.6735296831638697,8.51899676490575e-06,0.006304448004812002,0.0,0.006312967001576908,path,1,3e03ec460a47b0e1b6a34902b265f5e98dfc0018e03560263674946110ada1db,2.6645352591003757e-15
16,54,4,BB-RL,4.585786437626903,0.0031495659932261333,0.005262169011984952,2.878994564525783e-06,0.00841461399977561,cayley,1,995289665deed8dcf912de6c1211a8c2748eccad1e7700d8c099baaf39fa43da,8.881784197001252e-16
16,56,0,MAC,3.7847283488877155,8.731003617867827e-06,0.0063284759962698445,0.0,0.006337206999887712,path,1,2ee8e266d9babd634443361e3ddde6371190daed25be0d49c932f11ed39d69bd,7.105427357601002e-15
16,56,0,BB-RL,5.999999999999996,0.003121097994153388,0.0002921109989983961,2.9520015232264996e-06,0.0034161609946750104,cayley,1,f7a47e9a16d90c7c244ec96acbd4323bd1091540eba04496d319f9801f24fe48,0.0
16,56,1,BB-RL,5.999999999999999,0.0031025569915072992,0.00029383400396909565,2.9090006137266755e-06,0.0033992999960901216,cayley,1,d860450817f12552d6fe1cf4c7466a7beab27e7a8ba11be5e14c4efdb9cb0960,3.552713678800501e-15
16,56,1,MAC,3.7847283488877155,8.58200655784458e-06,0.006309296994004399,0.0,0.006317879000562243,path,1,2ee8e266d9babd634443361e3ddde6371190daed25be0d49c932f11ed39d69bd,7.105427357601002e-15
16,56,2,MAC,3.7847283488877155,8.858012733981013e-06,0.0063019459921633825,0.0,0.0063108040048973635,path,1,2ee8e266d9babd634443361e3ddde6371190daed25be0d49c932f11ed39d69bd,7.105427357601002e-15
16,56,2,BB-RL,5.999999999999999,0.003142957008094527,0.00030041499121580273,2.872009645216167e-06,0.0034462440089555457,cayley,1,d860450817f12552d6fe1cf4c7466a7beab27e7a8ba11be5e14c4efdb9cb0960,3.552713678800501e-15
16,56,3,BB-RL,5.999999999999994,0.003112681006314233,0.00028504300280474126,2.6509951567277312e-06,0.003400375004275702,cayley,1,27be97f88fde893ca0c63db30f33ecf38b8fa78bf6ecd2c09ad0fede9e843441,4.440892098500626e-15
16,56,3,MAC,3.7847283488877155,8.713002898730338e-06,0.00631620800413657,0.0,0.0063249210070353,path,1,2ee8e266d9babd634443361e3ddde6371190daed25be0d49c932f11ed39d69bd,7.105427357601002e-15
16,56,4,MAC,3.7847283488877155,8.527000318281353e-06,0.006300288005149923,0.0,0.006308815005468205,path,1,2ee8e266d9babd634443361e3ddde6371190daed25be0d49c932f11ed39d69bd,7.105427357601002e-15
16,56,4,BB-RL,5.999999999999997,0.003155796992359683,0.00028856200515292585,2.7859932743012905e-06,0.00344714499078691,cayley,1,9d2c7a774a3a00b376d60487cabf495f57db037276bdac4659e946cc21698c70,2.6645352591003757e-15
16,57,0,BB-RL,5.999999999999998,0.003108282995526679,0.0018819160031853244,2.8439972084015608e-06,0.004993042995920405,cayley,1,d6743e42f5f1413fedaa379ee3c8ac4ea04d4fb6a3aada4288bfc04c982d94fe,3.552713678800501e-15
16,57,0,MAC,3.724238429982835,8.764996891841292e-06,0.006349463001242839,0.0,0.00635822799813468,path,1,99204108a64dc4a551df14904bff74fb91a94c7ff3b0a209e0e228dd834c9ea5,8.881784197001252e-16
16,57,1,MAC,3.724238429982835,8.43399902805686e-06,0.006351206000545062,0.0,0.006359639999573119,path,1,99204108a64dc4a551df14904bff74fb91a94c7ff3b0a209e0e228dd834c9ea5,8.881784197001252e-16
16,57,1,BB-RL,5.9999999999999964,0.003211699004168622,0.00189016800140962,2.8619979275390506e-06,0.005104729003505781,cayley,1,1be60c73568dbb0f8c18c67a4e0d3451d78c75210a2f75c1ba3fe8760f2d9fc3,1.7763568394002505e-15
16,57,2,BB-RL,5.9999999999999964,0.003120241002761759,0.0018731080053839833,2.9369984986260533e-06,0.004996286006644368,cayley,1,1be60c73568dbb0f8c18c67a4e0d3451d78c75210a2f75c1ba3fe8760f2d9fc3,1.7763568394002505e-15
16,57,2,MAC,3.724238429982835,8.910996257327497e-06,0.0063337900064652786,0.0,0.006342701002722606,path,1,99204108a64dc4a551df14904bff74fb91a94c7ff3b0a209e0e228dd834c9ea5,8.881784197001252e-16
16,57,3,MAC,3.724238429982835,8.81598680280149e-06,0.006334638004773296,0.0,0.006343453991576098,path,1,99204108a64dc4a551df14904bff74fb91a94c7ff3b0a209e0e228dd834c9ea5,8.881784197001252e-16
16,57,3,BB-RL,5.9999999999999964,0.0031871440005488694,0.001878374008811079,3.0469964258372784e-06,0.005068565005785786,cayley,1,7695917a4b00369fd8b4a714e25df675f233c74b6313203fbc1da8f2a4b5abf8,8.881784197001252e-16
16,57,4,BB-RL,5.9999999999999964,0.0031165530090220273,0.0018749320006463677,2.877000952139497e-06,0.004994362010620534,cayley,1,1445436b84e58498a0228b1c6985b073c2f28fb91fedb94f2c11d743df3e486f,1.7763568394002505e-15
16,57,4,MAC,3.724238429982835,8.8600063463673e-06,0.006341714004520327,0.0,0.006350574010866694,path,1,99204108a64dc4a551df14904bff74fb91a94c7ff3b0a209e0e228dd834c9ea5,8.881784197001252e-16
16,58,0,MAC,3.5119604458097804,9.629991836845875e-06,0.006331848999252543,0.0,0.006341478991089389,path,1,d1d3a39673df26bfbb149b146a8def36cac9383e288b1d84948229d9cff0902c,4.440892098500626e-16
16,58,0,BB-RL,5.9999999999999964,0.0031582960073137656,0.002954454001155682,2.8460053727030754e-06,0.006115596013842151,cayley,1,b34e643ff31cdc960fa19fa264474094c8da079e48accba310c61fb5952da499,1.7763568394002505e-15
16,58,1,BB-RL,5.9999999999999964,0.0031266739970305935,0.002563529007602483,2.8509966796264052e-06,0.005693054001312703,cayley,1,5cbbfa52605ff539d605cd4e2dc21c6bd0cffec69eb457d920cbab43276dbe82,8.881784197001252e-16
16,58,1,MAC,3.5119604458097804,8.928996976464987e-06,0.006352772004902363,0.0,0.006361701001878828,path,1,d1d3a39673df26bfbb149b146a8def36cac9383e288b1d84948229d9cff0902c,4.440892098500626e-16
16,58,2,MAC,3.5119604458097804,8.558999979868531e-06,0.006340872991131619,0.0,0.006349431991111487,path,1,d1d3a39673df26bfbb149b146a8def36cac9383e288b1d84948229d9cff0902c,4.440892098500626e-16
16,58,2,BB-RL,5.9999999999999964,0.003141759996651672,0.0025887069932650775,2.819011569954455e-06,0.005733286001486704,cayley,1,5cbbfa52605ff539d605cd4e2dc21c6bd0cffec69eb457d920cbab43276dbe82,8.881784197001252e-16
16,58,3,BB-RL,5.999999999999994,0.0031925479997880757,0.002573667006799951,2.91600008495152e-06,0.005769131006672978,cayley,1,be69abab23817132c1260a523d35da936edddaf14305d98ed12076e94a3fad0b,3.552713678800501e-15
16,58,3,MAC,3.5119604458097804,8.892995538190007e-06,0.006348501003230922,0.0,0.006357393998769112,path,1,d1d3a39673df26bfbb149b146a8def36cac9383e288b1d84948229d9cff0902c,4.440892098500626e-16
16,58,4,MAC,3.5119604458097804,8.716000593267381e-06,0.006343347005895339,0.0,0.006352063006488606,path,1,d1d3a39673df26bfbb149b146a8def36cac9383e288b1d84948229d9cff0902c,4.440892098500626e-16
16,58,4,BB-RL,5.999999999999996,0.0031255950016202405,0.0025658989907242358,2.839005901478231e-06,0.0056943329982459545,cayley,1,77012ff0420d66982e7311f3916285192a7a11832e5c4f881fa4b35e7e190458,2.6645352591003757e-15
16,59,0,BB-RL,5.999999999999995,0.0031063310016179457,0.0032489529985468835,2.7560017770156264e-06,0.006358040001941845,cayley,1,855fbaa7b724424dee04dd717091ffc62473c7f4d3486a3d9e34805d9e3447e2,1.7763568394002505e-15
16,59,0,MAC,4.150854758822949,8.693008567206562e-06,0.006358029000693932,0.0,0.006366722009261139,path,1,1152f4fddcc45f4265ab639c17355c9bc4052df424fd2e2e0cf400ea6347d218,8.881784197001252e-16
16,59,1,MAC,4.150854758822949,8.528993930667639e-06,0.006340792009723373,0.0,0.00634932100365404,path,1,1152f4fddcc45f4265ab639c17355c9bc4052df424fd2e2e0cf400ea6347d218,8.881784197001252e-16
16,59,1,BB-RL,5.999999999999993,0.0031514050060650334,0.0032840469939401373,2.925997250713408e-06,0.006438377997255884,cayley,1,928bb9a1528c456bc4585f1baf659586dceb0955bc8a6376c7cdd1dcf4e69c1c,2.6645352591003757e-15
16,59,2,BB-RL,5.999999999999993,0.003121489004115574,0.0032463179959449917,2.8700014809146523e-06,0.00637067700154148,cayley,1,928bb9a1528c456bc4585f1baf659586dceb0955bc8a6376c7cdd1dcf4e69c1c,2.6645352591003757e-15
16,59,2,MAC,4.150854758822949,8.833012543618679e-06,0.00636967399623245,0.0,0.006378507008776069,path,1,1152f4fddcc45f4265ab639c17355c9bc4052df424fd2e2e0cf400ea6347d218,8.881784197001252e-16
16,59,3,MAC,4.150854758822949,8.692004485055804e-06,0.006328001007204875,0.0,0.006336693011689931,path,1,1152f4fddcc45f4265ab639c17355c9bc4052df424fd2e2e0cf400ea6347d218,8.881784197001252e-16
16,59,3,BB-RL,5.999999999999995,0.0031586030090693384,0.0032560929976170883,3.0600058380514383e-06,0.006417756012524478,cayley,1,3c907d7fe0a9c991fb263825080ae66139e578632c130427c613b6cb468baa0e,5.329070518200751e-15
16,59,4,BB-RL,5.999999999999997,0.0031270040053641424,0.003243267987272702,2.9619986889883876e-06,0.006373233991325833,cayley,1,0eceb3f2df90bcddd2a1cd39893eb418bdd30dc50bb9606385e3495eb5f24962,8.881784197001252e-16
16,59,4,MAC,4.150854758822949,8.796007023192942e-06,0.006319445994449779,0.0,0.006328242001472972,path,1,1152f4fddcc45f4265ab639c17355c9bc4052df424fd2e2e0cf400ea6347d218,8.881784197001252e-16
16,60,0,MAC,3.8458281642370804,8.643008186481893e-06,0.006322077999357134,0.0,0.006330721007543616,path,1,1e759f24eb4741166d85c970c3d5bb7ce16d655b02ccae6d423bf02a779bbd26,1.3322676295501878e-15
16,60,0,BB-RL,5.999999999999998,0.003252292997785844,0.003944372991099954,2.9600050766021013e-06,0.0071996259939624,cayley,1,72a857745f37085b7ac538c253a6d90de0cac66905b916b6e03d81de875650f3,1.7763568394002505e-15
16,60,1,BB-RL,5.999999999999998,0.003148003001115285,0.003921142008039169,2.820001100189984e-06,0.007071965010254644,cayley,1,c518b0ce0c9c9ed42dc22f0f8163740c4b65f892f20b325f2bf57c3c8ae890fc,8.881784197001252e-16
16,60,1,MAC,3.8458281642370804,8.896007784642279e-06,0.0063435759948333725,0.0,0.006352472002618015,path,1,1e759f24eb4741166d85c970c3d5bb7ce16d655b02ccae6d423bf02a779bbd26,1.3322676295501878e-15
16,60,2,MAC,3.8458281642370804,8.560004062019289e-06,0.006324693997157738,0.0,0.006333254001219757,path,1,1e759f24eb4741166d85c970c3d5bb7ce16d655b02ccae6d423bf02a779bbd26,1.3322676295501878e-15
16,60,2,BB-RL,5.999999999999998,0.003188364004017785,0.003950669997720979,2.8930080588907003e-06,0.007141927009797655,cayley,1,c518b0ce0c9c9ed42dc22f0f8163740c4b65f892f20b325f2bf57c3c8ae890fc,8.881784197001252e-16
16,60,3,BB-RL,5.999999999999998,0.003105365001829341,0.00393178200465627,2.8850045055150986e-06,0.007040032010991126,cayley,1,b50b8bd5b4ca3ef36c0cc5ea76cdf7faddd2bb267d290bc88f6d16b3a78c542c,8.881784197001252e-16
16,60,3,MAC,3.8458281642370804,8.907009032554924e-06,0.006334151999908499,0.0,0.006343059008941054,path,1,1e759f24eb4741166d85c970c3d5bb7ce16d655b02ccae6d423bf02a779bbd26,1.3322676295501878e-15
16,60,4,MAC,3.8458281642370804,8.656003046780825e-06,0.0063126939930953085,0.0,0.006321349996142089,path,1,1e759f24eb4741166d85c970c3d5bb7ce16d655b02ccae6d423bf02a779bbd26,1.3322676295501878e-15
16,60,4,BB-RL,5.999999999999998,0.0031501269986620173,0.003875096997944638,2.7799978852272034e-06,0.007028003994491883,cayley,1,1d22b2306683ca57f6fa04f46a522884f09a4c6061514fe9a124f7d1cf0ecd16,0.0
16,61,0,BB-RL,5.999999999999995,0.003139938009553589,0.00463038899761159,2.8439972084015608e-06,0.00777317100437358,cayley,1,97d565205a6bde20ab76991a388680954729a14213ea842e4de36692ec0cd316,3.552713678800501e-15
16,61,0,MAC,4.235720007565391,8.914998034015298e-06,0.00635574699845165,0.0,0.0063646619964856654,path,1,fe2470c0de62d924626148d6a3bc5c4d52f16f9df6b65af5220e4ee1c8f9bb58,3.552713678800501e-15
16,61,1,MAC,4.235720007565391,8.741990313865244e-06,0.006326422997517511,0.0,0.0063351649878313765,path,1,fe2470c0de62d924626148d6a3bc5c4d52f16f9df6b65af5220e4ee1c8f9bb58,3.552713678800501e-15
16,61,1,BB-RL,5.999999999999998,0.003169892996083945,0.0046745340077904984,2.9959919629618526e-06,0.007847422995837405,cayley,1,292a0fb7d72e7be51f4a1b0219c83238cf4b4c2501e17d6a8adcdeb9ca7818fd,3.552713678800501e-15
16,61,2,BB-RL,5.999999999999998,0.003196963996742852,0.004605925001669675,2.9039947548881173e-06,0.007805792993167415,cayley,1,292a0fb7d72e7be51f4a1b0219c83238cf4b4c2501e17d6a8adcdeb9ca7818fd,3.552713678800501e-15
16,61,2,MAC,4.235720007565391,9.059003787115216e-06,0.006360125000355765,0.0,0.0063691840041428804,path,1,fe2470c0de62d924626148d6a3bc5c4d52f16f9df6b65af5220e4ee1c8f9bb58,3.552713678800501e-15
16,61,3,MAC,4.235720007565391,8.729010005481541e-06,0.006340733991237357,0.0,0.006349463001242839,path,1,fe2470c0de62d924626148d6a3bc5c4d52f16f9df6b65af5220e4ee1c8f9bb58,3.552713678800501e-15
16,61,3,BB-RL,5.999999999999998,0.0031627620046492666,0.004657778990804218,2.977001713588834e-06,0.007823517997167073,cayley,1,503cbe0788b9a679b3e42bf683b6909a2347fd532e33e640d0ff434c3e591a09,6.217248937900877e-15
16,61,4,BB-RL,5.999999999999998,0.003132630998152308,0.004548816999886185,2.7610076358541846e-06,0.007684209005674347,cayley,1,8bd75bc5046787b153eceadeeda5658d9db97b964b7d7b3b5a6cc0563e4d3955,8.881784197001252e-16
16,61,4,MAC,4.235720007565391,8.987000910565257e-06,0.0063443779945373535,0.0,0.006353364995447919,path,1,fe2470c0de62d924626148d6a3bc5c4d52f16f9df6b65af5220e4ee1c8f9bb58,3.552713678800501e-15
16,62,0,MAC,4.089619396114392,8.567003533244133e-06,0.006366133995470591,0.0,0.006374700999003835,path,1,2b978618c809582d133d58fc43992d3f10f3217d476c4b59e717164f7203036e,3.552713678800501e-15
16,62,0,BB-RL,5.999999999999998,0.0031552090076729655,0.005253281997283921,2.9189977794885635e-06,0.008411410002736375,cayley,1,7dbd54d2be9de613e5ce3a8e1c04dcd404cc7996c66dc52c1ae145be5c07f941,1.7763568394002505e-15
16,62,1,BB-RL,5.999999999999998,0.0031535890011582524,0.0053132020111661404,2.8939975891262293e-06,0.008469685009913519,cayley,1,9940e9e5b8e85bd295c862fba3e617d95c926451ed8261f6c6e9fc22ee7b47bb,0.0
16,62,1,MAC,4.089619396114392,8.992006769403815e-06,0.008316831997944973,0.0,0.008325824004714377,path,1,2b978618c809582d133d58fc43992d3f10f3217d476c4b59e717164f7203036e,3.552713678800501e-15
16,62,2,MAC,4.089619396114392,8.80200241226703e-06,0.006368903996190056,0.0,0.006377705998602323,path,1,2b978618c809582d133d58fc43992d3f10f3217d476c4b59e717164f7203036e,3.552713678800501e-15
16,62,2,BB-RL,5.999999999999998,0.0031618490029359236,0.005368490004912019,2.9410002753138542e-06,0.008533280008123256,cayley,1,9940e9e5b8e85bd295c862fba3e617d95c926451ed8261f6c6e9fc22ee7b47bb,0.0
16,62,3,BB-RL,5.999999999999995,0.003116855994448997,0.005289319000439718,2.8710055630654097e-06,0.00840904600045178,cayley,1,c8ae13bef030d9865fd97640ddf166e9051cab5f474d8dd0817c93f8cab2f580,7.105427357601002e-15
16,62,3,MAC,4.089619396114392,8.913004421629012e-06,0.006364957996993326,0.0,0.006373871001414955,path,1,2b978618c809582d133d58fc43992d3f10f3217d476c4b59e717164f7203036e,3.552713678800501e-15
16,62,4,MAC,4.089619396114392,8.743998478166759e-06,0.006336092003039084,0.0,0.006344836001517251,path,1,2b978618c809582d133d58fc43992d3f10f3217d476c4b59e717164f7203036e,3.552713678800501e-15
16,62,4,BB-RL,5.999999999999998,0.0032081499957712367,0.005308120002155192,2.864995622076094e-06,0.008519134993548505,cayley,1,af2d783b6843ae6ac6f4cc4de4ff50bd79854894eeb95d8ae59502423cfe8c32,8.881784197001252e-16
16,63,0,BB-RL,6.204168476687278,0.0030925979954190552,0.005971720995148644,2.982007572427392e-06,0.009067300998140126,cayley,1,562796c279fb25f7d23b4cdf9d173034ade181ecb28c24085084cae7aa417bee,5.329070518200751e-15
16,63,0,MAC,4.190230877162976,8.856994099915028e-06,0.006363698994391598,0.0,0.006372555988491513,path,1,e6641c367b44a02116c7923649a19566742e1638310983c3728e06df902b0f2e,4.440892098500626e-15
16,63,1,MAC,4.190230877162976,8.479008101858199e-06,0.006320233995211311,0.0,0.006328713003313169,path,1,e6641c367b44a02116c7923649a19566742e1638310983c3728e06df902b0f2e,4.440892098500626e-15
16,63,1,BB-RL,6.204168476687278,0.0031579039932694286,0.005930719009484164,2.877000952139497e-06,0.009091500003705733,cayley,1,ab3ef4f2fb4c82f4f5204a02076cb8baa09876a96aacbade056e76e857b1d334,3.552713678800501e-15
16,63,2,BB-RL,6.204168476687278,0.003119444998446852,0.005910708001465537,2.892993506975472e-06,0.009033045993419364,cayley,1,ab3ef4f2fb4c82f4f5204a02076cb8baa09876a96aacbade056e76e857b1d334,3.552713678800501e-15
16,63,2,MAC,4.190230877162976,8.781003998592496e-06,0.006356529993354343,0.0,0.006365310997352935,path,1,e6641c367b44a02116c7923649a19566742e1638310983c3728e06df902b0f2e,4.440892098500626e-15
16,63,3,MAC,4.190230877162976,8.51499498821795e-06,0.006344366993289441,0.0,0.006352881988277659,path,1,e6641c367b44a02116c7923649a19566742e1638310983c3728e06df902b0f2e,4.440892098500626e-15
16,63,3,BB-RL,6.204168476687278,0.0031432030082214624,0.005988705990603194,2.8730137273669243e-06,0.009134782012552023,cayley,1,9c858e5140c123e5630e913df1c4e214aa8e59737bd6fca08dd4e260664088a6,3.552713678800501e-15
16,63,4,BB-RL,6.204168476687278,0.003122727997833863,0.005913435990805738,2.8360082069411874e-06,0.009038999996846542,cayley,1,61421a713e7d40accec9a383d267e826f82c80a7b41a59b4bbd733a9dbc37ac0,1.7763568394002505e-15
16,63,4,MAC,4.190230877162976,8.855000487528741e-06,0.006353668999508955,0.0,0.006362523999996483,path,1,e6641c367b44a02116c7923649a19566742e1638310983c3728e06df902b0f2e,4.440892098500626e-15
16,64,0,MAC,4.5742791598363794,8.84600740391761e-06,0.0063763229991309345,0.0,0.006385169006534852,path,1,448efac106d053df7934fea1c8088b0a578b192a9e50970d0a2b9d3eea615c70,0.0
16,64,0,BB-RL,7.99999999999999,0.003274634000263177,0.00030135500128380954,2.8369977371767163e-06,0.003578825999284163,cayley,1,181d5abd4e1c829310e797d8f3b91d43c59ebbd6be7897245cf3352f2cd93bc5,3.552713678800501e-15
16,64,1,BB-RL,7.99999999999999,0.003293893998488784,0.00029820899362675846,2.7619971660897136e-06,0.003594864989281632,cayley,1,181d5abd4e1c829310e797d8f3b91d43c59ebbd6be7897245cf3352f2cd93bc5,3.552713678800501e-15
16,64,1,MAC,4.5742791598363794,8.672999683767557e-06,0.006403343999409117,0.0,0.006412016999092884,path,1,448efac106d053df7934fea1c8088b0a578b192a9e50970d0a2b9d3eea615c70,0.0
16,64,2,MAC,4.5742791598363794,1.5801997506059706e-05,0.006365459994412959,0.0,0.006381261991919018,path,1,448efac106d053df7934fea1c8088b0a578b192a9e50970d0a2b9d3eea615c70,0.0
16,64,2,BB-RL,7.99999999999999,0.003244690000428818,0.00029775299481116235,2.7220085030421615e-06,0.0035451650037430227,cayley,1,181d5abd4e1c829310e797d8f3b91d43c59ebbd6be7897245cf3352f2cd93bc5,3.552713678800501e-15
16,64,3,BB-RL,7.99999999999999,0.0032200040004681796,0.0002864700072677806,2.888002200052142e-06,0.0035093620099360123,cayley,1,181d5abd4e1c829310e797d8f3b91d43c59ebbd6be7897245cf3352f2cd93bc5,3.552713678800501e-15
16,64,3,MAC,4.5742791598363794,8.800008799880743e-06,0.006365558001562022,0.0,0.006374358010361902,path,1,448efac106d053df7934fea1c8088b0a578b192a9e50970d0a2b9d3eea615c70,0.0
16,64,4,MAC,4.5742791598363794,8.467002771794796e-06,0.006382567997206934,0.0,0.006391034999978729,path,1,448efac106d053df7934fea1c8088b0a578b192a9e50970d0a2b9d3eea615c70,0.0
16,64,4,BB-RL,7.99999999999999,0.003279190990724601,0.00029112500487826765,2.778004272840917e-06,0.0035730939998757094,cayley,1,181d5abd4e1c829310e797d8f3b91d43c59ebbd6be7897245cf3352f2cd93bc5,3.552713678800501e-15
16,65,0,BB-RL,7.999999999999988,0.003216892000637017,0.0018719130021054298,2.8609938453882933e-06,0.005091665996587835,cayley,1,e76e06984d837cdc38cc9b3735feb2aa40d9f5b456ed217c83d98a037b27830b,2.6645352591003757e-15
16,65,0,MAC,4.367369604875927,8.807997801341116e-06,0.006337962011457421,0.0,0.006346770009258762,path,1,a8cb8564d5edd691598d87b6333751265dd269114d0bae25242db19380ddc4eb,6.217248937900877e-15
16,65,1,MAC,4.367369604875927,8.818999049253762e-06,0.006360568004311062,0.0,0.006369387003360316,path,1,a8cb8564d5edd691598d87b6333751265dd269114d0bae25242db19380ddc4eb,6.217248937900877e-15
16,65,1,BB-RL,7.999999999999988,0.0032970940083032474,0.0018686339899431914,2.7140049496665597e-06,0.005168442003196105,cayley,1,e76e06984d837cdc38cc9b3735feb2aa40d9f5b456ed217c83d98a037b27830b,2.6645352591003757e-15
16,65,2,BB-RL,7.999999999999988,0.0032981760014081374,0.0018790409958455712,2.768007107079029e-06,0.005179985004360788,cayley,1,e76e06984d837cdc38cc9b3735feb2aa40d9f5b456ed217c83d98a037b27830b,2.6645352591003757e-15
16,65,2,MAC,4.367369604875927,8.695991709828377e-06,0.006365822002408095,0.0,0.006374517994117923,path,1,a8cb8564d5edd691598d87b6333751265dd269114d0bae25242db19380ddc4eb,6.217248937900877e-15
16,65,3,MAC,4.367369604875927,8.428993169218302e-06,0.006332256001769565,0.0,0.006340684994938783,path,1,a8cb8564d5edd691598d87b6333751265dd269114d0bae25242db19380ddc4eb,6.217248937900877e-15
16,65,3,BB-RL,7.999999999999988,0.0032849240087671205,0.0018706609989749268,2.8990034479647875e-06,0.005158484011190012,cayley,1,e76e06984d837cdc38cc9b3735feb2aa40d9f5b456ed217c83d98a037b27830b,2.6645352591003757e-15
16,65,4,BB-RL,7.999999999999988,0.0032226120092673227,0.0018612989952089265,2.8369977371767163e-06,0.005086748002213426,cayley,1,e76e06984d837cdc38cc9b3735feb2aa40d9f5b456ed217c83d98a037b27830b,2.6645352591003757e-15
16,65,4,MAC,4.367369604875927,9.024006430990994e-06,0.006346694004605524,0.0,0.006355718011036515,path,1,a8cb8564d5edd691598d87b6333751265dd269114d0bae25242db19380ddc4eb,6.217248937900877e-15
16,66,0,MAC,4.944978031152102,8.495000656694174e-06,0.006343553992337547,0.0,0.006352048992994241,path,1,2e6ad80eb83d657e5e1b25a42c03c3e30f57a60ec8d30c65a46067c6d884bde2,3.552713678800501e-15
16,66,0,BB-RL,7.999999999999988,0.0032770830002846196,0.0025693560019135475,2.9349903343245387e-06,0.005849373992532492,cayley,1,42f1012a5385dc9b5e801961660bd85e30a302a75a51d80a8297fdbf49dab03e,1.7763568394002505e-15
16,66,1,BB-RL,7.999999999999988,0.003237837998312898,0.002558848005719483,2.849003067240119e-06,0.005799535007099621,cayley,1,42f1012a5385dc9b5e801961660bd85e30a302a75a51d80a8297fdbf49dab03e,1.7763568394002505e-15
16,66,1,MAC,4.944978031152102,8.970004273578525e-06,0.0063798180053709075,0.0,0.006388788009644486,path,1,2e6ad80eb83d657e5e1b25a42c03c3e30f57a60ec8d30c65a46067c6d884bde2,3.552713678800501e-15
16,66,2,MAC,4.944978031152102,8.471004548482597e-06,0.0063496990042040125,0.0,0.006358170008752495,path,1,2e6ad80eb83d657e5e1b25a42c03c3e30f57a60ec8d30c65a46067c6d884bde2,3.552713678800501e-15
16,66,2,BB-RL,7.999999999999988,0.003278093005064875,0.002565963994129561,3.0740047805011272e-06,0.005847131003974937,cayley,1,42f1012a5385dc9b5e801961660bd85e30a302a75a51d80a8297fdbf49dab03e,1.7763568394002505e-15
16,66,3,BB-RL,7.999999999999988,0.0032297100115101784,0.0025743169971974567,3.0090013751760125e-06,0.005807036010082811,cayley,1,42f1012a5385dc9b5e801961660bd85e30a302a75a51d80a8297fdbf49dab03e,1.7763568394002505e-15
16,66,3,MAC,4.944978031152102,8.885996066965163e-06,0.006385214001056738,0.0,0.006394099997123703,path,1,2e6ad80eb83d657e5e1b25a42c03c3e30f57a60ec8d30c65a46067c6d884bde2,3.552713678800501e-15
16,66,4,MAC,4.944978031152102,8.460003300569952e-06,0.0063720100006321445,0.0,0.0063804700039327145,path,1,2e6ad80eb83d657e5e1b25a42c03c3e30f57a60ec8d30c65a46067c6d884bde2,3.552713678800501e-15
16,66,4,BB-RL,7.999999999999988,0.0032987459999276325,0.0025714090006658807,2.8009962989017367e-06,0.005872955996892415,cayley,1,42f1012a5385dc9b5e801961660bd85e30a302a75a51d80a8297fdbf49dab03e,1.7763568394002505e-15
16,67,0,BB-RL,7.9999999999999885,0.0031990819989005104,0.003250890993513167,2.9429938877001405e-06,0.006452915986301377,cayley,1,88fee9ae3e114889b1a57f74491b4c72e8473f7d132ef7431f25acb3a467346b,1.7763568394002505e-15
16,67,0,MAC,3.708073466777721,8.672010153532028e-06,0.006395391988917254,0.0,0.006404063999070786,path,1,4fda1366e7bc935b916b4f645994f66c207707e5b2695eb1e88e54965f209df6,3.1086244689504383e-15
16,67,1,MAC,3.708073466777721,8.628005161881447e-06,0.006365702996845357,0.0,0.006374331002007239,path,1,4fda1366e7bc935b916b4f645994f66c207707e5b2695eb1e88e54965f209df6,3.1086244689504383e-15
16,67,1,BB-RL,7.9999999999999885,0.0032447750127175823,0.0032729499944252893,2.9340008040890098e-06,0.006520659007946961,cayley,1,88fee9ae3e114889b1a57f74491b4c72e8473f7d132ef7431f25acb3a467346b,1.7763568394002505e-15
16,67,2,BB-RL,7.9999999999999885,0.003208137000910938,0.0032470680016558617,2.8570066206157207e-06,0.006458062009187415,cayley,1,88fee9ae3e114889b1a57f74491b4c72e8473f7d132ef7431f25acb3a467346b,1.7763568394002505e-15
16,67,2,MAC,3.708073466777721,8.88299837242812e-06,0.006368549991748296,0.0,0.006377432990120724,path,1,4fda1366e7bc935b916b4f645994f66c207707e5b2695eb1e88e54965f209df6,3.1086244689504383e-15
16,67,3,MAC,3.708073466777721,8.464994607493281e-06,0.006371569994371384,0.0,0.006380034988978878,path,1,4fda1366e7bc935b916b4f645994f66c207707e5b2695eb1e88e54965f209df6,3.1086244689504383e-15
16,67,3,BB-RL,7.9999999999999885,0.003298246010672301,0.0032691149972379208,2.892993506975472e-06,0.006570254001417197,cayley,1,88fee9ae3e114889b1a57f74491b4c72e8473f7d132ef7431f25acb3a467346b,1.7763568394002505e-15
16,67,4,BB-RL,7.9999999999999885,0.0032206210016738623,0.003261593999923207,2.9740040190517902e-06,0.006485189005616121,cayley,1,88fee9ae3e114889b1a57f74491b4c72e8473f7d132ef7431f25acb3a467346b,1.7763568394002505e-15
16,67,4,MAC,3.708073466777721,8.871997124515474e-06,0.006382665000273846,0.0,0.0063915369973983616,path,1,4fda1366e7bc935b916b4f645994f66c207707e5b2695eb1e88e54965f209df6,3.1086244689504383e-15
16,68,0,MAC,4.877653392098233,9.541006875224411e-06,0.006362803993397392,0.0,0.006372345000272617,path,1,8398f951593437a4377e995e262a33d5f1632b7c2ae769d66a82d8647c7c58b6,2.6645352591003757e-15
16,68,0,BB-RL,7.999999999999993,0.003526515996782109,0.007792004995280877,3.6620040191337466e-06,0.01132218299608212,cayley,2,29d5f279385ed941eec4b4e3b599cc8f03b08e584becd5bcad456169147e9881,3.552713678800501e-15
16,68,1,BB-RL,7.999999999999993,0.003358243004186079,0.007777373990393244,3.630004357546568e-06,0.01113924699893687,cayley,2,29d5f279385ed941eec4b4e3b599cc8f03b08e584becd5bcad456169147e9881,3.552713678800501e-15
16,68,1,MAC,4.877653392098233,8.891001925803721e-06,0.006343700995785184,0.0,0.006352591997710988,path,1,8398f951593437a4377e995e262a33d5f1632b7c2ae769d66a82d8647c7c58b6,2.6645352591003757e-15
16,68,2,MAC,4.877653392098233,8.459988748654723e-06,0.006354066004860215,0.0,0.00636252599360887,path,1,8398f951593437a4377e995e262a33d5f1632b7c2ae769d66a82d8647c7c58b6,2.6645352591003757e-15
16,68,2,BB-RL,7.999999999999993,0.0034558119950816035,0.007804434004356153,3.7349964259192348e-06,0.011263980995863676,cayley,2,29d5f279385ed941eec4b4e3b599cc8f03b08e584becd5bcad456169147e9881,3.552713678800501e-15
16,68,3,BB-RL,7.999999999999993,0.003402214002562687,0.007837095996364951,3.6040000850334764e-06,0.011242913999012671,cayley,2,29d5f279385ed941eec4b4e3b599cc8f03b08e584becd5bcad456169147e9881,3.552713678800501e-15
16,68,3,MAC,4.877653392098233,8.866001735441387e-06,0.006351596995955333,0.0,0.0063604629976907745,path,1,8398f951593437a4377e995e262a33d5f1632b7c2ae769d66a82d8647c7c58b6,2.6645352591003757e-15
16,68,4,MAC,4.877653392098233,8.63599416334182e-06,0.00635224100551568,0.0,0.0063608769996790215,path,1,8398f951593437a4377e995e262a33d5f1632b7c2ae769d66a82d8647c7c58b6,2.6645352591003757e-15
16,68,4,BB-RL,7.999999999999993,0.0034609540016390383,0.007835574986529537,3.568013198673725e-06,0.011300097001367249,cayley,2,29d5f279385ed941eec4b4e3b599cc8f03b08e584becd5bcad456169147e9881,3.552713678800501e-15
16,69,0,BB-RL,7.9999999999999964,0.003389866993529722,0.009148016004473902,3.635999746620655e-06,0.012541518997750245,cayley,2,64365572d59368a2bf10409e188ff4883774abd62ba3e07b7d83caf14fbbd3f0,0.0
16,69,0,MAC,5.484900312174269,9.041003067977726e-06,0.006358883998473175,0.0,0.006367925001541153,path,1,77d41e8db41c55dc03fa4a86d573d3f17e4b94b50a0ec803e0612a7662619524,4.440892098500626e-15
16,69,1,MAC,5.484900312174269,8.561997674405575e-06,0.006349678005790338,0.0,0.0063582400034647435,path,1,77d41e8db41c55dc03fa4a86d573d3f17e4b94b50a0ec803e0612a7662619524,4.440892098500626e-15
16,69,1,BB-RL,7.9999999999999964,0.003465143992798403,0.009146424010396004,3.7999998312443495e-06,0.012615368003025651,cayley,2,64365572d59368a2bf10409e188ff4883774abd62ba3e07b7d83caf14fbbd3f0,0.0
16,69,2,BB-RL,7.9999999999999964,0.0035040209913859144,0.009182959998724982,3.679000656120479e-06,0.012690659990767017,cayley,2,64365572d59368a2bf10409e188ff4883774abd62ba3e07b7d83caf14fbbd3f0,0.0
16,69,2,MAC,5.484900312174269,8.90500086825341e-06,0.006332484001177363,0.0,0.0063413890020456165,path,1,77d41e8db41c55dc03fa4a86d573d3f17e4b94b50a0ec803e0612a7662619524,4.440892098500626e-15
16,69,3,MAC,5.484900312174269,8.417002391070127e-06,0.006339507992379367,0.0,0.0063479249947704375,path,1,77d41e8db41c55dc03fa4a86d573d3f17e4b94b50a0ec803e0612a7662619524,4.440892098500626e-15
16,69,3,BB-RL,7.9999999999999964,0.0034732470085145906,0.009161365989712067,3.7470017559826374e-06,0.01263835999998264,cayley,2,64365572d59368a2bf10409e188ff4883774abd62ba3e07b7d83caf14fbbd3f0,0.0
16,69,4,BB-RL,7.9999999999999964,0.0033542469900567085,0.009205844005919062,3.498993464745581e-06,0.012563589989440516,cayley,2,64365572d59368a2bf10409e188ff4883774abd62ba3e07b7d83caf14fbbd3f0,0.0
16,69,4,MAC,5.484900312174269,8.878996595740318e-06,0.006313382997177541,0.0,0.006322261993773282,path,1,77d41e8db41c55dc03fa4a86d573d3f17e4b94b50a0ec803e0612a7662619524,4.440892098500626e-15
16,70,0,MAC,4.627530220383742,8.646995411254466e-06,0.0063191719964379445,0.0,0.006327818991849199,path,1,74d74752d8776f1273b956fa40a89c7a5c33c7bd3ab35d35170a239e28628c47,7.105427357601002e-15
16,70,0,BB-RL,7.999999999999992,0.0073125890048686415,0.010579033987596631,3.749999450519681e-06,0.017895372991915792,cayley,2,6f91cc723d7cadce579f7ab83ba918f821036234896034d667de42081cb29500,1.7763568394002505e-15
16,70,1,BB-RL,7.999999999999992,0.00719630200183019,0.010557421992416494,3.6609999369829893e-06,0.017757384994183667,cayley,2,6f91cc723d7cadce579f7ab83ba918f821036234896034d667de42081cb29500,1.7763568394002505e-15
16,70,1,MAC,4.627530220383742,9.249008144252002e-06,0.006295956001849845,0.0,0.006305205009994097,path,1,74d74752d8776f1273b956fa40a89c7a5c33c7bd3ab35d35170a239e28628c47,7.105427357601002e-15
16,70,2,MAC,4.627530220383742,8.531002094969153e-06,0.006351538002490997,0.0,0.0063600690045859665,path,1,74d74752d8776f1273b956fa40a89c7a5c33c7bd3ab35d35170a239e28628c47,7.105427357601002e-15
16,70,2,BB-RL,7.999999999999992,0.007265168009325862,0.010555066997767426,3.811001079156995e-06,0.017824046008172445,cayley,2,6f91cc723d7cadce579f7ab83ba918f821036234896034d667de42081cb29500,1.7763568394002505e-15
16,70,3,BB-RL,7.999999999999992,0.0071702480054227635,0.010586841002805158,3.51299240719527e-06,0.017760602000635117,cayley,2,6f91cc723d7cadce579f7ab83ba918f821036234896034d667de42081cb29500,1.7763568394002505e-15
16,70,3,MAC,4.627530220383742,9.001989383250475e-06,0.006305415998212993,0.0,0.006314417987596244,path,1,74d74752d8776f1273b956fa40a89c7a5c33c7bd3ab35d35170a239e28628c47,7.105427357601002e-15
16,70,4,MAC,4.627530220383742,8.53699748404324e-06,0.006317177991149947,0.0,0.00632571498863399,path,1,74d74752d8776f1273b956fa40a89c7a5c33c7bd3ab35d35170a239e28628c47,7.105427357601002e-15
16,70,4,BB-RL,7.999999999999992,0.007261655002366751,0.010528415004955605,3.6389974411576986e-06,0.017793709004763514,cayley,2,6f91cc723d7cadce579f7ab83ba918f821036234896034d667de42081cb29500,1.7763568394002505e-15
16,71,0,BB-RL,7.999999999999991,0.007173253994551487,0.011904170998604968,3.610999556258321e-06,0.019081035992712714,cayley,2,10619a77bfe8fb0d742679133fa785a0d52fdb8a1104b0e3ac1ac242c8f002be,2.6645352591003757e-15
16,71,0,MAC,5.508990387912244,9.082010365091264e-06,0.006323201989289373,0.0,0.006332283999654464,path,1,c4d73a7c78488ce45f9d67aae6becd727396f3bbcfcefa0efccfe7aa62c04c24,2.6645352591003757e-15
16,71,1,MAC,5.508990387912244,8.533010259270668e-06,0.006375882992870174,0.0,0.006384416003129445,path,1,c4d73a7c78488ce45f9d67aae6becd727396f3bbcfcefa0efccfe7aa62c04c24,2.6645352591003757e-15
16,71,1,BB-RL,7.999999999999991,0.007390238009975292,0.011840367995318957,3.7050049286335707e-06,0.019234311010222882,cayley,2,10619a77bfe8fb0d742679133fa785a0d52fdb8a1104b0e3ac1ac242c8f002be,2.6645352591003757e-15
16,71,2,BB-RL,7.999999999999991,0.007219137012725696,0.01190689999202732,3.702996764332056e-06,0.019129740001517348,cayley,2,10619a77bfe8fb0d742679133fa785a0d52fdb8a1104b0e3ac1ac242c8f002be,2.6645352591003757e-15
16,71,2,MAC,5.508990387912244,8.699003956280649e-06,0.006324770001810975,0.0,0.006333469005767256,path,1,c4d73a7c78488ce45f9d67aae6becd727396f3bbcfcefa0efccfe7aa62c04c24,2.6645352591003757e-15
16,71,3,MAC,5.508990387912244,8.45600152388215e-06,0.0063569709891453385,0.0,0.006365426990669221,path,1,c4d73a7c78488ce45f9d67aae6becd727396f3bbcfcefa0efccfe7aa62c04c24,2.6645352591003757e-15
16,71,3,BB-RL,7.999999999999991,0.007314889007830061,0.011939004994928837,3.7019926821812987e-06,0.01925759599544108,cayley,2,10619a77bfe8fb0d742679133fa785a0d52fdb8a1104b0e3ac1ac242c8f002be,2.6645352591003757e-15
16,71,4,BB-RL,7.999999999999991,0.007301236008061096,0.011886904991115443,3.6810088204219937e-06,0.01919182200799696,cayley,2,10619a77bfe8fb0d742679133fa785a0d52fdb8a1104b0e3ac1ac242c8f002be,2.6645352591003757e-15
16,71,4,MAC,5.508990387912244,8.763992809690535e-06,0.006328340998152271,0.0,0.0063371049909619614,path,1,c4d73a7c78488ce45f9d67aae6becd727396f3bbcfcefa0efccfe7aa62c04c24,2.6645352591003757e-15
16,72,0,MAC,5.1614011607666885,8.570990758016706e-06,0.0063618290005251765,0.0,0.006370399991283193,path,1,72af91a02e3d9aceb0b8876c09c6d1fc0ad780c5e709c68c2558e5a55e8990f3,0.0
16,72,0,BB-RL,7.999999999999998,0.006619246007176116,0.006902028995682485,3.6940036807209253e-06,0.013524969006539322,cayley,2,d2bd49fdcbe43ae898a906533642d0deed349f3ae959da10415bdcb5dedaa354,6.217248937900877e-15
16,72,1,BB-RL,7.999999999999998,0.006575720995897427,0.006893951998790726,3.74599767383188e-06,0.013473418992361985,cayley,2,d2bd49fdcbe43ae898a906533642d0deed349f3ae959da10415bdcb5dedaa354,6.217248937900877e-15
16,72,1,MAC,5.1614011607666885,9.099007002077997e-06,0.006326073998934589,0.0,0.006335173005936667,path,1,72af91a02e3d9aceb0b8876c09c6d1fc0ad780c5e709c68c2558e5a55e8990f3,0.0
16,72,2,MAC,5.1614011607666885,8.542003342881799e-06,0.00636557700636331,0.0,0.006374119009706192,path,1,72af91a02e3d9aceb0b8876c09c6d1fc0ad780c5e709c68c2558e5a55e8990f3,0.0
16,72,2,BB-RL,7.999999999999998,0.006608680007047951,0.006878617001348175,3.636989276856184e-06,0.013490933997672983,cayley,2,d2bd49fdcbe43ae898a906533642d0deed349f3ae959da10415bdcb5dedaa354,6.217248937900877e-15
16,72,3,BB-RL,7.999999999999998,0.006564049996086396,0.006943309010239318,3.7099962355569005e-06,0.013511069002561271,cayley,2,d2bd49fdcbe43ae898a906533642d0deed349f3ae959da10415bdcb5dedaa354,6.217248937900877e-15
16,72,3,MAC,5.1614011607666885,8.825998520478606e-06,0.006329222000204027,0.0,0.006338047998724505,path,1,72af91a02e3d9aceb0b8876c09c6d1fc0ad780c5e709c68c2558e5a55e8990f3,0.0
16,72,4,MAC,5.1614011607666885,8.574992534704506e-06,0.006372710995492525,0.0,0.00638128598802723,path,1,72af91a02e3d9aceb0b8876c09c6d1fc0ad780c5e709c68c2558e5a55e8990f3,0.0
16,72,4,BB-RL,7.999999999999998,0.00666924100369215,0.006893860001582652,3.811001079156995e-06,0.01356691200635396,cayley,2,d2bd49fdcbe43ae898a906533642d0deed349f3ae959da10415bdcb5dedaa354,6.217248937900877e-15
16,73,0,BB-RL,7.9999999999999964,0.006582041998626664,0.009161064997897483,3.6950077628716826e-06,0.01574680200428702,cayley,2,727352a1a222d4aec3afffbbceeab74e7350c75f5f5a9cc1305ce4e154cb0dc0,5.329070518200751e-15
16,73,0,MAC,5.239919163024251,8.912000339478254e-06,0.006368342001223937,0.0,0.006377254001563415,path,1,72bed49888afac37fd93844ce2216d735e91477b34203bd885fbecad224e0f19,8.881784197001252e-16
16,73,1,MAC,5.239919163024251,8.445000275969505e-06,0.006383453001035377,0.0,0.006391898001311347,path,1,72bed49888afac37fd93844ce2216d735e91477b34203bd885fbecad224e0f19,8.881784197001252e-16
16,73,1,BB-RL,7.9999999999999964,0.006821160000981763,0.009199787004035898,3.697990905493498e-06,0.016024644995923154,cayley,2,727352a1a222d4aec3afffbbceeab74e7350c75f5f5a9cc1305ce4e154cb0dc0,5.329070518200751e-15
16,73,2,BB-RL,7.9999999999999964,0.006499000999610871,0.009123460011323914,3.76399839296937e-06,0.015626225009327754,cayley,2,727352a1a222d4aec3afffbbceeab74e7350c75f5f5a9cc1305ce4e154cb0dc0,5.329070518200751e-15
16,73,2,MAC,5.239919163024251,8.996998076327145e-06,0.006357107005896978,0.0,0.006366104003973305,path,1,72bed49888afac37fd93844ce2216d735e91477b34203bd885fbecad224e0f19,8.881784197001252e-16
16,73,3,MAC,5.239919163024251,8.884991984814405e-06,0.006391578004695475,0.0,0.0064004629966802895,path,1,72bed49888afac37fd93844ce2216d735e91477b34203bd885fbecad224e0f19,8.881784197001252e-16
16,73,3,BB-RL,7.9999999999999964,0.006598737993044779,0.00918801300576888,3.850000211969018e-06,0.015790600999025628,cayley,2,727352a1a222d4aec3afffbbceeab74e7350c75f5f5a9cc1305ce4e154cb0dc0,5.329070518200751e-15
16,73,4,BB-RL,7.9999999999999964,0.006610545999137685,0.009181264002108946,3.823995939455926e-06,0.015795633997186087,cayley,2,727352a1a222d4aec3afffbbceeab74e7350c75f5f5a9cc1305ce4e154cb0dc0,5.329070518200751e-15
16,73,4,MAC,5.239919163024251,9.185998351313174e-06,0.00633999401179608,0.0,0.006349180010147393,path,1,72bed49888afac37fd93844ce2216d735e91477b34203bd885fbecad224e0f19,8.881784197001252e-16
16,74,0,MAC,5.5185835645779475,8.655988494865596e-06,0.006389085014234297,0.0,0.006397741002729163,path,1,29ad8bb394be1408f2f7396a32a249e8cd567647b80beef3396bb2da970e8633,7.993605777301127e-15
16,74,0,BB-RL,7.999999999999998,0.006984142994042486,0.010561941002379172,3.592009306885302e-06,0.017549676005728543,cayley,2,06aea9e0e0ae1bbc8dff1e1711911a149a3041a400267b344da44a05daabb2a2,3.552713678800501e-15
16,74,1,BB-RL,7.999999999999998,0.006578531989362091,0.0105475930031389,3.5010016290470958e-06,0.017129625994130038,cayley,2,06aea9e0e0ae1bbc8dff1e1711911a149a3041a400267b344da44a05daabb2a2,3.552713678800501e-15
16,74,1,MAC,5.5185835645779475,9.067007340490818e-06,0.006367305992171168,0.0,0.006376372999511659,path,1,29ad8bb394be1408f2f7396a32a249e8cd567647b80beef3396bb2da970e8633,7.993605777301127e-15
16,74,2,MAC,5.5185835645779475,8.775008609518409e-06,0.006404279003618285,0.0,0.0064130540122278035,path,1,29ad8bb394be1408f2f7396a32a249e8cd567647b80beef3396bb2da970e8633,7.993605777301127e-15
16,74,2,BB-RL,7.999999999999998,0.0069592840009136125,0.010571245991741307,3.60200647264719e-06,0.017534131999127567,cayley,2,06aea9e0e0ae1bbc8dff1e1711911a149a3041a400267b344da44a05daabb2a2,3.552713678800501e-15
16,74,3,BB-RL,7.999999999999998,0.0065307780023431405,0.010572575003607199,3.744004061445594e-06,0.017107097010011785,cayley,2,06aea9e0e0ae1bbc8dff1e1711911a149a3041a400267b344da44a05daabb2a2,3.552713678800501e-15
16,74,3,MAC,5.5185835645779475,9.06200148165226e-06,0.0063737309974385425,0.0,0.006382792998920195,path,1,29ad8bb394be1408f2f7396a32a249e8cd567647b80beef3396bb2da970e8633,7.993605777301127e-15
16,74,4,MAC,5.5185835645779475,8.560004062019289e-06,0.006396982003934681,0.0,0.006405542007996701,path,1,29ad8bb394be1408f2f7396a32a249e8cd567647b80beef3396bb2da970e8633,7.993605777301127e-15
16,74,4,BB-RL,7.999999999999998,0.006669317997875623,0.010530963001656346,3.702996764332056e-06,0.0172039839962963,cayley,2,06aea9e0e0ae1bbc8dff1e1711911a149a3041a400267b344da44a05daabb2a2,3.552713678800501e-15
16,75,0,BB-RL,7.999999999999998,0.006514544002129696,0.011862555009429343,3.650988219305873e-06,0.018380749999778345,envelope,2,e4674120a66eef4b971263b65ecbd17fe4dcd249af3e11af952d6b4264d1f250,8.881784197001252e-16
16,75,0,MAC,6.026693040477532,8.9899986051023e-06,0.006343007000396028,0.0,0.0063519969990011305,path,1,95047d51e388dd166debb2cfb19f285267ad7eb5e1db5eeb4c622d06f9d4023e,3.552713678800501e-15
16,75,1,MAC,6.026693040477532,8.54198879096657e-06,0.0063751270063221455,0.0,0.006383668995113112,path,1,95047d51e388dd166debb2cfb19f285267ad7eb5e1db5eeb4c622d06f9d4023e,3.552713678800501e-15
16,75,1,BB-RL,7.999999999999998,0.006740227006957866,0.011933241999940947,3.777997335419059e-06,0.018677247004234232,envelope,2,e4674120a66eef4b971263b65ecbd17fe4dcd249af3e11af952d6b4264d1f250,8.881784197001252e-16
16,75,2,BB-RL,7.999999999999998,0.006661355000687763,0.011942853991058655,3.6999990697950125e-06,0.018607908990816213,envelope,2,e4674120a66eef4b971263b65ecbd17fe4dcd249af3e11af952d6b4264d1f250,8.881784197001252e-16
16,75,2,MAC,6.026693040477532,9.169001714326441e-06,0.006351884003379382,0.0,0.006361053005093709,path,1,95047d51e388dd166debb2cfb19f285267ad7eb5e1db5eeb4c622d06f9d4023e,3.552713678800501e-15
16,75,3,MAC,6.026693040477532,8.741000783629715e-06,0.0063864349940558895,0.0,0.006395175994839519,path,1,95047d51e388dd166debb2cfb19f285267ad7eb5e1db5eeb4c622d06f9d4023e,3.552713678800501e-15
16,75,3,BB-RL,7.999999999999998,0.006625966008869,0.011842779000289738,3.626992111094296e-06,0.018472372001269832,envelope,2,e4674120a66eef4b971263b65ecbd17fe4dcd249af3e11af952d6b4264d1f250,8.881784197001252e-16
16,75,4,BB-RL,7.999999999999998,0.006547869008500129,0.011909688997548074,3.740002284757793e-06,0.01846129800833296,envelope,2,e4674120a66eef4b971263b65ecbd17fe4dcd249af3e11af952d6b4264d1f250,8.881784197001252e-16
16,75,4,MAC,6.026693040477532,9.091992978937924e-06,0.006327793002128601,0.0,0.006336884995107539,path,1,95047d51e388dd166debb2cfb19f285267ad7eb5e1db5eeb4c622d06f9d4023e,3.552713678800501e-15
16,76,0,MAC,6.34934766867826,8.600996807217598e-06,0.006375803000992164,0.0,0.006384403997799382,path,1,55f86c4e8d4f9acc4e734e5d583066052523adea24f5ccbb582559ae9d669eef,3.552713678800501e-15
16,76,0,BB-RL,7.999999999999998,0.00664116999541875,0.01329159400484059,3.7580030038952827e-06,0.019936522003263235,cayley,2,a8299dc844f2837f084c46229e2309190e27dab33314577c88de2c05c9633f11,1.3322676295501878e-14
16,76,1,BB-RL,7.999999999999998,0.006963142994209193,0.01329369300219696,3.798995749093592e-06,0.020260634992155246,cayley,2,a8299dc844f2837f084c46229e2309190e27dab33314577c88de2c05c9633f11,1.3322676295501878e-14
16,76,1,MAC,6.34934766867826,8.86899942997843e-06,0.006332236996968277,0.0,0.006341105996398255,path,1,55f86c4e8d4f9acc4e734e5d583066052523adea24f5ccbb582559ae9d669eef,3.552713678800501e-15
16,76,2,MAC,6.34934766867826,8.809001883491874e-06,0.006348622991936281,0.0,0.006357431993819773,path,1,55f86c4e8d4f9acc4e734e5d583066052523adea24f5ccbb582559ae9d669eef,3.552713678800501e-15
16,76,2,BB-RL,7.999999999999998,0.006620593994739465,0.013238622006610967,3.608991391956806e-06,0.01986282499274239,cayley,2,a8299dc844f2837f084c46229e2309190e27dab33314577c88de2c05c9633f11,1.3322676295501878e-14
16,76,3,BB-RL,7.999999999999998,0.006622745000640862,0.013200665009208024,3.7689896998926997e-06,0.019827178999548778,cayley,2,a8299dc844f2837f084c46229e2309190e27dab33314577c88de2c05c9633f11,1.3322676295501878e-14
16,76,3,MAC,6.34934766867826,9.058989235199988e-06,0.006330949006951414,0.0,0.006340007996186614,path,1,55f86c4e8d4f9acc4e734e5d583066052523adea24f5ccbb582559ae9d669eef,3.552713678800501e-15
16,76,4,MAC,6.34934766867826,8.678995072841644e-06,0.006370771996444091,0.0,0.006379450991516933,path,1,55f86c4e8d4f9acc4e734e5d583066052523adea24f5ccbb582559ae9d669eef,3.552713678800501e-15
16,76,4,BB-RL,7.999999999999998,0.006701609003357589,0.013303170999279246,3.839988494291902e-06,0.020008619991131127,cayley,2,a8299dc844f2837f084c46229e2309190e27dab33314577c88de2c05c9633f11,1.3322676295501878e-14
16,77,0,BB-RL,8.999999999999986,0.006478659008280374,0.004849064993322827,3.588007530197501e-06,0.011331312009133399,envelope,2,e14968dd8d6befd6e3ffcb0ccaa630c856932d3a1fe3a921c10ba8cc0c03341a,5.329070518200751e-15
16,77,0,MAC,6.838612754877252,9.208000847138464e-06,0.006373197000357322,0.0,0.006382405001204461,path,1,679b9a165cc8aa72de27055a8a9f04942ec45fa1b1ef06e562a5deca32b19768,3.552713678800501e-15
16,77,1,MAC,6.838612754877252,8.504008292220533e-06,0.006409145003999583,0.0,0.006417649012291804,path,1,679b9a165cc8aa72de27055a8a9f04942ec45fa1b1ef06e562a5deca32b19768,3.552713678800501e-15
16,77,1,BB-RL,8.999999999999986,0.006927245995029807,0.004891504009719938,3.508990630507469e-06,0.011822258995380253,envelope,2,e14968dd8d6befd6e3ffcb0ccaa630c856932d3a1fe3a921c10ba8cc0c03341a,5.329070518200751e-15
16,77,2,BB-RL,8.999999999999986,0.0065820569870993495,0.004882259003352374,3.488006768748164e-06,0.011467803997220472,envelope,2,e14968dd8d6befd6e3ffcb0ccaa630c856932d3a1fe3a921c10ba8cc0c03341a,5.329070518200751e-15
16,77,2,MAC,6.838612754877252,9.03500767890364e-06,0.0063765869999770075,0.0,0.006385622007655911,path,1,679b9a165cc8aa72de27055a8a9f04942ec45fa1b1ef06e562a5deca32b19768,3.552713678800501e-15
16,77,3,MAC,6.838612754877252,8.88200884219259e-06,0.006380801001796499,0.0,0.0063896830106386915,path,1,679b9a165cc8aa72de27055a8a9f04942ec45fa1b1ef06e562a5deca32b19768,3.552713678800501e-15
16,77,3,BB-RL,8.999999999999986,0.006585948998690583,0.00490971100225579,3.535998985171318e-06,0.011499195999931544,envelope,2,e14968dd8d6befd6e3ffcb0ccaa630c856932d3a1fe3a921c10ba8cc0c03341a,5.329070518200751e-15
16,77,4,BB-RL,8.999999999999986,0.006600049004191533,0.004835050989640877,3.6860001273453236e-06,0.011438785993959755,envelope,2,e14968dd8d6befd6e3ffcb0ccaa630c856932d3a1fe3a921c10ba8cc0c03341a,5.329070518200751e-15
16,77,4,MAC,6.838612754877252,8.991002687253058e-06,0.006374357006279752,0.0,0.006383348008967005,path,1,679b9a165cc8aa72de27055a8a9f04942ec45fa1b1ef06e562a5deca32b19768,3.552713678800501e-15
16,78,0,MAC,6.093245240466931,9.625000529922545e-06,0.006385268992744386,0.0,0.006394893993274309,path,1,27c15e23bc7415174e946ee3e5a5b3061bcad6e7c11aea509b134e8c7d715a0a,1.7763568394002505e-15
16,78,0,BB-RL,8.999999999999988,0.006750307002221234,0.007161558998632245,3.645007382147014e-06,0.013915511008235626,envelope,2,325ab7fbb9d18af0f94510a921eed590ec4eb97c76e302377c6eb9b7a7758846,5.329070518200751e-15
16,78,1,BB-RL,8.999999999999988,0.006561907997820526,0.007147305004764348,3.559005563147366e-06,0.013712772008148022,envelope,2,325ab7fbb9d18af0f94510a921eed590ec4eb97c76e302377c6eb9b7a7758846,5.329070518200751e-15
16,78,1,MAC,6.093245240466931,8.89199145603925e-06,0.0063251510000554845,0.0,0.006334042991511524,path,1,27c15e23bc7415174e946ee3e5a5b3061bcad6e7c11aea509b134e8c7d715a0a,1.7763568394002505e-15
16,78,2,MAC,6.093245240466931,8.557006367482245e-06,0.006344811001326889,0.0,0.006353368007694371,path,1,27c15e23bc7415174e946ee3e5a5b3061bcad6e7c11aea509b134e8c7d715a0a,1.7763568394002505e-15
16,78,2,BB-RL,8.999999999999988,0.006633978002355434,0.007083111995598301,3.7840072764083743e-06,0.013720874005230144,envelope,2,325ab7fbb9d18af0f94510a921eed590ec4eb97c76e302377c6eb9b7a7758846,5.329070518200751e-15
16,78,3,BB-RL,8.999999999999988,0.006534507003379986,0.007166298004449345,3.775989171117544e-06,0.013704580997000448,envelope,2,325ab7fbb9d18af0f94510a921eed590ec4eb97c76e302377c6eb9b7a7758846,5.329070518200751e-15
16,78,3,MAC,6.093245240466931,8.753995643928647e-06,0.006346324007608928,0.0,0.006355078003252856,path,1,27c15e23bc7415174e946ee3e5a5b3061bcad6e7c11aea509b134e8c7d715a0a,1.7763568394002505e-15
16,78,4,MAC,6.093245240466931,8.464994607493281e-06,0.006343696004478261,0.0,0.006352160999085754,path,1,27c15e23bc7415174e946ee3e5a5b3061bcad6e7c11aea509b134e8c7d715a0a,1.7763568394002505e-15
16,78,4,BB-RL,8.999999999999988,0.00667900699772872,0.0071501410129712895,3.708992153406143e-06,0.013832857002853416,envelope,2,325ab7fbb9d18af0f94510a921eed590ec4eb97c76e302377c6eb9b7a7758846,5.329070518200751e-15
16,79,0,BB-RL,8.999999999999995,0.006587490002857521,0.008493140994687565,3.891007509082556e-06,0.015084522005054168,envelope,2,3877d5cd2385f7725be57eee41c62d9bf4100fa8a43ce797e683d94ebc5d10a3,1.7763568394002505e-14
16,79,0,MAC,6.737117527821731,9.092997061088681e-06,0.0063363779918290675,0.0,0.006345470988890156,path,1,c7a5db89cff9ed88832a27de51b58364f49da7fda351d9a004c46d682bb4c713,8.881784197001252e-16
16,79,1,MAC,6.737117527821731,8.342991350218654e-06,0.006399486010195687,0.0,0.006407829001545906,path,1,c7a5db89cff9ed88832a27de51b58364f49da7fda351d9a004c46d682bb4c713,8.881784197001252e-16
16,79,1,BB-RL,8.999999999999995,0.006977205004659481,0.008430100002442487,3.5959965316578746e-06,0.015410901003633626,envelope,2,3877d5cd2385f7725be57eee41c62d9bf4100fa8a43ce797e683d94ebc5d10a3,1.7763568394002505e-14
16,79,2,BB-RL,8.999999999999995,0.006560879002790898,0.008480677992338315,3.553010174073279e-06,0.015045110005303286,envelope,2,3877d5cd2385f7725be57eee41c62d9bf4100fa8a43ce797e683d94ebc5d10a3,1.7763568394002505e-14
16,79,2,MAC,6.737117527821731,8.821996743790805e-06,0.00636268500238657,0.0,0.006371506999130361,path,1,c7a5db89cff9ed88832a27de51b58364f49da7fda351d9a004c46d682bb4c713,8.881784197001252e-16
16,79,3,MAC,6.737117527821731,8.62700107973069e-06,0.0063781420030863956,0.0,0.006386769004166126,path,1,c7a5db89cff9ed88832a27de51b58364f49da7fda351d9a004c46d682bb4c713,8.881784197001252e-16
16,79,3,BB-RL,8.999999999999995,0.00676401199598331,0.008499771996866912,3.6760029615834355e-06,0.015267459995811805,envelope,2,3877d5cd2385f7725be57eee41c62d9bf4100fa8a43ce797e683d94ebc5d10a3,1.7763568394002505e-14
16,79,4,BB-RL,8.999999999999995,0.006599197993637063,0.00841198000125587,3.716006176546216e-06,0.015014894001069479,envelope,2,3877d5cd2385f7725be57eee41c62d9bf4100fa8a43ce797e683d94ebc5d10a3,1.7763568394002505e-14
16,79,4,MAC,6.737117527821731,8.80200241226703e-06,0.006343415996525437,0.0,0.006352217998937704,path,1,c7a5db89cff9ed88832a27de51b58364f49da7fda351d9a004c46d682bb4c713,8.881784197001252e-16
16,81,0,BB-RL,8.999999999999995,0.004126368003198877,0.011890617999597453,3.7529971450567245e-06,0.016020738999941386,envelope,2,1449a73b9cacdfb951747a70b09be49e2f2ca8d1f3dac4d3ded90cbbb1cb5f15,3.552713678800501e-15
16,81,0,MAC,6.945341914383107,9.02600004337728e-06,0.006329265990643762,0.0,0.006338291990687139,path,1,7c463cea2336713ce1c659f84cc077ed2ff2498de5e20f2a721604ccc83acf2b,8.881784197001252e-15
16,81,1,MAC,6.945341914383107,8.495990186929703e-06,0.006386684006429277,0.0,0.006395179996616207,path,1,7c463cea2336713ce1c659f84cc077ed2ff2498de5e20f2a721604ccc83acf2b,8.881784197001252e-15
16,81,1,BB-RL,9.0,0.004190015999483876,0.011905174993444234,3.66500171367079e-06,0.01609885599464178,cayley,2,e6052e1dc11f2e0c2ed1f7b4b35eac81d6ef8faf8971f4d74bb3f283da278d3f,7.105427357601002e-15
16,81,2,BB-RL,8.999999999999995,0.004070372990099713,0.011924272010219283,3.650988219305873e-06,0.015998295988538302,envelope,2,1449a73b9cacdfb951747a70b09be49e2f2ca8d1f3dac4d3ded90cbbb1cb5f15,7.105427357601002e-15
16,81,2,MAC,6.945341914383107,9.01700695976615e-06,0.006347251997794956,0.0,0.006356269004754722,path,1,7c463cea2336713ce1c659f84cc077ed2ff2498de5e20f2a721604ccc83acf2b,8.881784197001252e-15
16,81,3,MAC,6.945341914383107,1.6204998246394098e-05,0.0063700280006742105,0.0,0.006386232998920605,path,1,7c463cea2336713ce1c659f84cc077ed2ff2498de5e20f2a721604ccc83acf2b,8.881784197001252e-15
16,81,3,BB-RL,8.999999999999995,0.004330802999902517,0.011822569998912513,3.673994797281921e-06,0.016157046993612312,envelope,2,1449a73b9cacdfb951747a70b09be49e2f2ca8d1f3dac4d3ded90cbbb1cb5f15,3.552713678800501e-15
16,81,4,BB-RL,8.999999999999998,0.004043356006150134,0.011844809996546246,3.6569981602951884e-06,0.015891823000856675,cayley,2,16c95f5ffea5c4c9d754079a3a6982dc5b080871a0067f798c23f41e3a348d36,3.552713678800501e-15
16,81,4,MAC,6.945341914383107,8.754999726079404e-06,0.006362059997627512,0.0,0.006370814997353591,path,1,7c463cea2336713ce1c659f84cc077ed2ff2498de5e20f2a721604ccc83acf2b,8.881784197001252e-15
16,82,0,MAC,7.610882484187229,8.68500501383096e-06,0.006377639991114847,0.0,0.006386324996128678,path,1,59305fda7ef42f34423f562d5cb6f206769a91e0062f3d57bc5215b586ece921,7.993605777301127e-15
16,82,0,BB-RL,8.999999999999998,0.004198354989057407,0.013240527012385428,3.7009886000305414e-06,0.017442582990042865,cayley,2,7c308a2fe1d29b7fef6327a8b50bcff307c4e28669f9edf6b66c001e61023316,7.105427357601002e-15
16,82,1,BB-RL,9.000000000000002,0.0040386140026384965,0.013230304990429431,3.545006620697677e-06,0.017272463999688625,cayley,2,4feb432b034d90c4cae7d0d5718ec7f7d799cd2f5eb678da16236a73322789e9,5.329070518200751e-15
16,82,1,MAC,7.610882484187229,8.913004421629012e-06,0.006336862003081478,0.0,0.006345775007503107,path,1,59305fda7ef42f34423f562d5cb6f206769a91e0062f3d57bc5215b586ece921,7.993605777301127e-15
16,82,2,MAC,7.610882484187229,8.78899300005287e-06,0.006378033009241335,0.0,0.006386822002241388,path,1,59305fda7ef42f34423f562d5cb6f206769a91e0062f3d57bc5215b586ece921,7.993605777301127e-15
16,82,2,BB-RL,9.0,0.004185180994682014,0.013170314006856643,3.783003194257617e-06,0.017359278004732914,cayley,2,870091496ded2e630816c965324209853c9b2ffefc5b2d21c000f0375d5a20ed,1.7763568394002505e-15
16,82,3,BB-RL,8.999999999999998,0.0040175280009862036,0.013238744999398477,3.6629935493692756e-06,0.01725993599393405,cayley,2,7c308a2fe1d29b7fef6327a8b50bcff307c4e28669f9edf6b66c001e61023316,7.105427357601002e-15
16,82,3,MAC,7.610882484187229,8.781993528828025e-06,0.006319335006992333,0.0,0.006328117000521161,path,1,59305fda7ef42f34423f562d5cb6f206769a91e0062f3d57bc5215b586ece921,7.993605777301127e-15
16,82,4,MAC,7.610882484187229,8.3579943748191e-06,0.006354786004521884,0.0,0.006363143998896703,path,1,59305fda7ef42f34423f562d5cb6f206769a91e0062f3d57bc5215b586ece921,7.993605777301127e-15
16,82,4,BB-RL,8.999999999999998,0.004200052993837744,0.013233858000603504,3.6860001273453236e-06,0.017437596994568594,cayley,2,cd7e50157615aca0e0e46db780f6603b9ddf8587146b079df9b90681ccf96429,1.7763568394002505e-15
16,83,0,BB-RL,8.999999999999996,0.004028179988381453,0.014570550003554672,3.692999598570168e-06,0.018602422991534695,cayley,2,6e17dd08deacf611dabe628baee0688e8de8f36d160f02178fd05cafdfaeb09f,1.0658141036401503e-14
16,83,0,MAC,7.155061245761652,9.185998351313174e-06,0.0063381189975189045,0.0,0.006347304995870218,path,1,46f5303dbea852f781fc0f02cbb145bf59cf815974aa70663a2a52ee1c21fa8d,8.881784197001252e-15
16,83,1,MAC,7.155061245761652,8.463000995106995e-06,0.006361799009027891,0.0,0.006370262010022998,path,1,46f5303dbea852f781fc0f02cbb145bf59cf815974aa70663a2a52ee1c21fa8d,8.881784197001252e-15
16,83,1,BB-RL,9.000000000000002,0.004183046010439284,0.014543461991706863,3.697001375257969e-06,0.018730205003521405,cayley,2,489b3202b9ca7325f3bec6a9b05f6af9ffde102ae78eb827c95329c71ccf62d2,3.552713678800501e-15
16,83,2,BB-RL,8.999999999999996,0.0040342680003959686,0.014552913009538315,3.6729907151311636e-06,0.018590854000649415,cayley,2,b5bc9f74badffb7bd61c49ffbba559464477315cffbd10b050524e96b35ff461,3.552713678800501e-15
16,83,2,MAC,7.155061245761652,8.984003216028214e-06,0.006336190010188147,0.0,0.006345174013404176,path,1,46f5303dbea852f781fc0f02cbb145bf59cf815974aa70663a2a52ee1c21fa8d,8.881784197001252e-15
16,83,3,MAC,7.155061245761652,8.688002708368003e-06,0.006377472993335687,0.0,0.006386160996044055,path,1,46f5303dbea852f781fc0f02cbb145bf59cf815974aa70663a2a52ee1c21fa8d,8.881784197001252e-15
16,83,3,BB-RL,8.999999999999996,0.00419527200574521,0.014539135998347774,3.702996764332056e-06,0.018738111000857316,cayley,2,6e17dd08deacf611dabe628baee0688e8de8f36d160f02178fd05cafdfaeb09f,1.0658141036401503e-14
16,83,4,BB-RL,9.000000000000005,0.004042646003654227,0.014566767000360414,3.6370038287714124e-06,0.018613050007843412,cayley,2,b7025ae2290989f41e90e388d2cfe4f4743bbf9920b184fe3640140be9fc3716,5.329070518200751e-15
16,83,4,MAC,7.155061245761652,8.906004950404167e-06,0.006352008000249043,0.0,0.006360914005199447,path,1,46f5303dbea852f781fc0f02cbb145bf59cf815974aa70663a2a52ee1c21fa8d,8.881784197001252e-15
16,84,0,MAC,7.121807106966815,8.704999345354736e-06,0.006354648998240009,0.0,0.006363353997585364,path,1,7d8fdbfa638fcad37072fdfc425f3fe91b8b73b37fa64479f47d70ee092b1e63,7.105427357601002e-15
16,84,0,BB-RL,9.999999999999988,0.003517017001286149,0.00031763500010129064,2.931003109551966e-06,0.0038375830044969916,envelope,1,3db8c723a5a5bad58e15b487c6522118d8be5a933961a7882e9175cef4ba2d2d,5.329070518200751e-15
16,84,1,BB-RL,9.999999999999988,0.003572610003175214,0.00032030799775384367,2.8009962989017367e-06,0.0038957189972279593,envelope,1,3db8c723a5a5bad58e15b487c6522118d8be5a933961a7882e9175cef4ba2d2d,5.329070518200751e-15
16,84,1,MAC,7.121807106966815,8.785995305515826e-06,0.006374516000505537,0.0,0.006383301995811053,path,1,7d8fdbfa638fcad37072fdfc425f3fe91b8b73b37fa64479f47d70ee092b1e63,7.105427357601002e-15
16,84,2,MAC,7.121807106966815,8.53299570735544e-06,0.006373386000632308,0.0,0.006381918996339664,path,1,7d8fdbfa638fcad37072fdfc425f3fe91b8b73b37fa64479f47d70ee092b1e63,7.105427357601002e-15
16,84,2,BB-RL,9.999999999999988,0.003513643008773215,0.00031235099595505744,2.831991878338158e-06,0.0038288259966066107,envelope,1,3db8c723a5a5bad58e15b487c6522118d8be5a933961a7882e9175cef4ba2d2d,5.329070518200751e-15
16,84,3,BB-RL,9.999999999999988,0.003478600992821157,0.0003128910029772669,2.7740024961531162e-06,0.003794265998294577,envelope,1,3db8c723a5a5bad58e15b487c6522118d8be5a933961a7882e9175cef4ba2d2d,5.329070518200751e-15
16,84,3,MAC,7.121807106966815,8.817005436867476e-06,0.0063735189905855805,0.0,0.006382335996022448,path,1,7d8fdbfa638fcad37072fdfc425f3fe91b8b73b37fa64479f47d70ee092b1e63,7.105427357601002e-15
16,84,4,MAC,7.121807106966815,8.528993930667639e-06,0.006366750996676274,0.0,0.006375279990606941,path,1,7d8fdbfa638fcad37072fdfc425f3fe91b8b73b37fa64479f47d70ee092b1e63,7.105427357601002e-15
16,84,4,BB-RL,9.999999999999988,0.0035176609962945804,0.0003245249972678721,2.8690119506791234e-06,0.0038450550055131316,envelope,1,3db8c723a5a5bad58e15b487c6522118d8be5a933961a7882e9175cef4ba2d2d,5.329070518200751e-15
16,85,0,BB-RL,9.999999999999998,0.004267948999768123,0.002153046996681951,3.7030113162472844e-06,0.006424699007766321,cayley,2,ed1ef2be989ef639220e9a6def103d22c231d2683dc43126e8d22c5815998d6f,1.0658141036401503e-14
16,85,0,MAC,7.675499442392283,9.065988706424832e-06,0.0063696730067022145,0.0,0.006378738995408639,path,1,eb30062d84b5247732329f13d86054cc1ab8710b7d6d742e94fb12b125b4251a,8.881784197001252e-16
16,85,1,MAC,7.675499442392283,8.699003956280649e-06,0.0063861349917715415,0.0,0.006394833995727822,path,1,eb30062d84b5247732329f13d86054cc1ab8710b7d6d742e94fb12b125b4251a,8.881784197001252e-16
16,85,1,BB-RL,9.999999999999995,0.0042325970134697855,0.0021438939875224605,3.7080026231706142e-06,0.006380199003615417,cayley,2,3b81188f0443092e92da879b680a27439d18b5b43262487cbdb6fd7c52b881be,1.0658141036401503e-14
16,85,2,BB-RL,9.999999999999995,0.004214920001686551,0.0021457029943121597,3.6230048863217235e-06,0.006364246000885032,cayley,2,bf6344d44dec65f8a64b7fa44322ab49252793c343445c65797901b0d2ef814c,3.552713678800501e-15
16,85,2,MAC,7.675499442392283,8.877992513589561e-06,0.006345706002321094,0.0,0.006354583994834684,path,1,eb30062d84b5247732329f13d86054cc1ab8710b7d6d742e94fb12b125b4251a,8.881784197001252e-16
16,85,3,MAC,7.675499442392283,8.43899033498019e-06,0.006372588002705015,0.0,0.006381026993039995,path,1,eb30062d84b5247732329f13d86054cc1ab8710b7d6d742e94fb12b125b4251a,8.881784197001252e-16
16,85,3,BB-RL,9.999999999999998,0.0042164040060015395,0.0021415669907582924,3.7740101106464863e-06,0.006361745006870478,cayley,2,ed1ef2be989ef639220e9a6def103d22c231d2683dc43126e8d22c5815998d6f,1.0658141036401503e-14
16,85,4,BB-RL,9.999999999999995,0.004183886005193926,0.002137060000677593,3.722001565620303e-06,0.00632466800743714,cayley,2,9821f393b435fe34373e91dcd533d674e7b2edc0393ea135f19d3b12944c346d,3.552713678800501e-15
16,85,4,MAC,7.675499442392283,8.914998034015298e-06,0.00633756400202401,0.0,0.006346479000058025,path,1,eb30062d84b5247732329f13d86054cc1ab8710b7d6d742e94fb12b125b4251a,8.881784197001252e-16
16,86,0,MAC,8.537676123975524,8.518007234670222e-06,0.00639607799530495,0.0,0.00640459600253962,path,1,3eef09f68d2cb76302cf67614e99afa21d3866609e1d47617e639c7cfe0e940b,3.552713678800501e-15
16,86,0,BB-RL,9.999999999999998,0.0042547769990051165,0.004391141002997756,3.7569989217445254e-06,0.008649675000924617,cayley,2,2b931a9d8867688cb4fbf42cb0b462bf9b461dc8bb4018f7f27650168804429d,3.552713678800501e-15
16,86,1,BB-RL,9.999999999999995,0.004162576005910523,0.00438050099182874,3.7910067476332188e-06,0.008546868004486896,envelope,2,b171fbec1007cfd8550f6f83375061036905b3c1bdc1a2eea3db8627b5b232d9,1.7763568394002505e-15
16,86,1,MAC,8.537676123975524,8.852002792991698e-06,0.006360419007251039,0.0,0.006369271010044031,path,1,3eef09f68d2cb76302cf67614e99afa21d3866609e1d47617e639c7cfe0e940b,3.552713678800501e-15
16,86,2,MAC,8.537676123975524,8.561008144170046e-06,0.0063976730016293,0.0,0.0064062340097734705,path,1,3eef09f68d2cb76302cf67614e99afa21d3866609e1d47617e639c7cfe0e940b,3.552713678800501e-15
16,86,2,BB-RL,9.999999999999995,0.0042643939959816635,0.004395106006995775,3.7040008464828134e-06,0.008663204003823921,envelope,2,b171fbec1007cfd8550f6f83375061036905b3c1bdc1a2eea3db8627b5b232d9,5.329070518200751e-15
16,86,3,BB-RL,9.999999999999998,0.0041502809908706695,0.004399569006636739,3.7090067053213716e-06,0.00855355900421273,cayley,2,2b931a9d8867688cb4fbf42cb0b462bf9b461dc8bb4018f7f27650168804429d,3.552713678800501e-15
16,86,3,MAC,8.537676123975524,8.817994967103004e-06,0.0063866410055197775,0.0,0.0063954590004868805,path,1,3eef09f68d2cb76302cf67614e99afa21d3866609e1d47617e639c7cfe0e940b,3.552713678800501e-15
16,86,4,MAC,8.537676123975524,8.642993634566665e-06,0.006432437003240921,0.0,0.006441079996875487,path,1,3eef09f68d2cb76302cf67614e99afa21d3866609e1d47617e639c7cfe0e940b,3.552713678800501e-15
16,86,4,BB-RL,9.999999999999995,0.004338480008300394,0.004434118993231095,3.688997821882367e-06,0.008776287999353372,envelope,2,b171fbec1007cfd8550f6f83375061036905b3c1bdc1a2eea3db8627b5b232d9,5.329070518200751e-15
16,87,0,BB-RL,10.0,0.004150466003920883,0.005777141996077262,3.60699777957052e-06,0.009931214997777715,envelope,2,3c5175b15d8e96da9b1dc294f7c0faed8c87a226e4111d9456b5e46196f02b56,3.552713678800501e-15
16,87,0,MAC,8.114224787993814,9.006005711853504e-06,0.006347368995193392,0.0,0.0063563750009052455,path,1,d9403024a3af1c87ebec5ee1939bf03fec8d402535b6b04c59ed41a3bd7c23de,5.329070518200751e-15
16,87,1,MAC,8.114224787993814,8.592003723606467e-06,0.006362379004713148,0.0,0.006370971008436754,path,1,d9403024a3af1c87ebec5ee1939bf03fec8d402535b6b04c59ed41a3bd7c23de,5.329070518200751e-15
16,87,1,BB-RL,10.0,0.004308575007598847,0.005773897995823063,3.7560093915089965e-06,0.010086229012813419,envelope,2,3c5175b15d8e96da9b1dc294f7c0faed8c87a226e4111d9456b5e46196f02b56,3.552713678800501e-15
16,87,2,BB-RL,10.0,0.004210775005049072,0.005760600994108245,3.6520068533718586e-06,0.009975028006010689,envelope,2,3c5175b15d8e96da9b1dc294f7c0faed8c87a226e4111d9456b5e46196f02b56,3.552713678800501e-15
16,87,2,MAC,8.114224787993814,9.051989763975143e-06,0.00635754301038105,0.0,0.0063665950001450256,path,1,d9403024a3af1c87ebec5ee1939bf03fec8d402535b6b04c59ed41a3bd7c23de,5.329070518200751e-15
16,87,3,MAC,8.114224787993814,8.750008419156075e-06,0.006355485995300114,0.0,0.00636423600371927,path,1,d9403024a3af1c87ebec5ee1939bf03fec8d402535b6b04c59ed41a3bd7c23de,5.329070518200751e-15
16,87,3,BB-RL,10.0,0.00421478899079375,0.005761079999501817,3.883003955706954e-06,0.009979751994251274,envelope,2,3c5175b15d8e96da9b1dc294f7c0faed8c87a226e4111d9456b5e46196f02b56,3.552713678800501e-15
16,87,4,BB-RL,10.0,0.004181126001640223,0.0057556240062695,3.7239951780065894e-06,0.00994047400308773,envelope,2,3c5175b15d8e96da9b1dc294f7c0faed8c87a226e4111d9456b5e46196f02b56,7.105427357601002e-15
16,87,4,MAC,8.114224787993814,8.991992217488587e-06,0.006357959005981684,0.0,0.006366950998199172,path,1,d9403024a3af1c87ebec5ee1939bf03fec8d402535b6b04c59ed41a3bd7c23de,5.329070518200751e-15
16,88,0,MAC,8.025440536947661,8.413000614382327e-06,0.00637708799331449,0.0,0.006385500993928872,path,1,534956a53861fa790677b02514ead5dc7ffd957d87fbbf8299a8d80713719709,3.552713678800501e-15
16,88,0,BB-RL,9.999999999999998,0.007054269997752272,0.007097159992554225,3.616005415096879e-06,0.014155045995721593,cayley,2,05401f8642271fb4cf35b6d76923a8a059f1ac89dce1c3fe4f5aa59a7563252f,1.7763568394002505e-15
16,88,1,BB-RL,10.0,0.006953471005544998,0.007096461005858146,3.6470009945333004e-06,0.014053579012397677,cayley,2,40dd89ba35512c0795229a43e370dddd2a9f35375cc8c45c8b6a1bfdacf42602,1.7763568394002505e-15
16,88,1,MAC,8.025440536947661,8.849994628690183e-06,0.006351440999424085,0.0,0.006360290994052775,path,1,534956a53861fa790677b02514ead5dc7ffd957d87fbbf8299a8d80713719709,3.552713678800501e-15
16,88,2,MAC,8.025440536947661,8.482995326630771e-06,0.006405920998076908,0.0,0.006414403993403539,path,1,534956a53861fa790677b02514ead5dc7ffd957d87fbbf8299a8d80713719709,3.552713678800501e-15
16,88,2,BB-RL,9.999999999999995,0.007050283995340578,0.007101541006704792,3.848996129818261e-06,0.014155673998175189,envelope,2,425ae55a9d110ef079f66afb5a57f9e25e32c14277a091fbf6922efdca7fb6fa,3.552713678800501e-15
16,88,3,BB-RL,9.999999999999998,0.00695100000302773,0.007044579993817024,3.765002475120127e-06,0.013999344999319874,cayley,2,05401f8642271fb4cf35b6d76923a8a059f1ac89dce1c3fe4f5aa59a7563252f,1.7763568394002505e-15
16,88,3,MAC,8.025440536947661,8.875998901203275e-06,0.006377551995683461,0.0,0.006386427994584665,path,1,534956a53861fa790677b02514ead5dc7ffd957d87fbbf8299a8d80713719709,3.552713678800501e-15
16,88,4,MAC,8.025440536947661,8.406990673393011e-06,0.006399726000381634,0.0,0.006408132991055027,path,1,534956a53861fa790677b02514ead5dc7ffd957d87fbbf8299a8d80713719709,3.552713678800501e-15
16,88,4,BB-RL,9.999999999999998,0.007015209994278848,0.007106050994480029,3.6140118027105927e-06,0.014124875000561588,cayley,2,2a4fe7cf7dc6f78415fa096188d84eccc7ee150eb2db366303604ec22559e616,1.7763568394002505e-15
16,89,0,BB-RL,10.000000000000002,0.0069363570073619485,0.008422818995313719,3.7529971450567245e-06,0.015362928999820724,cayley,2,95427b59043b7b7cbb22c4097e11ed14f397983a38ca99b213a13a8e424257cd,3.552713678800501e-15
16,89,0,MAC,8.21750003543685,8.918999810703099e-06,0.00636185500479769,0.0,0.006370774004608393,path,1,87423a4ec249f421ab138c834dfb9fe757505b616cc182275bd4f9aef649ba60,0.0
16,89,1,MAC,8.21750003543685,8.629998774267733e-06,0.00640514399856329,0.0,0.006413773997337557,path,1,87423a4ec249f421ab138c834dfb9fe757505b616cc182275bd4f9aef649ba60,0.0
16,89,1,BB-RL,10.000000000000004,0.007080619994667359,0.008402403007494286,3.6159908631816506e-06,0.015486638993024826,cayley,2,d23acd06cf014def5b2eb409ebc1a2bf015bdd21c87c38095566c3971010693a,3.552713678800501e-15
16,89,2,BB-RL,10.000000000000002,0.006981740007176995,0.008422675004112534,3.564986400306225e-06,0.015407979997689836,cayley,2,83dccb0d97c3fdb3c13556f80cf7b62ddb3dba23bf7f1854693a256dd02f75b4,3.552713678800501e-15
16,89,2,MAC,8.21750003543685,9.144991054199636e-06,0.006376517005264759,0.0,0.006385661996318959,path,1,87423a4ec249f421ab138c834dfb9fe757505b616cc182275bd4f9aef649ba60,0.0
16,89,3,MAC,8.21750003543685,8.592003723606467e-06,0.006402206010534428,0.0,0.0064107980142580345,path,1,87423a4ec249f421ab138c834dfb9fe757505b616cc182275bd4f9aef649ba60,0.0
16,89,3,BB-RL,10.000000000000002,0.007013388007180765,0.00843395599804353,3.679990186356008e-06,0.015451023995410651,cayley,2,95427b59043b7b7cbb22c4097e11ed14f397983a38ca99b213a13a8e424257cd,3.552713678800501e-15
16,89,4,BB-RL,9.999999999999998,0.006952814001124352,0.008432300004642457,3.720997483469546e-06,0.015388835003250279,envelope,2,3b9373a82f8b205d6ccd3271886b117d478bb1bb1058d6242e94c0f0558f054f,3.552713678800501e-15
16,89,4,MAC,8.21750003543685,8.925009751692414e-06,0.006383892992744222,0.0,0.006392818002495915,path,1,87423a4ec249f421ab138c834dfb9fe757505b616cc182275bd4f9aef649ba60,0.0
16,90,0,MAC,7.536004292217621,8.597999112680554e-06,0.006363049993524328,0.0,0.006371647992637008,path,1,d902e91150d1e78db2e195f04f2448c95211d9cb7484bc57e4975e6d22dca72f,5.329070518200751e-15
16,90,0,BB-RL,10.999999999999991,0.007084179000230506,0.004846629002713598,3.6150013329461217e-06,0.01193442300427705,envelope,2,92c52f43df699fa47feafa802fbf85db08b5391def69dfba91edf14407a0c645,1.7763568394002505e-15
16,90,1,BB-RL,10.999999999999991,0.007080793002387509,0.004853213991736993,3.563996870070696e-06,0.011937570990994573,envelope,2,92c52f43df699fa47feafa802fbf85db08b5391def69dfba91edf14407a0c645,8.881784197001252e-15
16,90,1,MAC,7.536004292217621,8.967006579041481e-06,0.006322537999949418,0.0,0.0063315050065284595,path,1,d902e91150d1e78db2e195f04f2448c95211d9cb7484bc57e4975e6d22dca72f,5.329070518200751e-15
16,90,2,MAC,7.536004292217621,8.360002539120615e-06,0.006354978002491407,0.0,0.006363338005030528,path,1,d902e91150d1e78db2e195f04f2448c95211d9cb7484bc57e4975e6d22dca72f,5.329070518200751e-15
16,90,2,BB-RL,10.999999999999991,0.00701701499929186,0.004859330991166644,3.6080018617212772e-06,0.011879953992320225,envelope,2,92c52f43df699fa47feafa802fbf85db08b5391def69dfba91edf14407a0c645,3.552713678800501e-15
16,90,3,BB-RL,10.999999999999991,0.006978218007134274,0.0048393519973615184,3.741995897144079e-06,0.011821312000392936,envelope,2,92c52f43df699fa47feafa802fbf85db08b5391def69dfba91edf14407a0c645,1.7763568394002505e-15
16,90,3,MAC,7.536004292217621,9.077004506252706e-06,0.006329309995635413,0.0,0.006338387000141665,path,1,d902e91150d1e78db2e195f04f2448c95211d9cb7484bc57e4975e6d22dca72f,5.329070518200751e-15
16,90,4,MAC,7.536004292217621,8.78800346981734e-06,0.006352267999318428,0.0,0.006361056002788246,path,1,d902e91150d1e78db2e195f04f2448c95211d9cb7484bc57e4975e6d22dca72f,5.329070518200751e-15
16,90,4,BB-RL,10.999999999999991,0.0070214419974945486,0.004857956999330781,3.6910059861838818e-06,0.011883090002811514,envelope,2,92c52f43df699fa47feafa802fbf85db08b5391def69dfba91edf14407a0c645,1.7763568394002505e-15
16,91,0,BB-RL,10.99999999999999,0.003215336997527629,0.01045902400801424,3.60699777957052e-06,0.013677968003321439,envelope,2,010f284ff19d0965ba839334921f6ff5dce9218882c058c136902c36b37e7d78,7.105427357601002e-15
16,91,0,MAC,8.274247543447911,8.975999662652612e-06,0.006382198000210337,0.0,0.00639117399987299,path,1,bdd9e534621dbc6a2981563c8e1ebd72fca46127d1ebce18aadf5ad7dc155771,0.0
16,91,1,MAC,8.274247543447911,8.424001862294972e-06,0.006427328000427224,0.0,0.006435752002289519,path,1,bdd9e534621dbc6a2981563c8e1ebd72fca46127d1ebce18aadf5ad7dc155771,0.0
16,91,1,BB-RL,10.99999999999999,0.0033302669908152893,0.010480253011337481,3.716995706781745e-06,0.013814236997859553,envelope,2,010f284ff19d0965ba839334921f6ff5dce9218882c058c136902c36b37e7d78,7.105427357601002e-15
16,91,2,BB-RL,10.99999999999999,0.0032013499876484275,0.010435713003971614,3.7080026231706142e-06,0.013640770994243212,envelope,2,010f284ff19d0965ba839334921f6ff5dce9218882c058c136902c36b37e7d78,5.329070518200751e-15
16,91,2,MAC,8.274247543447911,8.942995918914676e-06,0.006374636999680661,0.0,0.006383579995599575,path,1,bdd9e534621dbc6a2981563c8e1ebd72fca46127d1ebce18aadf5ad7dc155771,0.0
16,91,3,MAC,8.274247543447911,8.507995516993105e-06,0.006389418005710468,0.0,0.006397926001227461,path,1,bdd9e534621dbc6a2981563c8e1ebd72fca46127d1ebce18aadf5ad7dc155771,0.0
16,91,3,BB-RL,10.99999999999999,0.003253770002629608,0.010465476007084362,3.861001459881663e-06,0.013723107011173852,envelope,2,010f284ff19d0965ba839334921f6ff5dce9218882c058c136902c36b37e7d78,7.105427357601002e-15
16,91,4,BB-RL,10.99999999999999,0.0032819990010466427,0.010436392010888085,3.726992872543633e-06,0.013722118004807271,envelope,2,010f284ff19d0965ba839334921f6ff5dce9218882c058c136902c36b37e7d78,7.105427357601002e-15
16,91,4,MAC,8.274247543447911,8.74800025485456e-06,0.006348198003252037,0.0,0.006356946003506891,path,1,bdd9e534621dbc6a2981563c8e1ebd72fca46127d1ebce18aadf5ad7dc155771,0.0
16,92,0,MAC,8.550166049923314,8.6090003605932e-06,0.006391335002263077,0.0,0.00639994400262367,path,1,be89ffdbca6008e691004024618d65066c56cb5d39f5ac414635bf5fa81e1591,7.105427357601002e-15
16,92,0,BB-RL,10.99999999999999,0.0032619959965813905,0.01181383800576441,3.620996722020209e-06,0.01507945499906782,envelope,2,59566e63faa3b9078e745048a8a31ed13bc3edf2235ca7eaff6d2dbf50543ef7,7.105427357601002e-15
16,92,1,BB-RL,10.99999999999999,0.0032322260085493326,0.01182325099944137,3.7019926821812987e-06,0.015059179000672884,envelope,2,59566e63faa3b9078e745048a8a31ed13bc3edf2235ca7eaff6d2dbf50543ef7,7.105427357601002e-15
16,92,1,MAC,8.550166049923314,8.817005436867476e-06,0.006363042994053103,0.0,0.0063718599994899705,path,1,be89ffdbca6008e691004024618d65066c56cb5d39f5ac414635bf5fa81e1591,7.105427357601002e-15
16,92,2,MAC,8.550166049923314,8.602000889368355e-06,0.0064064620091812685,0.0,0.006415064010070637,path,1,be89ffdbca6008e691004024618d65066c56cb5d39f5ac414635bf5fa81e1591,7.105427357601002e-15
16,92,2,BB-RL,10.99999999999999,0.003242869002860971,0.01178545800212305,3.801003913395107e-06,0.015032128008897416,envelope,2,59566e63faa3b9078e745048a8a31ed13bc3edf2235ca7eaff6d2dbf50543ef7,7.105427357601002e-15
16,92,3,BB-RL,10.99999999999999,0.003181362000759691,0.011788921008701436,3.665991243906319e-06,0.014973949000705034,envelope,2,59566e63faa3b9078e745048a8a31ed13bc3edf2235ca7eaff6d2dbf50543ef7,7.105427357601002e-15
16,92,3,MAC,8.550166049923314,8.875998901203275e-06,0.006369028007611632,0.0,0.006377904006512836,path,1,be89ffdbca6008e691004024618d65066c56cb5d39f5ac414635bf5fa81e1591,7.105427357601002e-15
16,92,4,MAC,8.550166049923314,8.682996849529445e-06,0.006412019996787421,0.0,0.006420702993636951,path,1,be89ffdbca6008e691004024618d65066c56cb5d39f5ac414635bf5fa81e1591,7.105427357601002e-15
16,92,4,BB-RL,10.99999999999999,0.0033254979935009032,0.011833074007881805,3.754001227207482e-06,0.015162326002609916,envelope,2,59566e63faa3b9078e745048a8a31ed13bc3edf2235ca7eaff6d2dbf50543ef7,7.105427357601002e-15
16,93,0,BB-RL,10.999999999999991,0.003138133994070813,0.013155776003259234,3.5480043152347207e-06,0.016297458001645282,envelope,2,8c2a087aacec3c1d22330ee42d33febd4445f2ce4178250f8834c717346694e2,3.552713678800501e-15
16,93,0,MAC,8.99415792344167,9.191004210151732e-06,0.006384405001881532,0.0,0.006393596006091684,path,1,6ff6f962d735e666357b9831a7f0ef3cbfdca5e7a48bfed14d9e78141b3141a9,1.7763568394002505e-15
16,93,1,MAC,8.99415792344167,8.571994840167463e-06,0.0063985199958551675,0.0,0.006407091990695335,path,1,6ff6f962d735e666357b9831a7f0ef3cbfdca5e7a48bfed14d9e78141b3141a9,1.7763568394002505e-15
16,93,1,BB-RL,10.999999999999991,0.0032724509947001934,0.013086855004075915,3.68300243280828e-06,0.016362989001208916,envelope,2,8c2a087aacec3c1d22330ee42d33febd4445f2ce4178250f8834c717346694e2,3.552713678800501e-15
16,93,2,BB-RL,10.999999999999991,0.003263038001023233,0.013147456003935076,3.5379925975576043e-06,0.016414031997555867,envelope,2,8c2a087aacec3c1d22330ee42d33febd4445f2ce4178250f8834c717346694e2,5.329070518200751e-15
16,93,2,MAC,8.99415792344167,8.99900624062866e-06,0.006384740001522005,0.0,0.006393739007762633,path,1,6ff6f962d735e666357b9831a7f0ef3cbfdca5e7a48bfed14d9e78141b3141a9,1.7763568394002505e-15
16,93,3,MAC,8.99415792344167,8.805000106804073e-06,0.006401125006959774,0.0,0.006409930007066578,path,1,6ff6f962d735e666357b9831a7f0ef3cbfdca5e7a48bfed14d9e78141b3141a9,1.7763568394002505e-15
16,93,3,BB-RL,10.999999999999991,0.0032473750034114346,0.013113235996570438,3.6990095395594835e-06,0.016364310009521432,envelope,2,8c2a087aacec3c1d22330ee42d33febd4445f2ce4178250f8834c717346694e2,3.552713678800501e-15
16,93,4,BB-RL,10.999999999999991,0.0031762589933350682,0.013141300005372614,3.6099954741075635e-06,0.01632116899418179,envelope,2,8c2a087aacec3c1d22330ee42d33febd4445f2ce4178250f8834c717346694e2,3.552713678800501e-15
16,93,4,MAC,8.99415792344167,9.082999895326793e-06,0.006361605002894066,0.0,0.006370688002789393,path,1,6ff6f962d735e666357b9831a7f0ef3cbfdca5e7a48bfed14d9e78141b3141a9,1.7763568394002505e-15
16,94,0,MAC,9.187572057686717,8.665010682307184e-06,0.006376937992172316,0.0,0.006385603002854623,path,1,fd3c92653ef05c1b3e74616d639645ba4db37475d8660afd92ca191289246a1c,7.105427357601002e-15
16,94,0,BB-RL,10.99999999999999,0.00041097498615272343,0.0039010680047795177,2.864006091840565e-06,0.004314906997024082,envelope,1,a9f5f36f3c19df98a74e8b90b0f4320a9867944ea2b847a98fc98b0b09cfe55e,7.105427357601002e-15
16,94,1,BB-RL,10.99999999999999,0.00033854499633889645,0.0038898080092621967,2.8939975891262293e-06,0.004231247003190219,envelope,1,a9f5f36f3c19df98a74e8b90b0f4320a9867944ea2b847a98fc98b0b09cfe55e,7.105427357601002e-15
16,94,1,MAC,9.187572057686717,8.8600063463673e-06,0.006410125002730638,0.0,0.006418985009077005,path,1,fd3c92653ef05c1b3e74616d639645ba4db37475d8660afd92ca191289246a1c,7.105427357601002e-15
16,94,2,MAC,9.187572057686717,8.37599509395659e-06,0.006379272002959624,0.0,0.0063876479980535805,path,1,fd3c92653ef05c1b3e74616d639645ba4db37475d8660afd92ca191289246a1c,7.105427357601002e-15
16,94,2,BB-RL,10.99999999999999,0.0003331260086270049,0.003925778990378603,2.954009687528014e-06,0.004261859008693136,envelope,1,a9f5f36f3c19df98a74e8b90b0f4320a9867944ea2b847a98fc98b0b09cfe55e,7.105427357601002e-15
16,94,3,BB-RL,10.99999999999999,0.0003454510006122291,0.003881690005073324,2.9719958547502756e-06,0.004230113001540303,envelope,1,a9f5f36f3c19df98a74e8b90b0f4320a9867944ea2b847a98fc98b0b09cfe55e,7.105427357601002e-15
16,94,3,MAC,9.187572057686717,8.796007023192942e-06,0.006401432998245582,0.0,0.006410229005268775,path,1,fd3c92653ef05c1b3e74616d639645ba4db37475d8660afd92ca191289246a1c,7.105427357601002e-15
16,94,4,MAC,9.187572057686717,8.531002094969153e-06,0.006393786999979056,0.0,0.006402318002074026,path,1,fd3c92653ef05c1b3e74616d639645ba4db37475d8660afd92ca191289246a1c,7.105427357601002e-15
16,94,4,BB-RL,10.99999999999999,0.00033582199830561876,0.00392742600524798,2.8670037863776088e-06,0.004266115007339977,envelope,1,a9f5f36f3c19df98a74e8b90b0f4320a9867944ea2b847a98fc98b0b09cfe55e,7.105427357601002e-15
16,95,0,BB-RL,10.99999999999999,0.000392355999792926,0.004540397989330813,2.8280046535655856e-06,0.004935581993777305,envelope,1,0ec633ec3dcc4cb2f613839b1f52c6e9118c5d2f1bf2e4307a9808dcbe5197df,5.329070518200751e-15
16,95,0,MAC,9.162139295073294,8.91399395186454e-06,0.006404142011888325,0.0,0.00641305600584019,path,1,296369f6241ed3434f475a7cfe6a9fa9fcbbd431d61078015d81ad0c03fbc22a,1.7763568394002505e-15
16,95,1,MAC,9.162139295073294,8.558999979868531e-06,0.00638287999026943,0.0,0.0063914389902492985,path,1,296369f6241ed3434f475a7cfe6a9fa9fcbbd431d61078015d81ad0c03fbc22a,1.7763568394002505e-15
16,95,1,BB-RL,10.99999999999999,0.00033418899693060666,0.004599556006724015,2.863002009689808e-06,0.004936608005664311,envelope,1,0ec633ec3dcc4cb2f613839b1f52c6e9118c5d2f1bf2e4307a9808dcbe5197df,5.329070518200751e-15
16,95,2,BB-RL,10.99999999999999,0.0003371880011400208,0.004560621004202403,2.815999323502183e-06,0.004900625004665926,envelope,1,0ec633ec3dcc4cb2f613839b1f52c6e9118c5d2f1bf2e4307a9808dcbe5197df,5.329070518200751e-15
16,95,2,MAC,9.162139295073294,8.859002264216542e-06,0.006415637995814905,0.0,0.006424496998079121,path,1,296369f6241ed3434f475a7cfe6a9fa9fcbbd431d61078015d81ad0c03fbc22a,1.7763568394002505e-15
16,95,3,MAC,9.162139295073294,8.413000614382327e-06,0.006404137006029487,0.0,0.006412550006643869,path,1,296369f6241ed3434f475a7cfe6a9fa9fcbbd431d61078015d81ad0c03fbc22a,1.7763568394002505e-15
16,95,3,BB-RL,10.99999999999999,0.00033453998912591487,0.004597318999003619,2.9369984986260533e-06,0.00493479598662816,envelope,1,0ec633ec3dcc4cb2f613839b1f52c6e9118c5d2f1bf2e4307a9808dcbe5197df,5.329070518200751e-15
16,95,4,BB-RL,10.99999999999999,0.0003384709998499602,0.004553281993139535,2.9030052246525884e-06,0.004894655998214148,envelope,1,0ec633ec3dcc4cb2f613839b1f52c6e9118c5d2f1bf2e4307a9808dcbe5197df,5.329070518200751e-15
16,95,4,MAC,9.162139295073294,9.017996490001678e-06,0.006421069003408775,0.0,0.006430086999898776,path,1,296369f6241ed3434f475a7cfe6a9fa9fcbbd431d61078015d81ad0c03fbc22a,1.7763568394002505e-15
16,96,0,MAC,9.09908404767855,8.682996849529445e-06,0.006382817009580322,0.0,0.006391500006429851,path,1,2038d55107751f8b4303d4b256aca6b5753f1929944d3084382e1666c894779c,0.0
16,96,0,BB-RL,11.999999999999991,0.00042668500100262463,0.0002931989874923602,2.6120105758309364e-06,0.0007224959990708157,envelope,1,6d1d8c312ff9872bd222eb26275da70830fd68e90e27942113186fbfd5350345,1.7763568394002505e-15
16,96,1,BB-RL,11.999999999999991,0.00035134599602315575,0.00028092399588786066,2.7790083549916744e-06,0.0006350490002660081,envelope,1,6d1d8c312ff9872bd222eb26275da70830fd68e90e27942113186fbfd5350345,1.7763568394002505e-15
16,96,1,MAC,9.09908404767855,8.786009857431054e-06,0.006374696997227147,0.0,0.006383483007084578,path,1,2038d55107751f8b4303d4b256aca6b5753f1929944d3084382e1666c894779c,0.0
16,96,2,MAC,9.09908404767855,8.695002179592848e-06,0.006362476997310296,0.0,0.0063711719994898885,path,1,2038d55107751f8b4303d4b256aca6b5753f1929944d3084382e1666c894779c,0.0
16,96,2,BB-RL,11.999999999999991,0.00035130999458488077,0.00030969700310379267,2.7930072974413633e-06,0.0006638000049861148,envelope,1,6d1d8c312ff9872bd222eb26275da70830fd68e90e27942113186fbfd5350345,1.7763568394002505e-15
16,96,3,BB-RL,11.999999999999991,0.0003493789990898222,0.0002789759892039001,2.745000529102981e-06,0.0006310999888228253,envelope,1,6d1d8c312ff9872bd222eb26275da70830fd68e90e27942113186fbfd5350345,1.7763568394002505e-15
16,96,3,MAC,9.09908404767855,8.71199881657958e-06,0.006401432998245582,0.0,0.0064101449970621616,path,1,2038d55107751f8b4303d4b256aca6b5753f1929944d3084382e1666c894779c,0.0
16,96,4,MAC,9.09908404767855,8.785005775280297e-06,0.006360202998621389,0.0,0.00636898800439667,path,1,2038d55107751f8b4303d4b256aca6b5753f1929944d3084382e1666c894779c,0.0
16,96,4,BB-RL,11.999999999999991,0.0003538149903761223,0.00030930300999898463,2.74099875241518e-06,0.0006658589991275221,envelope,1,6d1d8c312ff9872bd222eb26275da70830fd68e90e27942113186fbfd5350345,1.7763568394002505e-15
16,97,0,BB-RL,11.999999999999991,0.00039976400148589164,0.001861156997620128,2.859000233002007e-06,0.0022637799993390217,envelope,1,cacca4606bf159aa633c376c1c5db371ca216d66c6fe3dd0495a4360865723b4,0.0
16,97,0,MAC,9.89601150093493,8.827002602629364e-06,0.006358815997373313,0.0,0.006367642999975942,path,1,c852fb457abf409d41c177dcee456330606843a165324824b7a57309f26f1b8c,3.552713678800501e-15
16,97,1,MAC,9.89601150093493,8.553004590794444e-06,0.00632772600511089,0.0,0.006336279009701684,path,1,c852fb457abf409d41c177dcee456330606843a165324824b7a57309f26f1b8c,3.552713678800501e-15
16,97,1,BB-RL,11.999999999999991,0.0003428509953664616,0.0018895290122600272,2.906992449425161e-06,0.002235287000075914,envelope,1,cacca4606bf159aa633c376c1c5db371ca216d66c6fe3dd0495a4360865723b4,0.0
16,97,2,BB-RL,11.999999999999991,0.0003547060041455552,0.0018543459882494062,2.910004695877433e-06,0.002211961997090839,envelope,1,cacca4606bf159aa633c376c1c5db371ca216d66c6fe3dd0495a4360865723b4,0.0
16,97,2,MAC,9.89601150093493,8.711009286344051e-06,0.006368595990352333,0.0,0.006377306999638677,path,1,c852fb457abf409d41c177dcee456330606843a165324824b7a57309f26f1b8c,3.552713678800501e-15
16,97,3,MAC,9.89601150093493,8.956005331128836e-06,0.006365413995808922,0.0,0.006374370001140051,path,1,c852fb457abf409d41c177dcee456330606843a165324824b7a57309f26f1b8c,3.552713678800501e-15
16,97,3,BB-RL,11.999999999999991,0.0003533730050548911,0.0018770149908959866,2.8990034479647875e-06,0.0022332869993988425,envelope,1,cacca4606bf159aa633c376c1c5db371ca216d66c6fe3dd0495a4360865723b4,0.0
16,97,4,BB-RL,11.999999999999991,0.0003445860056672245,0.001854064001236111,2.945991582237184e-06,0.0022015959984855726,envelope,1,cacca4606bf159aa633c376c1c5db371ca216d66c6fe3dd0495a4360865723b4,0.0
16,97,4,MAC,9.89601150093493,8.932998753152788e-06,0.006404911997378804,0.0,0.006413844996131957,path,1,c852fb457abf409d41c177dcee456330606843a165324824b7a57309f26f1b8c,3.552713678800501e-15
16,98,0,MAC,10.027235342021386,8.654998964630067e-06,0.006377617988619022,0.0,0.006386272987583652,path,1,b6cb6bc53972baa26043ace90a6fc6acbb4f5172a6c21c874cc4f609311570a7,1.7763568394002505e-15
16,98,0,BB-RL,11.999999999999991,0.0005065290024504066,0.002544738003052771,2.9090006137266755e-06,0.0030541760061169043,envelope,1,6aec1356cd0347073a4b34f56ac31c0d45e4efa2a6c1490fd89a8a88d4acb211,0.0
16,98,1,BB-RL,11.999999999999991,0.0003417779953451827,0.0025346730108140036,2.9919901862740517e-06,0.0028794429963454604,envelope,1,6aec1356cd0347073a4b34f56ac31c0d45e4efa2a6c1490fd89a8a88d4acb211,0.0
16,98,1,MAC,10.027235342021386,9.137002052739263e-06,0.006497798007330857,0.0,0.0065069350093835965,path,1,b6cb6bc53972baa26043ace90a6fc6acbb4f5172a6c21c874cc4f609311570a7,1.7763568394002505e-15
16,98,2,MAC,10.027235342021386,8.641000022180378e-06,0.006355902994982898,0.0,0.006364543995005079,path,1,b6cb6bc53972baa26043ace90a6fc6acbb4f5172a6c21c874cc4f609311570a7,1.7763568394002505e-15
16,98,2,BB-RL,11.999999999999991,0.0003543570055626333,0.0025597609928809106,2.815999323502183e-06,0.002916933997767046,envelope,1,6aec1356cd0347073a4b34f56ac31c0d45e4efa2a6c1490fd89a8a88d4acb211,0.0
16,98,3,BB-RL,11.999999999999991,0.00035917000786866993,0.002528470999095589,2.8429931262508035e-06,0.0028904840000905097,envelope,1,6aec1356cd0347073a4b34f56ac31c0d45e4efa2a6c1490fd89a8a88d4acb211,0.0
16,98,3,MAC,10.027235342021386,9.119001333601773e-06,0.006362954998621717,0.0,0.006372073999955319,path,1,b6cb6bc53972baa26043ace90a6fc6acbb4f5172a6c21c874cc4f609311570a7,1.7763568394002505e-15
16,98,4,MAC,10.027235342021386,8.659000741317868e-06,0.006376146004186012,0.0,0.00638480500492733,path,1,b6cb6bc53972baa26043ace90a6fc6acbb4f5172a6c21c874cc4f609311570a7,1.7763568394002505e-15
16,98,4,BB-RL,11.999999999999991,0.00034956099989358336,0.002568041003542021,2.963992301374674e-06,0.002920565995736979,envelope,1,6aec1356cd0347073a4b34f56ac31c0d45e4efa2a6c1490fd89a8a88d4acb211,0.0
16,99,0,BB-RL,11.999999999999991,0.0003093569976044819,0.0032363240025006235,2.745000529102981e-06,0.0035484260006342083,envelope,1,811cd0fb08997e27484986937f6554072865c9d55ef076ca74385287bf8a0a37,0.0
16,99,0,MAC,10.209004493638373,8.811999578028917e-06,0.006425066996598616,0.0,0.006433878996176645,path,1,281bace224465725c35cb7925648511de1beb4673db3fd036245593022e93fc8,1.7763568394002505e-15
16,99,1,MAC,10.209004493638373,8.706992957741022e-06,0.006382892010151409,0.0,0.00639159900310915,path,1,281bace224465725c35cb7925648511de1beb4673db3fd036245593022e93fc8,1.7763568394002505e-15
16,99,1,BB-RL,11.999999999999991,0.000353587995050475,0.0032378730102209374,2.8520007617771626e-06,0.0035943130060331896,envelope,1,811cd0fb08997e27484986937f6554072865c9d55ef076ca74385287bf8a0a37,0.0
16,99,2,BB-RL,11.999999999999991,0.00034748800680972636,0.003204405991709791,2.8799986466765404e-06,0.003554773997166194,envelope,1,811cd0fb08997e27484986937f6554072865c9d55ef076ca74385287bf8a0a37,0.0
16,99,2,MAC,10.209004493638373,8.72500822879374e-06,0.006385266999132,0.0,0.006393992007360794,path,1,281bace224465725c35cb7925648511de1beb4673db3fd036245593022e93fc8,1.7763568394002505e-15
16,99,3,MAC,10.209004493638373,1.7027006833814085e-05,0.006382180989021435,0.0,0.0063992079958552495,path,1,281bace224465725c35cb7925648511de1beb4673db3fd036245593022e93fc8,1.7763568394002505e-15
16,99,3,BB-RL,11.999999999999991,0.0003491600073175505,0.003234642994357273,2.9950024327263236e-06,0.00358679800410755,envelope,1,811cd0fb08997e27484986937f6554072865c9d55ef076ca74385287bf8a0a37,0.0
16,99,4,BB-RL,11.999999999999991,0.0003473459946690127,0.0032087120052892715,2.931992639787495e-06,0.0035589899925980717,envelope,1,811cd0fb08997e27484986937f6554072865c9d55ef076ca74385287bf8a0a37,0.0
16,99,4,MAC,10.209004493638373,8.877992513589561e-06,0.0064166230004047975,0.0,0.006425500992918387,path,1,281bace224465725c35cb7925648511de1beb4673db3fd036245593022e93fc8,1.7763568394002505e-15
16,100,0,MAC,9.000000000000002,8.817005436867476e-06,0.006344699999317527,0.0,0.006353517004754394,path,1,df9f165a8c7b15dd8c83c794285c4d061b2905c25846dddfbfdc9c505730950d,1.7763568394002505e-15
16,100,0,BB-RL,11.999999999999991,0.0004062569933012128,0.0038949290028540418,2.8439972084015608e-06,0.004304029993363656,envelope,1,0c2d1b47737c1c7387fbd400786972c8f9284dea05994a904b6451b8a960b112,1.5987211554602254e-14
16,100,1,BB-RL,11.999999999999991,0.0003426809998927638,0.0038660230056848377,2.9619986889883876e-06,0.00421166600426659,envelope,1,0c2d1b47737c1c7387fbd400786972c8f9284dea05994a904b6451b8a960b112,1.5987211554602254e-14
16,100,1,MAC,9.000000000000002,8.996998076327145e-06,0.006341464992146939,0.0,0.006350461990223266,path,1,df9f165a8c7b15dd8c83c794285c4d061b2905c25846dddfbfdc9c505730950d,1.7763568394002505e-15
16,100,2,MAC,9.000000000000002,8.814997272565961e-06,0.00634228099079337,0.0,0.006351095988065936,path,1,df9f165a8c7b15dd8c83c794285c4d061b2905c25846dddfbfdc9c505730950d,1.7763568394002505e-15
16,100,2,BB-RL,11.999999999999991,0.00035704900801647455,0.003901718999259174,2.8679933166131377e-06,0.0042616360005922616,envelope,1,0c2d1b47737c1c7387fbd400786972c8f9284dea05994a904b6451b8a960b112,1.5987211554602254e-14
16,100,3,BB-RL,11.999999999999991,0.0003424239985179156,0.003864162994432263,2.8990034479647875e-06,0.0042094859963981435,envelope,1,0c2d1b47737c1c7387fbd400786972c8f9284dea05994a904b6451b8a960b112,1.5987211554602254e-14
16,100,3,MAC,9.000000000000002,9.095994755625725e-06,0.006372208998072892,0.0,0.006381304992828518,path,1,df9f165a8c7b15dd8c83c794285c4d061b2905c25846dddfbfdc9c505730950d,1.7763568394002505e-15
16,100,4,MAC,9.000000000000002,8.836999768391252e-06,0.006330025993520394,0.0,0.006338862993288785,path,1,df9f165a8c7b15dd8c83c794285c4d061b2905c25846dddfbfdc9c505730950d,1.7763568394002505e-15
16,100,4,BB-RL,11.999999999999991,0.00035631000355351716,0.0039056029927451164,2.8940121410414577e-06,0.004264807008439675,envelope,1,0c2d1b47737c1c7387fbd400786972c8f9284dea05994a904b6451b8a960b112,1.5987211554602254e-14
16,101,0,BB-RL,11.999999999999991,0.00039323999953921884,0.004546626005321741,2.9189977794885635e-06,0.0049427850026404485,envelope,1,896b480f6b2853eda8220501531468bf2f4f45c85cf52d7b41e8b283e22d725d,8.881784197001252e-15
16,101,0,MAC,9.999999999999995,8.994000381790102e-06,0.006316441009403206,0.0,0.0063254350097849965,path,1,d3a5899bcdc9ef0797e0ae892fa033b127461d09fd42527417b7dce214b80dba,0.0
16,101,1,MAC,9.999999999999995,8.691000402905047e-06,0.006283417998929508,0.0,0.006292108999332413,path,1,d3a5899bcdc9ef0797e0ae892fa033b127461d09fd42527417b7dce214b80dba,0.0
16,101,1,BB-RL,11.999999999999991,0.00035116399521939456,0.004572824007482268,2.854998456314206e-06,0.004926843001157977,envelope,1,896b480f6b2853eda8220501531468bf2f4f45c85cf52d7b41e8b283e22d725d,8.881784197001252e-15
16,101,2,BB-RL,11.999999999999991,0.0003568380052456632,0.004522527000517584,2.8179929358884692e-06,0.004882182998699136,envelope,1,896b480f6b2853eda8220501531468bf2f4f45c85cf52d7b41e8b283e22d725d,8.881784197001252e-15
16,101,2,MAC,9.999999999999995,8.966992027126253e-06,0.0063428849971387535,0.0,0.00635185198916588,path,1,d3a5899bcdc9ef0797e0ae892fa033b127461d09fd42527417b7dce214b80dba,0.0
16,101,3,MAC,9.999999999999995,8.515999070368707e-06,0.006328090996248648,0.0,0.006336606995319016,path,1,d3a5899bcdc9ef0797e0ae892fa033b127461d09fd42527417b7dce214b80dba,0.0
16,101,3,BB-RL,11.999999999999991,0.0003431350050959736,0.004560835994197987,2.964006853289902e-06,0.0049069350061472505,envelope,1,896b480f6b2853eda8220501531468bf2f4f45c85cf52d7b41e8b283e22d725d,8.881784197001252e-15
16,101,4,BB-RL,11.999999999999991,0.0003457280108705163,0.004533799990895204,2.8899958124384284e-06,0.004882417997578159,envelope,1,896b480f6b2853eda8220501531468bf2f4f45c85cf52d7b41e8b283e22d725d,8.881784197001252e-15
16,101,4,MAC,9.999999999999995,8.777991752140224e-06,0.00632072999724187,0.0,0.00632950798899401,path,1,d3a5899bcdc9ef0797e0ae892fa033b127461d09fd42527417b7dce214b80dba,0.0
16,102,0,MAC,9.19806226419516,8.629998774267733e-06,0.0063484889979008585,0.0,0.006357118996675126,path,1,7e8a5153e72f22de0ccdc66ee8a56ce8f5fec1ad489f0d1b474ec4a57a2edf73,3.552713678800501e-15
16,102,0,BB-RL,11.999999999999991,0.000416997994761914,0.00521533600112889,2.9460061341524124e-06,0.005635280002024956,envelope,1,5bd7b3407212af77c8d4ef4cc2f7753f40ba68d09dcf5c28f98b3a0e8dcd8f70,1.7763568394002505e-15
16,102,1,BB-RL,11.999999999999991,0.000349460999132134,0.0051919329998781905,2.8340000426396728e-06,0.005544227999052964,envelope,1,5bd7b3407212af77c8d4ef4cc2f7753f40ba68d09dcf5c28f98b3a0e8dcd8f70,1.7763568394002505e-15
16,102,1,MAC,9.19806226419516,8.962000720202923e-06,0.006330919000902213,0.0,0.006339881001622416,path,1,7e8a5153e72f22de0ccdc66ee8a56ce8f5fec1ad489f0d1b474ec4a57a2edf73,3.552713678800501e-15
16,102,2,MAC,9.19806226419516,8.578004781156778e-06,0.006323351990431547,0.0,0.006331929995212704,path,1,7e8a5153e72f22de0ccdc66ee8a56ce8f5fec1ad489f0d1b474ec4a57a2edf73,3.552713678800501e-15
16,102,2,BB-RL,11.999999999999991,0.0003419450076762587,0.005268637993140146,2.9040093068033457e-06,0.005613487010123208,envelope,1,5bd7b3407212af77c8d4ef4cc2f7753f40ba68d09dcf5c28f98b3a0e8dcd8f70,1.7763568394002505e-15
16,102,3,BB-RL,11.999999999999991,0.00034521499765105546,0.005181903004995547,2.8909998945891857e-06,0.005530009002541192,envelope,1,5bd7b3407212af77c8d4ef4cc2f7753f40ba68d09dcf5c28f98b3a0e8dcd8f70,1.7763568394002505e-15
16,102,3,MAC,9.19806226419516,9.02698957361281e-06,0.0063428630091948435,0.0,0.006351889998768456,path,1,7e8a5153e72f22de0ccdc66ee8a56ce8f5fec1ad489f0d1b474ec4a57a2edf73,3.552713678800501e-15
16,102,4,MAC,9.19806226419516,8.728995453566313e-06,0.006341246000374667,0.0,0.006349974995828234,path,1,7e8a5153e72f22de0ccdc66ee8a56ce8f5fec1ad489f0d1b474ec4a57a2edf73,3.552713678800501e-15
16,102,4,BB-RL,11.999999999999991,0.0003476169949863106,0.005241771999862976,2.964996383525431e-06,0.005592353991232812,envelope,1,5bd7b3407212af77c8d4ef4cc2f7753f40ba68d09dcf5c28f98b3a0e8dcd8f70,1.7763568394002505e-15
16,103,0,BB-RL,12.0,0.00038667798798996955,0.005870319000678137,2.8710055630654097e-06,0.006259867994231172,envelope,1,a2f7f5fbb53096c365e7261bb9def7e02b665bc82ae8b50c5beca8f0edb3754f,1.0658141036401503e-14
16,103,0,MAC,10.56773223554911,8.684990461915731e-06,0.006409806010196917,0.0,0.0064184910006588325,path,1,63e1c07aa64215c3f568e50de2bcb1fcb64ad480644f07bf8295750675b9ccdf,0.0
16,103,1,MAC,10.56773223554911,8.522998541593552e-06,0.006503865995910019,0.0,0.006512388994451612,path,1,63e1c07aa64215c3f568e50de2bcb1fcb64ad480644f07bf8295750675b9ccdf,0.0
16,103,1,BB-RL,12.0,0.0003474749973975122,0.005891364999115467,2.9610091587528586e-06,0.006241801005671732,envelope,1,a2f7f5fbb53096c365e7261bb9def7e02b665bc82ae8b50c5beca8f0edb3754f,1.0658141036401503e-14
16,103,2,BB-RL,12.0,0.0003528809902491048,0.005844364000950009,2.9369984986260533e-06,0.0062001819896977395,envelope,1,a2f7f5fbb53096c365e7261bb9def7e02b665bc82ae8b50c5beca8f0edb3754f,1.0658141036401503e-14
16,103,2,MAC,10.56773223554911,8.832008461467922e-06,0.006306697003310546,0.0,0.006315529011772014,path,1,63e1c07aa64215c3f568e50de2bcb1fcb64ad480644f07bf8295750675b9ccdf,0.0
16,103,3,MAC,10.56773223554911,8.584000170230865e-06,0.006289776007179171,0.0,0.006298360007349402,path,1,63e1c07aa64215c3f568e50de2bcb1fcb64ad480644f07bf8295750675b9ccdf,0.0
16,103,3,BB-RL,12.0,0.0003438359999563545,0.005904875986743718,2.863002009689808e-06,0.006251574988709763,envelope,1,a2f7f5fbb53096c365e7261bb9def7e02b665bc82ae8b50c5beca8f0edb3754f,1.0658141036401503e-14
16,103,4,BB-RL,12.0,0.00035161500272806734,0.005839436998940073,2.8750073397532105e-06,0.0061939270090078935,envelope,1,a2f7f5fbb53096c365e7261bb9def7e02b665bc82ae8b50c5beca8f0edb3754f,1.0658141036401503e-14
16,103,4,MAC,10.56773223554911,8.86899942997843e-06,0.006420014993636869,0.0,0.006428883993066847,path,1,63e1c07aa64215c3f568e50de2bcb1fcb64ad480644f07bf8295750675b9ccdf,0.0
16,104,0,MAC,8.999999999999995,8.611998055130243e-06,0.006298460008110851,0.0,0.006307072006165981,path,1,cd6259e9fe7a3b8f1620ccf49061dfca70cd3b8ccc73465e5965af0e6b31546c,0.0
16,104,0,BB-RL,11.999999999999993,0.0004093470051884651,0.006563524002558552,2.810003934428096e-06,0.006975681011681445,envelope,1,4c0a4253b757ca1f507c3b859ae1aae658ed2f0e8ca0be12900363afe33f5557,7.105427357601002e-15
16,104,1,BB-RL,11.999999999999993,0.000354824005626142,0.006505005992949009,2.872999175451696e-06,0.006862702997750603,envelope,1,4c0a4253b757ca1f507c3b859ae1aae658ed2f0e8ca0be12900363afe33f5557,7.105427357601002e-15
16,104,1,MAC,8.999999999999995,8.821007213555276e-06,0.006293578990153037,0.0,0.006302399997366592,path,1,cd6259e9fe7a3b8f1620ccf49061dfca70cd3b8ccc73465e5965af0e6b31546c,0.0
16,104,2,MAC,8.999999999999995,8.557006367482245e-06,0.006272273996728472,0.0,0.006280831003095955,path,1,cd6259e9fe7a3b8f1620ccf49061dfca70cd3b8ccc73465e5965af0e6b31546c,0.0
16,104,2,BB-RL,11.999999999999993,0.0003553080023266375,0.006565121002495289,2.8030044632032514e-06,0.00692323200928513,envelope,1,4c0a4253b757ca1f507c3b859ae1aae658ed2f0e8ca0be12900363afe33f5557,7.105427357601002e-15
16,104,3,BB-RL,11.999999999999993,0.00034672800393309444,0.006506246005301364,2.977001713588834e-06,0.006855951010948047,envelope,1,4c0a4253b757ca1f507c3b859ae1aae658ed2f0e8ca0be12900363afe33f5557,7.105427357601002e-15
16,104,3,MAC,8.999999999999995,8.910006727091968e-06,0.006306801995378919,0.0,0.006315712002106011,path,1,cd6259e9fe7a3b8f1620ccf49061dfca70cd3b8ccc73465e5965af0e6b31546c,0.0
16,104,4,MAC,8.999999999999995,8.464005077257752e-06,0.006301502988208085,0.0,0.006309966993285343,path,1,cd6259e9fe7a3b8f1620ccf49061dfca70cd3b8ccc73465e5965af0e6b31546c,0.0
16,104,4,BB-RL,11.999999999999993,0.00034460300230421126,0.006611228003748693,2.9910006560385227e-06,0.006958822006708942,envelope,1,4c0a4253b757ca1f507c3b859ae1aae658ed2f0e8ca0be12900363afe33f5557,7.105427357601002e-15
16,105,0,BB-RL,13.0,0.0004088460118509829,0.000314203993184492,2.7740024961531162e-06,0.000725824007531628,envelope,1,b9e01b27c171ca45b1d01db7751ec870e5c792ab27e7145eea30d8c14f32f3b6,1.7763568394002505e-14
16,105,0,MAC,10.999999999999998,8.895003702491522e-06,0.006280531000811607,0.0,0.006289426004514098,path,1,0fadd75276c46a0a2444c7d9516a8128f5eb9af7f62576e466a808419a2bbdc2,3.552713678800501e-15
16,105,1,MAC,10.999999999999998,1.6788995708338916e-05,0.006241508002858609,0.0,0.006258296998566948,path,1,0fadd75276c46a0a2444c7d9516a8128f5eb9af7f62576e466a808419a2bbdc2,3.552713678800501e-15
16,105,1,BB-RL,13.0,0.00036473000363912433,0.00032046300475485623,2.9099901439622045e-06,0.0006881029985379428,envelope,1,b9e01b27c171ca45b1d01db7751ec870e5c792ab27e7145eea30d8c14f32f3b6,1.7763568394002505e-14
16,105,2,BB-RL,13.0,0.00036119100695941597,0.000292084994725883,2.7070054784417152e-06,0.0006559830071637407,envelope,1,b9e01b27c171ca45b1d01db7751ec870e5c792ab27e7145eea30d8c14f32f3b6,1.7763568394002505e-14
16,105,2,MAC,10.999999999999998,8.729010005481541e-06,0.006296320992987603,0.0,0.0063050500029930845,path,1,0fadd75276c46a0a2444c7d9516a8128f5eb9af7f62576e466a808419a2bbdc2,3.552713678800501e-15
16,105,3,MAC,10.999999999999998,8.563001756556332e-06,0.006284360002609901,0.0,0.0062929230043664575,path,1,0fadd75276c46a0a2444c7d9516a8128f5eb9af7f62576e466a808419a2bbdc2,3.552713678800501e-15
16,105,3,BB-RL,13.0,0.00037040701135993004,0.0003210419963579625,2.82199471257627e-06,0.0006942710024304688,envelope,1,b9e01b27c171ca45b1d01db7751ec870e5c792ab27e7145eea30d8c14f32f3b6,1.7763568394002505e-14
16,105,4,BB-RL,13.0,0.00035703700268641114,0.00027966700145043433,2.8170034056529403e-06,0.0006395210075424984,envelope,1,b9e01b27c171ca45b1d01db7751ec870e5c792ab27e7145eea30d8c14f32f3b6,1.7763568394002505e-14
16,105,4,MAC,10.999999999999998,8.713002898730338e-06,0.0062754359969403595,0.0,0.00628414899983909,path,1,0fadd75276c46a0a2444c7d9516a8128f5eb9af7f62576e466a808419a2bbdc2,3.552713678800501e-15
16,107,0,BB-RL,12.999999999999995,0.0004390190006233752,0.002530436002416536,2.8139911592006683e-06,0.002972268994199112,envelope,1,8d13015d757489902083ad0a1c17c847a2d62ad3fb127dd3210efa982245908e,0.0
16,107,0,MAC,10.06814834742186,8.926988812163472e-06,0.006258492008782923,0.0,0.006267418997595087,path,1,170244cd26191acc08f7b7afde0d073367309ea7b3bb4a6fcfffec1483904285,3.552713678800501e-15
16,107,1,MAC,10.06814834742186,8.364004315808415e-06,0.006215714005520567,0.0,0.006224078009836376,path,1,170244cd26191acc08f7b7afde0d073367309ea7b3bb4a6fcfffec1483904285,3.552713678800501e-15
16,107,1,BB-RL,12.999999999999995,0.0003784790023928508,0.002543868002248928,2.8349895728752017e-06,0.002925181994214654,envelope,1,8d13015d757489902083ad0a1c17c847a2d62ad3fb127dd3210efa982245908e,0.0
16,107,2,BB-RL,12.999999999999995,0.00036186398938298225,0.0025337830011267215,2.9619986889883876e-06,0.002898608989198692,envelope,1,8d13015d757489902083ad0a1c17c847a2d62ad3fb127dd3210efa982245908e,0.0
16,107,2,MAC,10.06814834742186,8.906994480639696e-06,0.0062515470053767785,0.0,0.006260453999857418,path,1,170244cd26191acc08f7b7afde0d073367309ea7b3bb4a6fcfffec1483904285,3.552713678800501e-15
16,107,3,MAC,10.06814834742186,8.467992302030325e-06,0.006249033001950011,0.0,0.006257500994252041,path,1,170244cd26191acc08f7b7afde0d073367309ea7b3bb4a6fcfffec1483904285,3.552713678800501e-15
16,107,3,BB-RL,12.999999999999995,0.0003670739970402792,0.0025689409958431497,2.9710063245147467e-06,0.0029389859992079437,envelope,1,8d13015d757489902083ad0a1c17c847a2d62ad3fb127dd3210efa982245908e,0.0
16,107,4,BB-RL,12.999999999999995,0.0003627179976319894,0.002525828007492237,2.943997969850898e-06,0.002891490003094077,envelope,1,8d13015d757489902083ad0a1c17c847a2d62ad3fb127dd3210efa982245908e,0.0
16,107,4,MAC,10.06814834742186,8.89599323272705e-06,0.006246951001230627,0.0,0.006255846994463354,path,1,170244cd26191acc08f7b7afde0d073367309ea7b3bb4a6fcfffec1483904285,3.552713678800501e-15
16,108,0,MAC,10.697224362268011,8.69399809744209e-06,0.006251001002965495,0.0,0.006259695001062937,path,1,aaf12341c167abbcf9a5ad565854f6c1a7e47cec060f376089f94c31b8e007b1,5.329070518200751e-15
16,108,0,BB-RL,12.99999999999999,0.0004437409952515736,0.003202249004971236,2.8619979275390506e-06,0.0036488519981503487,envelope,1,2a73972f78fc9df885a723b52b7afba221273426ebbd35be5628849d73493b45,0.0
16,108,1,BB-RL,12.99999999999999,0.0003629460115917027,0.0032049849978648126,2.849992597475648e-06,0.003570781002053991,envelope,1,2a73972f78fc9df885a723b52b7afba221273426ebbd35be5628849d73493b45,0.0
16,108,1,MAC,10.697224362268011,8.632006938569248e-06,0.00629242199647706,0.0,0.006301054003415629,path,1,aaf12341c167abbcf9a5ad565854f6c1a7e47cec060f376089f94c31b8e007b1,5.329070518200751e-15
16,108,2,MAC,10.697224362268011,8.570990758016706e-06,0.0062576860073022544,0.0,0.006266256998060271,path,1,aaf12341c167abbcf9a5ad565854f6c1a7e47cec060f376089f94c31b8e007b1,5.329070518200751e-15
16,108,2,BB-RL,12.99999999999999,0.0003723289992194623,0.0032236690021818504,2.939996193163097e-06,0.0035989379975944757,envelope,1,2a73972f78fc9df885a723b52b7afba221273426ebbd35be5628849d73493b45,0.0
16,108,3,BB-RL,12.99999999999999,0.00036712500150315464,0.003195840006810613,2.886998117901385e-06,0.003565852006431669,envelope,1,2a73972f78fc9df885a723b52b7afba221273426ebbd35be5628849d73493b45,0.0
16,108,3,MAC,10.697224362268011,8.852002792991698e-06,0.006276660002185963,0.0,0.006285512004978955,path,1,aaf12341c167abbcf9a5ad565854f6c1a7e47cec060f376089f94c31b8e007b1,5.329070518200751e-15
16,108,4,MAC,10.697224362268011,8.825998520478606e-06,0.006263261006097309,0.0,0.006272087004617788,path,1,aaf12341c167abbcf9a5ad565854f6c1a7e47cec060f376089f94c31b8e007b1,5.329070518200751e-15
16,108,4,BB-RL,12.99999999999999,0.0003693430044222623,0.0032244059984805062,2.959000994451344e-06,0.00359670800389722,envelope,1,2a73972f78fc9df885a723b52b7afba221273426ebbd35be5628849d73493b45,0.0
16,109,0,BB-RL,12.99999999999999,0.0004070249997312203,0.0038524950068676844,2.8670037863776088e-06,0.004262387010385282,envelope,1,c8f43e04873a28a1b250b54c50088de46563c15ae0485f3d3ef10aab9f43060b,1.7763568394002505e-15
16,109,0,MAC,10.999999999999998,8.978007826954126e-06,0.006257155997445807,0.0,0.006266134005272761,path,1,f72701530a4f2f115278db8ab1d194dc2d69fd587884e8a077debda8bc36a7c7,3.552713678800501e-15
16,109,1,MAC,10.999999999999998,8.51000368129462e-06,0.006231357998331077,0.0,0.006239868002012372,path,1,f72701530a4f2f115278db8ab1d194dc2d69fd587884e8a077debda8bc36a7c7,3.552713678800501e-15
16,109,1,BB-RL,12.99999999999999,0.0003689639997901395,0.00389586400706321,2.8059876058250666e-06,0.004267633994459175,envelope,1,c8f43e04873a28a1b250b54c50088de46563c15ae0485f3d3ef10aab9f43060b,1.7763568394002505e-15
16,109,2,BB-RL,12.99999999999999,0.00036564799665939063,0.003844848004519008,2.900007530115545e-06,0.004213396008708514,envelope,1,c8f43e04873a28a1b250b54c50088de46563c15ae0485f3d3ef10aab9f43060b,1.7763568394002505e-15
16,109,2,MAC,10.999999999999998,8.659000741317868e-06,0.006263946008402854,0.0,0.006272605009144172,path,1,f72701530a4f2f115278db8ab1d194dc2d69fd587884e8a077debda8bc36a7c7,3.552713678800501e-15
16,109,3,MAC,10.999999999999998,1.7102007404901087e-05,0.0062641559925395995,0.0,0.006281257999944501,path,1,f72701530a4f2f115278db8ab1d194dc2d69fd587884e8a077debda8bc36a7c7,3.552713678800501e-15
16,109,3,BB-RL,12.99999999999999,0.0003694360057124868,0.003902409996953793,2.8600043151527643e-06,0.0042747060069814324,envelope,1,c8f43e04873a28a1b250b54c50088de46563c15ae0485f3d3ef10aab9f43060b,1.7763568394002505e-15
16,109,4,BB-RL,12.99999999999999,0.00040400899888481945,0.0038573979982174933,2.939996193163097e-06,0.004264346993295476,envelope,1,c8f43e04873a28a1b250b54c50088de46563c15ae0485f3d3ef10aab9f43060b,1.7763568394002505e-15
16,109,4,MAC,10.999999999999998,8.916002116166055e-06,0.00623894200543873,0.0,0.006247858007554896,path,1,f72701530a4f2f115278db8ab1d194dc2d69fd587884e8a077debda8bc36a7c7,3.552713678800501e-15
16,110,0,MAC,9.999999999999998,9.903000318445265e-06,0.006191057007526979,0.0,0.006200960007845424,path,1,977e4a1a7c277535cca671448dcd1dfb87296f76c7458c70c977f1b48eeefcef,1.7763568394002505e-15
16,110,0,BB-RL,12.999999999999993,0.00037204899126663804,0.004565821000142023,2.8800131985917687e-06,0.004940750004607253,envelope,1,99b425ba656a763117a93010dc4d7b70ceebab3b3729785a86ddc2ee4eedd342,0.0
16,110,1,BB-RL,12.999999999999993,0.00036367800203152,0.004512500003329478,2.888991730287671e-06,0.004879066997091286,envelope,1,99b425ba656a763117a93010dc4d7b70ceebab3b3729785a86ddc2ee4eedd342,0.0
16,110,1,MAC,9.999999999999998,9.12499672267586e-06,0.006247049997909926,0.0,0.006256174994632602,path,1,977e4a1a7c277535cca671448dcd1dfb87296f76c7458c70c977f1b48eeefcef,1.7763568394002505e-15
16,110,2,MAC,9.999999999999998,8.906004950404167e-06,0.006230932995094918,0.0,0.006239839000045322,path,1,977e4a1a7c277535cca671448dcd1dfb87296f76c7458c70c977f1b48eeefcef,1.7763568394002505e-15
16,110,2,BB-RL,12.999999999999993,0.0003696200001286343,0.0045686259982176125,2.820001100189984e-06,0.004941065999446437,envelope,1,99b425ba656a763117a93010dc4d7b70ceebab3b3729785a86ddc2ee4eedd342,0.0
16,110,3,BB-RL,12.999999999999993,0.00037479698949027807,0.004509708000114188,3.025008481927216e-06,0.004887529998086393,envelope,1,99b425ba656a763117a93010dc4d7b70ceebab3b3729785a86ddc2ee4eedd342,0.0
16,110,3,MAC,9.999999999999998,8.778006304055452e-06,0.006259709989535622,0.0,0.006268487995839678,path,1,977e4a1a7c277535cca671448dcd1dfb87296f76c7458c70c977f1b48eeefcef,1.7763568394002505e-15
16,110,4,MAC,9.999999999999998,8.517992682754993e-06,0.006223872012924403,0.0,0.006232390005607158,path,1,977e4a1a7c277535cca671448dcd1dfb87296f76c7458c70c977f1b48eeefcef,1.7763568394002505e-15
16,110,4,BB-RL,12.999999999999993,0.000541721994522959,0.004530350008280948,2.906992449425161e-06,0.005074978995253332,envelope,1,99b425ba656a763117a93010dc4d7b70ceebab3b3729785a86ddc2ee4eedd342,0.0
16,111,0,BB-RL,13.0,0.0003584139922168106,0.0051729570113820955,2.863991539925337e-06,0.0055342349951388314,envelope,1,95d77b886e226f89f3b9bd7f4e7e8be2fc3eea6418bbdb3c8030d1bf95916699,5.329070518200751e-15
16,111,0,MAC,10.892903623274526,8.930001058615744e-06,0.0062444110080832615,0.0,0.006253341009141877,path,1,6798e122223b8ac35785c73f9060e059e93cd182d3f01ffa7f5e8ce28b02e57d,1.7763568394002505e-15
16,111,1,MAC,10.892903623274526,8.650997187942266e-06,0.00621646799845621,0.0,0.006225118995644152,path,1,6798e122223b8ac35785c73f9060e059e93cd182d3f01ffa7f5e8ce28b02e57d,1.7763568394002505e-15
16,111,1,BB-RL,13.0,0.00037809700006619096,0.005217780009843409,2.9520015232264996e-06,0.0055988290114328265,envelope,1,95d77b886e226f89f3b9bd7f4e7e8be2fc3eea6418bbdb3c8030d1bf95916699,5.329070518200751e-15
16,111,2,BB-RL,13.0,0.0003703520051203668,0.005171113996766508,2.872999175451696e-06,0.005544339001062326,envelope,1,95d77b886e226f89f3b9bd7f4e7e8be2fc3eea6418bbdb3c8030d1bf95916699,5.329070518200751e-15
16,111,2,MAC,10.892903623274526,8.830000297166407e-06,0.006216227004188113,0.0,0.006225057004485279,path,1,6798e122223b8ac35785c73f9060e059e93cd182d3f01ffa7f5e8ce28b02e57d,1.7763568394002505e-15
16,111,3,MAC,10.892903623274526,8.892006007954478e-06,0.006207264988915995,0.0,0.006216156994923949,path,1,6798e122223b8ac35785c73f9060e059e93cd182d3f01ffa7f5e8ce28b02e57d,1.7763568394002505e-15
16,111,3,BB-RL,13.0,0.0003664760006358847,0.005236826007603668,2.8469949029386044e-06,0.005606149003142491,envelope,1,95d77b886e226f89f3b9bd7f4e7e8be2fc3eea6418bbdb3c8030d1bf95916699,5.329070518200751e-15
16,111,4,BB-RL,13.0,0.00040450300730299205,0.005174317993805744,3.0230003176257014e-06,0.0055818440014263615,envelope,1,95d77b886e226f89f3b9bd7f4e7e8be2fc3eea6418bbdb3c8030d1bf95916699,5.329070518200751e-15
16,111,4,MAC,10.892903623274526,8.799004717729986e-06,0.006228992002434097,0.0,0.006237791007151827,path,1,6798e122223b8ac35785c73f9060e059e93cd182d3f01ffa7f5e8ce28b02e57d,1.7763568394002505e-15
16,112,0,MAC,12.381966011250103,8.600996807217598e-06,0.006233184001757763,0.0,0.006241784998564981,path,1,9f8f1a5e854f2281fa53f7c4d493ea729ae8126d3a2bc8a231703c00d6f66f8a,3.552713678800501e-15
16,112,0,BB-RL,14.0,0.00040206398989539593,0.00030372501350939274,2.8340000426396728e-06,0.0007086230034474283,envelope,1,cf08c5ec801ba0d3a66e7ea2b55ab757c566bc67b6ccf4b034db0c23cd2cfbad,1.2434497875801753e-14
16,112,1,BB-RL,14.0,0.00037643300311174244,0.0002808450080920011,2.602988388389349e-06,0.0006598809995921329,envelope,1,cf08c5ec801ba0d3a66e7ea2b55ab757c566bc67b6ccf4b034db0c23cd2cfbad,1.2434497875801753e-14
16,112,1,MAC,12.381966011250103,8.564995368942618e-06,0.0062279999983729795,0.0,0.006236564993741922,path,1,9f8f1a5e854f2281fa53f7c4d493ea729ae8126d3a2bc8a231703c00d6f66f8a,3.552713678800501e-15
16,112,2,MAC,12.381966011250103,8.606002666056156e-06,0.006218088994501159,0.0,0.006226694997167215,path,1,9f8f1a5e854f2281fa53f7c4d493ea729ae8126d3a2bc8a231703c00d6f66f8a,3.552713678800501e-15
16,112,2,BB-RL,14.0,0.0003990050026914105,0.000304394998238422,2.743006916716695e-06,0.0007061430078465492,envelope,1,cf08c5ec801ba0d3a66e7ea2b55ab757c566bc67b6ccf4b034db0c23cd2cfbad,1.2434497875801753e-14
16,112,3,BB-RL,14.0,0.00042804300028365105,0.00029144099971745163,2.596003469079733e-06,0.0007220800034701824,envelope,1,cf08c5ec801ba0d3a66e7ea2b55ab757c566bc67b6ccf4b034db0c23cd2cfbad,1.2434497875801753e-14
16,112,3,MAC,12.381966011250103,8.641000022180378e-06,0.006252927996683866,0.0,0.006261568996706046,path,1,9f8f1a5e854f2281fa53f7c4d493ea729ae8126d3a2bc8a231703c00d6f66f8a,3.552713678800501e-15
16,112,4,MAC,12.381966011250103,8.484988939017057e-06,0.006223567004781216,0.0,0.0062320519937202334,path,1,9f8f1a5e854f2281fa53f7c4d493ea729ae8126d3a2bc8a231703c00d6f66f8a,3.552713678800501e-15
16,112,4,BB-RL,14.0,0.00039849399763625115,0.00030361600511241704,2.7990026865154505e-06,0.0007049090054351836,envelope,1,cf08c5ec801ba0d3a66e7ea2b55ab757c566bc67b6ccf4b034db0c23cd2cfbad,1.2434497875801753e-14
16,113,0,BB-RL,13.99999999999999,0.0003883260069414973,0.0018559289892436936,2.9120128601789474e-06,0.00224716700904537,envelope,1,c1c48ee708dad5d3622833055f017dc5ec0748cab30f733d02ed51e4ca955bdd,5.329070518200751e-15
16,113,0,MAC,12.585786437626906,8.96300480235368e-06,0.0062704309966648,0.0,0.006279394001467153,path,1,31feedc78affcac79edce84db1be39fbcd053fedf8365a9f2f6e46026ab435ed,5.329070518200751e-15
16,113,1,MAC,12.585786437626906,8.600996807217598e-06,0.0062557490018662065,0.0,0.006264349998673424,path,1,31feedc78affcac79edce84db1be39fbcd053fedf8365a9f2f6e46026ab435ed,5.329070518200751e-15
16,113,1,BB-RL,13.99999999999999,0.00039792299503460526,0.001866292004706338,2.9429938877001405e-06,0.0022671579936286435,envelope,1,c1c48ee708dad5d3622833055f017dc5ec0748cab30f733d02ed51e4ca955bdd,5.329070518200751e-15
16,113,2,BB-RL,13.99999999999999,0.0003879260038957,0.0018476919940439984,2.977001713588834e-06,0.0022385949996532872,envelope,1,c1c48ee708dad5d3622833055f017dc5ec0748cab30f733d02ed51e4ca955bdd,5.329070518200751e-15
16,113,2,MAC,12.585786437626906,8.691000402905047e-06,0.006290285993600264,0.0,0.006298976994003169,path,1,31feedc78affcac79edce84db1be39fbcd053fedf8365a9f2f6e46026ab435ed,5.329070518200751e-15
16,113,3,MAC,12.585786437626906,8.710994734428823e-06,0.0062703180010430515,0.0,0.00627902899577748,path,1,31feedc78affcac79edce84db1be39fbcd053fedf8365a9f2f6e46026ab435ed,5.329070518200751e-15
16,113,3,BB-RL,13.99999999999999,0.0004556010098895058,0.0018552260007709265,2.829998265951872e-06,0.002313657008926384,envelope,1,c1c48ee708dad5d3622833055f017dc5ec0748cab30f733d02ed51e4ca955bdd,5.329070518200751e-15
16,113,4,BB-RL,13.99999999999999,0.0003871349908877164,0.0018440780113451183,2.8059876058250666e-06,0.0022340189898386598,envelope,1,c1c48ee708dad5d3622833055f017dc5ec0748cab30f733d02ed51e4ca955bdd,5.329070518200751e-15
16,113,4,MAC,12.585786437626906,8.807997801341116e-06,0.006273506005527452,0.0,0.006282314003328793,path,1,31feedc78affcac79edce84db1be39fbcd053fedf8365a9f2f6e46026ab435ed,5.329070518200751e-15
16,114,0,MAC,11.829913513373972,8.893010090105236e-06,0.00625045299238991,0.0,0.006259346002480015,path,1,544c7b3196fc6d37f44a43757de082a63af3ed9d55a4395e001aada90e7ac015,1.2434497875801753e-14
16,114,0,BB-RL,13.999999999999991,0.0003909560036845505,0.0025446929939789698,2.786997356452048e-06,0.0029384359950199723,envelope,1,32796f84c629f5f9f6c5259a9db2198cfb82291000d3e6e25035111afa991b8c,5.329070518200751e-15
16,114,1,BB-RL,13.999999999999991,0.0003885990008711815,0.002514635998522863,2.9189977794885635e-06,0.002906153997173533,envelope,1,32796f84c629f5f9f6c5259a9db2198cfb82291000d3e6e25035111afa991b8c,5.329070518200751e-15
16,114,1,MAC,11.829913513373972,8.779999916441739e-06,0.006279416993493214,0.0,0.006288196993409656,path,1,544c7b3196fc6d37f44a43757de082a63af3ed9d55a4395e001aada90e7ac015,1.2434497875801753e-14
16,114,2,MAC,11.829913513373972,8.627990609966218e-06,0.006236982007976621,0.0,0.006245609998586588,path,1,544c7b3196fc6d37f44a43757de082a63af3ed9d55a4395e001aada90e7ac015,1.2434497875801753e-14
16,114,2,BB-RL,13.999999999999991,0.00046029500663280487,0.0025186989951180294,2.92099139187485e-06,0.002981914993142709,envelope,1,32796f84c629f5f9f6c5259a9db2198cfb82291000d3e6e25035111afa991b8c,5.329070518200751e-15
16,114,3,BB-RL,13.999999999999991,0.00037953199353069067,0.0025090429990086704,2.892003976739943e-06,0.002891466996516101,envelope,1,32796f84c629f5f9f6c5259a9db2198cfb82291000d3e6e25035111afa991b8c,5.329070518200751e-15
16,114,3,MAC,11.829913513373972,8.646005881018937e-06,0.006248474994208664,0.0,0.006257121000089683,path,1,544c7b3196fc6d37f44a43757de082a63af3ed9d55a4395e001aada90e7ac015,1.2434497875801753e-14
16,114,4,MAC,11.829913513373972,8.388000424019992e-06,0.006247896992135793,0.0,0.006256284992559813,path,1,544c7b3196fc6d37f44a43757de082a63af3ed9d55a4395e001aada90e7ac015,1.2434497875801753e-14
16,114,4,BB-RL,13.999999999999991,0.0003923839976778254,0.0025529690028633922,2.959000994451344e-06,0.002948312001535669,envelope,1,32796f84c629f5f9f6c5259a9db2198cfb82291000d3e6e25035111afa991b8c,5.329070518200751e-15
16,115,0,BB-RL,13.999999999999993,0.00037815199175383896,0.0031791410001460463,2.91600008495152e-06,0.0035602089919848368,envelope,1,fc3f5f73fb131c842ad2693896879f934cedbfd4669e60dac2e81c4441ed46da,1.7763568394002505e-15
16,115,0,MAC,12.0,9.057999704964459e-06,0.006248149002203718,0.0,0.006257207001908682,path,1,7a7d5f7554b3acfff58bfc261e424321e0608e4c1016760c5dcae80d9ade1ea7,8.881784197001252e-15
16,115,1,MAC,12.0,8.450995665043592e-06,0.006247846991755068,0.0,0.006256297987420112,path,1,7a7d5f7554b3acfff58bfc261e424321e0608e4c1016760c5dcae80d9ade1ea7,8.881784197001252e-15
16,115,1,BB-RL,13.999999999999993,0.0004008599935332313,0.0031953750003594905,2.821005182340741e-06,0.0035990559990750626,envelope,1,fc3f5f73fb131c842ad2693896879f934cedbfd4669e60dac2e81c4441ed46da,1.7763568394002505e-15
16,115,2,BB-RL,13.999999999999993,0.000424229001509957,0.003175600999384187,2.782995579764247e-06,0.0036026129964739084,envelope,1,fc3f5f73fb131c842ad2693896879f934cedbfd4669e60dac2e81c4441ed46da,1.7763568394002505e-15
16,115,2,MAC,12.0,1.8185994122177362e-05,0.006243379000807181,0.0,0.006261564994929358,path,1,7a7d5f7554b3acfff58bfc261e424321e0608e4c1016760c5dcae80d9ade1ea7,8.881784197001252e-15
16,115,3,MAC,12.0,8.69498762767762e-06,0.00621383600810077,0.0,0.006222530995728448,path,1,7a7d5f7554b3acfff58bfc261e424321e0608e4c1016760c5dcae80d9ade1ea7,8.881784197001252e-15
16,115,3,BB-RL,13.999999999999993,0.0004090910078957677,0.0032101889955811203,2.810003934428096e-06,0.003622090007411316,envelope,1,fc3f5f73fb131c842ad2693896879f934cedbfd4669e60dac2e81c4441ed46da,1.7763568394002505e-15
16,115,4,BB-RL,13.999999999999993,0.00039018900133669376,0.00318138200964313,2.9279908630996943e-06,0.0035744990018429235,envelope,1,fc3f5f73fb131c842ad2693896879f934cedbfd4669e60dac2e81c4441ed46da,1.7763568394002505e-15
16,115,4,MAC,12.0,8.832008461467922e-06,0.006239392998395488,0.0,0.006248225006856956,path,1,7a7d5f7554b3acfff58bfc261e424321e0608e4c1016760c5dcae80d9ade1ea7,8.881784197001252e-15
16,116,0,MAC,12.0,8.539995178580284e-06,0.006198935996508226,0.0,0.006207475991686806,path,1,bbfe0dfa9c8f0715103d0c4788b49d333a144986f643c13de15face11bae564a,1.0658141036401503e-14
16,116,0,BB-RL,13.999999999999993,0.00040463900950271636,0.0038675879914080724,2.868007868528366e-06,0.004275095008779317,envelope,1,cd2258c2b6a34da0aa6261381f493889094591d4a745367f3075b378de42d6ad,0.0
16,116,1,BB-RL,13.999999999999993,0.00041943999531213194,0.0038470500003313646,2.8810027288272977e-06,0.004269370998372324,envelope,1,cd2258c2b6a34da0aa6261381f493889094591d4a745367f3075b378de42d6ad,0.0
16,116,1,MAC,12.0,8.742004865780473e-06,0.006222500989679247,0.0,0.006231242994545028,path,1,bbfe0dfa9c8f0715103d0c4788b49d333a144986f643c13de15face11bae564a,1.0658141036401503e-14
16,116,2,MAC,12.0,8.522998541593552e-06,0.006225132005056366,0.0,0.00623365500359796,path,1,bbfe0dfa9c8f0715103d0c4788b49d333a144986f643c13de15face11bae564a,1.0658141036401503e-14
16,116,2,BB-RL,13.999999999999993,0.000403098005335778,0.0038611589989159256,2.9609946068376303e-06,0.004267217998858541,envelope,1,cd2258c2b6a34da0aa6261381f493889094591d4a745367f3075b378de42d6ad,0.0
16,116,3,BB-RL,13.999999999999993,0.00037948899262119085,0.00383174599846825,2.8650101739913225e-06,0.004214100001263432,envelope,1,cd2258c2b6a34da0aa6261381f493889094591d4a745367f3075b378de42d6ad,0.0
16,116,3,MAC,12.0,8.81501182448119e-06,0.006213909000507556,0.0,0.006222724012332037,path,1,bbfe0dfa9c8f0715103d0c4788b49d333a144986f643c13de15face11bae564a,1.0658141036401503e-14
16,116,4,MAC,12.0,8.661008905619383e-06,0.00620772699767258,0.0,0.0062163880065781996,path,1,bbfe0dfa9c8f0715103d0c4788b49d333a144986f643c13de15face11bae564a,1.0658141036401503e-14
16,116,4,BB-RL,13.999999999999993,0.00039235300209838897,0.003874085989082232,2.8130016289651394e-06,0.004269251992809586,envelope,1,cd2258c2b6a34da0aa6261381f493889094591d4a745367f3075b378de42d6ad,0.0
16,117,0,BB-RL,13.999999999999993,0.00037746899761259556,0.004492182008107193,2.9609946068376303e-06,0.004872612000326626,envelope,1,2f766e4cd1802afb64063560ca832b2ba4d04ef7636b0f779af25cf37187551e,5.329070518200751e-15
16,117,0,MAC,12.999999999999998,8.838993380777538e-06,0.006202275006216951,0.0,0.006211113999597728,path,1,397acbf8fc25bb6e9923c79bba3be4ce470f23afe9fbb850bd4fd063f9f58a48,5.329070518200751e-15
16,117,1,MAC,12.999999999999998,8.58600833453238e-06,0.006203632990946062,0.0,0.006212218999280594,path,1,397acbf8fc25bb6e9923c79bba3be4ce470f23afe9fbb850bd4fd063f9f58a48,5.329070518200751e-15
16,117,1,BB-RL,13.999999999999993,0.00045919499825686216,0.004515900989645161,2.8570066206157207e-06,0.004977952994522639,envelope,1,2f766e4cd1802afb64063560ca832b2ba4d04ef7636b0f779af25cf37187551e,5.329070518200751e-15
16,117,2,BB-RL,13.999999999999993,0.00038012900040484965,0.004487117999815382,2.731001586653292e-06,0.004869978001806885,envelope,1,2f766e4cd1802afb64063560ca832b2ba4d04ef7636b0f779af25cf37187551e,5.329070518200751e-15
16,117,2,MAC,12.999999999999998,8.834991604089737e-06,0.006204995006555691,0.0,0.006213829998159781,path,1,397acbf8fc25bb6e9923c79bba3be4ce470f23afe9fbb850bd4fd063f9f58a48,5.329070518200751e-15
16,117,3,MAC,12.999999999999998,8.716000593267381e-06,0.00619793200166896,0.0,0.006206648002262227,path,1,397acbf8fc25bb6e9923c79bba3be4ce470f23afe9fbb850bd4fd063f9f58a48,5.329070518200751e-15
16,117,3,BB-RL,13.999999999999993,0.00039439499960280955,0.004518795001786202,2.900007530115545e-06,0.004916090008919127,envelope,1,2f766e4cd1802afb64063560ca832b2ba4d04ef7636b0f779af25cf37187551e,5.329070518200751e-15
16,117,4,BB-RL,13.999999999999993,0.00037865000194869936,0.0045051929919281974,2.8740032576024532e-06,0.004886716997134499,envelope,1,2f766e4cd1802afb64063560ca832b2ba4d04ef7636b0f779af25cf37187551e,5.329070518200751e-15
16,117,4,MAC,12.999999999999998,9.122013580054045e-06,0.006225075994734652,0.0,0.006234198008314706,path,1,397acbf8fc25bb6e9923c79bba3be4ce470f23afe9fbb850bd4fd063f9f58a48,5.329070518200751e-15
16,118,0,MAC,14.0,8.663992048241198e-06,0.006214136999915354,0.0,0.006222800991963595,path,1,86dc36e056910804050f31b4eb75347443cbef3533680f6dfeaf5a075fcb79cc,1.7763568394002505e-15
16,118,0,BB-RL,13.999999999999993,0.0004591670003719628,0.005150753000634722,2.7909991331398487e-06,0.005612711000139825,envelope,1,77715032011003d681ef50ffcf1fddc228d92f9c251ea454f0efed0731aee809,3.552713678800501e-15
16,118,1,BB-RL,13.999999999999993,0.00038351400871761143,0.005135550003615208,2.951986971311271e-06,0.005522015999304131,envelope,1,77715032011003d681ef50ffcf1fddc228d92f9c251ea454f0efed0731aee809,3.552713678800501e-15
16,118,1,MAC,14.0,8.99900624062866e-06,0.0062233869975898415,0.0,0.00623238600383047,path,1,86dc36e056910804050f31b4eb75347443cbef3533680f6dfeaf5a075fcb79cc,1.7763568394002505e-15
16,118,2,MAC,14.0,8.517003152519464e-06,0.006201415992109105,0.0,0.0062099329952616245,path,1,86dc36e056910804050f31b4eb75347443cbef3533680f6dfeaf5a075fcb79cc,1.7763568394002505e-15
16,118,2,BB-RL,13.999999999999993,0.00039126099727582186,0.00517576199490577,3.025008481927216e-06,0.005570048000663519,envelope,1,77715032011003d681ef50ffcf1fddc228d92f9c251ea454f0efed0731aee809,3.552713678800501e-15
16,118,3,BB-RL,13.999999999999993,0.0003776600060518831,0.005145069997524843,2.9109942261129618e-06,0.005525640997802839,envelope,1,77715032011003d681ef50ffcf1fddc228d92f9c251ea454f0efed0731aee809,3.552713678800501e-15
16,118,3,MAC,14.0,8.875009370967746e-06,0.006214759996510111,0.0,0.0062236350058810785,path,1,86dc36e056910804050f31b4eb75347443cbef3533680f6dfeaf5a075fcb79cc,1.7763568394002505e-15
16,118,4,MAC,14.0,8.79299477674067e-06,0.0061880260036559775,0.0,0.006196818998432718,path,1,86dc36e056910804050f31b4eb75347443cbef3533680f6dfeaf5a075fcb79cc,1.7763568394002505e-15
16,118,4,BB-RL,13.999999999999993,0.0004009469994343817,0.005182617998798378,2.872999175451696e-06,0.005586437997408211,envelope,1,77715032011003d681ef50ffcf1fddc228d92f9c251ea454f0efed0731aee809,3.552713678800501e-15
16,119,0,BB-RL,14.000000000000002,0.00042681899503804743,0.005779774000984617,2.9890070436522365e-06,0.006209582003066316,envelope,1,7b93f8ce86d978a927f5688646f216be7a95513d00a8122f48101cc83f72cdc3,5.329070518200751e-15
16,119,0,MAC,13.999999999999998,8.902992703951895e-06,0.006161072000395507,0.0,0.0061699749930994585,path,1,6e43d46a7c6ffaa467948d220ac7bd05cbad93d0b3497ae83e3509deb0b6624f,5.329070518200751e-15
16,119,1,MAC,13.999999999999998,8.753995643928647e-06,0.006113978000939824,0.0,0.006122731996583752,path,1,6e43d46a7c6ffaa467948d220ac7bd05cbad93d0b3497ae83e3509deb0b6624f,5.329070518200751e-15
16,119,1,BB-RL,14.000000000000002,0.0004016129969386384,0.005795655000838451,2.8170034056529403e-06,0.006200085001182742,envelope,1,7b93f8ce86d978a927f5688646f216be7a95513d00a8122f48101cc83f72cdc3,5.329070518200751e-15
16,119,2,BB-RL,14.000000000000002,0.0003776880039367825,0.005792923999251798,2.8409995138645172e-06,0.006173453002702445,envelope,1,7b93f8ce86d978a927f5688646f216be7a95513d00a8122f48101cc83f72cdc3,5.329070518200751e-15
16,119,2,MAC,13.999999999999998,8.934002835303545e-06,0.006135347997769713,0.0,0.006144282000605017,path,1,6e43d46a7c6ffaa467948d220ac7bd05cbad93d0b3497ae83e3509deb0b6624f,5.329070518200751e-15
16,119,3,MAC,13.999999999999998,8.684000931680202e-06,0.00612335599726066,0.0,0.00613203999819234,path,1,6e43d46a7c6ffaa467948d220ac7bd05cbad93d0b3497ae83e3509deb0b6624f,5.329070518200751e-15
16,119,3,BB-RL,14.000000000000002,0.00039290399581659585,0.005834384995978326,2.8750073397532105e-06,0.006230163999134675,envelope,1,7b93f8ce86d978a927f5688646f216be7a95513d00a8122f48101cc83f72cdc3,5.329070518200751e-15
16,119,4,BB-RL,14.000000000000002,0.00043648300925269723,0.005788276990642771,2.943008439615369e-06,0.006227703008335084,envelope,1,7b93f8ce86d978a927f5688646f216be7a95513d00a8122f48101cc83f72cdc3,5.329070518200751e-15
16,119,4,MAC,13.999999999999998,8.775008609518409e-06,0.006117568991612643,0.0,0.006126344000222161,path,1,6e43d46a7c6ffaa467948d220ac7bd05cbad93d0b3497ae83e3509deb0b6624f,5.329070518200751e-15
32,32,0,MAC,0.01637266821272228,1.4335004379972816e-05,0.015441013994859532,0.0,0.015455348999239504,path,1,bbec103e3953dcf4c15eab36bdb63e6548d6eaf7e1dfb39e91aac764a91f1008,1.0061396160665481e-16
32,32,0,BB-RL,1.0,0.0002481520059518516,0.0023079990060068667,2.9009970603510737e-06,0.0025590520090190694,envelope,1,bfa096a0ad775993c54738e6134d915bd500bba1da8b9569946c1ab30bb31089,1.6653345369377348e-15
32,32,1,BB-RL,1.0,0.00024337800277862698,0.002393931004917249,2.835993655025959e-06,0.002640145001350902,envelope,1,bfa096a0ad775993c54738e6134d915bd500bba1da8b9569946c1ab30bb31089,1.6653345369377348e-15
32,32,1,MAC,0.01637266821272228,1.436499587725848e-05,0.015416651003761217,0.0,0.015431015999638475,path,1,bbec103e3953dcf4c15eab36bdb63e6548d6eaf7e1dfb39e91aac764a91f1008,1.0061396160665481e-16
32,32,2,MAC,0.01637266821272228,1.421698834747076e-05,0.015425494013470598,0.0,0.015439711001818068,path,1,bbec103e3953dcf4c15eab36bdb63e6548d6eaf7e1dfb39e91aac764a91f1008,1.0061396160665481e-16
32,32,2,BB-RL,1.0,0.00023966400476638228,0.002431789005640894,2.872999175451696e-06,0.002674326009582728,envelope,1,bfa096a0ad775993c54738e6134d915bd500bba1da8b9569946c1ab30bb31089,1.6653345369377348e-15
32,32,3,BB-RL,1.0,0.00024400399706792086,0.0023972250055521727,2.8719950933009386e-06,0.0026441009977133945,envelope,1,bfa096a0ad775993c54738e6134d915bd500bba1da8b9569946c1ab30bb31089,1.6653345369377348e-15
32,32,3,MAC,0.01637266821272228,1.4517005183734e-05,0.01553719698858913,0.0,0.015551713993772864,path,1,bbec103e3953dcf4c15eab36bdb63e6548d6eaf7e1dfb39e91aac764a91f1008,1.0061396160665481e-16
32,32,4,MAC,0.01637266821272228,1.4266988728195429e-05,0.01539486700494308,0.0,0.015409133993671276,path,1,bbec103e3953dcf4c15eab36bdb63e6548d6eaf7e1dfb39e91aac764a91f1008,1.0061396160665481e-16
32,32,4,BB-RL,1.0,0.0002499020047252998,0.0024327430000994354,2.8919894248247147e-06,0.00268553699424956,envelope,1,bfa096a0ad775993c54738e6134d915bd500bba1da8b9569946c1ab30bb31089,1.6653345369377348e-15
32,37,0,BB-RL,0.9999999999999998,0.0002498350077075884,0.006375874989316799,2.878005034290254e-06,0.006628588002058677,envelope,1,2478944b0f42d7ed2a9093ee5c1a4510a2a974c46a42926e925a0725cfab906c,3.3306690738754696e-15
32,37,0,MAC,0.08801750057482575,1.427099050488323e-05,0.016067867007222958,0.0,0.01608213799772784,path,1,d07a0e567069ec912d13d13f7e295afc6d113c34b8480450b5b73757d4ee1eea,6.38378239159465e-16
32,37,1,MAC,0.08801750057482575,1.466499816160649e-05,0.015948011990985833,0.0,0.01596267698914744,path,1,d07a0e567069ec912d13d13f7e295afc6d113c34b8480450b5b73757d4ee1eea,6.38378239159465e-16
32,37,1,BB-RL,0.9999999999999998,0.0003202179941581562,0.0063731900008860976,2.8089998522773385e-06,0.006696216994896531,envelope,1,2478944b0f42d7ed2a9093ee5c1a4510a2a974c46a42926e925a0725cfab906c,3.3306690738754696e-15
32,37,2,BB-RL,0.9999999999999998,0.0002390000008745119,0.006360424988088198,2.9930088203400373e-06,0.00660241799778305,envelope,1,2478944b0f42d7ed2a9093ee5c1a4510a2a974c46a42926e925a0725cfab906c,3.3306690738754696e-15
32,37,2,MAC,0.08801750057482575,1.4523990103043616e-05,0.015965422004228458,0.0,0.0159799459943315,path,1,d07a0e567069ec912d13d13f7e295afc6d113c34b8480450b5b73757d4ee1eea,6.38378239159465e-16
32,37,3,MAC,0.08801750057482575,1.4139994163997471e-05,0.01603028101089876,0.0,0.01604442100506276,path,1,d07a0e567069ec912d13d13f7e295afc6d113c34b8480450b5b73757d4ee1eea,6.38378239159465e-16
32,37,3,BB-RL,0.9999999999999998,0.00024120599846355617,0.006398155994247645,2.859000233002007e-06,0.006642220992944203,envelope,1,2478944b0f42d7ed2a9093ee5c1a4510a2a974c46a42926e925a0725cfab906c,3.3306690738754696e-15
32,37,4,BB-RL,0.9999999999999998,0.00024064899480435997,0.006347536007524468,2.9420043574646115e-06,0.006591127006686293,envelope,1,2478944b0f42d7ed2a9093ee5c1a4510a2a974c46a42926e925a0725cfab906c,3.3306690738754696e-15
32,37,4,MAC,0.08801750057482575,1.4769000699743629e-05,0.0160699269908946,0.0,0.016084695991594344,path,1,d07a0e567069ec912d13d13f7e295afc6d113c34b8480450b5b73757d4ee1eea,6.38378239159465e-16
32,41,0,BB-RL,1.0000000000000002,0.00023998500546440482,0.009556595992762595,2.8149952413514256e-06,0.009799395993468352,envelope,1,30133acf400a6070c5226b56baf3c9b4bec48c41a8907bec2ec9105145019b0d,1.5543122344752192e-15
32,41,0,MAC,0.1974280112922101,1.4530000044032931e-05,0.01609248800377827,0.0,0.016107018003822304,path,1,c869033a42b9db40ccd876c267bc6e286c4fd9f7fc00ce287c46e771b924f164,2.498001805406602e-16
32,41,1,MAC,0.1974280112922101,1.4610996004194021e-05,0.016050980004365556,0.0,0.01606559100036975,path,1,c869033a42b9db40ccd876c267bc6e286c4fd9f7fc00ce287c46e771b924f164,2.498001805406602e-16
32,41,1,BB-RL,1.0000000000000002,0.00023862099624238908,0.009540803002892062,2.825996489264071e-06,0.009782249995623715,envelope,1,30133acf400a6070c5226b56baf3c9b4bec48c41a8907bec2ec9105145019b0d,1.5543122344752192e-15
32,41,2,BB-RL,1.0000000000000002,0.00030977799906395376,0.009558728997944854,2.829998265951872e-06,0.00987133699527476,envelope,1,30133acf400a6070c5226b56baf3c9b4bec48c41a8907bec2ec9105145019b0d,1.5543122344752192e-15
32,41,2,MAC,0.1974280112922101,1.4464996638707817e-05,0.016096695006126538,0.0,0.016111160002765246,path,1,c869033a42b9db40ccd876c267bc6e286c4fd9f7fc00ce287c46e771b924f164,2.498001805406602e-16
32,41,3,MAC,0.1974280112922101,1.4332006685435772e-05,0.016007174999685958,0.0,0.016021507006371394,path,1,c869033a42b9db40ccd876c267bc6e286c4fd9f7fc00ce287c46e771b924f164,2.498001805406602e-16
32,41,3,BB-RL,1.0000000000000002,0.00023912001051940024,0.009571627000696026,2.8340000426396728e-06,0.009813581011258066,envelope,1,30133acf400a6070c5226b56baf3c9b4bec48c41a8907bec2ec9105145019b0d,1.5543122344752192e-15
32,41,4,BB-RL,1.0000000000000002,0.00024004600709304214,0.00952275599411223,2.920001861639321e-06,0.009765722003066912,envelope,1,30133acf400a6070c5226b56baf3c9b4bec48c41a8907bec2ec9105145019b0d,1.5543122344752192e-15
32,41,4,MAC,0.1974280112922101,1.439600600861013e-05,0.01608872599899769,0.0,0.0161031220050063,path,1,c869033a42b9db40ccd876c267bc6e286c4fd9f7fc00ce287c46e771b924f164,2.498001805406602e-16
32,46,0,MAC,0.2607116956094258,1.4147008187137544e-05,0.01610831198922824,0.0,0.01612245899741538,path,1,41c6941a77c6c3f0e9d63084f9f203aea44d2f60441bff0a4ef45e9c38367e82,3.608224830031759e-15
32,46,0,BB-RL,1.0,0.00023844800307415426,0.013542115993914194,2.9609946068376303e-06,0.013783524991595186,envelope,1,da51d009e30782319d221126e79b937f56c4860c2e323f9b6aae176cf72c5568,1.5543122344752192e-15
32,46,1,BB-RL,1.0,0.0002490659971954301,0.013420264993328601,3.058012225665152e-06,0.013672389002749696,envelope,1,da51d009e30782319d221126e79b937f56c4860c2e323f9b6aae176cf72c5568,1.5543122344752192e-15
32,46,1,MAC,0.2607116956094258,1.4375997125171125e-05,0.016127308990689926,0.0,0.016141684987815097,path,1,41c6941a77c6c3f0e9d63084f9f203aea44d2f60441bff0a4ef45e9c38367e82,3.608224830031759e-15
32,46,2,MAC,0.2607116956094258,1.4018005458638072e-05,0.016173141993931495,0.0,0.016187159999390133,path,1,41c6941a77c6c3f0e9d63084f9f203aea44d2f60441bff0a4ef45e9c38367e82,3.608224830031759e-15
32,46,2,BB-RL,1.0,0.0002504739968571812,0.01351871200313326,2.9819930205121636e-06,0.013772167993010953,envelope,1,da51d009e30782319d221126e79b937f56c4860c2e323f9b6aae176cf72c5568,1.5543122344752192e-15
32,46,3,BB-RL,1.0,0.00025131799338851124,0.013472064005327411,2.972999936901033e-06,0.013726354998652823,envelope,1,da51d009e30782319d221126e79b937f56c4860c2e323f9b6aae176cf72c5568,1.5543122344752192e-15
32,46,3,MAC,0.2607116956094258,1.4787990949116647e-05,0.0162364950083429,0.0,0.016251282999292016,path,1,41c6941a77c6c3f0e9d63084f9f203aea44d2f60441bff0a4ef45e9c38367e82,3.608224830031759e-15
32,46,4,MAC,0.2607116956094258,1.4245000784285367e-05,0.016116515995236114,0.0,0.0161307609960204,path,1,41c6941a77c6c3f0e9d63084f9f203aea44d2f60441bff0a4ef45e9c38367e82,3.608224830031759e-15
32,46,4,BB-RL,1.0,0.00031507400854025036,0.013491786987287924,2.919012331403792e-06,0.013809780008159578,envelope,1,da51d009e30782319d221126e79b937f56c4860c2e323f9b6aae176cf72c5568,1.5543122344752192e-15
32,51,0,BB-RL,0.9999999999999997,0.00023988200700841844,0.017344493986456655,3.006003680638969e-06,0.017587381997145712,envelope,1,70e353eca8e6fbe51d1e7c4beaf43b99ff63281a55fa4f900e1a856fa28832a3,7.771561172376096e-16
32,51,0,MAC,0.42642402639718585,1.461600186303258e-05,0.01619906500854995,0.0,0.016213681010412984,path,1,c8d1902239f50e2e60f59a5d54ca4d3d411c3a00bff6e9517f7fe79db309750f,8.881784197001252e-16
32,51,1,MAC,0.42642402639718585,1.4311997801996768e-05,0.016110487005789764,0.0,0.01612479900359176,path,1,c8d1902239f50e2e60f59a5d54ca4d3d411c3a00bff6e9517f7fe79db309750f,8.881784197001252e-16
32,51,1,BB-RL,0.9999999999999997,0.00024028400366660208,0.01747307399637066,2.8369977371767163e-06,0.017716194997774437,envelope,1,70e353eca8e6fbe51d1e7c4beaf43b99ff63281a55fa4f900e1a856fa28832a3,7.771561172376096e-16
32,51,2,BB-RL,0.9999999999999997,0.00023920999956317246,0.017374068003846332,2.9229995561763644e-06,0.01761620100296568,envelope,1,70e353eca8e6fbe51d1e7c4beaf43b99ff63281a55fa4f900e1a856fa28832a3,7.771561172376096e-16
32,51,2,MAC,0.42642402639718585,1.4442994142882526e-05,0.016194916010135785,0.0,0.016209359004278667,path,1,c8d1902239f50e2e60f59a5d54ca4d3d411c3a00bff6e9517f7fe79db309750f,8.881784197001252e-16
32,51,3,MAC,0.42642402639718585,1.3914992450736463e-05,0.016057062006439082,0.0,0.01607097699888982,path,1,c8d1902239f50e2e60f59a5d54ca4d3d411c3a00bff6e9517f7fe79db309750f,8.881784197001252e-16
32,51,3,BB-RL,0.9999999999999997,0.00024067499907687306,0.01747097600309644,2.943997969850898e-06,0.017714595000143163,envelope,1,70e353eca8e6fbe51d1e7c4beaf43b99ff63281a55fa4f900e1a856fa28832a3,7.771561172376096e-16
32,51,4,BB-RL,0.9999999999999997,0.0002416219940641895,0.0173841350042494,2.954999217763543e-06,0.017628711997531354,envelope,1,70e353eca8e6fbe51d1e7c4beaf43b99ff63281a55fa4f900e1a856fa28832a3,7.771561172376096e-16
32,51,4,MAC,0.42642402639718585,1.4482997357845306e-05,0.016239796008449048,0.0,0.016254279005806893,path,1,c8d1902239f50e2e60f59a5d54ca4d3d411c3a00bff6e9517f7fe79db309750f,8.881784197001252e-16
32,55,0,BB-RL,0.9999999999999977,0.003231068010791205,0.028401048999512568,3.7389982026070356e-06,0.03163585600850638,envelope,2,22bde91672730fae4181aa8010b9c421718bec1cd90a1fbf2703b6b8304e547d,1.5543122344752192e-15
32,55,0,MAC,0.34793323914630403,1.2207994586788118e-05,0.016150309005752206,0.0,0.016162517000338994,path,1,19bd5f7af51b9158594387bfb259aba598862d903cc990034971d0c479acefe4,1.1102230246251565e-15
32,55,1,MAC,0.34793323914630403,1.432400313206017e-05,0.016160696992301382,0.0,0.016175020995433442,path,1,19bd5f7af51b9158594387bfb259aba598862d903cc990034971d0c479acefe4,1.1102230246251565e-15
32,55,1,BB-RL,0.9999999999999977,0.003254908006056212,0.027779942989582196,3.6999990697950125e-06,0.031038550994708203,envelope,2,22bde91672730fae4181aa8010b9c421718bec1cd90a1fbf2703b6b8304e547d,2.275957200481571e-15
32,55,2,BB-RL,0.9999999999999977,0.003269894004915841,0.02770227899600286,3.640001523308456e-06,0.03097581300244201,envelope,2,22bde91672730fae4181aa8010b9c421718bec1cd90a1fbf2703b6b8304e547d,4.718447854656915e-15
32,55,2,MAC,0.34793323914630403,1.4796998584643006e-05,0.016247472012764774,0.0,0.016262269011349417,path,1,19bd5f7af51b9158594387bfb259aba598862d903cc990034971d0c479acefe4,1.1102230246251565e-15
32,55,3,MAC,0.34793323914630403,1.428800169378519e-05,0.016122746004839428,0.0,0.016137034006533213,path,1,19bd5f7af51b9158594387bfb259aba598862d903cc990034971d0c479acefe4,1.1102230246251565e-15
32,55,3,BB-RL,0.9999999999999977,0.003235582000343129,0.02773751100176014,3.7330028135329485e-06,0.030976826004916802,envelope,2,22bde91672730fae4181aa8010b9c421718bec1cd90a1fbf2703b6b8304e547d,1.5543122344752192e-15
32,55,4,BB-RL,0.9999999999999977,0.0032455920008942485,0.027749939006753266,3.775989171117544e-06,0.030999306996818632,envelope,2,22bde91672730fae4181aa8010b9c421718bec1cd90a1fbf2703b6b8304e547d,1.5543122344752192e-15
32,55,4,MAC,0.34793323914630403,1.4851000742055476e-05,0.01624157499463763,0.0,0.016256425995379686,path,1,19bd5f7af51b9158594387bfb259aba598862d903cc990034971d0c479acefe4,1.1102230246251565e-15
32,60,0,MAC,0.5804817592717268,1.4331002603285015e-05,0.01607377799518872,0.0,0.016088108997792006,path,1,0685481ee4514412cd6499cc517aaf425b33aa3e03b0cc9cad492a41d18045ab,3.1086244689504383e-15
32,60,0,BB-RL,1.9999999999999947,0.0032794139988254756,0.011455091997049749,3.688997821882367e-06,0.014738194993697107,envelope,2,4ac75107980b349c69ebca4b68c2369638cd594c87643d7f413978daff0b0f41,2.886579864025407e-15
32,60,1,BB-RL,1.9999999999999947,0.0033321700029773638,0.011418986003263853,3.555993316695094e-06,0.014754711999557912,envelope,2,4ac75107980b349c69ebca4b68c2369638cd594c87643d7f413978daff0b0f41,2.886579864025407e-15
32,60,1,MAC,0.5804817592717268,1.2492004316300154e-05,0.01608651998685673,0.0,0.01609901199117303,path,1,0685481ee4514412cd6499cc517aaf425b33aa3e03b0cc9cad492a41d18045ab,3.1086244689504383e-15
32,60,2,MAC,0.5804817592717268,1.4358010957948864e-05,0.01611731998855248,0.0,0.01613167799951043,path,1,0685481ee4514412cd6499cc517aaf425b33aa3e03b0cc9cad492a41d18045ab,3.1086244689504383e-15
32,60,2,BB-RL,1.9999999999999947,0.003298349998658523,0.011448557008407079,3.60699777957052e-06,0.014750514004845172,envelope,2,4ac75107980b349c69ebca4b68c2369638cd594c87643d7f413978daff0b0f41,3.9968028886505635e-15
32,60,3,BB-RL,1.9999999999999947,0.0032898459903663024,0.011442707007518038,3.5709963412955403e-06,0.014736123994225636,envelope,2,4ac75107980b349c69ebca4b68c2369638cd594c87643d7f413978daff0b0f41,2.886579864025407e-15
32,60,3,MAC,0.5804817592717268,1.4408011338673532e-05,0.01617848000023514,0.0,0.016192888011573814,path,1,0685481ee4514412cd6499cc517aaf425b33aa3e03b0cc9cad492a41d18045ab,3.1086244689504383e-15
32,60,4,MAC,0.5804817592717268,1.4224002370610833e-05,0.01605933300743345,0.0,0.016073557009804063,path,1,0685481ee4514412cd6499cc517aaf425b33aa3e03b0cc9cad492a41d18045ab,3.1086244689504383e-15
32,60,4,BB-RL,1.9999999999999947,0.0033767759887268767,0.011414493012125604,3.6720011848956347e-06,0.014794941002037376,envelope,2,4ac75107980b349c69ebca4b68c2369638cd594c87643d7f413978daff0b0f41,2.886579864025407e-15
32,65,0,BB-RL,2.0000000000000013,0.003916110013960861,0.008051689990679733,3.6310084396973252e-06,0.011971431013080291,envelope,2,dda51bbf904ed7ea579f9c36f28984c23b48c0f2fb2825a9259eb24270dbd8a2,5.329070518200751e-15
32,65,0,MAC,0.5995109468072304,1.4398989151231945e-05,0.01627369200286921,0.0,0.016288090992020443,path,1,a9e71b27617d6c12216b88c178023c64bc8246dac9c9fa747311f0205ed88f06,2.9976021664879227e-15
32,65,1,MAC,0.5995109468072304,1.4290999388322234e-05,0.016255028996965848,0.0,0.01626931999635417,path,1,a9e71b27617d6c12216b88c178023c64bc8246dac9c9fa747311f0205ed88f06,2.9976021664879227e-15
32,65,1,BB-RL,2.0000000000000013,0.0037637310015270486,0.008073990000411868,3.6609999369829893e-06,0.0118413820018759,envelope,2,dda51bbf904ed7ea579f9c36f28984c23b48c0f2fb2825a9259eb24270dbd8a2,5.329070518200751e-15
32,65,2,BB-RL,2.0000000000000013,0.003768580994801596,0.008066662005148828,3.688997821882367e-06,0.011838931997772306,envelope,2,dda51bbf904ed7ea579f9c36f28984c23b48c0f2fb2825a9259eb24270dbd8a2,5.329070518200751e-15
32,65,2,MAC,0.5995109468072304,1.4655990526080132e-05,0.016269400002784096,0.0,0.016284055993310176,path,1,a9e71b27617d6c12216b88c178023c64bc8246dac9c9fa747311f0205ed88f06,2.9976021664879227e-15
32,65,3,MAC,0.5995109468072304,1.4353994629345834e-05,0.01620882000133861,0.0,0.016223173995967954,path,1,a9e71b27617d6c12216b88c178023c64bc8246dac9c9fa747311f0205ed88f06,2.9976021664879227e-15
32,65,3,BB-RL,2.0000000000000013,0.003741300999536179,0.008073290009633638,3.7589925341308117e-06,0.011818350001703948,envelope,2,dda51bbf904ed7ea579f9c36f28984c23b48c0f2fb2825a9259eb24270dbd8a2,5.329070518200751e-15
32,65,4,BB-RL,2.0000000000000013,0.003721080007380806,0.008056828999542631,3.7239951780065894e-06,0.011781633002101444,envelope,2,dda51bbf904ed7ea579f9c36f28984c23b48c0f2fb2825a9259eb24270dbd8a2,5.329070518200751e-15
32,65,4,MAC,0.5995109468072304,1.4467004803009331e-05,0.01627591000578832,0.0,0.016290377010591328,path,1,a9e71b27617d6c12216b88c178023c64bc8246dac9c9fa747311f0205ed88f06,2.9976021664879227e-15
32,69,0,BB-RL,2.0,0.003706182003952563,0.014494795992504805,3.7680001696571708e-06,0.018204745996627025,envelope,2,faadbc54e2b5e06d56f4b2b28e8f14da68ccae4eebb3caabc59f2047f696f961,4.884981308350689e-15
32,69,0,MAC,0.8225098937324073,2.2666004952043295e-05,0.016188624998903833,0.0,0.016211291003855877,path,1,7c58ea17256fad97dc4126ffb9b922ec5bd30003f7e15671c8bea87fa152e0e1,8.881784197001252e-16
32,69,1,MAC,0.8225098937324073,1.4398989151231945e-05,0.016171499009942636,0.0,0.016185897999093868,path,1,7c58ea17256fad97dc4126ffb9b922ec5bd30003f7e15671c8bea87fa152e0e1,8.881784197001252e-16
32,69,1,BB-RL,2.0,0.0037410809891298413,0.014385531001607887,3.831009962595999e-06,0.018130443000700325,envelope,2,faadbc54e2b5e06d56f4b2b28e8f14da68ccae4eebb3caabc59f2047f696f961,4.884981308350689e-15
32,69,2,BB-RL,2.0,0.003682121998281218,0.014387197006726637,3.964989446103573e-06,0.01807328399445396,envelope,2,faadbc54e2b5e06d56f4b2b28e8f14da68ccae4eebb3caabc59f2047f696f961,4.884981308350689e-15
32,69,2,MAC,0.8225098937324073,1.4555989764630795e-05,0.016226870007812977,0.0,0.016241425997577608,path,1,7c58ea17256fad97dc4126ffb9b922ec5bd30003f7e15671c8bea87fa152e0e1,8.881784197001252e-16
32,69,3,MAC,0.8225098937324073,1.438299659639597e-05,0.016133908997289836,0.0,0.016148291993886232,path,1,7c58ea17256fad97dc4126ffb9b922ec5bd30003f7e15671c8bea87fa152e0e1,8.881784197001252e-16
32,69,3,BB-RL,2.0,0.003682323993416503,0.014366814008099027,3.610999556258321e-06,0.01805274900107179,envelope,2,faadbc54e2b5e06d56f4b2b28e8f14da68ccae4eebb3caabc59f2047f696f961,4.884981308350689e-15
32,69,4,BB-RL,2.0,0.0037945289950584993,0.0143670350080356,3.6609999369829893e-06,0.018165225003031082,envelope,2,faadbc54e2b5e06d56f4b2b28e8f14da68ccae4eebb3caabc59f2047f696f961,4.884981308350689e-15
32,69,4,MAC,0.8225098937324073,1.4784003724344075e-05,0.016178953999769874,0.0,0.016193738003494218,path,1,7c58ea17256fad97dc4126ffb9b922ec5bd30003f7e15671c8bea87fa152e0e1,8.881784197001252e-16
32,74,0,MAC,0.7777809850562433,1.4239994925446808e-05,0.01628344399796333,0.0,0.01629768399288878,path,1,3520690424611f0416bdc8540af4c369377c10f11d12b394d82a1c5614ae0be4,4.218847493575595e-15
32,74,0,BB-RL,1.9999999999999978,0.003752554999664426,0.02221910200023558,3.6949932109564543e-06,0.025975351993110962,envelope,2,59505e9284e75e4220a5d65c0510442f222348d70edeb34be37fad2148e849f4,4.440892098500626e-16
32,74,1,BB-RL,1.9999999999999978,0.0038141239929245785,0.022231580995139666,3.669003490358591e-06,0.026049373991554603,envelope,2,59505e9284e75e4220a5d65c0510442f222348d70edeb34be37fad2148e849f4,1.5543122344752192e-15
32,74,1,MAC,0.7777809850562433,1.4487988664768636e-05,0.016268118008156307,0.0,0.016282605996821076,path,1,3520690424611f0416bdc8540af4c369377c10f11d12b394d82a1c5614ae0be4,4.218847493575595e-15
32,74,2,MAC,0.7777809850562433,1.4232995454221964e-05,0.016157951002242044,0.0,0.016172183997696266,path,1,3520690424611f0416bdc8540af4c369377c10f11d12b394d82a1c5614ae0be4,4.218847493575595e-15
32,74,2,BB-RL,1.9999999999999978,0.003635995992226526,0.02223937099915929,3.7140125641599298e-06,0.025879081003949977,envelope,2,59505e9284e75e4220a5d65c0510442f222348d70edeb34be37fad2148e849f4,1.7763568394002505e-15
32,74,3,BB-RL,1.9999999999999978,0.0037623430107487366,0.022242409002501518,3.855995601043105e-06,0.026008608008851297,envelope,2,59505e9284e75e4220a5d65c0510442f222348d70edeb34be37fad2148e849f4,1.7763568394002505e-15
32,74,3,MAC,0.7777809850562433,1.2764998245984316e-05,0.01622297200083267,0.0,0.016235736999078654,path,1,3520690424611f0416bdc8540af4c369377c10f11d12b394d82a1c5614ae0be4,4.218847493575595e-15
32,74,4,MAC,0.7777809850562433,1.4619014109484851e-05,0.016229466986260377,0.0,0.01624408600036986,path,1,3520690424611f0416bdc8540af4c369377c10f11d12b394d82a1c5614ae0be4,4.218847493575595e-15
32,74,4,BB-RL,1.9999999999999978,0.0037449759984156117,0.02224604701041244,3.836990799754858e-06,0.025994859999627806,envelope,2,59505e9284e75e4220a5d65c0510442f222348d70edeb34be37fad2148e849f4,3.9968028886505635e-15
32,79,0,BB-RL,1.999999999999998,0.003552850990672596,0.013599129000795074,2.925007720477879e-06,0.017154904999188147,cayley,1,2484b1d6fa6e2cd1b79e6d8711deb6b9e4976874c1e4fc0dc6a6cbb9db4d1c74,1.5543122344752192e-15
32,79,0,MAC,0.7769828867873831,1.4499993994832039e-05,0.0162343849951867,0.0,0.016248884989181533,path,1,917914aad8129950d96c6079b3063e6c0f24cdf724e52e4e9467897c0b43943b,4.551914400963142e-15
32,79,1,MAC,0.7769828867873831,1.4435994671657681e-05,0.016184924010303803,0.0,0.01619936000497546,path,1,917914aad8129950d96c6079b3063e6c0f24cdf724e52e4e9467897c0b43943b,4.551914400963142e-15
32,79,1,BB-RL,1.999999999999998,0.0034612440067576244,0.013600872989627533,2.8570066206157207e-06,0.017064974003005773,cayley,1,4e1cd287695ab2a7acfebaf7174224852ea11f68a586f5bd1b99ab49cd39bcc6,1.9984014443252818e-15
32,79,2,BB-RL,1.9999999999999958,0.003550055989762768,0.013549722003517672,2.7799978852272034e-06,0.017102557991165668,cayley,1,fac751d0851142d59708526a63063df7e0a2c1f103345df464016ec271e013dd,2.4424906541753444e-15
32,79,2,MAC,0.7769828867873831,1.417601015418768e-05,0.016243809994193725,0.0,0.016257986004347913,path,1,917914aad8129950d96c6079b3063e6c0f24cdf724e52e4e9467897c0b43943b,4.551914400963142e-15
32,79,3,MAC,0.7769828867873831,1.3769997167401016e-05,0.016184855994652025,0.0,0.016198625991819426,path,1,917914aad8129950d96c6079b3063e6c0f24cdf724e52e4e9467897c0b43943b,4.551914400963142e-15
32,79,3,BB-RL,1.9999999999999958,0.003553343005478382,0.013575919001596048,2.7799978852272034e-06,0.017132042004959658,cayley,1,fac751d0851142d59708526a63063df7e0a2c1f103345df464016ec271e013dd,2.4424906541753444e-15
32,79,4,BB-RL,1.999999999999998,0.0034980519994860515,0.013579926002421416,2.863002009689808e-06,0.017080841003917158,cayley,1,cdd78e1bac103edacd8312b7139890c23aa274f576b25e4bfdbadeeb3dec5224,8.881784197001252e-16
32,79,4,MAC,0.7769828867873831,1.4397999620996416e-05,0.01619484600087162,0.0,0.016209244000492617,path,1,917914aad8129950d96c6079b3063e6c0f24cdf724e52e4e9467897c0b43943b,4.551914400963142e-15
32,83,0,BB-RL,2.2233636781386013,0.004104364998056553,0.004102425999008119,2.9460061341524124e-06,0.008209737003198825,cayley,1,3eef320d6d76e916b47f08bd806d3feed723fc6ee935641a2e2cd33372e2fc00,8.881784197001252e-16
32,83,0,MAC,1.3461864058678965,1.440000778529793e-05,0.016287302991258912,0.0,0.01630170299904421,path,1,125e667fcee6a354237a90d9beb6714269eeb3445ec1f3ae680dca5d1863a7ce,0.0
32,83,1,MAC,1.3461864058678965,1.4413002645596862e-05,0.016195559001062065,0.0,0.016209972003707662,path,1,125e667fcee6a354237a90d9beb6714269eeb3445ec1f3ae680dca5d1863a7ce,0.0
32,83,1,BB-RL,2.304419626724144,0.004114620998734608,0.004079812002601102,2.9700022423639894e-06,0.008197403003578074,cayley,1,af426dfe2df3696b18a9a866568c2f881cb01fcc232fd22f9a86df66b4e44ee9,1.3322676295501878e-15
32,83,2,BB-RL,2.296737216989901,0.004042981003294699,0.004113724993658252,2.9819930205121636e-06,0.008159687989973463,cayley,1,032764183027909c528be4a6a62967ddc6b3b8cf2f0d61755e24ff2c6bbf5e2b,1.7763568394002505e-15
32,83,2,MAC,1.3461864058678965,1.435099693480879e-05,0.016278979994240217,0.0,0.016293330991175026,path,1,125e667fcee6a354237a90d9beb6714269eeb3445ec1f3ae680dca5d1863a7ce,0.0
32,83,3,MAC,1.3461864058678965,1.4278994058258832e-05,0.016252330999122933,0.0,0.01626660999318119,path,1,125e667fcee6a354237a90d9beb6714269eeb3445ec1f3ae680dca5d1863a7ce,0.0
32,83,3,BB-RL,2.2970936600977376,0.004057273996295407,0.0041384899959666654,2.800006768666208e-06,0.008198563999030739,cayley,1,21986df1dd58085c92b4ca00fa4c3b1e046d5718a779f683748f86eb0da73437,2.220446049250313e-15
32,83,4,BB-RL,2.304419626724145,0.003969433993916027,0.004072017007274553,2.8679933166131377e-06,0.008044318994507194,cayley,1,53e09dd13ca4bcb38dad019aa0451fb0416e049e67f5d30e02080bef4c3b0ecc,1.3322676295501878e-15
32,83,4,MAC,1.3461864058678965,1.4577002730220556e-05,0.016306965000694618,0.0,0.016321542003424838,path,1,125e667fcee6a354237a90d9beb6714269eeb3445ec1f3ae680dca5d1863a7ce,0.0
32,88,0,MAC,1.008951579297929,1.4599994756281376e-05,0.016320020004059188,0.0,0.01633461999881547,path,1,31110289453af64378ccc924c3bf34bfb7e208c6b9296152280fcb48e7bbfbf8,3.774758283725532e-15
32,88,0,BB-RL,2.4539254186902015,0.004002401998150162,0.00806903000921011,2.864995622076094e-06,0.012074297002982348,cayley,1,c158cdb8b0c682a637450980fb8406199534da17879ff7b9b65fca7061a98b73,1.7763568394002505e-15
32,88,1,BB-RL,2.410260731476808,0.0039533130038762465,0.008033531994442455,2.9609946068376303e-06,0.01198980599292554,cayley,1,991aad31f23a4ef3efd2830ab1387d08c2bc515790da63026eb179c8415d70cc,2.220446049250313e-15
32,88,1,MAC,1.008951579297929,1.4477991499006748e-05,0.01630273500632029,0.0,0.016317212997819297,path,1,31110289453af64378ccc924c3bf34bfb7e208c6b9296152280fcb48e7bbfbf8,3.774758283725532e-15
32,88,2,MAC,1.008951579297929,1.40779884532094e-05,0.016331211998476647,0.0,0.016345289986929856,path,1,31110289453af64378ccc924c3bf34bfb7e208c6b9296152280fcb48e7bbfbf8,3.774758283725532e-15
32,88,2,BB-RL,2.507437385062982,0.004096560005564243,0.008092553995084018,2.8970098355785012e-06,0.012192011010483839,cayley,1,e031647375e4ca22a6df5f2fba3d90c7ce89370be539970cf4161f339e6e8722,0.0
32,88,3,BB-RL,2.438002972567679,0.0038668680062983185,0.008146284002577886,2.9059883672744036e-06,0.012016057997243479,cayley,1,6a0ef97d47361a9571fd9d0bdf74eb07d8077eb16d9a9aca994e8c41ea58d007,2.220446049250313e-15
32,88,3,MAC,1.008951579297929,1.4265009667724371e-05,0.01633756500086747,0.0,0.016351830010535195,path,1,31110289453af64378ccc924c3bf34bfb7e208c6b9296152280fcb48e7bbfbf8,3.774758283725532e-15
32,88,4,MAC,1.008951579297929,1.4434001059271395e-05,0.016192028007935733,0.0,0.016206462008995004,path,1,31110289453af64378ccc924c3bf34bfb7e208c6b9296152280fcb48e7bbfbf8,3.774758283725532e-15
32,88,4,BB-RL,2.410260731476808,0.0039585420017829165,0.008138869990943931,2.9840011848136783e-06,0.012100395993911661,cayley,1,9b9ade93a758fd1058dfa43466f689c082d22756249ed11466783cb655ff2038,3.552713678800501e-15
32,93,0,BB-RL,2.627539502257662,0.003957947003073059,0.011995284003205597,2.825996489264071e-06,0.01595605700276792,cayley,1,19f83c201e5a5a1b35367878654318693dcde8972ef790ff978aabb6873371fa,2.220446049250313e-15
32,93,0,MAC,1.0767081640690335,1.452698779758066e-05,0.016281101008644328,0.0,0.016295627996441908,path,1,91f50640b85baf0dacf8157b53a66dcb409b4bf8348108630f4fdfefd07394b5,8.881784197001252e-16
32,93,1,MAC,1.0767081640690335,1.4082994312047958e-05,0.016288963000988588,0.0,0.016303045995300636,path,1,91f50640b85baf0dacf8157b53a66dcb409b4bf8348108630f4fdfefd07394b5,8.881784197001252e-16
32,93,1,BB-RL,2.553143671264613,0.004083460997208022,0.012022465001791716,2.845001290552318e-06,0.01610877100029029,cayley,1,ef43a988e4acfa9634c56e2b63d7069c36e34c452dff9b75b18df0b4e93c34b1,3.552713678800501e-15
32,93,2,BB-RL,2.6683299126065387,0.004026504000648856,0.012020392998238094,2.9850052669644356e-06,0.016049882004153915,cayley,1,141bd16d824247a69541e3bb43d59e8bbcf777f82294f1b49b3e7cd0e7f78aa7,2.6645352591003757e-15
32,93,2,MAC,1.0767081640690335,1.4621997252106667e-05,0.016319662012392655,0.0,0.01633428400964476,path,1,91f50640b85baf0dacf8157b53a66dcb409b4bf8348108630f4fdfefd07394b5,8.881784197001252e-16
32,93,3,MAC,1.0767081640690335,1.435099693480879e-05,0.016244648009887896,0.0,0.016258999006822705,path,1,91f50640b85baf0dacf8157b53a66dcb409b4bf8348108630f4fdfefd07394b5,8.881784197001252e-16
32,93,3,BB-RL,2.556118910857207,0.004038576007587835,0.01205419999314472,2.9070070013403893e-06,0.016095683007733896,cayley,1,9125c7f0e3ed1adddde1777ace2cdf99e1262e88b260aea472d37cbfbd6bd24a,0.0
32,93,4,BB-RL,2.5531436712646114,0.0038495659973705187,0.011992923013167456,2.963992301374674e-06,0.01584545300283935,cayley,1,a05333c48af9a04e87514c46d186eba855714b3ffa573ac6f6d674846780daba,1.7763568394002505e-15
32,93,4,MAC,1.0767081640690335,1.4452001778408885e-05,0.016277374990750104,0.0,0.016291826992528513,path,1,91f50640b85baf0dacf8157b53a66dcb409b4bf8348108630f4fdfefd07394b5,8.881784197001252e-16
32,97,0,BB-RL,3.386874070247245,0.004332819007686339,0.002531359001295641,2.963992301374674e-06,0.006867142001283355,cayley,1,f67b4f7db61333473d0ade4a23a42dfb6930a429ab39fa6881ed86ce98b1e0a9,4.440892098500626e-16
32,97,0,MAC,0.8383349118025794,1.4453005860559642e-05,0.01630908399238251,0.0,0.01632353699824307,path,1,9868bd046a97dcd2e62e6f0755bd9013bcdfa65fd1edbb9751a13d795e1f2548,3.3306690738754696e-16
32,97,1,MAC,0.8383349118025794,1.3962009688839316e-05,0.01630623899109196,0.0,0.0163202010007808,path,1,9868bd046a97dcd2e62e6f0755bd9013bcdfa65fd1edbb9751a13d795e1f2548,3.3306690738754696e-16
32,97,1,BB-RL,3.386874070247246,0.004125627005123533,0.002528154000174254,2.9700022423639894e-06,0.0066567510075401515,cayley,1,54e79b52b514d069230069f0e2e07cde5a51d5b6fc4ea8512f841c7fc0ce6630,4.884981308350689e-15
32,97,2,BB-RL,3.386874070247245,0.004162298995652236,0.002528463999624364,2.9080110834911466e-06,0.006693671006360091,cayley,1,94a51e4f715b367dbc88220b65efad0bac36c652630f0489436258921a8fb838,4.440892098500626e-15
32,97,2,MAC,0.8383349118025794,1.444100053049624e-05,0.01637930900324136,0.0,0.016393750003771856,path,1,9868bd046a97dcd2e62e6f0755bd9013bcdfa65fd1edbb9751a13d795e1f2548,3.3306690738754696e-16
32,97,3,MAC,0.8383349118025794,1.4172997907735407e-05,0.016252849003649317,0.0,0.016267022001557052,path,1,9868bd046a97dcd2e62e6f0755bd9013bcdfa65fd1edbb9751a13d795e1f2548,3.3306690738754696e-16
32,97,3,BB-RL,3.386874070247247,0.0042712529975688085,0.002546397998230532,2.892003976739943e-06,0.00682054299977608,cayley,1,ecd48d6664d656b163cb52845466037bb506fc2cf2a14c8b45fd650709bc9a63,3.552713678800501e-15
32,97,4,BB-RL,3.386874070247247,0.004307441005948931,0.0025419479934498668,2.800006768666208e-06,0.006852189006167464,cayley,1,077d0ca221f90657a3a7a8ecfcbd140edca01b2e356f1ae70ea32640902ca801,2.220446049250313e-15
32,97,4,MAC,0.8383349118025794,1.440099731553346e-05,0.016244671001913957,0.0,0.01625907199922949,path,1,9868bd046a97dcd2e62e6f0755bd9013bcdfa65fd1edbb9751a13d795e1f2548,3.3306690738754696e-16
32,102,0,MAC,1.2561795147543922,1.4249992091208696e-05,0.016226378007559106,0.0,0.016240627999650314,path,1,9488b7127880a904ccbad24a6a0461e94812e0b1858fab65b07860dc72262572,6.661338147750939e-16
32,102,0,BB-RL,3.4619753546075085,0.004208534999634139,0.006494269997347146,2.7400092221796513e-06,0.010705545006203465,cayley,1,0babd4e6612ec283d572a3fee45723e3614af82d9163d1b927907a15014fb292,3.1086244689504383e-15
32,102,1,BB-RL,3.4619753546075076,0.004121710007893853,0.006488618993898854,2.845001290552318e-06,0.010613174003083259,cayley,1,4bf62e2d49b6dbfa73a693964c7787829f8188a51861f56cb623806954a7651a,4.884981308350689e-15
32,102,1,MAC,1.2561795147543922,1.4452001778408885e-05,0.016250492990366183,0.0,0.016264944992144592,path,1,9488b7127880a904ccbad24a6a0461e94812e0b1858fab65b07860dc72262572,6.661338147750939e-16
32,102,2,MAC,1.2561795147543922,1.4201010344550014e-05,0.01648644299712032,0.0,0.01650064400746487,path,1,9488b7127880a904ccbad24a6a0461e94812e0b1858fab65b07860dc72262572,6.661338147750939e-16
32,102,2,BB-RL,3.5634205644743684,0.004286356997909024,0.006513881002319977,2.83999543171376e-06,0.010803077995660715,cayley,1,db2bd0831449ba598c2a72932851c84c97987a74536678ae48c970ec352e5b28,4.440892098500626e-16
32,102,3,BB-RL,3.5634205644743684,0.0043143919901922345,0.006523609001305886,2.9710063245147467e-06,0.010840971997822635,cayley,1,85b9a85baf19aa2bbaa7c6b917c75f4698d85a9042df13d2e2929a0a6f300fa2,8.881784197001252e-16
32,102,3,MAC,1.2561795147543922,1.4404009561985731e-05,0.016231651999987662,0.0,0.016246056009549648,path,1,9488b7127880a904ccbad24a6a0461e94812e0b1858fab65b07860dc72262572,6.661338147750939e-16
32,102,4,MAC,1.2561795147543922,1.4240999007597566e-05,0.016339495006832294,0.0,0.01635373600583989,path,1,9488b7127880a904ccbad24a6a0461e94812e0b1858fab65b07860dc72262572,6.661338147750939e-16
32,102,4,BB-RL,3.5634205644743675,0.004191671992884949,0.006501479001599364,2.9750081012025476e-06,0.010696126002585515,cayley,1,2a5d8d077249c67673578bbebf53fcb0978764dbba589978bcdf2e2872d07655,4.440892098500626e-16
32,107,0,BB-RL,3.5448478495130056,0.004206145997159183,0.010424013002193533,2.874992787837982e-06,0.014633033992140554,cayley,1,9dbb54882394efdfe8b4833cd1a3255c53443caeb82c8239e74bd8f308a92754,4.440892098500626e-16
32,107,0,MAC,1.196838661598493,1.4484001439996064e-05,0.01630046199716162,0.0,0.016314945998601615,path,1,bc60d1f03682de43f187f8845dd28449ab349e8b5ff6c88225844716e9eb5cf1,3.1086244689504383e-15
32,107,1,MAC,1.196838661598493,1.4175006072036922e-05,0.016251918990747072,0.0,0.01626609399681911,path,1,bc60d1f03682de43f187f8845dd28449ab349e8b5ff6c88225844716e9eb5cf1,3.1086244689504383e-15
32,107,1,BB-RL,3.5725109971832394,0.004228259000228718,0.010491478999028914,2.935004886239767e-06,0.014722673004143871,cayley,1,fb3c322f2bde071776f20e7bfc23af03266c39d27b8064dd4046df61be388500,1.7763568394002505e-15
32,107,2,BB-RL,3.633122809313012,0.004339705003076233,0.010449718000018038,2.9090006137266755e-06,0.014792332003707998,cayley,1,389640c88782d6b1b786bd976e588f097de2041b538b6e301c74701d4ecbd590,8.881784197001252e-16
32,107,2,MAC,1.196838661598493,1.4513003407046199e-05,0.016322059993399307,0.0,0.016336572996806353,path,1,bc60d1f03682de43f187f8845dd28449ab349e8b5ff6c88225844716e9eb5cf1,3.1086244689504383e-15
32,107,3,MAC,1.196838661598493,1.4214994735084474e-05,0.016328336001606658,0.0,0.016342550996341743,path,1,bc60d1f03682de43f187f8845dd28449ab349e8b5ff6c88225844716e9eb5cf1,3.1086244689504383e-15
32,107,3,BB-RL,3.6331228093130146,0.004440132004674524,0.010457873999257572,2.921995474025607e-06,0.014900927999406122,cayley,1,9c265328e1b2d929f17a15666b2cde90c867287de7ac4a40a101a24c49d8e2fe,0.0
32,107,4,BB-RL,3.6211032181550924,0.004238473004079424,0.010435393996885978,2.911998308263719e-06,0.014676778999273665,cayley,1,87bf13ec5205a09b46ad4d691bb5ab8bfb567ebe6bb9f3203d8e961ab9e12ae7,0.0
32,107,4,MAC,1.196838661598493,1.449001138098538e-05,0.016292800995870493,0.0,0.01630729100725148,path,1,bc60d1f03682de43f187f8845dd28449ab349e8b5ff6c88225844716e9eb5cf1,3.1086244689504383e-15
32,112,0,MAC,2.2352896386245034,1.45800004247576e-05,0.016258659001323394,0.0,0.016273239001748152,path,1,b282ec914e7ac2854867dba31ff04bf6f0b8f3c48bcf85891b072202db3fb3e7,5.773159728050814e-15
32,112,0,BB-RL,4.000000000000001,0.004481834010221064,0.000333484000293538,2.8249924071133137e-06,0.004818143002921715,cayley,1,87b15a98e12b6122887f145eef1f6204a385b8a621852a2523b03d7c2366d25e,3.552713678800501e-15
32,112,1,BB-RL,3.9999999999999987,0.004449692991329357,0.00034111400600522757,2.85300484392792e-06,0.0047936600021785125,cayley,1,153c9b847edb024c43aff14997c402d3c6667c2c00edb2b0ec517052290934a1,1.7763568394002505e-15
32,112,1,MAC,2.2352896386245034,1.4403005479834974e-05,0.01630351999483537,0.0,0.016317923000315204,path,1,b282ec914e7ac2854867dba31ff04bf6f0b8f3c48bcf85891b072202db3fb3e7,5.773159728050814e-15
32,112,2,MAC,2.2352896386245034,1.4189005014486611e-05,0.01635456399526447,0.0,0.016368753000278957,path,1,b282ec914e7ac2854867dba31ff04bf6f0b8f3c48bcf85891b072202db3fb3e7,5.773159728050814e-15
32,112,2,BB-RL,3.9999999999999987,0.004533509010798298,0.00035234699316788465,2.9910006560385227e-06,0.004888847004622221,cayley,1,ef43b51cd8e618ef6e6a56207eb8b2d13ea83b7c29218d2f0ed62c6d29dfed86,2.6645352591003757e-15
32,112,3,BB-RL,3.999999999999997,0.004444491001777351,0.0003499710001051426,2.7700007194653153e-06,0.004797232002601959,cayley,1,12f87ed3551f4343758385a1a4be060cc5b5db90be727085e6ef5f317712d448,7.549516567451064e-15
32,112,3,MAC,2.2352896386245034,1.414999132975936e-05,0.016389655007515103,0.0,0.016403804998844862,path,1,b282ec914e7ac2854867dba31ff04bf6f0b8f3c48bcf85891b072202db3fb3e7,5.773159728050814e-15
32,112,4,MAC,2.2352896386245034,1.4103003195486963e-05,0.016310395003529266,0.0,0.016324498006724752,path,1,b282ec914e7ac2854867dba31ff04bf6f0b8f3c48bcf85891b072202db3fb3e7,5.773159728050814e-15
32,112,4,BB-RL,4.000000000000001,0.004791970990481786,0.0003440059954300523,2.988002961501479e-06,0.00513896498887334,cayley,1,32656d1d5bcb91e9429036fd97df08caa6e73200a8e8d4fbc5d3e1cbeaf9c2f4,3.552713678800501e-15
32,116,0,MAC,1.2399215782583555,1.4293997082859278e-05,0.01637379800376948,0.0,0.01638809200085234,path,1,62b4953632d04bb13b80347fb9f2f7f68f36e3cdb5d2481af1a92e4322c681d8,6.661338147750939e-16
32,116,0,BB-RL,4.062219780135152,0.004333197997766547,0.004982687998563051,3.0990049708634615e-06,0.009318985001300462,cayley,1,e36baf55700e0f9d62f7516c23242e27d97bcf882ad7eeb11086ca3a3dead8b3,1.7763568394002505e-15
32,116,1,BB-RL,4.0,0.004338042999734171,0.0049330079928040504,2.901011612266302e-06,0.009273952004150487,cayley,1,c92fe6e2a289823ca2763f3a2630811b53986a40ee74d6fa38c79fd289982283,6.661338147750939e-15
32,116,1,MAC,1.2399215782583555,1.4470002497546375e-05,0.01641991699580103,0.0,0.016434386998298578,path,1,62b4953632d04bb13b80347fb9f2f7f68f36e3cdb5d2481af1a92e4322c681d8,6.661338147750939e-16
32,116,2,MAC,1.2399215782583555,1.4365999959409237e-05,0.01629133000096772,0.0,0.016305696000927128,path,1,62b4953632d04bb13b80347fb9f2f7f68f36e3cdb5d2481af1a92e4322c681d8,6.661338147750939e-16
32,116,2,BB-RL,4.000000000000001,0.004541724003502168,0.00492337100149598,2.8750073397532105e-06,0.0094679700123379,cayley,1,7afceb9a8cc11d6c2d752873032e6326a9a8b861e8c0ba23ec535c0152c343b5,8.881784197001252e-16
32,116,3,BB-RL,3.9999999999999973,0.004272912003216334,0.004918189995805733,2.8509966796264052e-06,0.009193952995701693,cayley,1,de319412dba76e65241ac298527512375132bd28a78a1a7f8197e5abd0be8a57,8.881784197001252e-16
32,116,3,MAC,1.2399215782583555,1.4433011529035866e-05,0.016405398986535147,0.0,0.016419831998064183,path,1,62b4953632d04bb13b80347fb9f2f7f68f36e3cdb5d2481af1a92e4322c681d8,6.661338147750939e-16
32,116,4,MAC,1.2399215782583555,1.426100789103657e-05,0.01634570400347002,0.0,0.016359965011361055,path,1,62b4953632d04bb13b80347fb9f2f7f68f36e3cdb5d2481af1a92e4322c681d8,6.661338147750939e-16
32,116,4,BB-RL,4.073929010179574,0.0045016140065854415,0.004908005998004228,2.83999543171376e-06,0.009412460000021383,cayley,1,f93759e36cdde8a2e000a8f5c03a8a97b68332bf417297cbfdd8f24097c8ef2f,8.881784197001252e-16
32,121,0,BB-RL,4.219894850379301,0.004344225992099382,0.008849243007716723,2.8700014809146523e-06,0.01319633900129702,cayley,1,d765a35be6b7e949386866d1419a13b84f80eff9aec5bf9e3e99ebc59a32aa07,3.552713678800501e-15
32,121,0,MAC,1.9498701637532625,1.440499909222126e-05,0.016262105011264794,0.0,0.016276510010357015,path,1,54e6fb14325e8a4461f4d27257761f60ee63bb7abca0583d475572ec063f5fc6,1.9984014443252818e-15
32,121,1,MAC,1.9498701637532625,1.4471996109932661e-05,0.01629361200321,0.0,0.016308083999319933,path,1,54e6fb14325e8a4461f4d27257761f60ee63bb7abca0583d475572ec063f5fc6,1.9984014443252818e-15
32,121,1,BB-RL,4.072749381927911,0.0044987940054852515,0.00888339699304197,2.888002200052142e-06,0.013385079000727274,cayley,1,234e18e4b98d6301ef7a404ac32e831ff290c2ad08ad67bdab6915b626c89765,3.552713678800501e-15
32,121,2,BB-RL,4.081991923450481,0.004457739007193595,0.00886592999449931,2.8189970180392265e-06,0.013326487998710945,cayley,1,92a5e1b106afce4dc0fe31243af9fc83a2ac65079275a3d62b9535a725211cf3,4.440892098500626e-15
32,121,2,MAC,1.9498701637532625,1.4538993127644062e-05,0.01640856300946325,0.0,0.016423102002590895,path,1,54e6fb14325e8a4461f4d27257761f60ee63bb7abca0583d475572ec063f5fc6,1.9984014443252818e-15
32,121,3,MAC,1.9498701637532625,1.4435994671657681e-05,0.016379197011701763,0.0,0.01639363300637342,path,1,54e6fb14325e8a4461f4d27257761f60ee63bb7abca0583d475572ec063f5fc6,1.9984014443252818e-15
32,121,3,BB-RL,4.081991923450481,0.0043468809890327975,0.008900859000277705,2.9049988370388746e-06,0.013250644988147542,cayley,1,f77a21cdf6a3f69ef02c032f3b3e965a67957248081a59e155506b09fdbfa649,1.7763568394002505e-15
32,121,4,BB-RL,4.171528585776981,0.004505995995714329,0.008860375004587695,2.943997969850898e-06,0.013369314998271875,cayley,1,a58352273cee72a67e58d3f2b8bcc08457dcfebaf4e9352dbe40c6bd2f14101f,5.329070518200751e-15
32,121,4,MAC,1.9498701637532625,1.4340999769046903e-05,0.016312302992446348,0.0,0.016326643992215395,path,1,54e6fb14325e8a4461f4d27257761f60ee63bb7abca0583d475572ec063f5fc6,1.9984014443252818e-15
32,126,0,MAC,1.7370246168114245,1.4044009731151164e-05,0.016334551997715607,0.0,0.01634859600744676,path,1,be913b887e932abfa6b2826f3598ea4e3354c1710b0565eb463c3106d23792d7,3.9968028886505635e-15
32,126,0,BB-RL,4.339534896742821,0.00457444999483414,0.012855912995291874,2.8080103220418096e-06,0.017433171000448056,cayley,1,16b2e0f28a9366c9b5216daf5f168251ee7d974a85382597ce831168baa976c5,8.881784197001252e-16
32,126,1,BB-RL,4.210177191223503,0.004432918009115383,0.01285354798892513,2.854008926078677e-06,0.01728932000696659,cayley,1,78fe53da035cea8229f2df149e7f4edf35fa4b27f3e865f102c65695bf7ce1c5,3.552713678800501e-15
32,126,1,MAC,1.7370246168114245,1.4506003935821354e-05,0.0164177520055091,0.0,0.016432258009444922,path,1,be913b887e932abfa6b2826f3598ea4e3354c1710b0565eb463c3106d23792d7,3.9968028886505635e-15
32,126,2,MAC,1.7370246168114245,1.3847995433025062e-05,0.01630660900264047,0.0,0.016320456998073496,path,1,be913b887e932abfa6b2826f3598ea4e3354c1710b0565eb463c3106d23792d7,3.9968028886505635e-15
32,126,2,BB-RL,4.213518199776482,0.004397223994601518,0.012868974998127669,2.9700022423639894e-06,0.01726916899497155,cayley,1,5981f60085af1ee5d055645b395da8759473e5a48e363b6324161440d7cfa492,2.6645352591003757e-15
32,126,3,BB-RL,4.213518199776486,0.004312144999857992,0.01284428899816703,2.9009970603510737e-06,0.017159334995085374,cayley,1,3821cb1adc1883425f6ee4292b17ea5edcb34a2af12282afba33545ea1739fbd,1.7763568394002505e-15
32,126,3,MAC,1.7370246168114245,2.472300548106432e-05,0.01640233100624755,0.0,0.016427054011728615,path,1,be913b887e932abfa6b2826f3598ea4e3354c1710b0565eb463c3106d23792d7,3.9968028886505635e-15
32,126,4,MAC,1.7370246168114245,1.416300074197352e-05,0.01635605799674522,0.0,0.016370220997487195,path,1,be913b887e932abfa6b2826f3598ea4e3354c1710b0565eb463c3106d23792d7,3.9968028886505635e-15
32,126,4,BB-RL,4.270061931641045,0.004597108010784723,0.012822336997487582,2.8740032576024532e-06,0.017422319011529908,cayley,1,09956cc414fdecfa9fdb1dedcaa3aa4ceffffcf6ca071ea55ba087de03ea2c18,0.0
32,130,0,MAC,1.7146114456787513,1.4370991266332567e-05,0.01644300999760162,0.0,0.016457380988867953,path,1,8902da6bc0869255e965874a980e331777e40e2755c967d6cc67e289e3d75d76,3.3306690738754696e-15
32,130,0,BB-RL,5.171572875253808,0.004443373007234186,0.0029514489870052785,2.844011760316789e-06,0.007397666005999781,cayley,1,c7f10e9d994344ac75d30fda11acb2f5a4d169651a03526544b6fe9f94aa11b0,8.881784197001252e-16
32,130,1,BB-RL,5.171572875253808,0.0045826179994037375,0.0029690350056625903,3.0099909054115415e-06,0.007554662995971739,cayley,1,64760363c4e51ba80beba1615d3a5dbd1620a6bdf6fff1ad239252196cbdc29e,8.881784197001252e-16
32,130,1,MAC,1.7146114456787513,1.4278004528023303e-05,0.016294319997541606,0.0,0.01630859800206963,path,1,8902da6bc0869255e965874a980e331777e40e2755c967d6cc67e289e3d75d76,3.3306690738754696e-15
32,130,2,MAC,1.7146114456787513,1.4031000318937004e-05,0.0163261190027697,0.0,0.016340150003088638,path,1,8902da6bc0869255e965874a980e331777e40e2755c967d6cc67e289e3d75d76,3.3306690738754696e-15
32,130,2,BB-RL,5.171572875253808,0.004583954010740854,0.0029584040021291003,2.968998160213232e-06,0.007545327011030167,cayley,1,5721b3e4b3d8be672fb8430337632862d2d0901a771ffbbc7fdcc43ebcf4fcf9,1.7763568394002505e-15
32,130,3,BB-RL,5.17157287525381,0.004594034006004222,0.0029571699997177348,2.898988896049559e-06,0.007554102994618006,cayley,1,f705bfe104b61c3ef21e0694336ca52fd24f6b676826d4e1ba9fe24f0d1fb309,5.329070518200751e-15
32,130,3,MAC,1.7146114456787513,1.4371005818247795e-05,0.016321678995154798,0.0,0.016336050000973046,path,1,8902da6bc0869255e965874a980e331777e40e2755c967d6cc67e289e3d75d76,3.3306690738754696e-15
32,130,4,MAC,1.7146114456787513,1.3972996384836733e-05,0.016326132012181915,0.0,0.016340105008566752,path,1,8902da6bc0869255e965874a980e331777e40e2755c967d6cc67e289e3d75d76,3.3306690738754696e-15
32,130,4,BB-RL,5.17157287525381,0.004617005004547536,0.0029625719907926396,2.919012331403792e-06,0.00758249600767158,cayley,1,f705bfe104b61c3ef21e0694336ca52fd24f6b676826d4e1ba9fe24f0d1fb309,5.329070518200751e-15
32,135,0,BB-RL,5.206613415723616,0.004374407988507301,0.006905493006343022,2.9320071917027235e-06,0.011282833002042025,cayley,1,4368ed356741cfa4c9e860b65651a76cfcae1669af0627bdd67bb4f6f9c08a7e,2.6645352591003757e-15
32,135,0,MAC,1.5065582185278452,1.4461998944170773e-05,0.016417127000750042,0.0,0.016431588999694213,path,1,d2410a05cbc98a78bed12804e8201ab339566572f54446753f81c6b8762351be,4.884981308350689e-15
32,135,1,MAC,1.5065582185278452,1.4269986422732472e-05,0.01634536100027617,0.0,0.016359630986698903,path,1,d2410a05cbc98a78bed12804e8201ab339566572f54446753f81c6b8762351be,4.884981308350689e-15
32,135,1,BB-RL,5.206613415723616,0.004481636002310552,0.006920664993231185,2.868007868528366e-06,0.011405169003410265,cayley,1,dbe5786750994cb8d4f159e664ed2365f686ec51302402a3fa8ba79c6878bf9f,4.440892098500626e-15
32,135,2,BB-RL,5.206613415723618,0.004589821997797117,0.006925348992808722,2.8500071493908763e-06,0.01151802099775523,cayley,1,326e5fc7a79807d067723a983c844a5c43fca9067391c2c50c50642cbc615043,8.881784197001252e-15
32,135,2,MAC,1.5065582185278452,1.485800021328032e-05,0.016427021997515112,0.0,0.016441879997728392,path,1,d2410a05cbc98a78bed12804e8201ab339566572f54446753f81c6b8762351be,4.884981308350689e-15
32,135,3,MAC,1.5065582185278452,1.4111006748862565e-05,0.01642046798951924,0.0,0.0164345789962681,path,1,d2410a05cbc98a78bed12804e8201ab339566572f54446753f81c6b8762351be,4.884981308350689e-15
32,135,3,BB-RL,5.206613415723618,0.004672939001466148,0.006921558000613004,2.8329959604889154e-06,0.01159732999803964,cayley,1,346ae5289aa8af238439e5fd6efb9c9c165b93123990db43dbc3414788026ea7,6.217248937900877e-15
32,135,4,BB-RL,5.206613415723618,0.004579336993629113,0.006919758001458831,2.9610091587528586e-06,0.011502056004246697,cayley,1,346ae5289aa8af238439e5fd6efb9c9c165b93123990db43dbc3414788026ea7,6.217248937900877e-15
32,135,4,MAC,1.5065582185278452,1.4586999895982444e-05,0.016381740002543665,0.0,0.016396327002439648,path,1,d2410a05cbc98a78bed12804e8201ab339566572f54446753f81c6b8762351be,4.884981308350689e-15
32,140,0,MAC,2.079762205176294,1.4164004824124277e-05,0.016322577008395456,0.0,0.01633674101321958,path,1,6d38073611c63add0fd52b677182bf0824d04adc1e905de082b7a1d26a674d78,4.884981308350689e-15
32,140,0,BB-RL,5.322749522150703,0.004566752992104739,0.010877477005124092,2.8670037863776088e-06,0.015447097001015209,cayley,1,467b68b82bbf071639b5472df5c3cdf3978557dffa6c2835144d02186d43c7e0,7.993605777301127e-15
32,140,1,BB-RL,5.3227495221506995,0.0045686779922107235,0.010850642007426359,3.0059891287237406e-06,0.015422325988765806,cayley,1,fa0d54eb1b5b3c75082423dfa7c28f368578a52af0fa914fabc5b0a03e45de2e,1.7763568394002505e-15
32,140,1,MAC,2.079762205176294,1.4393008314073086e-05,0.016290052997646853,0.0,0.016304446005960926,path,1,6d38073611c63add0fd52b677182bf0824d04adc1e905de082b7a1d26a674d78,4.884981308350689e-15
32,140,2,MAC,2.079762205176294,1.4254997950047255e-05,0.01636212199809961,0.0,0.016376376996049657,path,1,6d38073611c63add0fd52b677182bf0824d04adc1e905de082b7a1d26a674d78,4.884981308350689e-15
32,140,2,BB-RL,5.324869401462713,0.004555103005259298,0.01088755599630531,2.8149952413514256e-06,0.015445473996805958,cayley,1,cac8999753e92322bb3335b6bd2d8cdf4475096330d3eec331a323b205344415,7.993605777301127e-15
32,140,3,BB-RL,5.387795005317026,0.004452244000276551,0.010828742000740021,2.8600043151527643e-06,0.015283846005331725,cayley,1,fdd6418b998fd00942a082457748acd803407902cd0b45fe9b8dca8fe57f7998,2.6645352591003757e-15
32,140,3,MAC,2.079762205176294,1.4550008927471936e-05,0.016406090988311917,0.0,0.01642064099723939,path,1,6d38073611c63add0fd52b677182bf0824d04adc1e905de082b7a1d26a674d78,4.884981308350689e-15
32,140,4,MAC,2.079762205176294,1.444500230718404e-05,0.01635439599340316,0.0,0.016368840995710343,path,1,6d38073611c63add0fd52b677182bf0824d04adc1e905de082b7a1d26a674d78,4.884981308350689e-15
32,140,4,BB-RL,5.387795005317026,0.004630076000466943,0.010877880995394662,2.896995283663273e-06,0.015510853991145268,cayley,1,fdd6418b998fd00942a082457748acd803407902cd0b45fe9b8dca8fe57f7998,2.6645352591003757e-15
32,144,0,MAC,2.9729625528740975,1.4393997844308615e-05,0.016355889005353674,0.0,0.016370283003197983,path,1,34754b8c54f002bd94e89c22c1eb715c9d74c95f2074c9f50094e1dc0ac41c68,5.329070518200751e-15
32,144,0,BB-RL,5.9999999999999964,0.00472616299521178,0.00034564700035844,2.8409995138645172e-06,0.005074650995084085,cayley,1,44947bcb115e97d47b12846e12f4690aaf0e8d29dead4494b22bfd1de60a783d,0.0
32,144,1,BB-RL,6.0,0.004698998993262649,0.00033090999932028353,2.7420028345659375e-06,0.005032650995417498,cayley,1,795a7c9acfd6d8ecca62a2491c6198c342ba5a92191c6620ad0cefb3150b0b4f,8.881784197001252e-16
32,144,1,MAC,2.9729625528740975,1.4498000382445753e-05,0.01636431999213528,0.0,0.016378817992517725,path,1,34754b8c54f002bd94e89c22c1eb715c9d74c95f2074c9f50094e1dc0ac41c68,5.329070518200751e-15
32,144,2,MAC,2.9729625528740975,1.424300717189908e-05,0.016313413987518288,0.0,0.016327656994690187,path,1,34754b8c54f002bd94e89c22c1eb715c9d74c95f2074c9f50094e1dc0ac41c68,5.329070518200751e-15
32,144,2,BB-RL,5.999999999999993,0.004881275992374867,0.00034740300907287747,2.77700019069016e-06,0.005231456001638435,cayley,1,971e5cd107e66a61954b6ca4b6077adfddab7b157035bd76b798d98c5ebecc81,2.6645352591003757e-15
32,144,3,BB-RL,5.9999999999999964,0.004773590000695549,0.0003397419932298362,2.820001100189984e-06,0.005116151995025575,cayley,1,6498e3b3b7d3f5e98d51eeea8b2b25ecf2ae2c02c67319a2b3d94696e463da94,5.329070518200751e-15
32,144,3,MAC,2.9729625528740975,1.4385004760697484e-05,0.01634781299799215,0.0,0.016362198002752848,path,1,34754b8c54f002bd94e89c22c1eb715c9d74c95f2074c9f50094e1dc0ac41c68,5.329070518200751e-15
32,144,4,MAC,2.9729625528740975,1.4349003322422504e-05,0.01629679900361225,0.0,0.016311148006934673,path,1,34754b8c54f002bd94e89c22c1eb715c9d74c95f2074c9f50094e1dc0ac41c68,5.329070518200751e-15
32,144,4,BB-RL,5.999999999999995,0.004706410996732302,0.0003521710023051128,2.8710055630654097e-06,0.00506145300460048,cayley,1,fd1d2cb5148c601972ecc07250833dd1c77342cc0cd9a169f693ce96681c5ecd,1.7763568394002505e-15
32,149,0,BB-RL,6.000000000000005,0.004752269000164233,0.005326900994987227,2.9679940780624747e-06,0.010082137989229523,cayley,1,95d45e203663ce999cd4a40020e27dae0719c48edd90f6045edd225a4db99f94,1.1546319456101628e-14
32,149,0,MAC,3.063523609595449,1.462998625356704e-05,0.016412743003456853,0.0,0.01642737298971042,path,1,c3d0162273adde46d80c2ad81867ec4bb16f76aa8e0648d0cd2ad8cc2333a334,3.9968028886505635e-15
32,149,1,MAC,3.063523609595449,1.4254997950047255e-05,0.016395722996094264,0.0,0.01640997799404431,path,1,c3d0162273adde46d80c2ad81867ec4bb16f76aa8e0648d0cd2ad8cc2333a334,3.9968028886505635e-15
32,149,1,BB-RL,6.124838809122117,0.004773762004333548,0.005311996006639674,2.8439972084015608e-06,0.010088602008181624,cayley,1,6a1d0ed6949286c1bca2b735b1a5112411b5c779659a7bb51c0fd4a9d6c1dea2,0.0
32,149,2,BB-RL,6.004439556313571,0.004820893009309657,0.005307456987793557,2.9229995561763644e-06,0.01013127299665939,cayley,1,18adda1f193de77e59b22320899ddc7c340a0b0c47fc09aa3c81576c2ca06193,8.881784197001252e-16
32,149,2,MAC,3.063523609595449,1.462099316995591e-05,0.016352266000467353,0.0,0.01636688699363731,path,1,c3d0162273adde46d80c2ad81867ec4bb16f76aa8e0648d0cd2ad8cc2333a334,3.9968028886505635e-15
32,149,3,MAC,3.063523609595449,1.4432996977120638e-05,0.01636858501296956,0.0,0.01638301800994668,path,1,c3d0162273adde46d80c2ad81867ec4bb16f76aa8e0648d0cd2ad8cc2333a334,3.9968028886505635e-15
32,149,3,BB-RL,6.113307921092547,0.004954789998009801,0.005333856999641284,2.782995579764247e-06,0.01029142999323085,cayley,1,676bbec8b30a222f3d555020537e255866288a658772dc1b6f136b3a098386e3,4.440892098500626e-15
32,149,4,BB-RL,5.999999999999998,0.004650948991184123,0.005329192004865035,2.768007107079029e-06,0.009982909003156237,cayley,1,5f0937edd1141c1d6988de08e50c8d3754d7053ba7b53c9cb6ecd531344caef7,4.440892098500626e-15
32,149,4,MAC,3.063523609595449,1.4414996257983148e-05,0.016305818993714638,0.0,0.01632023398997262,path,1,c3d0162273adde46d80c2ad81867ec4bb16f76aa8e0648d0cd2ad8cc2333a334,3.9968028886505635e-15
32,154,0,MAC,2.9347853946021885,1.4349992852658033e-05,0.016312121006194502,0.0,0.01632647099904716,path,1,7c1dcf9176c779e2db2be29b61236f5e307153722ebfba538577194d97953c0f,1.5987211554602254e-14
32,154,0,BB-RL,6.092096447883527,0.004620867999619804,0.009274943004129454,3.05999128613621e-06,0.013898870995035395,cayley,1,893b1458bae76c32781b19f7768b838542b2d3670d473efa28d18bf495cfc78c,5.329070518200751e-15
32,154,1,BB-RL,6.168533087391797,0.0048242999910144135,0.009262361010769382,2.964996383525431e-06,0.014089625998167321,cayley,1,0d0bb52265f131c1863ab831c7d0a0965ef35ed1e80bcdea80e9b20c4390efcc,1.7763568394002505e-15
32,154,1,MAC,2.9347853946021885,1.4328004908747971e-05,0.0164530579932034,0.0,0.01646738599811215,path,1,7c1dcf9176c779e2db2be29b61236f5e307153722ebfba538577194d97953c0f,1.5987211554602254e-14
32,154,2,MAC,2.9347853946021885,1.4146004104986787e-05,0.016404879992478527,0.0,0.016419025996583514,path,1,7c1dcf9176c779e2db2be29b61236f5e307153722ebfba538577194d97953c0f,1.5987211554602254e-14
32,154,2,BB-RL,6.149670022116812,0.004778237998834811,0.009288657995057292,3.011999069713056e-06,0.014069907992961816,cayley,1,9fedbff0d892b2c2a8b4ec9efaba19b731b6b3d1435e68ece8da5867371f4f4a,5.329070518200751e-15
32,154,3,BB-RL,6.233988739616613,0.00473993900232017,0.009239374994649552,2.9890070436522365e-06,0.013982303004013374,cayley,1,e79568b960d5ca9b0c11ad394b85a80a2923ef6604b4d0e15d0be28cd4744acb,0.0
32,154,3,MAC,2.9347853946021885,1.4418998034670949e-05,0.016420660002040677,0.0,0.016435079000075348,path,1,7c1dcf9176c779e2db2be29b61236f5e307153722ebfba538577194d97953c0f,1.5987211554602254e-14
32,154,4,MAC,2.9347853946021885,1.4300007023848593e-05,0.01633261599636171,0.0,0.01634691600338556,path,1,7c1dcf9176c779e2db2be29b61236f5e307153722ebfba538577194d97953c0f,1.5987211554602254e-14
32,154,4,BB-RL,6.065074255189151,0.004878176987404004,0.009298324002884328,2.8900103643536568e-06,0.014179391000652686,cayley,1,577887221c5c37375b7b17f3957cb987b5a68e42a188407f2c937dde8325d8b7,1.7763568394002505e-15
32,158,0,MAC,4.017291737778029,1.4732999261468649e-05,0.016334115993231535,0.0,0.016348848992493004,path,1,6004148b797463dd5acfb73dd4c133b03877d342fbf5893c7f0df8f5015072aa,8.881784197001252e-16
32,158,0,BB-RL,6.186017263279188,0.004595139995217323,0.012419341001077555,2.9240036383271217e-06,0.017017404999933206,cayley,1,d2f64e2edcfd115e670c46104d295999b613d78751c4adde803e16abc59076ac,0.0
32,158,1,BB-RL,6.365744776931276,0.004797071000211872,0.01242534100310877,2.7439964469522238e-06,0.017225155999767594,cayley,1,a33d831e739d6538a0f0a892719fb6e959b1fe7229a85524303db811d782f5d6,1.7763568394002505e-15
32,158,1,MAC,4.017291737778029,1.4501012628898025e-05,0.016448153997771442,0.0,0.01646265501040034,path,1,6004148b797463dd5acfb73dd4c133b03877d342fbf5893c7f0df8f5015072aa,8.881784197001252e-16
32,158,2,MAC,4.017291737778029,1.4211007510311902e-05,0.01636898299329914,0.0,0.016383194000809453,path,1,6004148b797463dd5acfb73dd4c133b03877d342fbf5893c7f0df8f5015072aa,8.881784197001252e-16
32,158,2,BB-RL,6.186017263279192,0.004920466002658941,0.01243482700374443,2.886998117901385e-06,0.017358180004521273,cayley,1,b2bd785a7617ce65501d1ed11fca56394fe47583cfe226e686225f14da5711ea,2.6645352591003757e-15
32,158,3,BB-RL,6.3431601184363355,0.004668049994506873,0.012402160005876794,2.8270005714148283e-06,0.017073037000955082,cayley,1,afa5fc621c18bd8f74d8fecbde75ae458a62b6d6c6cc8b62ccaaf59497cfbdfc,0.0
32,158,3,MAC,4.017291737778029,1.4532997738569975e-05,0.016466412009322084,0.0,0.016480945007060654,path,1,6004148b797463dd5acfb73dd4c133b03877d342fbf5893c7f0df8f5015072aa,8.881784197001252e-16
32,158,4,MAC,4.017291737778029,1.4286997611634433e-05,0.01642172499850858,0.0,0.016436011996120214,path,1,6004148b797463dd5acfb73dd4c133b03877d342fbf5893c7f0df8f5015072aa,8.881784197001252e-16
32,158,4,BB-RL,6.186121985245753,0.004822558999876492,0.012432453004294075,2.849992597475648e-06,0.017257861996768042,cayley,1,730f12796de2d3036319ee188f97fe93fa3d8d60237a7f6b441856a198135303,4.440892098500626e-15
32,163,0,BB-RL,7.3868740702472415,0.004793052998138592,0.0037271079927450046,2.9340008040890098e-06,0.008523094991687685,cayley,1,a69a3e51a756849e5bfb2902d38855e8c6e5d4762d9fc383b5e74687432ec540,3.552713678800501e-15
32,163,0,MAC,3.2669331813345064,1.4489007298834622e-05,0.0164796619937988,0.0,0.016494151001097634,path,1,f2324efcef79225075e65473bd1f34d2e918f0b134d2bf2c8fc37cb06aeaa717,8.881784197001252e-16
32,163,1,MAC,3.2669331813345064,1.4379998901858926e-05,0.016391124998335727,0.0,0.016405504997237585,path,1,f2324efcef79225075e65473bd1f34d2e918f0b134d2bf2c8fc37cb06aeaa717,8.881784197001252e-16
32,163,1,BB-RL,7.386874070247243,0.004754708003019914,0.0037275719951139763,2.986998879350722e-06,0.008485266997013241,cayley,1,8de60effdfd32565b90ac196264bba8623e4a31a1ab3605060230c11af89b966,8.881784197001252e-16
32,163,2,BB-RL,7.38687407024725,0.004960410005878657,0.003735980993951671,2.8740032576024532e-06,0.00869926500308793,cayley,1,2b750ac189a703a39872c4ae97fafc78e1072efcb329eae35d091578b972e122,5.329070518200751e-15
32,163,2,MAC,3.2669331813345064,1.442700158804655e-05,0.016509374996530823,0.0,0.01652380199811887,path,1,f2324efcef79225075e65473bd1f34d2e918f0b134d2bf2c8fc37cb06aeaa717,8.881784197001252e-16
32,163,3,MAC,3.2669331813345064,1.445900124963373e-05,0.01646387499931734,0.0,0.016478334000566974,path,1,f2324efcef79225075e65473bd1f34d2e918f0b134d2bf2c8fc37cb06aeaa717,8.881784197001252e-16
32,163,3,BB-RL,7.38687407024725,0.004880567008513026,0.003740893997019157,2.886998117901385e-06,0.008624348003650084,cayley,1,766f8cc65aaa098b0e71e6327af454183a3d3c0a7502900316525d324537552c,8.881784197001252e-16
32,163,4,BB-RL,7.386874070247247,0.0048124010063475,0.0037488340021809563,2.8529902920126915e-06,0.008564087998820469,cayley,1,843ea3da153786021c75f1ebb99643e9385431e3cbc28bf36accb73d7dbe3f96,1.7763568394002505e-15
32,163,4,MAC,3.2669331813345064,1.4536009985022247e-05,0.016464856002130546,0.0,0.016479392012115568,path,1,f2324efcef79225075e65473bd1f34d2e918f0b134d2bf2c8fc37cb06aeaa717,8.881784197001252e-16
32,168,0,MAC,3.467750975581724,1.4412988093681633e-05,0.016414224010077305,0.0,0.016428636998170987,path,1,d797ce77a67894e61f03e7f3b6fabd0a4955fa6939c3861ab31ad3c6c91e0ef7,0.0
32,168,0,BB-RL,7.408662223143484,0.0049269019946223125,0.0077114230080042034,3.0149967642500997e-06,0.012641339999390766,cayley,1,ec6266be9dbf0257df90db6e75f82efd762a63c0462baa77cb2f1fccb9c0b581,4.440892098500626e-15
32,168,1,BB-RL,7.408662223143482,0.004808151992619969,0.007697181004914455,3.016990376636386e-06,0.01250834998791106,cayley,1,b956e9d48ec60e9d6a6c4db118a4098f038f4a91f9a053bb0ae59980f6090cb3,2.6645352591003757e-15
32,168,1,MAC,3.467750975581724,1.4410994481295347e-05,0.016534259004401974,0.0,0.01654866999888327,path,1,d797ce77a67894e61f03e7f3b6fabd0a4955fa6939c3861ab31ad3c6c91e0ef7,0.0
32,168,2,MAC,3.467750975581724,1.4388991985470057e-05,0.0164846030093031,0.0,0.01649899200128857,path,1,d797ce77a67894e61f03e7f3b6fabd0a4955fa6939c3861ab31ad3c6c91e0ef7,0.0
32,168,2,BB-RL,7.411466489673156,0.004861241002799943,0.007705712007009424,2.8389913495630026e-06,0.01256979200115893,cayley,1,43ce60a99c2e3b2acb6ada332a0f33c2fce28661ce8f7a1ae911c68429a45923,8.881784197001252e-16
32,168,3,BB-RL,7.408662223143478,0.00508831100887619,0.007688090001465753,2.921995474025607e-06,0.012779323005815968,cayley,1,30b2a016d57e357c803189d8f1cf0365d8d6cbdc70cfbacfa56059722a901a72,1.0658141036401503e-14
32,168,3,MAC,3.467750975581724,1.4200995792634785e-05,0.01644859299995005,0.0,0.016462793995742686,path,1,d797ce77a67894e61f03e7f3b6fabd0a4955fa6939c3861ab31ad3c6c91e0ef7,0.0
32,168,4,MAC,3.467750975581724,1.4349003322422504e-05,0.016355030005797744,0.0,0.016369379009120166,path,1,d797ce77a67894e61f03e7f3b6fabd0a4955fa6939c3861ab31ad3c6c91e0ef7,0.0
32,168,4,BB-RL,7.408662223143482,0.004903383000055328,0.007704481002292596,2.8859940357506275e-06,0.012610749996383674,cayley,1,fe8114ef009640b2743ba5153e76d27bfac7c08f9996e1d2a543598d5b0a8154,8.881784197001252e-16
32,172,0,MAC,4.522706532099646,1.4165008906275034e-05,0.01638241000182461,0.0,0.016396575010730885,path,1,109a71c22aec13c88db82dcbf20fc8ae54eda6b878b1d92525d9518af6caa6c4,3.552713678800501e-15
32,172,0,BB-RL,7.438447187191169,0.004851376987062395,0.010848470003111288,2.9420043574646115e-06,0.015702788994531147,cayley,1,1684f82e1485c55adcaeedc6faff0e2dc38268d6be81e492a74e40ab89955e89,2.6645352591003757e-15
32,172,1,BB-RL,7.438447187191173,0.004829763012821786,0.01086735399439931,2.9679940780624747e-06,0.015700085001299158,cayley,1,2f9eb73886d1f8944bb2383bd81e37b47e1178bd03c83d2554aa83ce6f137963,0.0
32,172,1,MAC,4.522706532099646,1.4474004274234176e-05,0.016330498998286203,0.0,0.016344973002560437,path,1,109a71c22aec13c88db82dcbf20fc8ae54eda6b878b1d92525d9518af6caa6c4,3.552713678800501e-15
32,172,2,MAC,4.522706532099646,1.4299992471933365e-05,0.016363490009098314,0.0,0.016377790001570247,path,1,109a71c22aec13c88db82dcbf20fc8ae54eda6b878b1d92525d9518af6caa6c4,3.552713678800501e-15
32,172,2,BB-RL,7.438447187191169,0.004899921012111008,0.01088376299594529,2.8469949029386044e-06,0.015786531002959237,cayley,1,12e882b7105cad5c3bcc0acbebdf89cab9ccd343d1d6e46d2559492945b6a3cf,2.6645352591003757e-15
32,172,3,BB-RL,7.438447187191173,0.004861902998527512,0.010843463998753577,2.9560032999143004e-06,0.015708323000581004,cayley,1,dba6b6bbbfe7232a556c767fc75273260df0ad316a71c2ad50d54419908e56f1,1.2434497875801753e-14
32,172,3,MAC,4.522706532099646,1.4353005099110305e-05,0.01632747199619189,0.0,0.016341825001291,path,1,109a71c22aec13c88db82dcbf20fc8ae54eda6b878b1d92525d9518af6caa6c4,3.552713678800501e-15
32,172,4,MAC,4.522706532099646,1.418999454472214e-05,0.016376847997889854,0.0,0.016391037992434576,path,1,109a71c22aec13c88db82dcbf20fc8ae54eda6b878b1d92525d9518af6caa6c4,3.552713678800501e-15
32,172,4,BB-RL,7.438447187191173,0.004963722996762954,0.01088695100042969,2.8709910111501813e-06,0.015853544988203794,cayley,1,da0b1cc72e65307a85766faff9f4751d9656c653a900015e8d91892d4f35cc16,1.0658141036401503e-14
32,177,0,BB-RL,8.202067348068187,0.004813744002603926,0.0021415149967651814,2.906002919189632e-06,0.006958165002288297,cayley,1,2ff5ef1bcdd63d4684ff3e1c413a9dbb75d877fcd002a2fc0667b92336a02216,1.7763568394002505e-15
32,177,0,MAC,4.47581799551849,1.430200063623488e-05,0.016436326011898927,0.0,0.016450628012535162,path,1,ae180e3a2a226681975510553c16e90e7310a1d80b42c796e7afcf3c2852ae7b,7.993605777301127e-15
32,177,1,MAC,4.47581799551849,1.4232995454221964e-05,0.0164923280099174,0.0,0.016506561005371623,path,1,ae180e3a2a226681975510553c16e90e7310a1d80b42c796e7afcf3c2852ae7b,7.993605777301127e-15
32,177,1,BB-RL,8.202067348068187,0.004897114005871117,0.002151052001863718,2.9240036383271217e-06,0.007051090011373162,cayley,1,8a2e4c6a6217ee10a3f21182cfd0500d1f517a67e4ff49fbc77d4681390f1111,0.0
32,177,2,BB-RL,8.202067348068189,0.0048681859916541725,0.002141360004316084,2.8529902920126915e-06,0.007012398986262269,cayley,1,a34cf42fbd324e1bd3a951e0cfad6ed981f42926141dc5ec94755eb7b1a38364,7.105427357601002e-15
32,177,2,MAC,4.47581799551849,1.4708013623021543e-05,0.016533422996872105,0.0,0.016548131010495126,path,1,ae180e3a2a226681975510553c16e90e7310a1d80b42c796e7afcf3c2852ae7b,7.993605777301127e-15
32,177,3,MAC,4.47581799551849,1.422599598299712e-05,0.016492181996,0.0,0.016506407991982996,path,1,ae180e3a2a226681975510553c16e90e7310a1d80b42c796e7afcf3c2852ae7b,7.993605777301127e-15
32,177,3,BB-RL,8.202067348068185,0.004838388005737215,0.002134225986083038,2.8340000426396728e-06,0.006975447991862893,cayley,1,969bbc9ca6ec0e67d38c77d4531e7a867853b0505a7e88c51ad8f7f0af87f42a,0.0
32,177,4,BB-RL,8.202067348068187,0.004962906998116523,0.0021467190090334043,2.8189970180392265e-06,0.0071124450041679665,cayley,1,e745b9cb4a6cf2fa37c894da9fb3fe68daf96dda200a912142335df16de24ffe,3.552713678800501e-15
32,177,4,MAC,4.47581799551849,1.4749006368219852e-05,0.01653430299484171,0.0,0.01654905200120993,path,1,ae180e3a2a226681975510553c16e90e7310a1d80b42c796e7afcf3c2852ae7b,7.993605777301127e-15
32,182,0,MAC,5.284522102667822,1.4296994777396321e-05,0.01637875899905339,0.0,0.016393055993830785,path,1,749eb9c047d0a1fbfd12e90629c1c943224084caf1ef6190dd4fd198eaebbc1b,2.6645352591003757e-15
32,182,0,BB-RL,8.282978631931206,0.004839225992327556,0.006110422007623129,2.8170034056529403e-06,0.010952465003356338,cayley,1,a530e7c9b4141d3a4bf2ad7f45115912a576841b47de1ff6ff7c25c2484d4e5d,5.329070518200751e-15
32,182,1,BB-RL,8.282978631931206,0.004895643010968342,0.00609517699922435,3.0099909054115415e-06,0.010993830001098104,cayley,1,2820842486484ddc04b69843a4099f32393c6a01ad541c48174f42590fc4a833,1.7763568394002505e-15
32,182,1,MAC,5.284522102667822,1.4345991075970232e-05,0.016544279002118856,0.0,0.016558624993194826,path,1,749eb9c047d0a1fbfd12e90629c1c943224084caf1ef6190dd4fd198eaebbc1b,2.6645352591003757e-15
32,182,2,MAC,5.284522102667822,1.432000135537237e-05,0.01651201699860394,0.0,0.016526336999959312,path,1,749eb9c047d0a1fbfd12e90629c1c943224084caf1ef6190dd4fd198eaebbc1b,2.6645352591003757e-15
32,182,2,BB-RL,8.310468853234529,0.0050719779974315315,0.0061279149958863854,2.845001290552318e-06,0.01120273799460847,cayley,1,b585b0210994fd58b55e52797acaa20c283cd716053381bfabeb73522d65f060,7.105427357601002e-15
32,182,3,BB-RL,8.290587062638693,0.004742493008961901,0.006084897991968319,2.868007868528366e-06,0.010830259008798748,cayley,1,4209046628a5ceef064339599478b36ba7c60937450bce1e5058570136feefac,5.329070518200751e-15
32,182,3,MAC,5.284522102667822,1.4453005860559642e-05,0.01641221999307163,0.0,0.01642667299893219,path,1,749eb9c047d0a1fbfd12e90629c1c943224084caf1ef6190dd4fd198eaebbc1b,2.6645352591003757e-15
32,182,4,MAC,5.284522102667822,1.429700932931155e-05,0.016377112988266163,0.0,0.016391409997595474,path,1,749eb9c047d0a1fbfd12e90629c1c943224084caf1ef6190dd4fd198eaebbc1b,2.6645352591003757e-15
32,182,4,BB-RL,8.282978631931204,0.004850608995184302,0.0061057599959895015,2.963002771139145e-06,0.010959331993944943,cayley,1,e3d909713d8f26e3954203a1521d3a74353d6bcee98b96b9e8f6b7a731487bd1,1.4210854715202004e-14
32,186,0,MAC,3.8263094393096435,1.4407007256522775e-05,0.016493956005433574,0.0,0.016508363012690097,path,1,852892df1504cbb66c5964948d6c108761810d2fd701aa6f9572db4e23e29a80,8.43769498715119e-15
32,186,0,BB-RL,8.436600836191799,0.0049633360031293705,0.009268648995202966,2.8130016289651394e-06,0.014234797999961302,cayley,1,cfc5c9ff4b35f793741007a69668d7fc7dd43eb2497ed18a1952abe63c8f470f,1.7763568394002505e-15
32,186,1,BB-RL,8.413254986235248,0.004750159991090186,0.009252203002688475,2.9009970603510737e-06,0.014005263990839012,cayley,1,fc2c6403550ed85eaf8d2ec6c2da994645d75d61a6dda9e96ea2bf91aebd4487,1.4210854715202004e-14
32,186,1,MAC,3.8263094393096435,1.4523000572808087e-05,0.016459608988952823,0.0,0.01647413198952563,path,1,852892df1504cbb66c5964948d6c108761810d2fd701aa6f9572db4e23e29a80,8.43769498715119e-15
32,186,2,MAC,3.8263094393096435,1.4078003005124629e-05,0.0164253330003703,0.0,0.016439411003375426,path,1,852892df1504cbb66c5964948d6c108761810d2fd701aa6f9572db4e23e29a80,8.43769498715119e-15
32,186,2,BB-RL,8.395689404440269,0.004907882001134567,0.00927616898843553,2.986009349115193e-06,0.014187036998919211,cayley,1,e6968c450654fbd873d8996145c1bed0ba81c5bbdcf39edce308968ee72aaca0,8.881784197001252e-15
32,186,3,BB-RL,8.38497270266542,0.004959896003128961,0.009240269006113522,2.772998414002359e-06,0.014202938007656485,cayley,1,1fc70891e684ef027300135dbc9d2fbbdbbd9c7333c812d9d9e1d1c65511684e,1.7763568394002505e-15
32,186,3,MAC,3.8263094393096435,1.4908990124240518e-05,0.016360526002245024,0.0,0.016375434992369264,path,1,852892df1504cbb66c5964948d6c108761810d2fd701aa6f9572db4e23e29a80,8.43769498715119e-15
32,186,4,MAC,3.8263094393096435,1.4178003766573966e-05,0.016373311998904683,0.0,0.016387490002671257,path,1,852892df1504cbb66c5964948d6c108761810d2fd701aa6f9572db4e23e29a80,8.43769498715119e-15
32,186,4,BB-RL,8.413254986235252,0.004829145007533953,0.009277781005948782,2.9469956643879414e-06,0.014109873009147123,cayley,1,d0292f49b4412cddef7ad1b7e7767c18a7a998ce641a1c4d8506a3a40d8f7332,3.552713678800501e-15
32,191,0,BB-RL,8.58797232152807,0.00490808198810555,0.01320723800745327,2.9840011848136783e-06,0.018118303996743634,cayley,1,a31af2fde86d6ffc457043783ea038e16ac093af3830d018ee5c838de4b41039,1.7763568394002505e-15
32,191,0,MAC,5.747096260762712,1.4507008017972112e-05,0.01647449999290984,0.0,0.016489007000927813,path,1,36c7c61b56216555716e88977c1d77905d755021fb358adf9c1e990f06b30640,7.105427357601002e-15
32,191,1,MAC,5.747096260762712,1.4181001461111009e-05,0.016361704998416826,0.0,0.016375885999877937,path,1,36c7c61b56216555716e88977c1d77905d755021fb358adf9c1e990f06b30640,7.105427357601002e-15
32,191,1,BB-RL,8.536738896538441,0.005016665003495291,0.013223158995970152,2.8950016712769866e-06,0.01824271900113672,cayley,1,c22bc0bebb4434d9500bceb58f4fbb57d41fe11ea38b71f1af065dbe926b735f,8.881784197001252e-15
32,191,2,BB-RL,8.474333033219173,0.004926592999254353,0.013231965000159107,2.8759968699887395e-06,0.01816143399628345,cayley,1,a38f7778d499f7bde9280ac9eef14cba73947df68f80694fdfecab63ad888c6b,0.0
32,191,2,MAC,5.747096260762712,1.4430988812819123e-05,0.016443950007669628,0.0,0.016458380996482447,path,1,36c7c61b56216555716e88977c1d77905d755021fb358adf9c1e990f06b30640,7.105427357601002e-15
32,191,3,MAC,5.747096260762712,1.41440104926005e-05,0.016425457986770198,0.0,0.016439601997262798,path,1,36c7c61b56216555716e88977c1d77905d755021fb358adf9c1e990f06b30640,7.105427357601002e-15
32,191,3,BB-RL,8.549324480285028,0.004863712005317211,0.013196615997003391,2.8799986466765404e-06,0.01806320800096728,cayley,1,938569bee32198c8a617dbe1fb33d4a334e7bc61b69131e4671cb811d9834683,0.0
32,191,4,BB-RL,8.572103083779322,0.0050323860050411895,0.013211843994213268,2.9090006137266755e-06,0.018247138999868184,cayley,1,c7d6b43e0a88ecef8d4662d8c5f7095072f2d1d7ab35fbeb83a05edd68739b33,0.0
32,191,4,MAC,5.747096260762712,1.4514997019432485e-05,0.016472157003590837,0.0,0.01648667200061027,path,1,36c7c61b56216555716e88977c1d77905d755021fb358adf9c1e990f06b30640,7.105427357601002e-15
32,196,0,MAC,5.540910109301503,1.4213001122698188e-05,0.016441662999568507,0.0,0.016455876000691205,path,1,e5009abadfa2868cd4a566c6e651393060a6547216144bdbd6f59f579766c4b1,8.881784197001252e-16
32,196,0,BB-RL,9.550510257216825,0.004873288999078795,0.00453451499924995,2.8740032576024532e-06,0.009410678001586348,cayley,1,c283b25462b708bf177dabb2c68c85a3c879007bc3a2d24bfa8488536c2a377c,5.329070518200751e-15
32,196,1,BB-RL,9.57884047059202,0.004933171003358439,0.004508607002208009,2.911998308263719e-06,0.009444690003874712,cayley,1,3222674e11eec951ef18b3bdb30713d98bdf31df607897f407b31ada35451b1d,3.552713678800501e-15
32,196,1,MAC,5.540910109301503,1.4482997357845306e-05,0.01657818999956362,0.0,0.016592672996921465,path,1,e5009abadfa2868cd4a566c6e651393060a6547216144bdbd6f59f579766c4b1,8.881784197001252e-16
32,196,2,MAC,5.540910109301503,1.40739866765216e-05,0.016542083001695573,0.0,0.016556156988372095,path,1,e5009abadfa2868cd4a566c6e651393060a6547216144bdbd6f59f579766c4b1,8.881784197001252e-16
32,196,2,BB-RL,9.550510257216821,0.0049048810033127666,0.0045386929996311665,2.854998456314206e-06,0.009446429001400247,cayley,1,eff405490816c114e04f3a4e61942d38f9b5be7a3539284621a32e5a6f8c0c18,1.0658141036401503e-14
32,196,3,BB-RL,9.550510257216818,0.004984428989700973,0.0045239580067573115,2.845001290552318e-06,0.009511231997748837,cayley,1,432f63a326fb6436e14a7cdc6fe04cfbda085e2585e675603bbfdfe276aa1dbc,7.105427357601002e-15
32,196,3,MAC,5.540910109301503,1.4416000340133905e-05,0.01649095700122416,0.0,0.016505373001564294,path,1,e5009abadfa2868cd4a566c6e651393060a6547216144bdbd6f59f579766c4b1,8.881784197001252e-16
32,196,4,MAC,5.540910109301503,1.3918004697188735e-05,0.016412290002335794,0.0,0.016426208007032983,path,1,e5009abadfa2868cd4a566c6e651393060a6547216144bdbd6f59f579766c4b1,8.881784197001252e-16
32,196,4,BB-RL,9.578840470592018,0.004925829998683184,0.004530456004431471,2.8179929358884692e-06,0.009459103996050544,cayley,1,169f252075f9fcb628b5743e0a833817eb2e4901797e15c1397264cffd2c8119,1.7763568394002505e-15
32,200,0,MAC,6.238002135925761,1.4681005268357694e-05,0.016362865004339255,0.0,0.016377546009607613,path,1,93eb8b8a0703db8df8428b522ebc0274db49544dcfc16e68f470c0451aa06cb2,5.329070518200751e-15
32,200,0,BB-RL,9.636982607634394,0.00475398100388702,0.0076987179927527905,2.845001290552318e-06,0.012455543997930363,cayley,1,0f58352bd13862a67ddbfae2e38a8713f0d6f810a77c0ee8e2538141f8f7f675,1.7763568394002505e-15
32,200,1,BB-RL,9.636982607634396,0.004945784996380098,0.007700549002038315,2.9799994081258774e-06,0.012649313997826539,cayley,1,d96aaf6801fff197534cf167a68d53ab388b6735f386fd61c0ae7e933a2b191a,0.0
32,200,1,MAC,6.238002135925761,1.444500230718404e-05,0.016380621993448585,0.0,0.01639506699575577,path,1,93eb8b8a0703db8df8428b522ebc0274db49544dcfc16e68f470c0451aa06cb2,5.329070518200751e-15
32,200,2,MAC,6.238002135925761,1.4278004528023303e-05,0.016434232995379716,0.0,0.01644851099990774,path,1,93eb8b8a0703db8df8428b522ebc0274db49544dcfc16e68f470c0451aa06cb2,5.329070518200751e-15
32,200,2,BB-RL,9.661631384472745,0.004847686010180041,0.00769086999935098,2.874992787837982e-06,0.012541431002318859,cayley,1,fab2a6892f7e4397ca608392b01425534d47f466d15e86ece4a260b9e6f526f1,1.0658141036401503e-14
32,200,3,BB-RL,9.550510257216814,0.004949058988131583,0.00768235900613945,2.8619979275390506e-06,0.012634279992198572,cayley,1,d9fd4a8ae6ebf00914b80e2c95cb2452e2bef8a160648c56ad3e6ca14caa6bc2,1.4210854715202004e-14
32,200,3,MAC,6.238002135925761,1.4687000657431781e-05,0.016481415994348936,0.0,0.016496102995006368,path,1,93eb8b8a0703db8df8428b522ebc0274db49544dcfc16e68f470c0451aa06cb2,5.329070518200751e-15
32,200,4,MAC,6.238002135925761,1.436000457033515e-05,0.01644924099673517,0.0,0.016463601001305506,path,1,93eb8b8a0703db8df8428b522ebc0274db49544dcfc16e68f470c0451aa06cb2,5.329070518200751e-15
32,200,4,BB-RL,9.636982607634394,0.005030228989198804,0.007712157006608322,2.7810019673779607e-06,0.012745166997774504,cayley,1,c3743a925c7427329b7acdd02ff00391b91eef2c4656934d23633be8feebe58a,5.329070518200751e-15
32,205,0,BB-RL,9.723663949055375,0.004768846003571525,0.011647189996438101,2.833010512404144e-06,0.01641886901052203,cayley,1,9432fe7b56cf2b11cfff1f450c74ca9751c036b73bd0c362ece94b4361ecc73d,1.7763568394002505e-15
32,205,0,MAC,6.046381143525104,1.4351011486724019e-05,0.01645740399544593,0.0,0.016471755006932653,path,1,8d29a75443cb85414f01efa5196254f34333c1147f43e10b39fec418689b0fa5,9.769962616701378e-15
32,205,1,MAC,6.046381143525104,1.4101999113336205e-05,0.016416441008914262,0.0,0.016430543008027598,path,1,8d29a75443cb85414f01efa5196254f34333c1147f43e10b39fec418689b0fa5,9.769962616701378e-15
32,205,1,BB-RL,9.704698347429904,0.004835592000745237,0.01163433599867858,2.8909998945891857e-06,0.016472818999318406,cayley,1,670b3eeb266b467ac16437abb608fc661e7e7ed5a0f98832e9cb85b69862736c,5.329070518200751e-15
32,205,2,BB-RL,9.704698347429908,0.004961234008078463,0.01162325199402403,2.8600043151527643e-06,0.016587346006417647,cayley,1,0059673bab5914cc828ca549406e3e4858192ef4734affeec6466911cfa473dc,1.7763568394002505e-15
32,205,2,MAC,6.046381143525104,1.4695004210807383e-05,0.01645757099322509,0.0,0.016472265997435898,path,1,8d29a75443cb85414f01efa5196254f34333c1147f43e10b39fec418689b0fa5,9.769962616701378e-15
32,205,3,MAC,6.046381143525104,1.4200995792634785e-05,0.01638623200415168,0.0,0.016400432999944314,path,1,8d29a75443cb85414f01efa5196254f34333c1147f43e10b39fec418689b0fa5,9.769962616701378e-15
32,205,3,BB-RL,9.617900746565038,0.004911255993647501,0.011643624005955644,3.0039955163374543e-06,0.016557883995119482,cayley,1,f872fe098f6e34ffaf4f9fd267398446e0a75758b79e4025097579319313e8bb,1.7763568394002505e-15
32,205,4,BB-RL,9.723663949055375,0.004884837995632552,0.011642001001746394,2.9189977794885635e-06,0.016529757995158434,cayley,1,54adf4d75bad1ccdab18061da2dde6468f6c1c5f9913dabbed65f98a7cccf8b2,8.881784197001252e-15
32,205,4,MAC,6.046381143525104,1.4558012480847538e-05,0.01643409999087453,0.0,0.016448658003355376,path,1,8d29a75443cb85414f01efa5196254f34333c1147f43e10b39fec418689b0fa5,9.769962616701378e-15
32,210,0,MAC,5.470243403225798,1.443199289496988e-05,0.016366193012800068,0.0,0.016380625005695038,path,1,78f2efbae48fa76e558bf8afb904c32c52a4245cfc6e115694da31732ded0e91,2.6645352591003757e-15
32,210,0,BB-RL,10.216698570642949,0.0045549120113719255,0.0029376429883996025,2.8740032576024532e-06,0.00749542900302913,cayley,1,2be3714023b3e744bcfefdccca3d6433aed1cd3a10ed0ced57d039112677a9b7,5.329070518200751e-15
32,210,1,BB-RL,10.20745782598344,0.004693543000030331,0.0029593910003313795,2.953995135612786e-06,0.007655887995497324,cayley,1,70250f5e7a09cf12b56d51d3131966ca1029e3a02499dca74794c436a1984f58,0.0
32,210,1,MAC,5.470243403225798,1.4586999895982444e-05,0.01650078600505367,0.0,0.01651537300494965,path,1,78f2efbae48fa76e558bf8afb904c32c52a4245cfc6e115694da31732ded0e91,2.6645352591003757e-15
32,210,2,MAC,5.470243403225798,1.4051998732611537e-05,0.016440214996691793,0.0,0.016454266995424405,path,1,78f2efbae48fa76e558bf8afb904c32c52a4245cfc6e115694da31732ded0e91,2.6645352591003757e-15
32,210,2,BB-RL,10.223483112747303,0.004566164992866106,0.0029301820031832904,3.0340015655383468e-06,0.007499380997614935,cayley,1,32e2da73a00508248b8322263807a4b8125968b9fe1c6dc6d667287f1d5dae55,1.7763568394002505e-15
32,210,3,BB-RL,10.20745782598344,0.004647296009352431,0.0029161569982534274,2.864995622076094e-06,0.007566318003227934,cayley,1,3716eb749b9cb858c5db53412ee25bcb0ae3cca0d411c7aa9a9a1d6b78e22044,1.7763568394002505e-15
32,210,3,MAC,5.470243403225798,1.4574005035683513e-05,0.016392188001191244,0.0,0.016406762006226927,path,1,78f2efbae48fa76e558bf8afb904c32c52a4245cfc6e115694da31732ded0e91,2.6645352591003757e-15
32,210,4,MAC,5.470243403225798,1.440000778529793e-05,0.01642900200386066,0.0,0.016443402011645958,path,1,78f2efbae48fa76e558bf8afb904c32c52a4245cfc6e115694da31732ded0e91,2.6645352591003757e-15
32,210,4,BB-RL,10.223483112747303,0.004820558009669185,0.002934313000878319,2.8759968699887395e-06,0.007757747007417493,cayley,1,32e2da73a00508248b8322263807a4b8125968b9fe1c6dc6d667287f1d5dae55,1.7763568394002505e-15
32,214,0,MAC,5.4397282945866525,1.4691002434119582e-05,0.01637475800816901,0.0,0.01638944901060313,path,1,314b1f878c207d9bf3b4ea839be98cc8493cdceb82806a4aec7bd495ab204920,8.881784197001252e-15
32,214,0,BB-RL,10.344234057663655,0.0046477430005325004,0.006095775999710895,2.853994374163449e-06,0.010746372994617559,cayley,1,32c017e930b0e88b1a2fa579ca09b44c41bfb4af48ba0a78244a8fd8764d190c,0.0
32,214,1,BB-RL,10.278164691177329,0.0045732200087513775,0.006093698990298435,2.8799986466765404e-06,0.010669798997696489,cayley,1,3a1a88ae4348da9574d7895ecc9c0d719e20e2af644ad5c75c0d446f08af0a30,1.2434497875801753e-14
32,214,1,MAC,5.4397282945866525,1.4466000720858574e-05,0.016681937995599583,0.0,0.01669640399632044,path,1,314b1f878c207d9bf3b4ea839be98cc8493cdceb82806a4aec7bd495ab204920,8.881784197001252e-15
32,214,2,MAC,5.4397282945866525,1.4053992344997823e-05,0.016459413003758527,0.0,0.016473466996103525,path,1,314b1f878c207d9bf3b4ea839be98cc8493cdceb82806a4aec7bd495ab204920,8.881784197001252e-15
32,214,2,BB-RL,10.296110278018666,0.004625486995792016,0.006088879003073089,2.864006091840565e-06,0.010717230004956946,cayley,1,c868e15d19c701f10be4d2c0eeef6dd462a91da8590b6a5496b2f9609a0cf95a,3.552713678800501e-15
32,214,3,BB-RL,10.278164691177333,0.004537505999905989,0.006092274998081848,2.8719950933009386e-06,0.010632652993081138,cayley,1,3d33b59a9da82068adc3eb5b7d106aba0884916c2267d83f4be12466a551acc2,8.881784197001252e-15
32,214,3,MAC,5.4397282945866525,1.4467004803009331e-05,0.01641381299123168,0.0,0.01642827999603469,path,1,314b1f878c207d9bf3b4ea839be98cc8493cdceb82806a4aec7bd495ab204920,8.881784197001252e-15
32,214,4,MAC,5.4397282945866525,1.4238001313060522e-05,0.016399422005633824,0.0,0.016413660006946884,path,1,314b1f878c207d9bf3b4ea839be98cc8493cdceb82806a4aec7bd495ab204920,8.881784197001252e-15
32,214,4,BB-RL,10.296110278018666,0.0047103569959290326,0.00610155999311246,2.9120128601789474e-06,0.010814829001901671,cayley,1,c868e15d19c701f10be4d2c0eeef6dd462a91da8590b6a5496b2f9609a0cf95a,3.552713678800501e-15
32,219,0,BB-RL,10.451133418310816,0.0044662849977612495,0.010047137999208644,2.9360089683905244e-06,0.014516359005938284,cayley,1,9b7f8e84eb87f3e84e8074974335d58923e51d41f8fb696f9ee136be955f90b4,1.7763568394002505e-15
32,219,0,MAC,6.279158046659401,1.4568999176844954e-05,0.016462094004964456,0.0,0.0164766630041413,path,1,8b17699c951e414a057013f9a3f9eb8b6db63b435c6987f774c152557c8ee3d7,1.7763568394002505e-15
32,219,1,MAC,6.279158046659401,1.4383986126631498e-05,0.016421404012362473,0.0,0.016435787998489104,path,1,8b17699c951e414a057013f9a3f9eb8b6db63b435c6987f774c152557c8ee3d7,1.7763568394002505e-15
32,219,1,BB-RL,10.368762379063746,0.004622925000148825,0.01005538999743294,2.9579969123005867e-06,0.014681272994494066,cayley,1,0beb94ce6ffdbcc8ef4f701e3a4b511ccf114d93939ca57e2c42b5a84a578b7c,7.105427357601002e-15
32,219,2,BB-RL,10.48624017796566,0.004486973004532047,0.010025238996604457,2.863002009689808e-06,0.014515075003146194,cayley,1,0accd74954a466154371d5965edd240bd9fe56002cc71efa97d9406e8518dda5,5.329070518200751e-15
32,219,2,MAC,6.279158046659401,1.4380988432094455e-05,0.016495691001182422,0.0,0.016510071989614516,path,1,8b17699c951e414a057013f9a3f9eb8b6db63b435c6987f774c152557c8ee3d7,1.7763568394002505e-15
32,219,3,MAC,6.279158046659401,1.4205987099558115e-05,0.01643148199946154,0.0,0.016445687986561097,path,1,8b17699c951e414a057013f9a3f9eb8b6db63b435c6987f774c152557c8ee3d7,1.7763568394002505e-15
32,219,3,BB-RL,10.523130178393544,0.004551418998744339,0.010035182989668101,2.8659997042268515e-06,0.014589467988116667,cayley,1,4b7e53907065a4e6ff2eca3755850249f1f637fa92f423a92806cc876fee766b,8.881784197001252e-15
32,219,4,BB-RL,10.48624017796566,0.004643002001103014,0.010028072996647097,2.8439972084015608e-06,0.014673918994958512,cayley,1,0accd74954a466154371d5965edd240bd9fe56002cc71efa97d9406e8518dda5,5.329070518200751e-15
32,219,4,MAC,6.279158046659401,1.4638993889093399e-05,0.016516629999387078,0.0,0.01653126899327617,path,1,8b17699c951e414a057013f9a3f9eb8b6db63b435c6987f774c152557c8ee3d7,1.7763568394002505e-15
32,224,0,MAC,6.345570341717421,1.4250996173359454e-05,0.01642666799307335,0.0,0.01644091898924671,path,1,fd256da9e133cde602872e7809c42713b85a1bb381d85eeeaa8c6d6e63c6f47a,1.7763568394002505e-15
32,224,0,BB-RL,12.000000000000004,0.004556137006147765,0.00033156700374092907,2.8479989850893617e-06,0.004890552008873783,cayley,1,ed887867ec2d68e446123f49749160573fad1e853bbd1bc4d3ab15df85a5384b,3.552713678800501e-15
32,224,1,BB-RL,11.999999999999995,0.0045548199996119365,0.00033819400414358824,2.8249924071133137e-06,0.004895838996162638,cayley,1,e3a5bb5f10818f7e2f42942ea009a1a7f3cc6e049dfd1dfdb8d693193fc910db,7.105427357601002e-15
32,224,1,MAC,6.345570341717421,1.4133998774923384e-05,0.016493328992510214,0.0,0.016507462991285138,path,1,fd256da9e133cde602872e7809c42713b85a1bb381d85eeeaa8c6d6e63c6f47a,1.7763568394002505e-15
32,224,2,MAC,6.345570341717421,1.4214005204848945e-05,0.016479660000186414,0.0,0.016493874005391262,path,1,fd256da9e133cde602872e7809c42713b85a1bb381d85eeeaa8c6d6e63c6f47a,1.7763568394002505e-15
32,224,2,BB-RL,11.999999999999998,0.004628572991350666,0.0003401949943508953,2.8320064302533865e-06,0.004971599992131814,cayley,1,ac63f7c423afc13d88c09923d1f331ac4f037c14352bc507114190e0596631b5,0.0
32,224,3,BB-RL,11.999999999999998,0.0045615130075020716,0.00034849699295591563,2.8950016712769866e-06,0.004912905002129264,cayley,1,ac63f7c423afc13d88c09923d1f331ac4f037c14352bc507114190e0596631b5,0.0
32,224,3,MAC,6.345570341717421,1.4691002434119582e-05,0.016418879997218028,0.0,0.016433570999652147,path,1,fd256da9e133cde602872e7809c42713b85a1bb381d85eeeaa8c6d6e63c6f47a,1.7763568394002505e-15
32,224,4,MAC,6.345570341717421,1.425699156243354e-05,0.016505399005836807,0.0,0.01651965599739924,path,1,fd256da9e133cde602872e7809c42713b85a1bb381d85eeeaa8c6d6e63c6f47a,1.7763568394002505e-15
32,224,4,BB-RL,11.999999999999991,0.004543768998701125,0.0003455729893175885,2.8790091164410114e-06,0.004892220997135155,cayley,1,835c5020cb0ab2b7b244bf8be7135fd2f75615d164ba6cf91c8fcb4241cea9b1,0.0
32,228,0,MAC,7.05260163446945,1.4289995306171477e-05,0.016557819006266072,0.0,0.016572109001572244,path,1,cb04b7302a2103e27c788c83aaf13a495ae6ca14fe693de84f3f6423966a91df,1.7763568394002505e-15
32,228,0,BB-RL,12.041477483758516,0.004592191005940549,0.004490516002988443,2.877000952139497e-06,0.009085584009881131,cayley,1,6523c634c01818d2dc0212b0093c076812d9ca3caaf41e4b87cf0ccca1459322,7.105427357601002e-15
32,228,1,BB-RL,11.999999999999993,0.004576886989525519,0.0045118310081306845,2.7700007194653153e-06,0.009091487998375669,cayley,1,8823a0f7a23cb6f97aab26c5bde01782968745e85bad3a65c064f6c4549d10f5,3.552713678800501e-15
32,228,1,MAC,7.05260163446945,1.4484001439996064e-05,0.016476289994898252,0.0,0.016490773996338248,path,1,cb04b7302a2103e27c788c83aaf13a495ae6ca14fe693de84f3f6423966a91df,1.7763568394002505e-15
32,228,2,MAC,7.05260163446945,1.4371005818247795e-05,0.01642447199265007,0.0,0.016438842998468317,path,1,cb04b7302a2103e27c788c83aaf13a495ae6ca14fe693de84f3f6423966a91df,1.7763568394002505e-15
32,228,2,BB-RL,12.0,0.0045640270109288394,0.004509933991357684,2.882006810978055e-06,0.009076843009097502,cayley,1,e374f4cc142af9d8ae63478f64da69b7f1bfa7690c0b00d2172a76fca6f71093,3.552713678800501e-15
32,228,3,BB-RL,12.0,0.004576911000185646,0.004501631992752664,2.8040085453540087e-06,0.009081347001483664,cayley,1,e374f4cc142af9d8ae63478f64da69b7f1bfa7690c0b00d2172a76fca6f71093,3.552713678800501e-15
32,228,3,MAC,7.05260163446945,1.4448000001721084e-05,0.01653000399528537,0.0,0.01654445199528709,path,1,cb04b7302a2103e27c788c83aaf13a495ae6ca14fe693de84f3f6423966a91df,1.7763568394002505e-15
32,228,4,MAC,7.05260163446945,1.4278994058258832e-05,0.01645441900473088,0.0,0.01646869799878914,path,1,cb04b7302a2103e27c788c83aaf13a495ae6ca14fe693de84f3f6423966a91df,1.7763568394002505e-15
32,228,4,BB-RL,12.0,0.004604024987202138,0.0045114590029697865,2.89799936581403e-06,0.009118381989537738,cayley,1,dd99ac0114d2964b06fafe71a7892cc507a4931a932e61f971ce028fec0e5661,0.0
32,233,0,BB-RL,12.058116365147892,0.004674508003517985,0.008420654994552024,2.6890047593042254e-06,0.013097852002829313,cayley,1,60235d6650d6a34de1b16539d81bf662e6957a23bb9d7e2b13291a5524d9b2e2,1.7763568394002505e-15
32,233,0,MAC,6.38516797785684,1.4524004654958844e-05,0.016341425987775438,0.0,0.016355949992430396,path,1,a5de593a5669020e3707c446b90b854c61c29e7a4d8dd5d3f6c12a3ddf3314b7,7.993605777301127e-15
32,233,1,MAC,6.38516797785684,1.4343997463583946e-05,0.0164180080028018,0.0,0.016432352000265382,path,1,a5de593a5669020e3707c446b90b854c61c29e7a4d8dd5d3f6c12a3ddf3314b7,7.993605777301127e-15
32,233,1,BB-RL,11.999999999999986,0.004465436999453232,0.008453639995423146,2.9670045478269458e-06,0.012922043999424204,cayley,1,359c3b7a0d33c034bacbd4ec523330e15808d64e609294be7d18c400182a6968,1.2434497875801753e-14
32,233,2,BB-RL,12.168729083878134,0.004580954002449289,0.008413628005655482,2.972999936901033e-06,0.012997555008041672,cayley,1,07bab23d2876e7164f538923cfa72995d97f916b95c7a3c170cb262870493a64,7.105427357601002e-15
32,233,2,MAC,6.38516797785684,1.4549994375556707e-05,0.016498099997988902,0.0,0.01651264999236446,path,1,a5de593a5669020e3707c446b90b854c61c29e7a4d8dd5d3f6c12a3ddf3314b7,7.993605777301127e-15
32,233,3,MAC,6.38516797785684,1.4271994587033987e-05,0.01641556700633373,0.0,0.016429839000920765,path,1,a5de593a5669020e3707c446b90b854c61c29e7a4d8dd5d3f6c12a3ddf3314b7,7.993605777301127e-15
32,233,3,BB-RL,12.168729083878134,0.004678708995925263,0.008452041001874022,2.9009970603510737e-06,0.013133650994859636,cayley,1,07bab23d2876e7164f538923cfa72995d97f916b95c7a3c170cb262870493a64,7.105427357601002e-15
32,233,4,BB-RL,12.168729083878144,0.004589492004015483,0.00842553899565246,2.872999175451696e-06,0.013017903998843394,cayley,1,c21fb4c63aa61fa058a0c442e2fe8a5be402fe08db62e365df4e46f1d8285e94,5.329070518200751e-15
32,233,4,MAC,6.38516797785684,1.4481993275694549e-05,0.01654565500211902,0.0,0.016560136995394714,path,1,a5de593a5669020e3707c446b90b854c61c29e7a4d8dd5d3f6c12a3ddf3314b7,7.993605777301127e-15
32,238,0,MAC,7.855812614632187,1.4272998669184744e-05,0.01649636498768814,0.0,0.016510637986357324,path,1,b4bd44b9ff99d62b36ea8e3018cb9d0f1da2864a28ffe54f4f179c47614d1156,5.329070518200751e-15
32,238,0,BB-RL,12.083633857935617,0.004559969005640596,0.01241900899913162,2.772998414002359e-06,0.01698175100318622,cayley,1,c7c58e59cc68ee1963fbf9f2cdb8ad6be29b04ba9174fbffaac0ad3856bc934d,0.0
32,238,1,BB-RL,11.999999999999993,0.0045856299984734505,0.01237889999174513,2.907996531575918e-06,0.016967437986750156,cayley,1,3f38625544e7f7a58ef775ae0c65d896f3b70e454f28884be406cfa2a3b5fd8a,8.881784197001252e-15
32,238,1,MAC,7.855812614632187,1.4560995623469353e-05,0.016486820008140057,0.0,0.016501381003763527,path,1,b4bd44b9ff99d62b36ea8e3018cb9d0f1da2864a28ffe54f4f179c47614d1156,5.329070518200751e-15
32,238,2,MAC,7.855812614632187,1.4263001503422856e-05,0.016567051992751658,0.0,0.01658131499425508,path,1,b4bd44b9ff99d62b36ea8e3018cb9d0f1da2864a28ffe54f4f179c47614d1156,5.329070518200751e-15
32,238,2,BB-RL,12.220755110451726,0.00493121899489779,0.01239184800942894,2.8819922590628266e-06,0.017325948996585794,cayley,1,cb04c46d7928a4acd406f978d45de578eac9f139b89289afec063edecd588660,5.329070518200751e-15
32,238,3,BB-RL,12.220755110451726,0.0045587189961224794,0.012327747012022883,2.841989044100046e-06,0.016889307997189462,cayley,1,cb04c46d7928a4acd406f978d45de578eac9f139b89289afec063edecd588660,5.329070518200751e-15
32,238,3,MAC,7.855812614632187,1.4794000890105963e-05,0.016605957003775984,0.0,0.01662075100466609,path,1,b4bd44b9ff99d62b36ea8e3018cb9d0f1da2864a28ffe54f4f179c47614d1156,5.329070518200751e-15
32,238,4,MAC,7.855812614632187,1.4293997082859278e-05,0.016497090997290798,0.0,0.016511384994373657,path,1,b4bd44b9ff99d62b36ea8e3018cb9d0f1da2864a28ffe54f4f179c47614d1156,5.329070518200751e-15
32,238,4,BB-RL,12.220755110451737,0.004595895996317267,0.012352639008895494,2.963002771139145e-06,0.0169514980079839,cayley,1,0fb1d49c226945222c1e425c69fda570662d651d61693fb2c9a62cc69263d454,1.7763568394002505e-15
32,242,0,MAC,8.253078164239183,1.4410994481295347e-05,0.01652718600234948,0.0,0.016541596996830776,path,1,e3e0da59153b2bfed12c676ef3436a5e747024be4a295a79e7c25ff0bc173ed9,1.5987211554602254e-14
32,242,0,BB-RL,13.99999999999999,0.004653798998333514,0.0029274370026541874,2.8520007617771626e-06,0.007584088001749478,cayley,1,7786b9410fdd1cb9c12ffc41d59c4aaca441fd92605504a506d1f62be1ad2188,7.105427357601002e-15
32,242,1,BB-RL,13.999999999999993,0.0044850949925603345,0.0029103940032655373,2.8939975891262293e-06,0.007398382993414998,cayley,1,a894c144035e25c2501c509bf94e991be3e44accf376c26d262e7cfe7852356f,1.0658141036401503e-14
32,242,1,MAC,8.253078164239183,1.4296005247160792e-05,0.01645760500105098,0.0,0.01647190100629814,path,1,e3e0da59153b2bfed12c676ef3436a5e747024be4a295a79e7c25ff0bc173ed9,1.5987211554602254e-14
32,242,2,MAC,8.253078164239183,1.4271005056798458e-05,0.016515941999386996,0.0,0.016530213004443794,path,1,e3e0da59153b2bfed12c676ef3436a5e747024be4a295a79e7c25ff0bc173ed9,1.5987211554602254e-14
32,242,2,BB-RL,13.999999999999982,0.004634395008906722,0.0029225799953565,2.9369984986260533e-06,0.007559912002761848,cayley,1,d735ff73e9814a1e24793e6d802edf7037e39d136f0d147b9b1a2a796525ba7d,1.7763568394002505e-15
32,242,3,BB-RL,13.999999999999993,0.004610025993315503,0.0029039520013611764,2.9479997465386987e-06,0.007516925994423218,cayley,1,a894c144035e25c2501c509bf94e991be3e44accf376c26d262e7cfe7852356f,1.0658141036401503e-14
32,242,3,MAC,8.253078164239183,1.4595992979593575e-05,0.0165247169934446,0.0,0.016539312986424193,path,1,e3e0da59153b2bfed12c676ef3436a5e747024be4a295a79e7c25ff0bc173ed9,1.5987211554602254e-14
32,242,4,MAC,8.253078164239183,1.4352001016959548e-05,0.0164609829953406,0.0,0.01647533499635756,path,1,e3e0da59153b2bfed12c676ef3436a5e747024be4a295a79e7c25ff0bc173ed9,1.5987211554602254e-14
32,242,4,BB-RL,13.999999999999982,0.004618902996298857,0.0029509180021705106,2.754997694864869e-06,0.0075725759961642325,cayley,1,b97770af8ba479d19ef1c01a467606934ceda7e66860ca7f3c740481a880be7a,0.0
32,247,0,BB-RL,13.99999999999999,0.004500231996644288,0.006856361011159606,2.816988853737712e-06,0.011359409996657632,cayley,1,b15f2a0b7dc9787a07f262df0da5fb70301f7d9a3c81fdd60b6aaed0ee49a960,5.329070518200751e-15
32,247,0,MAC,8.80778516124349,1.4470002497546375e-05,0.016548607003642246,0.0,0.016563077006139793,path,1,3a443f79e5dbc17886710e40c1666d4cc9c5d78f7a9731ca8a22581270e16b3c,1.7763568394002505e-15
32,247,1,MAC,8.80778516124349,1.4188000932335854e-05,0.016497211006935686,0.0,0.01651139900786802,path,1,3a443f79e5dbc17886710e40c1666d4cc9c5d78f7a9731ca8a22581270e16b3c,1.7763568394002505e-15
32,247,1,BB-RL,13.99999999999999,0.004640523009584285,0.006867434989544563,2.8619979275390506e-06,0.011510819997056387,cayley,1,0faeb8313c1ecca2b1ff8e09d8a40ef467417f9fe868f6d7de4b8a9e92794e48,0.0
32,247,2,BB-RL,13.999999999999996,0.004602950008120388,0.006845433003036305,2.7799978852272034e-06,0.01145116300904192,cayley,1,824dd99b6e382bbfb8d37f9647e531bcba339fce4315a6bd614ced0a57157179,1.2434497875801753e-14
32,247,2,MAC,8.80778516124349,1.4905002899467945e-05,0.016494912997586653,0.0,0.01650981800048612,path,1,3a443f79e5dbc17886710e40c1666d4cc9c5d78f7a9731ca8a22581270e16b3c,1.7763568394002505e-15
32,247,3,MAC,8.80778516124349,1.4007004210725427e-05,0.016485204003402032,0.0,0.016499211007612757,path,1,3a443f79e5dbc17886710e40c1666d4cc9c5d78f7a9731ca8a22581270e16b3c,1.7763568394002505e-15
32,247,3,BB-RL,13.99999999999999,0.004600396001478657,0.006857415006379597,2.9469956643879414e-06,0.011460758003522642,cayley,1,0faeb8313c1ecca2b1ff8e09d8a40ef467417f9fe868f6d7de4b8a9e92794e48,0.0
32,247,4,BB-RL,13.999999999999986,0.004657896002754569,0.0068412979890126735,2.886008587665856e-06,0.011502080000354908,cayley,1,83bc24d562e5fa7f8a27b2cefb374d3ade7848f4f0f0dad5411a9e812c7f412c,3.552713678800501e-15
32,247,4,MAC,8.80778516124349,1.4578006812371314e-05,0.016493621995323338,0.0,0.01650820000213571,path,1,3a443f79e5dbc17886710e40c1666d4cc9c5d78f7a9731ca8a22581270e16b3c,1.7763568394002505e-15
32,252,0,MAC,8.350171451525041,1.4417004422284663e-05,0.01644830999430269,0.0,0.016462726998724975,path,1,eaa64d4c2fc97f9379776ebbcc3748a8670a8d62c3f3eaf90dbbe86b49701af6,1.4210854715202004e-14
32,252,0,BB-RL,13.999999999999991,0.004594865997205488,0.010805426994920708,2.878005034290254e-06,0.015403170997160487,cayley,1,750e87fdd2e785788649a3d3c77caab3cc3659dca01a4f6e738655b8d4b0bbbb,1.7763568394002505e-15
32,252,1,BB-RL,13.999999999999991,0.004619851999450475,0.010753776005003601,2.9479997465386987e-06,0.015376576004200615,cayley,1,7f2d3ccc5306e22d0e979587528bbdf5026da71354d63f90322d0066d0dbd11a,0.0
32,252,1,MAC,8.350171451525041,1.469600829295814e-05,0.016528669992112555,0.0,0.016543366000405513,path,1,eaa64d4c2fc97f9379776ebbcc3748a8670a8d62c3f3eaf90dbbe86b49701af6,1.4210854715202004e-14
32,252,2,MAC,8.350171451525041,1.4242003089748323e-05,0.016497357995831408,0.0,0.016511599998921156,path,1,eaa64d4c2fc97f9379776ebbcc3748a8670a8d62c3f3eaf90dbbe86b49701af6,1.4210854715202004e-14
32,252,2,BB-RL,13.999999999999991,0.0045412420004140586,0.010797059992910363,2.8990034479647875e-06,0.015341200996772386,cayley,1,a37076e66d510607ebd9f6345b3b3c68444bc2d6eae8cc3ee944ba5a7e893c18,1.7763568394002505e-15
32,252,3,BB-RL,13.999999999999991,0.004581369998049922,0.01076174300396815,2.8759968699887395e-06,0.01534598899888806,cayley,1,7f2d3ccc5306e22d0e979587528bbdf5026da71354d63f90322d0066d0dbd11a,0.0
32,252,3,MAC,8.350171451525041,1.4607998309656978e-05,0.016508998000063002,0.0,0.01652360599837266,path,1,eaa64d4c2fc97f9379776ebbcc3748a8670a8d62c3f3eaf90dbbe86b49701af6,1.4210854715202004e-14
32,252,4,MAC,8.350171451525041,1.4178003766573966e-05,0.016424541987362318,0.0,0.01643871999112889,path,1,eaa64d4c2fc97f9379776ebbcc3748a8670a8d62c3f3eaf90dbbe86b49701af6,1.4210854715202004e-14
32,252,4,BB-RL,13.999999999999996,0.0046376789978239685,0.01079077999747824,2.859000233002007e-06,0.01543131799553521,cayley,1,c5b4f3be35d20f8fb893547b60c77cb7ab0691d889e8d431dc27e4a5bd4113a5,1.7763568394002505e-15
32,256,0,MAC,8.195752962905033,1.4425007975660264e-05,0.016532223991816863,0.0,0.016546648999792524,path,1,2970fa9e8fbc2d100920e2e042fab6eaeedfef045203b316eb369b8b400e7c58,1.2434497875801753e-14
32,256,0,BB-RL,15.99999999999999,0.004716037990874611,0.0003276070056017488,2.829998265951872e-06,0.0050464749947423115,cayley,1,ea6cf7c22f8a85609689b74d81a766d4b7979c7a505096e03b904d801dd34c4d,2.4868995751603507e-14
32,256,1,BB-RL,15.99999999999999,0.004719249001936987,0.000332120995153673,2.7609930839389563e-06,0.005054130990174599,cayley,1,ea6cf7c22f8a85609689b74d81a766d4b7979c7a505096e03b904d801dd34c4d,2.4868995751603507e-14
32,256,1,MAC,8.195752962905033,1.4353005099110305e-05,0.01650743599748239,0.0,0.0165217890025815,path,1,2970fa9e8fbc2d100920e2e042fab6eaeedfef045203b316eb369b8b400e7c58,1.2434497875801753e-14
32,256,2,MAC,8.195752962905033,1.4317003660835326e-05,0.016450381008326076,0.0,0.01646469801198691,path,1,2970fa9e8fbc2d100920e2e042fab6eaeedfef045203b316eb369b8b400e7c58,1.2434497875801753e-14
32,256,2,BB-RL,15.99999999999999,0.004703621001681313,0.0003337640082463622,2.9349903343245387e-06,0.005040320000262,cayley,1,ea6cf7c22f8a85609689b74d81a766d4b7979c7a505096e03b904d801dd34c4d,2.4868995751603507e-14
32,256,3,BB-RL,15.99999999999999,0.004687292006565258,0.0003231610025977716,2.8380018193274736e-06,0.005013291010982357,cayley,1,ea6cf7c22f8a85609689b74d81a766d4b7979c7a505096e03b904d801dd34c4d,2.4868995751603507e-14
32,256,3,MAC,8.195752962905033,1.4279998140409589e-05,0.016465246997540817,0.0,0.016479526995681226,path,1,2970fa9e8fbc2d100920e2e042fab6eaeedfef045203b316eb369b8b400e7c58,1.2434497875801753e-14
32,256,4,MAC,8.195752962905033,1.4208999346010387e-05,0.016519327997229993,0.0,0.016533536996576004,path,1,2970fa9e8fbc2d100920e2e042fab6eaeedfef045203b316eb369b8b400e7c58,1.2434497875801753e-14
32,256,4,BB-RL,15.99999999999999,0.0047242910077329725,0.00032608599576633424,2.782995579764247e-06,0.005053159999079071,cayley,1,ea6cf7c22f8a85609689b74d81a766d4b7979c7a505096e03b904d801dd34c4d,2.4868995751603507e-14
32,261,0,BB-RL,15.999999999999982,0.004719341988675296,0.005233514006249607,2.807995770126581e-06,0.00995566399069503,cayley,1,c5d3762ac728e2e35188b6aef1f601ff57636467742aac19f7af4bbff7986abe,1.5987211554602254e-14
32,261,0,MAC,9.778321106901126,1.4313001884147525e-05,0.016547281004022807,0.0,0.016561594005906954,path,1,d2b76380994e468a03d86d38e697a618767a4c3613c176faa36590b4191bd133,1.0658141036401503e-14
32,261,1,MAC,9.778321106901126,1.4217992429621518e-05,0.016521291006938554,0.0,0.016535508999368176,path,1,d2b76380994e468a03d86d38e697a618767a4c3613c176faa36590b4191bd133,1.0658141036401503e-14
32,261,1,BB-RL,15.999999999999982,0.0047958959912648425,0.005234162003034726,2.99200473818928e-06,0.010033049999037758,cayley,1,c5d3762ac728e2e35188b6aef1f601ff57636467742aac19f7af4bbff7986abe,1.5987211554602254e-14
32,261,2,BB-RL,15.999999999999982,0.004595803999109194,0.005213645999901928,2.8009962989017367e-06,0.009812250995310023,cayley,1,c5d3762ac728e2e35188b6aef1f601ff57636467742aac19f7af4bbff7986abe,1.5987211554602254e-14
32,261,2,MAC,9.778321106901126,1.4575998648069799e-05,0.016517372001544572,0.0,0.016531948000192642,path,1,d2b76380994e468a03d86d38e697a618767a4c3613c176faa36590b4191bd133,1.0658141036401503e-14
32,261,3,MAC,9.778321106901126,1.4121993444859982e-05,0.016495682997629046,0.0,0.016509804991073906,path,1,d2b76380994e468a03d86d38e697a618767a4c3613c176faa36590b4191bd133,1.0658141036401503e-14
32,261,3,BB-RL,15.999999999999982,0.005028051004046574,0.005251353999483399,2.874992787837982e-06,0.010282279996317811,cayley,1,c5d3762ac728e2e35188b6aef1f601ff57636467742aac19f7af4bbff7986abe,1.5987211554602254e-14
32,261,4,BB-RL,15.999999999999982,0.004573615995468572,0.005226295004831627,2.807995770126581e-06,0.009802718996070325,cayley,1,c5d3762ac728e2e35188b6aef1f601ff57636467742aac19f7af4bbff7986abe,1.5987211554602254e-14
32,261,4,MAC,9.778321106901126,1.448599505238235e-05,0.01656709700182546,0.0,0.01658158299687784,path,1,d2b76380994e468a03d86d38e697a618767a4c3613c176faa36590b4191bd133,1.0658141036401503e-14
32,266,0,MAC,9.945172411903725,1.3994998880662024e-05,0.01651038099953439,0.0,0.016524375998415053,path,1,f4a7232e283959de2d5162d6a9ea0539a80d6f6bfb62afbdec9d309f0b70a45a,3.552713678800501e-15
32,266,0,BB-RL,15.999999999999986,0.020649911006330512,0.01830517000053078,3.6580022424459457e-06,0.03895873900910374,cayley,2,711b3db9bb08664c808d4a5106839d3e9da48a66f55133ce99ba1083785fdb40,7.105427357601002e-15
32,266,1,BB-RL,15.999999999999986,0.020579157004249282,0.01829449700016994,3.7729914765805006e-06,0.0388774269958958,cayley,2,711b3db9bb08664c808d4a5106839d3e9da48a66f55133ce99ba1083785fdb40,7.105427357601002e-15
32,266,1,MAC,9.945172411903725,1.4542994904331863e-05,0.016504138009622693,0.0,0.016518681004527025,path,1,f4a7232e283959de2d5162d6a9ea0539a80d6f6bfb62afbdec9d309f0b70a45a,3.552713678800501e-15
32,266,2,MAC,9.945172411903725,1.4536999515257776e-05,0.016420614992966875,0.0,0.016435151992482133,path,1,f4a7232e283959de2d5162d6a9ea0539a80d6f6bfb62afbdec9d309f0b70a45a,3.552713678800501e-15
32,266,2,BB-RL,15.999999999999986,0.02088685600028839,0.0182873540034052,3.8049911381676793e-06,0.039178014994831756,cayley,2,711b3db9bb08664c808d4a5106839d3e9da48a66f55133ce99ba1083785fdb40,7.105427357601002e-15
32,266,3,BB-RL,15.999999999999986,0.02035657101077959,0.018241369994939305,3.498003934510052e-06,0.038601439009653404,cayley,2,711b3db9bb08664c808d4a5106839d3e9da48a66f55133ce99ba1083785fdb40,7.105427357601002e-15
32,266,3,MAC,9.945172411903725,1.4912991900928319e-05,0.016550601008930244,0.0,0.016565514000831172,path,1,f4a7232e283959de2d5162d6a9ea0539a80d6f6bfb62afbdec9d309f0b70a45a,3.552713678800501e-15
32,266,4,MAC,9.945172411903725,1.408600655850023e-05,0.01650348999828566,0.0,0.01651757600484416,path,1,f4a7232e283959de2d5162d6a9ea0539a80d6f6bfb62afbdec9d309f0b70a45a,3.552713678800501e-15
32,266,4,BB-RL,15.999999999999986,0.02024635300040245,0.018287304003024474,3.7299905670806766e-06,0.038537386993994005,cayley,2,711b3db9bb08664c808d4a5106839d3e9da48a66f55133ce99ba1083785fdb40,7.105427357601002e-15
32,271,0,BB-RL,15.999999999999991,0.020883190009044483,0.026118124995264225,3.6679994082078338e-06,0.047004983003716916,cayley,2,91f8016990534bfd84f4d84969e6e9be08e630134fa7068b781941ed9f1fea7a,1.4210854715202004e-14
32,271,0,MAC,10.347397421585324,1.254800008609891e-05,0.016540977987460792,0.0,0.01655352598754689,path,1,1b07cc1e87044a59935bea8810f1006d4e8f656cdb357f6d180d721a2e2fd3d1,1.9539925233402755e-14
32,271,1,MAC,10.347397421585324,1.4399993233382702e-05,0.016503437000210397,0.0,0.01651783699344378,path,1,1b07cc1e87044a59935bea8810f1006d4e8f656cdb357f6d180d721a2e2fd3d1,1.9539925233402755e-14
32,271,1,BB-RL,15.999999999999991,0.020752475000335835,0.026097249996382743,3.677007043734193e-06,0.04685340200376231,cayley,2,91f8016990534bfd84f4d84969e6e9be08e630134fa7068b781941ed9f1fea7a,1.4210854715202004e-14
32,271,2,BB-RL,15.999999999999991,0.02052230600384064,0.02611249299661722,3.68300243280828e-06,0.04663848200289067,cayley,2,91f8016990534bfd84f4d84969e6e9be08e630134fa7068b781941ed9f1fea7a,1.4210854715202004e-14
32,271,2,MAC,10.347397421585324,1.499299833085388e-05,0.01662992700585164,0.0,0.016644920004182495,path,1,1b07cc1e87044a59935bea8810f1006d4e8f656cdb357f6d180d721a2e2fd3d1,1.9539925233402755e-14
32,271,3,MAC,10.347397421585324,1.4518998796120286e-05,0.01659706399368588,0.0,0.016611582992482,path,1,1b07cc1e87044a59935bea8810f1006d4e8f656cdb357f6d180d721a2e2fd3d1,1.9539925233402755e-14
32,271,3,BB-RL,15.999999999999991,0.020543910999549553,0.026096139001310803,3.802997525781393e-06,0.04664385299838614,cayley,2,91f8016990534bfd84f4d84969e6e9be08e630134fa7068b781941ed9f1fea7a,1.4210854715202004e-14
32,271,4,BB-RL,15.999999999999991,0.02027211000677198,0.026093452994246036,3.6099954741075635e-06,0.046369172996492125,cayley,2,91f8016990534bfd84f4d84969e6e9be08e630134fa7068b781941ed9f1fea7a,1.4210854715202004e-14
32,271,4,MAC,10.347397421585324,1.466499816160649e-05,0.016455982011393644,0.0,0.01647064700955525,path,1,1b07cc1e87044a59935bea8810f1006d4e8f656cdb357f6d180d721a2e2fd3d1,1.9539925233402755e-14
32,275,0,BB-RL,15.999999999999988,0.018941374990390614,0.019871847005560994,3.7389982026070356e-06,0.038816960994154215,envelope,2,b9a3447df4a33db80e972fe472502632412b17412661c9b75971c0f23135c236,4.618527782440651e-14
32,275,0,MAC,10.070784003594431,1.2630000128410757e-05,0.016643726994516328,0.0,0.01665635699464474,path,1,2a17852fd2567df9d0731cd931d86581c15ceacdd3016b0d7000e16b9556d2b8,5.329070518200751e-15
32,275,1,MAC,10.070784003594431,1.4638993889093399e-05,0.016611527011264116,0.0,0.01662616600515321,path,1,2a17852fd2567df9d0731cd931d86581c15ceacdd3016b0d7000e16b9556d2b8,5.329070518200751e-15
32,275,1,BB-RL,15.999999999999988,0.0191979990049731,0.019843132991809398,3.6749988794326782e-06,0.03904480699566193,envelope,2,b9a3447df4a33db80e972fe472502632412b17412661c9b75971c0f23135c236,4.618527782440651e-14
32,275,2,BB-RL,15.999999999999988,0.01899307599524036,0.019839642001898028,3.6809942685067654e-06,0.038836398991406895,envelope,2,b9a3447df4a33db80e972fe472502632412b17412661c9b75971c0f23135c236,4.618527782440651e-14
32,275,2,MAC,10.070784003594431,1.4356002793647349e-05,0.016575527988607064,0.0,0.01658988399140071,path,1,2a17852fd2567df9d0731cd931d86581c15ceacdd3016b0d7000e16b9556d2b8,5.329070518200751e-15
32,275,3,MAC,10.070784003594431,1.4172997907735407e-05,0.016559441006393172,0.0,0.016573614004300907,path,1,2a17852fd2567df9d0731cd931d86581c15ceacdd3016b0d7000e16b9556d2b8,5.329070518200751e-15
32,275,3,BB-RL,15.999999999999988,0.0189865930005908,0.01987709700188134,3.7940044421702623e-06,0.03886748400691431,envelope,2,b9a3447df4a33db80e972fe472502632412b17412661c9b75971c0f23135c236,4.618527782440651e-14
32,275,4,BB-RL,15.999999999999988,0.01872637700580526,0.019832580001093447,3.722991095855832e-06,0.038562679997994564,envelope,2,b9a3447df4a33db80e972fe472502632412b17412661c9b75971c0f23135c236,4.618527782440651e-14
32,275,4,MAC,10.070784003594431,1.4875011402182281e-05,0.01655608500004746,0.0,0.016570960011449642,path,1,2a17852fd2567df9d0731cd931d86581c15ceacdd3016b0d7000e16b9556d2b8,5.329070518200751e-15
32,280,0,MAC,10.933380057545397,1.4407996786758304e-05,0.016454019001685083,0.0,0.01646842699847184,path,1,f1152ec17833277129278d6fbdbf11ae756dc26c689119458eb4317e0f3c37ab,0.0
32,280,0,BB-RL,15.999999999999996,0.012406775000272319,0.027681862004101276,3.665991243906319e-06,0.0400923029956175,cayley,2,77a261c806a0ec5c1ac1f1392afead9c6eef0aa00da557a327b1d11a5bebd594,1.4210854715202004e-14
32,280,1,BB-RL,15.999999999999996,0.012496344003011473,0.027683873995556496,3.7170102586969733e-06,0.040183935008826666,cayley,2,77a261c806a0ec5c1ac1f1392afead9c6eef0aa00da557a327b1d11a5bebd594,1.4210854715202004e-14
32,280,1,MAC,10.933380057545397,1.4340010238811374e-05,0.016495512987603433,0.0,0.016509852997842245,path,1,f1152ec17833277129278d6fbdbf11ae756dc26c689119458eb4317e0f3c37ab,0.0
32,280,2,MAC,10.933380057545397,1.448599505238235e-05,0.01651923700410407,0.0,0.016533722999156453,path,1,f1152ec17833277129278d6fbdbf11ae756dc26c689119458eb4317e0f3c37ab,0.0
32,280,2,BB-RL,15.999999999999996,0.012529266998171806,0.027649071998894215,3.6629935493692756e-06,0.04018200199061539,cayley,2,77a261c806a0ec5c1ac1f1392afead9c6eef0aa00da557a327b1d11a5bebd594,1.4210854715202004e-14
32,280,3,BB-RL,15.999999999999996,0.012446873006410897,0.027642547996947542,3.7949939724057913e-06,0.040093215997330844,cayley,2,77a261c806a0ec5c1ac1f1392afead9c6eef0aa00da557a327b1d11a5bebd594,1.4210854715202004e-14
32,280,3,MAC,10.933380057545397,1.445900124963373e-05,0.01654552800755482,0.0,0.016559987008804455,path,1,f1152ec17833277129278d6fbdbf11ae756dc26c689119458eb4317e0f3c37ab,0.0
32,280,4,MAC,10.933380057545397,1.4311008271761239e-05,0.016580459996475838,0.0,0.0165947710047476,path,1,f1152ec17833277129278d6fbdbf11ae756dc26c689119458eb4317e0f3c37ab,0.0
32,280,4,BB-RL,15.999999999999996,0.012520963995484635,0.02772719100175891,3.669003490358591e-06,0.040251824000733905,cayley,2,77a261c806a0ec5c1ac1f1392afead9c6eef0aa00da557a327b1d11a5bebd594,1.4210854715202004e-14
32,285,0,BB-RL,16.999999999999975,0.012515988011728041,0.011834396995254792,3.478999133221805e-06,0.024353864006116055,envelope,2,1afa3973b6d8921ad8cdf529bd64a1f51694de62caa51921983ff53cc4efaff9,7.105427357601002e-15
32,285,0,MAC,11.792194578562386,1.2630000128410757e-05,0.016540162003366277,0.0,0.016552792003494687,path,1,c8b31fcfc3c58f0d32a54311b4985ddb0fc8727360ca9587ba356eb9acc531b5,1.5987211554602254e-14
32,285,1,MAC,11.792194578562386,1.4379009371623397e-05,0.016563969998969696,0.0,0.01657834900834132,path,1,c8b31fcfc3c58f0d32a54311b4985ddb0fc8727360ca9587ba356eb9acc531b5,1.5987211554602254e-14
32,285,1,BB-RL,16.999999999999975,0.012338788990746252,0.011858819008921273,3.610999556258321e-06,0.024201218999223784,envelope,2,1afa3973b6d8921ad8cdf529bd64a1f51694de62caa51921983ff53cc4efaff9,7.105427357601002e-15
32,285,2,BB-RL,16.999999999999975,0.012329022007179447,0.011842748994240537,3.4919939935207367e-06,0.024175262995413505,envelope,2,1afa3973b6d8921ad8cdf529bd64a1f51694de62caa51921983ff53cc4efaff9,7.105427357601002e-15
32,285,2,MAC,11.792194578562386,1.4670004020445049e-05,0.016558602990699,0.0,0.016573272994719446,path,1,c8b31fcfc3c58f0d32a54311b4985ddb0fc8727360ca9587ba356eb9acc531b5,1.5987211554602254e-14
32,285,3,MAC,11.792194578562386,1.4275996363721788e-05,0.016608534002443776,0.0,0.016622809998807497,path,1,c8b31fcfc3c58f0d32a54311b4985ddb0fc8727360ca9587ba356eb9acc531b5,1.5987211554602254e-14
32,285,3,BB-RL,16.999999999999975,0.012471279987948947,0.011834174001705833,3.592009306885302e-06,0.024309045998961665,envelope,2,1afa3973b6d8921ad8cdf529bd64a1f51694de62caa51921983ff53cc4efaff9,7.105427357601002e-15
32,285,4,BB-RL,16.999999999999975,0.012472754999180324,0.011810857002274133,3.3279939088970423e-06,0.024286939995363355,envelope,2,1afa3973b6d8921ad8cdf529bd64a1f51694de62caa51921983ff53cc4efaff9,7.105427357601002e-15
32,285,4,MAC,11.792194578562386,1.4483986888080835e-05,0.016628058001515456,0.0,0.016642541988403536,path,1,c8b31fcfc3c58f0d32a54311b4985ddb0fc8727360ca9587ba356eb9acc531b5,1.5987211554602254e-14
32,289,0,BB-RL,16.99999999999997,0.012413625998306088,0.0065800370066426694,3.7339923437684774e-06,0.018997396997292526,envelope,2,e5822375ce838b5ea631e548ebf3033ff977c570a1a73e33db95e1b7dfbac9c8,1.4210854715202004e-14
32,289,0,MAC,11.07126760695401,1.4649995137006044e-05,0.016562969001824968,0.0,0.016577618996961974,path,1,1e7579e5166c28da144ab1f89b938746e14505c17bbecec2a548d95fabc72405,1.2434497875801753e-14
32,289,1,MAC,11.07126760695401,1.424300717189908e-05,0.01654810599575285,0.0,0.016562349002924748,path,1,1e7579e5166c28da144ab1f89b938746e14505c17bbecec2a548d95fabc72405,1.2434497875801753e-14
32,289,1,BB-RL,16.99999999999997,0.012405639994540252,0.006571198013261892,3.5709963412955403e-06,0.01898040900414344,envelope,2,e5822375ce838b5ea631e548ebf3033ff977c570a1a73e33db95e1b7dfbac9c8,1.4210854715202004e-14
32,289,2,BB-RL,16.99999999999997,0.012532459004432894,0.006569924997165799,3.66500171367079e-06,0.019106049003312364,envelope,2,e5822375ce838b5ea631e548ebf3033ff977c570a1a73e33db95e1b7dfbac9c8,1.4210854715202004e-14
32,289,2,MAC,11.07126760695401,1.4653996913693845e-05,0.016565126003115438,0.0,0.016579780000029132,path,1,1e7579e5166c28da144ab1f89b938746e14505c17bbecec2a548d95fabc72405,1.2434497875801753e-14
32,289,3,MAC,11.07126760695401,1.423900539521128e-05,0.016499177989317104,0.0,0.016513416994712315,path,1,1e7579e5166c28da144ab1f89b938746e14505c17bbecec2a548d95fabc72405,1.2434497875801753e-14
32,289,3,BB-RL,16.99999999999997,0.012461118996725418,0.0065822879987536,3.659995854832232e-06,0.01904706699133385,envelope,2,e5822375ce838b5ea631e548ebf3033ff977c570a1a73e33db95e1b7dfbac9c8,1.4210854715202004e-14
32,289,4,BB-RL,16.99999999999997,0.012609277997398749,0.006583534006495029,3.706998541019857e-06,0.019196519002434798,envelope,2,e5822375ce838b5ea631e548ebf3033ff977c570a1a73e33db95e1b7dfbac9c8,1.7763568394002505e-14
32,289,4,MAC,11.07126760695401,1.4948003808967769e-05,0.01661458499438595,0.0,0.016629532998194918,path,1,1e7579e5166c28da144ab1f89b938746e14505c17bbecec2a548d95fabc72405,1.2434497875801753e-14
32,294,0,MAC,13.382383928412525,1.4196004485711455e-05,0.01655212399782613,0.0,0.01656632000231184,path,1,b7dcbc782eecbba2bae8d1918b202d3b0fb1889b9a6736b6f58a16d47d5d2f88,1.7763568394002505e-15
32,294,0,BB-RL,16.999999999999982,0.012437057011993602,0.01440149499103427,3.506997018121183e-06,0.026842059000045992,envelope,2,ffc64021250ee0dbaf97a8290d45e0bc455d45d55687f9fb72a4e6cb48041afb,1.7763568394002505e-14
32,294,1,BB-RL,16.999999999999982,0.012346646006335504,0.014416038000490516,3.5999983083456755e-06,0.026766284005134366,envelope,2,ffc64021250ee0dbaf97a8290d45e0bc455d45d55687f9fb72a4e6cb48041afb,3.552713678800501e-15
32,294,1,MAC,13.382383928412525,1.438200706616044e-05,0.016617118992144242,0.0,0.016631500999210402,path,1,b7dcbc782eecbba2bae8d1918b202d3b0fb1889b9a6736b6f58a16d47d5d2f88,1.7763568394002505e-15
32,294,2,MAC,13.382383928412525,1.4223012840375304e-05,0.016614173000562005,0.0,0.01662839601340238,path,1,b7dcbc782eecbba2bae8d1918b202d3b0fb1889b9a6736b6f58a16d47d5d2f88,1.7763568394002505e-15
32,294,2,BB-RL,16.999999999999982,0.012520427000708878,0.014424363005673513,3.726992872543633e-06,0.026948516999254934,envelope,2,ffc64021250ee0dbaf97a8290d45e0bc455d45d55687f9fb72a4e6cb48041afb,1.4210854715202004e-14
32,294,3,BB-RL,16.999999999999982,0.012430830000084825,0.014417503000004217,3.54400253854692e-06,0.02685187700262759,envelope,2,ffc64021250ee0dbaf97a8290d45e0bc455d45d55687f9fb72a4e6cb48041afb,1.7763568394002505e-14
32,294,3,MAC,13.382383928412525,1.4612000086344779e-05,0.016626540003926493,0.0,0.016641152004012838,path,1,b7dcbc782eecbba2bae8d1918b202d3b0fb1889b9a6736b6f58a16d47d5d2f88,1.7763568394002505e-15
32,294,4,MAC,13.382383928412525,1.4343997463583946e-05,0.0165338939987123,0.0,0.016548237996175885,path,1,b7dcbc782eecbba2bae8d1918b202d3b0fb1889b9a6736b6f58a16d47d5d2f88,1.7763568394002505e-15
32,294,4,BB-RL,16.999999999999982,0.01235055500001181,0.014409266004804522,3.6919955164194107e-06,0.02676351300033275,envelope,2,ffc64021250ee0dbaf97a8290d45e0bc455d45d55687f9fb72a4e6cb48041afb,3.552713678800501e-15
32,299,0,BB-RL,16.999999999999975,0.012711504998151213,0.02220083199790679,3.7090067053213716e-06,0.034916046002763323,envelope,2,fd1a5b17ab7af7969de3602626a2fd19dad97b116196c745c28098c7c183a1a1,1.0658141036401503e-14
32,299,0,MAC,13.075269517763546,1.4707009540870786e-05,0.016587174992309883,0.0,0.016601882001850754,path,1,86e3e48c9042f71f524dfd4155cb042f0153ce8554b11c0cd01f4492d62ff238,3.552713678800501e-15
32,299,1,MAC,13.075269517763546,1.421199704054743e-05,0.016489005996845663,0.0,0.01650321799388621,path,1,86e3e48c9042f71f524dfd4155cb042f0153ce8554b11c0cd01f4492d62ff238,3.552713678800501e-15
32,299,1,BB-RL,16.999999999999975,0.012338300002738833,0.02220592000230681,3.6689889384433627e-06,0.03454788899398409,envelope,2,fd1a5b17ab7af7969de3602626a2fd19dad97b116196c745c28098c7c183a1a1,1.0658141036401503e-14
32,299,2,BB-RL,16.999999999999975,0.012539164003101178,0.022252267008298077,3.6439887480810285e-06,0.034795075000147335,envelope,2,fd1a5b17ab7af7969de3602626a2fd19dad97b116196c745c28098c7c183a1a1,1.0658141036401503e-14
32,299,2,MAC,13.075269517763546,1.4703007764182985e-05,0.016603265001322143,0.0,0.016617968009086326,path,1,86e3e48c9042f71f524dfd4155cb042f0153ce8554b11c0cd01f4492d62ff238,3.552713678800501e-15
32,299,3,MAC,13.075269517763546,1.4272998669184744e-05,0.016488437991938554,0.0,0.01650271099060774,path,1,86e3e48c9042f71f524dfd4155cb042f0153ce8554b11c0cd01f4492d62ff238,3.552713678800501e-15
32,299,3,BB-RL,16.999999999999975,0.012385934009216726,0.02224323600239586,3.640991053543985e-06,0.03463281100266613,envelope,2,fd1a5b17ab7af7969de3602626a2fd19dad97b116196c745c28098c7c183a1a1,1.0658141036401503e-14
32,299,4,BB-RL,16.999999999999975,0.012488919994211756,0.02220056099758949,3.5940029192715883e-06,0.03469307499472052,envelope,2,fd1a5b17ab7af7969de3602626a2fd19dad97b116196c745c28098c7c183a1a1,1.0658141036401503e-14
32,299,4,MAC,13.075269517763546,1.4739998732693493e-05,0.016570204999879934,0.0,0.016584944998612627,path,1,86e3e48c9042f71f524dfd4155cb042f0153ce8554b11c0cd01f4492d62ff238,3.552713678800501e-15
32,303,0,BB-RL,16.99999999999999,0.012855231994763017,0.028420882008504122,3.7680001696571708e-06,0.041279882003436796,envelope,2,5727973ed6bd65b30842edd26319ea7db8166580682e77ee23efc22d355a3f3c,3.552713678800501e-15
32,303,0,MAC,12.444636426231876,1.4706994988955557e-05,0.016758540004957467,0.0,0.016773246999946423,path,1,707b1e6432a1f72a437b1eed58a101214f8cd3e28a7096752fb82ff6bb25c6f0,7.105427357601002e-15
32,303,1,MAC,12.444636426231876,1.4290999388322234e-05,0.0165433270012727,0.0,0.016557618000661023,path,1,707b1e6432a1f72a437b1eed58a101214f8cd3e28a7096752fb82ff6bb25c6f0,7.105427357601002e-15
32,303,1,BB-RL,16.99999999999999,0.012659247004194185,0.028461363006499596,3.654989995993674e-06,0.041124265000689775,envelope,2,5727973ed6bd65b30842edd26319ea7db8166580682e77ee23efc22d355a3f3c,3.552713678800501e-15
32,303,2,BB-RL,16.99999999999999,0.012425216002156958,0.028435519998311065,3.783003194257617e-06,0.04086451900366228,envelope,2,5727973ed6bd65b30842edd26319ea7db8166580682e77ee23efc22d355a3f3c,2.1316282072803006e-14
32,303,2,MAC,12.444636426231876,1.4622011804021895e-05,0.016635570995276794,0.0,0.016650193007080816,path,1,707b1e6432a1f72a437b1eed58a101214f8cd3e28a7096752fb82ff6bb25c6f0,7.105427357601002e-15
32,303,3,MAC,12.444636426231876,1.422599598299712e-05,0.016529339001863264,0.0,0.01654356499784626,path,1,707b1e6432a1f72a437b1eed58a101214f8cd3e28a7096752fb82ff6bb25c6f0,7.105427357601002e-15
32,303,3,BB-RL,16.99999999999999,0.0123271730117267,0.0284650849935133,3.7470017559826374e-06,0.04079600500699598,envelope,2,5727973ed6bd65b30842edd26319ea7db8166580682e77ee23efc22d355a3f3c,3.552713678800501e-15
32,303,4,BB-RL,16.99999999999999,0.012500002994784154,0.028441489004762843,3.6139972507953644e-06,0.04094510599679779,envelope,2,5727973ed6bd65b30842edd26319ea7db8166580682e77ee23efc22d355a3f3c,1.4210854715202004e-14
32,303,4,MAC,12.444636426231876,1.4408011338673532e-05,0.016499227000167593,0.0,0.016513635011506267,path,1,707b1e6432a1f72a437b1eed58a101214f8cd3e28a7096752fb82ff6bb25c6f0,7.105427357601002e-15
32,308,0,MAC,13.50807095109872,1.413100108038634e-05,0.01656660600565374,0.0,0.016580737006734125,path,1,d30c0d9b4da68cb0f044873e9f273375e1b3c3f603d80db4dfde768a3c84753d,1.7763568394002505e-14
32,308,0,BB-RL,17.999999999999968,0.012755838004522957,0.0047277979901991785,3.540000761859119e-06,0.017487175995483994,envelope,2,3124f76cf8cfc667c9936987b2336af4ceb28f368e2dca21bffad632939bd2ca,1.7763568394002505e-14
32,308,1,BB-RL,17.999999999999968,0.012878585999715142,0.004666786000598222,3.4030090318992734e-06,0.017548775009345263,envelope,2,3124f76cf8cfc667c9936987b2336af4ceb28f368e2dca21bffad632939bd2ca,1.7763568394002505e-14
32,308,1,MAC,13.50807095109872,1.2382995919324458e-05,0.016623300005448982,0.0,0.016635683001368307,path,1,d30c0d9b4da68cb0f044873e9f273375e1b3c3f603d80db4dfde768a3c84753d,1.7763568394002505e-14
32,308,2,MAC,13.50807095109872,1.4443008694797754e-05,0.016631075995974243,0.0,0.01664551900466904,path,1,d30c0d9b4da68cb0f044873e9f273375e1b3c3f603d80db4dfde768a3c84753d,1.7763568394002505e-14
32,308,2,BB-RL,17.999999999999968,0.012705093991826288,0.0046430160000454634,3.378998371772468e-06,0.017351488990243524,envelope,2,3124f76cf8cfc667c9936987b2336af4ceb28f368e2dca21bffad632939bd2ca,1.7763568394002505e-14
32,308,3,BB-RL,17.999999999999968,0.012676753001869656,0.004647544992621988,3.3910037018358707e-06,0.01732768899819348,envelope,2,3124f76cf8cfc667c9936987b2336af4ceb28f368e2dca21bffad632939bd2ca,1.7763568394002505e-14
32,308,3,MAC,13.50807095109872,1.4649995137006044e-05,0.016625379998004064,0.0,0.01664002999314107,path,1,d30c0d9b4da68cb0f044873e9f273375e1b3c3f603d80db4dfde768a3c84753d,1.7763568394002505e-14
32,308,4,MAC,13.50807095109872,1.4153003576211631e-05,0.01652450799883809,0.0,0.0165386610024143,path,1,d30c0d9b4da68cb0f044873e9f273375e1b3c3f603d80db4dfde768a3c84753d,1.7763568394002505e-14
32,308,4,BB-RL,17.999999999999968,0.01264957599050831,0.004674406998674385,3.453998942859471e-06,0.017327436988125555,envelope,2,3124f76cf8cfc667c9936987b2336af4ceb28f368e2dca21bffad632939bd2ca,1.7763568394002505e-14
32,313,0,BB-RL,17.99999999999998,0.010227088001556695,0.008696912991581485,3.677007043734193e-06,0.018927678000181913,envelope,2,2afe6b569d94d4bf5f5e4bdf12d90a5f36cfce988c8e0be558091db1189e0ea6,1.7763568394002505e-14
32,313,0,MAC,12.298958650395294,1.4689998351968825e-05,0.01660376600921154,0.0,0.01661845600756351,path,1,50c7d00d0e48f0b58b8ec9283e735c687a834ae47b27ab7efe77bed2e602e8f3,1.4210854715202004e-14
32,313,1,MAC,12.298958650395294,1.448100374545902e-05,0.016563179000513628,0.0,0.016577660004259087,path,1,50c7d00d0e48f0b58b8ec9283e735c687a834ae47b27ab7efe77bed2e602e8f3,1.4210854715202004e-14
32,313,1,BB-RL,17.999999999999982,0.010496303992113099,0.008645915004308335,3.6510027712211013e-06,0.019145869999192655,cayley,2,77e7167a0ac1b20c691cee1562d0756b182a53e45868d0def1287aae5b73cee2,1.7763568394002505e-14
32,313,2,BB-RL,17.999999999999982,0.010366607006289996,0.008647190988995135,3.6510027712211013e-06,0.019017448998056352,cayley,2,1ea0e5007afbb77cc33b2867b05892f6867be209a950dc12f1a1214e0d5b7b0a,1.7763568394002505e-14
32,313,2,MAC,12.298958650395294,1.4666002243757248e-05,0.016870816994924098,0.0,0.016885482997167856,path,1,50c7d00d0e48f0b58b8ec9283e735c687a834ae47b27ab7efe77bed2e602e8f3,1.4210854715202004e-14
32,313,3,MAC,12.298958650395294,1.4245000784285367e-05,0.0168025460006902,0.0,0.016816791001474485,path,1,50c7d00d0e48f0b58b8ec9283e735c687a834ae47b27ab7efe77bed2e602e8f3,1.4210854715202004e-14
32,313,3,BB-RL,17.99999999999999,0.010291325001162477,0.008667980990139768,3.6709971027448773e-06,0.01896297698840499,cayley,2,1291533c5f24748355d2bb37d428a01f8a115bc4e0d3d2846d57423973b68e01,1.7763568394002505e-14
32,313,4,BB-RL,17.99999999999999,0.010320384986698627,0.00867366800957825,3.598994226194918e-06,0.018997651990503073,cayley,2,660c2cdfbcca184724d0bf73a9af44ceabbb9afb28b638845653c47cef48f36e,1.7763568394002505e-14
32,313,4,MAC,12.298958650395294,2.251699334010482e-05,0.01667163700039964,0.0,0.016694153993739747,path,1,50c7d00d0e48f0b58b8ec9283e735c687a834ae47b27ab7efe77bed2e602e8f3,1.4210854715202004e-14
32,317,0,BB-RL,17.99999999999999,0.010525031000724994,0.014731385002960451,3.6589917726814747e-06,0.025260074995458126,cayley,2,f832f22ca9ae6aeb604ed748e8cab94b3018ea08a7eca724851647620f22ec02,7.105427357601002e-15
32,317,0,MAC,15.145775029142474,1.4585995813831687e-05,0.016615180007647723,0.0,0.016629766003461555,path,1,a86d7d7ea23e9040f86af7a0be8a248f6c49301984cea2d62bd7a5d9c0a37121,7.105427357601002e-15
32,317,1,MAC,15.145775029142474,1.421601336915046e-05,0.016651330995955504,0.0,0.016665547009324655,path,1,a86d7d7ea23e9040f86af7a0be8a248f6c49301984cea2d62bd7a5d9c0a37121,7.105427357601002e-15
32,317,1,BB-RL,17.999999999999982,0.010438719997182488,0.014640490000601858,3.702007234096527e-06,0.025082912005018443,cayley,2,837c09eddae8862b7aee39d19745147b3844a87711eead7d4d583a9fa69ee24b,1.4210854715202004e-14
32,317,2,BB-RL,17.99999999999998,0.010907755000516772,0.014661273991805501,3.6510027712211013e-06,0.025572679995093495,envelope,2,b40903eaa12a47d65f5047f4f2f7d337743d3bfa6d6044aa89ad4025922ac787,3.552713678800501e-15
32,317,2,MAC,15.145775029142474,1.2497010175138712e-05,0.016606243996648118,0.0,0.016618741006823257,path,1,a86d7d7ea23e9040f86af7a0be8a248f6c49301984cea2d62bd7a5d9c0a37121,7.105427357601002e-15
32,317,3,MAC,15.145775029142474,1.4244011254049838e-05,0.016548365994822234,0.0,0.016562610006076284,path,1,a86d7d7ea23e9040f86af7a0be8a248f6c49301984cea2d62bd7a5d9c0a37121,7.105427357601002e-15
32,317,3,BB-RL,17.99999999999998,0.010236058995360509,0.01467882699216716,3.653010935522616e-06,0.02491853899846319,envelope,2,b40903eaa12a47d65f5047f4f2f7d337743d3bfa6d6044aa89ad4025922ac787,2.842170943040401e-14
32,317,4,BB-RL,17.99999999999998,0.010473699003341608,0.014663656998891383,3.688997821882367e-06,0.025141045000054874,envelope,2,b40903eaa12a47d65f5047f4f2f7d337743d3bfa6d6044aa89ad4025922ac787,3.552713678800501e-15
32,317,4,MAC,15.145775029142474,1.2706994311884046e-05,0.016515511000761762,0.0,0.016528217995073646,path,1,a86d7d7ea23e9040f86af7a0be8a248f6c49301984cea2d62bd7a5d9c0a37121,7.105427357601002e-15
32,322,0,MAC,14.299322679970413,1.408699608873576e-05,0.016509809996932745,0.0,0.01652389699302148,path,1,03a39d61d31a6ad87554543fbbaba6230d9cdc7c4a4acb0bcb156cfc1209e476,3.552713678800501e-15
32,322,0,BB-RL,17.99999999999999,0.007266173008247279,0.02220906098955311,3.6190031096339226e-06,0.02947885300091002,cayley,2,2b0058bb88b3a420923565aa4c0a26a22698b676c78bc3a5ac94734660c6f858,1.7763568394002505e-14
32,322,1,BB-RL,17.99999999999999,0.0074539420020300895,0.022178468003403395,3.474997356534004e-06,0.02963588500279002,cayley,2,adc9536d43d46092666d7902147f83ecc208b63f6f77d4b30f25102a68ac82df,0.0
32,322,1,MAC,14.299322679970413,1.4687000657431781e-05,0.01659789499535691,0.0,0.01661258199601434,path,1,03a39d61d31a6ad87554543fbbaba6230d9cdc7c4a4acb0bcb156cfc1209e476,3.552713678800501e-15
32,322,2,MAC,14.299322679970413,1.40149932121858e-05,0.01656966400332749,0.0,0.016583678996539675,path,1,03a39d61d31a6ad87554543fbbaba6230d9cdc7c4a4acb0bcb156cfc1209e476,3.552713678800501e-15
32,322,2,BB-RL,17.99999999999999,0.007156792999012396,0.022153558995341882,3.5930133890360594e-06,0.029313945007743314,cayley,2,2b0058bb88b3a420923565aa4c0a26a22698b676c78bc3a5ac94734660c6f858,1.7763568394002505e-14
32,322,3,BB-RL,17.99999999999999,0.007174762009526603,0.022145807000924833,3.7099962355569005e-06,0.029324279006686993,cayley,2,2b0058bb88b3a420923565aa4c0a26a22698b676c78bc3a5ac94734660c6f858,1.7763568394002505e-14
32,322,3,MAC,14.299322679970413,1.4461998944170773e-05,0.016629947000183165,0.0,0.016644408999127336,path,1,03a39d61d31a6ad87554543fbbaba6230d9cdc7c4a4acb0bcb156cfc1209e476,3.552713678800501e-15
32,322,4,MAC,14.299322679970413,1.4436998753808439e-05,0.016514912000275217,0.0,0.016529348999029025,path,1,03a39d61d31a6ad87554543fbbaba6230d9cdc7c4a4acb0bcb156cfc1209e476,3.552713678800501e-15
32,322,4,BB-RL,17.99999999999999,0.007199396000942215,0.02218987800006289,3.6130077205598354e-06,0.029392887008725666,cayley,2,96e2c84460379d92a3a2b1e16aaffb9a21028e3d76423514fd927e97cd1e2f57,7.105427357601002e-15
32,327,0,BB-RL,18.999999999999968,0.0072056290082400665,0.01698921198840253,3.769004251807928e-06,0.024198610000894405,envelope,2,a251f62b80d43c2bcf998c11347a78b5cd57eb11044b3ca3144a7f5063472e3e,1.0658141036401503e-14
32,327,0,MAC,14.167943663280909,1.2472009984776378e-05,0.016439225990325212,0.0,0.01645169800030999,path,1,ab16c57b81999f85e498e8dfb3e62b9b39e847103129de87557d2c8318c3093a,1.7763568394002505e-15
32,327,1,MAC,14.167943663280909,1.4493009075522423e-05,0.016455687989946455,0.0,0.016470180999021977,path,1,ab16c57b81999f85e498e8dfb3e62b9b39e847103129de87557d2c8318c3093a,1.7763568394002505e-15
32,327,1,BB-RL,18.999999999999968,0.007154612991143949,0.017036542005371302,3.712004399858415e-06,0.02419486700091511,envelope,2,a251f62b80d43c2bcf998c11347a78b5cd57eb11044b3ca3144a7f5063472e3e,1.0658141036401503e-14
32,327,2,BB-RL,18.999999999999968,0.0074701369885588065,0.016986987000564113,3.578999894671142e-06,0.02446070298901759,envelope,2,a251f62b80d43c2bcf998c11347a78b5cd57eb11044b3ca3144a7f5063472e3e,1.0658141036401503e-14
32,327,2,MAC,14.167943663280909,1.2541000614874065e-05,0.016494155002874322,0.0,0.016506696003489196,path,1,ab16c57b81999f85e498e8dfb3e62b9b39e847103129de87557d2c8318c3093a,1.7763568394002505e-15
32,327,3,MAC,14.167943663280909,1.4417993952520192e-05,0.01653884199913591,0.0,0.01655325999308843,path,1,ab16c57b81999f85e498e8dfb3e62b9b39e847103129de87557d2c8318c3093a,1.7763568394002505e-15
32,327,3,BB-RL,18.999999999999968,0.007288460008567199,0.017046302993549034,3.6380079109221697e-06,0.024338401010027155,envelope,2,a251f62b80d43c2bcf998c11347a78b5cd57eb11044b3ca3144a7f5063472e3e,1.0658141036401503e-14
32,327,4,BB-RL,18.999999999999968,0.007125921998522244,0.01703376400109846,3.62000719178468e-06,0.02416330600681249,envelope,2,a251f62b80d43c2bcf998c11347a78b5cd57eb11044b3ca3144a7f5063472e3e,7.105427357601002e-15
32,327,4,MAC,14.167943663280909,1.4616991393268108e-05,0.016589487000601366,0.0,0.016604103991994634,path,1,ab16c57b81999f85e498e8dfb3e62b9b39e847103129de87557d2c8318c3093a,1.7763568394002505e-15
32,331,0,BB-RL,18.999999999999975,0.007175190999987535,0.02302601000701543,3.641995135694742e-06,0.03020484300213866,envelope,2,cce744c0da9da50666ac8f83471da8a84985f0d56227e0ab75b654fa8d169893,1.0658141036401503e-14
32,331,0,MAC,13.698369057092814,1.2450997019186616e-05,0.016558631003135815,0.0,0.016571082000155002,path,1,ff013838c97208391c01211da49cbca6f3eecf3aee7136f9f24a5bdf595ab611,5.329070518200751e-15
32,331,1,MAC,13.698369057092814,1.4471996109932661e-05,0.016501417994732037,0.0,0.01651588999084197,path,1,ff013838c97208391c01211da49cbca6f3eecf3aee7136f9f24a5bdf595ab611,5.329070518200751e-15
32,331,1,BB-RL,18.999999999999975,0.007237161000375636,0.023014984995825216,3.6249984987080097e-06,0.03025577099469956,envelope,2,cce744c0da9da50666ac8f83471da8a84985f0d56227e0ab75b654fa8d169893,0.0
32,331,2,BB-RL,18.999999999999975,0.007202472988865338,0.022964803007198498,3.631997969932854e-06,0.03017090799403377,envelope,2,cce744c0da9da50666ac8f83471da8a84985f0d56227e0ab75b654fa8d169893,1.0658141036401503e-14
32,331,2,MAC,13.698369057092814,1.2760006939060986e-05,0.016540094002266414,0.0,0.016552854009205475,path,1,ff013838c97208391c01211da49cbca6f3eecf3aee7136f9f24a5bdf595ab611,5.329070518200751e-15
32,331,3,MAC,13.698369057092814,1.4375997125171125e-05,0.01650361499923747,0.0,0.01651799099636264,path,1,ff013838c97208391c01211da49cbca6f3eecf3aee7136f9f24a5bdf595ab611,5.329070518200751e-15
32,331,3,BB-RL,18.999999999999975,0.007416826992994174,0.02297620300669223,3.7249992601573467e-06,0.030396754998946562,envelope,2,cce744c0da9da50666ac8f83471da8a84985f0d56227e0ab75b654fa8d169893,1.0658141036401503e-14
32,331,4,BB-RL,18.999999999999975,0.00726306599972304,0.02295177199994214,3.6519923014566302e-06,0.030218489991966635,envelope,2,cce744c0da9da50666ac8f83471da8a84985f0d56227e0ab75b654fa8d169893,1.0658141036401503e-14
32,331,4,MAC,13.698369057092814,1.247199543286115e-05,0.016582868993282318,0.0,0.01659534098871518,path,1,ff013838c97208391c01211da49cbca6f3eecf3aee7136f9f24a5bdf595ab611,5.329070518200751e-15
32,336,0,MAC,15.2729729462614,1.417601015418768e-05,0.016672388999722898,0.0,0.016686565009877086,path,1,85427d353a7083fe0ea11c98c4ca509bb3f4d3a182ac5460ada5a7855ff8f146,1.7763568394002505e-15
32,336,0,BB-RL,19.999999999999968,0.007157942003686912,0.021325914989574812,3.5280099837109447e-06,0.028487385003245436,envelope,2,7fa0fdd1b53de63f95227588190272bd8b671e1e74e4f343b0b269ac7bbfd173,3.197442310920451e-14
32,336,1,BB-RL,19.999999999999968,0.007367678001173772,0.021301624001353048,3.4800032153725624e-06,0.028672782005742192,envelope,2,7fa0fdd1b53de63f95227588190272bd8b671e1e74e4f343b0b269ac7bbfd173,1.4210854715202004e-14
32,336,1,MAC,15.2729729462614,1.4805002138018608e-05,0.016647395998006687,0.0,0.016662201000144705,path,1,85427d353a7083fe0ea11c98c4ca509bb3f4d3a182ac5460ada5a7855ff8f146,1.7763568394002505e-15
32,336,2,MAC,15.2729729462614,1.4447010471485555e-05,0.01663296799233649,0.0,0.016647415002807975,path,1,85427d353a7083fe0ea11c98c4ca509bb3f4d3a182ac5460ada5a7855ff8f146,1.7763568394002505e-15
32,336,2,BB-RL,19.999999999999968,0.007171493009082042,0.021301044995198026,3.4990080166608095e-06,0.02847603701229673,envelope,2,7fa0fdd1b53de63f95227588190272bd8b671e1e74e4f343b0b269ac7bbfd173,3.197442310920451e-14
32,336,3,BB-RL,19.999999999999968,0.007281769008841366,0.021251312995445915,3.4380063880234957e-06,0.028536520010675304,envelope,2,7fa0fdd1b53de63f95227588190272bd8b671e1e74e4f343b0b269ac7bbfd173,3.197442310920451e-14
32,336,3,MAC,15.2729729462614,1.487600093241781e-05,0.016649741010041907,0.0,0.016664617010974325,path,1,85427d353a7083fe0ea11c98c4ca509bb3f4d3a182ac5460ada5a7855ff8f146,1.7763568394002505e-15
32,336,4,MAC,15.2729729462614,1.4334000297822058e-05,0.01664282800629735,0.0,0.016657162006595172,path,1,85427d353a7083fe0ea11c98c4ca509bb3f4d3a182ac5460ada5a7855ff8f146,1.7763568394002505e-15
32,336,4,BB-RL,19.999999999999968,0.007557308999821544,0.021305475995177403,3.592009306885302e-06,0.028866377004305832,envelope,2,7fa0fdd1b53de63f95227588190272bd8b671e1e74e4f343b0b269ac7bbfd173,2.1316282072803006e-14
32,341,0,BB-RL,20.999999999999975,0.006776573995011859,0.0006612129946006462,3.410998033359647e-06,0.0074411979876458645,cayley,2,e3399251b988c6d025e551baae4a8c6353f64640fed9a27b9eb6886389be0850,2.1316282072803006e-14
32,341,0,MAC,14.481346689628436,1.2321994290687144e-05,0.016529746004380286,0.0,0.016542067998670973,path,1,8f2975c5a827a870af2a68723ca2ab9f372c48055e5ade1b0085a331dee59e16,1.7763568394002505e-14
32,341,1,MAC,14.481346689628436,1.4217002899385989e-05,0.016527358995517716,0.0,0.016541575998417102,path,1,8f2975c5a827a870af2a68723ca2ab9f372c48055e5ade1b0085a331dee59e16,1.7763568394002505e-14
32,341,1,BB-RL,20.999999999999982,0.006663658990873955,0.0006571690028067678,3.4740078262984753e-06,0.0073243020015070215,cayley,2,279a731ae800661fdc7da0255aeafed7e58bd4e83a411962461eaf375a7590bd,2.1316282072803006e-14
32,341,2,BB-RL,20.999999999999975,0.006793073000153527,0.0006560590118169785,3.3549877116456628e-06,0.007452486999682151,cayley,2,e3399251b988c6d025e551baae4a8c6353f64640fed9a27b9eb6886389be0850,2.1316282072803006e-14
32,341,2,MAC,14.481346689628436,1.4617995475418866e-05,0.01660043600713834,0.0,0.01661505400261376,path,1,8f2975c5a827a870af2a68723ca2ab9f372c48055e5ade1b0085a331dee59e16,1.7763568394002505e-14
32,341,3,MAC,14.481346689628436,1.4172997907735407e-05,0.016590804007137194,0.0,0.01660497700504493,path,1,8f2975c5a827a870af2a68723ca2ab9f372c48055e5ade1b0085a331dee59e16,1.7763568394002505e-14
32,341,3,BB-RL,20.999999999999975,0.006706550004309975,0.0006515300046885386,3.498993464745581e-06,0.007361579002463259,cayley,2,e3399251b988c6d025e551baae4a8c6353f64640fed9a27b9eb6886389be0850,2.1316282072803006e-14
32,341,4,BB-RL,20.999999999999982,0.006743830002960749,0.0006408389890566468,3.4140102798119187e-06,0.007388083002297208,cayley,2,65b35360d92e3298f3c61c9d3afa6d4fa6570b9993db6bc32c1271d83b514223,2.1316282072803006e-14
32,341,4,MAC,14.481346689628436,1.4357006875798106e-05,0.016574192995904014,0.0,0.01658855000277981,path,1,8f2975c5a827a870af2a68723ca2ab9f372c48055e5ade1b0085a331dee59e16,1.7763568394002505e-14
32,345,0,BB-RL,20.999999999999982,0.00704935600515455,0.008692237999639474,3.66999302059412e-06,0.015745263997814618,cayley,2,b5505b13a6d8bdf342b46863c608f33ac7f95a9d15d8923e58e6e4576c76d2fc,7.105427357601002e-15
32,345,0,MAC,16.34636172162016,1.4731995179317892e-05,0.01666417000524234,0.0,0.016678902000421658,path,1,7e1ce56c664d5b62b6a5998fbb7c0e5e948a9d8ce782c29cb207a704a4a0aba6,3.552713678800501e-15
32,345,1,MAC,16.34636172162016,1.4245000784285367e-05,0.016604119999101385,0.0,0.01661836499988567,path,1,7e1ce56c664d5b62b6a5998fbb7c0e5e948a9d8ce782c29cb207a704a4a0aba6,3.552713678800501e-15
32,345,1,BB-RL,20.999999999999975,0.0067256339971208945,0.008663253000122495,3.663997631520033e-06,0.01539255099487491,cayley,2,955bff077329c4993f7537baa0c3d18cca815c660ff2115161fad4f106214be7,7.105427357601002e-15
32,345,2,BB-RL,20.999999999999982,0.006684799998765811,0.008747960993787274,3.5179982660338283e-06,0.015436278990819119,cayley,2,b5505b13a6d8bdf342b46863c608f33ac7f95a9d15d8923e58e6e4576c76d2fc,7.105427357601002e-15
32,345,2,MAC,16.34636172162016,1.456199970562011e-05,0.016663877991959453,0.0,0.016678439991665073,path,1,7e1ce56c664d5b62b6a5998fbb7c0e5e948a9d8ce782c29cb207a704a4a0aba6,3.552713678800501e-15
32,345,3,MAC,16.34636172162016,1.4281002222560346e-05,0.016574488996411674,0.0,0.016588769998634234,path,1,7e1ce56c664d5b62b6a5998fbb7c0e5e948a9d8ce782c29cb207a704a4a0aba6,3.552713678800501e-15
32,345,3,BB-RL,20.999999999999982,0.00676830300653819,0.008683006002684124,3.5249977372586727e-06,0.015454834006959572,cayley,2,b5505b13a6d8bdf342b46863c608f33ac7f95a9d15d8923e58e6e4576c76d2fc,7.105427357601002e-15
32,345,4,BB-RL,20.99999999999997,0.006841652997536585,0.008699736994458362,3.631997969932854e-06,0.01554502198996488,envelope,2,71734865ef51eec15a347914ed645a79dd67123db6d39f95d1b48976ae33843f,7.105427357601002e-15
32,345,4,MAC,16.34636172162016,1.4878998626954854e-05,0.01661701500415802,0.0,0.016631894002784975,path,1,7e1ce56c664d5b62b6a5998fbb7c0e5e948a9d8ce782c29cb207a704a4a0aba6,3.552713678800501e-15
32,350,0,MAC,16.94390957404294,1.444999361410737e-05,0.016579716000705957,0.0,0.016594165994320065,path,1,c8fa0ae796576f7407ddb731c81f85dafbad8eb65799bec9544b230db92817bb,3.552713678800501e-15
32,350,0,BB-RL,20.99999999999999,0.0067462830047588795,0.016200915997615084,3.6529963836073875e-06,0.02295085199875757,envelope,2,9e18a3d322c0c09adc74b5c387acba24b2b6312ae45de093d2d546fa239a150b,1.4210854715202004e-14
32,350,1,BB-RL,20.99999999999999,0.007106190998456441,0.016188516005058773,3.6609999369829893e-06,0.023298368003452197,envelope,2,9e18a3d322c0c09adc74b5c387acba24b2b6312ae45de093d2d546fa239a150b,1.4210854715202004e-14
32,350,1,MAC,16.94390957404294,1.4628996723331511e-05,0.016667427000356838,0.0,0.01668205599708017,path,1,c8fa0ae796576f7407ddb731c81f85dafbad8eb65799bec9544b230db92817bb,3.552713678800501e-15
32,350,2,MAC,16.94390957404294,1.4443998225033283e-05,0.016654162012855522,0.0,0.016668606011080556,path,1,c8fa0ae796576f7407ddb731c81f85dafbad8eb65799bec9544b230db92817bb,3.552713678800501e-15
32,350,2,BB-RL,20.99999999999999,0.006722026999341324,0.01606096800242085,3.7719873944297433e-06,0.022786766989156604,envelope,2,9e18a3d322c0c09adc74b5c387acba24b2b6312ae45de093d2d546fa239a150b,1.4210854715202004e-14
32,350,3,BB-RL,20.99999999999999,0.006569698001840152,0.01615332999790553,3.7529971450567245e-06,0.02272678099689074,envelope,2,9e18a3d322c0c09adc74b5c387acba24b2b6312ae45de093d2d546fa239a150b,1.4210854715202004e-14
32,350,3,MAC,16.94390957404294,1.4725999790243804e-05,0.016614913009107113,0.0,0.016629639008897357,path,1,c8fa0ae796576f7407ddb731c81f85dafbad8eb65799bec9544b230db92817bb,3.552713678800501e-15
32,350,4,MAC,16.94390957404294,1.4442004612646997e-05,0.016619903995888308,0.0,0.016634346000500955,path,1,c8fa0ae796576f7407ddb731c81f85dafbad8eb65799bec9544b230db92817bb,3.552713678800501e-15
32,350,4,BB-RL,20.99999999999999,0.00674572899879422,0.016149175993632525,3.6840065149590373e-06,0.022898588998941705,envelope,2,9e18a3d322c0c09adc74b5c387acba24b2b6312ae45de093d2d546fa239a150b,1.4210854715202004e-14
32,355,0,BB-RL,20.999999999999996,0.01140507499803789,0.023607416995218955,3.6040000850334764e-06,0.03501609599334188,cayley,2,9b8a2a6dab30105b457544923b98952948247681c3a91040ca343e930bdc7cbe,1.7763568394002505e-14
32,355,0,MAC,15.501240838972752,1.4748002286069095e-05,0.016500509998877533,0.0,0.016515258001163602,path,1,541ef88d7c7e807afb94a8b6ac55af5fb2c4a3fb8e3041f4b3a517a5fe438762,1.4210854715202004e-14
32,355,1,MAC,15.501240838972752,1.4338991604745388e-05,0.016481694008689374,0.0,0.01649603300029412,path,1,541ef88d7c7e807afb94a8b6ac55af5fb2c4a3fb8e3041f4b3a517a5fe438762,1.4210854715202004e-14
32,355,1,BB-RL,20.99999999999999,0.011533933007740416,0.02359446999616921,3.630993887782097e-06,0.03513203399779741,envelope,2,028fe82722863d37d53145bb617ff76bb6b38b853251bef4bab73cc0627b86d1,3.552713678800501e-15
32,355,2,BB-RL,20.999999999999996,0.011687159989378415,0.02368382400891278,3.6139972507953644e-06,0.03537459799554199,cayley,2,9b8a2a6dab30105b457544923b98952948247681c3a91040ca343e930bdc7cbe,1.7763568394002505e-14
32,355,2,MAC,15.501240838972752,1.4774996088817716e-05,0.016496558004291728,0.0,0.016511333000380546,path,1,541ef88d7c7e807afb94a8b6ac55af5fb2c4a3fb8e3041f4b3a517a5fe438762,1.4210854715202004e-14
32,355,3,MAC,15.501240838972752,1.380800676997751e-05,0.016481005994137377,0.0,0.016494814000907354,path,1,541ef88d7c7e807afb94a8b6ac55af5fb2c4a3fb8e3041f4b3a517a5fe438762,1.4210854715202004e-14
32,355,3,BB-RL,20.999999999999996,0.011465823990874924,0.023582909008837305,3.59398836735636e-06,0.035052326988079585,cayley,2,9b8a2a6dab30105b457544923b98952948247681c3a91040ca343e930bdc7cbe,1.7763568394002505e-14
32,355,4,BB-RL,20.99999999999999,0.011423609001212753,0.02357907299301587,3.811001079156995e-06,0.03500649299530778,envelope,2,028fe82722863d37d53145bb617ff76bb6b38b853251bef4bab73cc0627b86d1,3.552713678800501e-15
32,355,4,MAC,15.501240838972752,1.4156990800984204e-05,0.016553964000195265,0.0,0.01656812099099625,path,1,541ef88d7c7e807afb94a8b6ac55af5fb2c4a3fb8e3041f4b3a517a5fe438762,1.4210854715202004e-14
32,359,0,BB-RL,20.99999999999999,0.005588872008956969,0.02125069100293331,3.6489946069195867e-06,0.026843212006497197,envelope,2,6c3342b027ce4193e5335cb8d9ff304397b7377ac56ce26765576f0f17fd5995,3.552713678800501e-15
32,359,0,MAC,17.860188592196014,1.4332006685435772e-05,0.0166427539952565,0.0,0.016657086001941934,path,1,aa32675fc3be0d370344220beb758411bf95fe4d7ad2d22795a2e5e5a2deb8f5,2.1316282072803006e-14
32,359,1,MAC,17.860188592196014,1.4271005056798458e-05,0.01661532100115437,0.0,0.01662959200621117,path,1,aa32675fc3be0d370344220beb758411bf95fe4d7ad2d22795a2e5e5a2deb8f5,2.1316282072803006e-14
32,359,1,BB-RL,20.99999999999999,0.0057383219973417,0.021367210007156245,3.597990144044161e-06,0.02710912999464199,envelope,2,6c3342b027ce4193e5335cb8d9ff304397b7377ac56ce26765576f0f17fd5995,3.552713678800501e-15
32,359,2,BB-RL,20.99999999999999,0.005987262004055083,0.0214035389944911,3.6470009945333004e-06,0.027394447999540716,envelope,2,6c3342b027ce4193e5335cb8d9ff304397b7377ac56ce26765576f0f17fd5995,3.552713678800501e-15
32,359,2,MAC,17.860188592196014,1.4814009773544967e-05,0.01656256699061487,0.0,0.016577381000388414,path,1,aa32675fc3be0d370344220beb758411bf95fe4d7ad2d22795a2e5e5a2deb8f5,2.1316282072803006e-14
32,359,3,MAC,17.860188592196014,1.4322999049909413e-05,0.016580869996687397,0.0,0.016595192995737307,path,1,aa32675fc3be0d370344220beb758411bf95fe4d7ad2d22795a2e5e5a2deb8f5,2.1316282072803006e-14
32,359,3,BB-RL,20.99999999999999,0.005583274003583938,0.02137510900502093,3.679000656120479e-06,0.02696206200926099,envelope,2,6c3342b027ce4193e5335cb8d9ff304397b7377ac56ce26765576f0f17fd5995,3.552713678800501e-15
32,359,4,BB-RL,20.99999999999999,0.005743663001339883,0.02136838399746921,3.657012712210417e-06,0.027115704011521302,envelope,2,6c3342b027ce4193e5335cb8d9ff304397b7377ac56ce26765576f0f17fd5995,3.552713678800501e-15
32,359,4,MAC,17.860188592196014,1.4672987163066864e-05,0.016598849004367366,0.0,0.016613521991530433,path,1,aa32675fc3be0d370344220beb758411bf95fe4d7ad2d22795a2e5e5a2deb8f5,2.1316282072803006e-14
32,364,0,MAC,17.527727490728374,1.4466990251094103e-05,0.016495603005751036,0.0,0.01651006999600213,path,1,d771802eef6ec7a340a108092c0d7a6962a78ea02bb979f4889267243f15a5bc,7.105427357601002e-15
32,364,0,BB-RL,21.99999999999996,0.005813740004668944,0.014656542989541776,3.5900011425837874e-06,0.020473872995353304,envelope,2,35a4acf70ca356124d242da5ab7dc7abc5a40e34a9a43e7337e67e9997c9f24a,0.0
32,364,1,BB-RL,21.99999999999996,0.0057291190023534,0.014494563001790084,3.430002834647894e-06,0.020227112006978132,envelope,2,35a4acf70ca356124d242da5ab7dc7abc5a40e34a9a43e7337e67e9997c9f24a,3.552713678800501e-15
32,364,1,MAC,17.527727490728374,1.2443997547961771e-05,0.01658269201288931,0.0,0.016595136010437272,path,1,d771802eef6ec7a340a108092c0d7a6962a78ea02bb979f4889267243f15a5bc,7.105427357601002e-15
32,364,2,MAC,17.527727490728374,1.4290999388322234e-05,0.016571543994359672,0.0,0.016585834993747994,path,1,d771802eef6ec7a340a108092c0d7a6962a78ea02bb979f4889267243f15a5bc,7.105427357601002e-15
32,364,2,BB-RL,21.99999999999996,0.005733123995014466,0.014688105002278462,3.5480043152347207e-06,0.020424777001608163,envelope,2,35a4acf70ca356124d242da5ab7dc7abc5a40e34a9a43e7337e67e9997c9f24a,3.552713678800501e-15
32,364,3,BB-RL,21.99999999999996,0.0057760639901971444,0.01466084700950887,3.6769924918189645e-06,0.020440587992197834,envelope,2,35a4acf70ca356124d242da5ab7dc7abc5a40e34a9a43e7337e67e9997c9f24a,0.0
32,364,3,MAC,17.527727490728374,1.4659002772532403e-05,0.016640886999084614,0.0,0.016655546001857147,path,1,d771802eef6ec7a340a108092c0d7a6962a78ea02bb979f4889267243f15a5bc,7.105427357601002e-15
32,364,4,MAC,17.527727490728374,1.4370001736097038e-05,0.0165668030094821,0.0,0.016581173011218198,path,1,d771802eef6ec7a340a108092c0d7a6962a78ea02bb979f4889267243f15a5bc,7.105427357601002e-15
32,364,4,BB-RL,21.99999999999996,0.005722654997953214,0.014612647995818406,3.6679994082078338e-06,0.020338970993179828,envelope,2,35a4acf70ca356124d242da5ab7dc7abc5a40e34a9a43e7337e67e9997c9f24a,3.552713678800501e-15
32,369,0,BB-RL,21.999999999999975,0.005797489997348748,0.022032038992620073,3.7470017559826374e-06,0.027833275991724804,envelope,2,e97622018fbe8691d22a0039f3a542db9be624b71459394ea2a8a195714e5c8e,3.552713678800501e-15
32,369,0,MAC,18.32297099183332,1.2510005035437644e-05,0.01648866999312304,0.0,0.016501179998158477,path,1,91b60292d4bee4f58dbf31d4557537c74fa3eaaf66a20e3f593128b025d9e2fe,1.4210854715202004e-14
32,369,1,MAC,18.32297099183332,1.4317003660835326e-05,0.016509875989868306,0.0,0.01652419299352914,path,1,91b60292d4bee4f58dbf31d4557537c74fa3eaaf66a20e3f593128b025d9e2fe,1.4210854715202004e-14
32,369,1,BB-RL,21.999999999999975,0.005800430997624062,0.02208569301001262,3.697990905493498e-06,0.027889821998542175,envelope,2,e97622018fbe8691d22a0039f3a542db9be624b71459394ea2a8a195714e5c8e,7.105427357601002e-15
32,369,2,BB-RL,21.999999999999975,0.006033492987626232,0.022090532002039254,3.744004061445594e-06,0.02812776899372693,envelope,2,e97622018fbe8691d22a0039f3a542db9be624b71459394ea2a8a195714e5c8e,1.0658141036401503e-14
32,369,2,MAC,18.32297099183332,1.4744000509381294e-05,0.016488385997945443,0.0,0.016503129998454824,path,1,91b60292d4bee4f58dbf31d4557537c74fa3eaaf66a20e3f593128b025d9e2fe,1.4210854715202004e-14
32,369,3,MAC,18.32297099183332,1.4293997082859278e-05,0.016503102000569925,0.0,0.016517395997652784,path,1,91b60292d4bee4f58dbf31d4557537c74fa3eaaf66a20e3f593128b025d9e2fe,1.4210854715202004e-14
32,369,3,BB-RL,21.999999999999975,0.005671113991411403,0.022061070005293004,3.5519915400072932e-06,0.027735735988244414,envelope,2,e97622018fbe8691d22a0039f3a542db9be624b71459394ea2a8a195714e5c8e,3.552713678800501e-15
32,369,4,BB-RL,21.999999999999975,0.005765153997344896,0.02184791400213726,3.6949932109564543e-06,0.02761676299269311,envelope,2,e97622018fbe8691d22a0039f3a542db9be624b71459394ea2a8a195714e5c8e,1.0658141036401503e-14
32,369,4,MAC,18.32297099183332,1.4659992302767932e-05,0.016432409000117332,0.0,0.0164470689924201,path,1,91b60292d4bee4f58dbf31d4557537c74fa3eaaf66a20e3f593128b025d9e2fe,1.4210854715202004e-14
32,373,0,BB-RL,21.99999999999999,0.0057149950007442385,0.027738551012589596,3.7159916246309876e-06,0.033457262004958466,envelope,2,eb364d9a463a32a52d074cf1d28a89cc8965847d1c1c15194a6d6b4e08fbf611,7.105427357601002e-15
32,373,0,MAC,17.880677202735455,1.2306001735851169e-05,0.01650661499297712,0.0,0.01651892099471297,path,1,b26516555387070c8efa04533250e81c79860e2aa99b5ab92c8ab9a28f0ddb5d,3.552713678800501e-15
32,373,1,MAC,17.880677202735455,1.4193006791174412e-05,0.016485900996485725,0.0,0.0165000940032769,path,1,b26516555387070c8efa04533250e81c79860e2aa99b5ab92c8ab9a28f0ddb5d,3.552713678800501e-15
32,373,1,BB-RL,21.99999999999999,0.005662565992679447,0.027759022996178828,3.563996870070696e-06,0.033425152985728346,envelope,2,eb364d9a463a32a52d074cf1d28a89cc8965847d1c1c15194a6d6b4e08fbf611,7.105427357601002e-15
32,373,2,BB-RL,21.99999999999999,0.005764895002357662,0.02805879499646835,3.7190038710832596e-06,0.033827409002697095,envelope,2,eb364d9a463a32a52d074cf1d28a89cc8965847d1c1c15194a6d6b4e08fbf611,1.0658141036401503e-14
32,373,2,MAC,17.880677202735455,1.4600998838432133e-05,0.016561316995648667,0.0,0.0165759179944871,path,1,b26516555387070c8efa04533250e81c79860e2aa99b5ab92c8ab9a28f0ddb5d,3.552713678800501e-15
32,373,3,MAC,17.880677202735455,1.4632998500019312e-05,0.01646465199883096,0.0,0.01647928499733098,path,1,b26516555387070c8efa04533250e81c79860e2aa99b5ab92c8ab9a28f0ddb5d,3.552713678800501e-15
32,373,3,BB-RL,21.99999999999999,0.005707363990950398,0.027994921008939855,3.6249984987080097e-06,0.03370590999838896,envelope,2,eb364d9a463a32a52d074cf1d28a89cc8965847d1c1c15194a6d6b4e08fbf611,7.105427357601002e-15
32,373,4,BB-RL,21.99999999999999,0.005770317991846241,0.0280156340013491,3.5700068110600114e-06,0.0337895220000064,envelope,2,eb364d9a463a32a52d074cf1d28a89cc8965847d1c1c15194a6d6b4e08fbf611,1.0658141036401503e-14
32,373,4,MAC,17.880677202735455,1.4668999938294291e-05,0.016581185001996346,0.0,0.01659585400193464,path,1,b26516555387070c8efa04533250e81c79860e2aa99b5ab92c8ab9a28f0ddb5d,3.552713678800501e-15
32,378,0,MAC,18.589559647734216,1.4448000001721084e-05,0.01659370200650301,0.0,0.01660815000650473,path,1,d5c123a775b83f3d32ad38d216d3f5b6b1843290359282ea96d5556c6185ad9e,1.0658141036401503e-14
32,378,0,BB-RL,22.999999999999968,0.005727160008973442,0.02105260599637404,3.5150005714967847e-06,0.02678328100591898,envelope,2,c46e71aede0fb48bb4d3cad24ade0d52915d4e5578155e91fdeb9bfacd3e46eb,1.4210854715202004e-14
32,378,1,BB-RL,22.999999999999968,0.005784724009572528,0.020859647993347608,3.5330012906342745e-06,0.02664790500421077,envelope,2,c46e71aede0fb48bb4d3cad24ade0d52915d4e5578155e91fdeb9bfacd3e46eb,1.4210854715202004e-14
32,378,1,MAC,18.589559647734216,1.4668999938294291e-05,0.016604737000307068,0.0,0.016619406000245363,path,1,d5c123a775b83f3d32ad38d216d3f5b6b1843290359282ea96d5556c6185ad9e,1.0658141036401503e-14
32,378,2,MAC,18.589559647734216,1.4430988812819123e-05,0.016467261011712253,0.0,0.016481692000525072,path,1,d5c123a775b83f3d32ad38d216d3f5b6b1843290359282ea96d5556c6185ad9e,1.0658141036401503e-14
32,378,2,BB-RL,22.999999999999968,0.00608694800757803,0.021010571988881566,3.4999975468963385e-06,0.027101019994006492,envelope,2,c46e71aede0fb48bb4d3cad24ade0d52915d4e5578155e91fdeb9bfacd3e46eb,1.4210854715202004e-14
32,378,3,BB-RL,22.999999999999968,0.005774434001068585,0.021114985007443465,3.526991349644959e-06,0.026892945999861695,envelope,2,c46e71aede0fb48bb4d3cad24ade0d52915d4e5578155e91fdeb9bfacd3e46eb,1.4210854715202004e-14
32,378,3,MAC,18.589559647734216,1.4630000805482268e-05,0.016577383008552715,0.0,0.016592013009358197,path,1,d5c123a775b83f3d32ad38d216d3f5b6b1843290359282ea96d5556c6185ad9e,1.0658141036401503e-14
32,378,4,MAC,18.589559647734216,1.43289944389835e-05,0.016467270004795864,0.0,0.016481598999234848,path,1,d5c123a775b83f3d32ad38d216d3f5b6b1843290359282ea96d5556c6185ad9e,1.0658141036401503e-14
32,378,4,BB-RL,22.999999999999968,0.005809258000226691,0.021160250005777925,3.4679978853091598e-06,0.026972976003889926,envelope,2,c46e71aede0fb48bb4d3cad24ade0d52915d4e5578155e91fdeb9bfacd3e46eb,1.4210854715202004e-14
32,383,0,BB-RL,22.999999999999975,0.000692233006702736,0.005050173989729956,2.9040093068033457e-06,0.005745311005739495,envelope,1,2074e2f7aa97561650993260b4e4827826e87cc38974543d78d87304f635d7dd,3.552713678800501e-15
32,383,0,MAC,20.310212816954223,1.4599994756281376e-05,0.016377042993553914,0.0,0.016391642988310196,path,1,0f067d903b5d049745f6e5051d6bf5f73ffa67fd453129e9d6c51679cfd0d339,3.552713678800501e-15
32,383,1,MAC,20.310212816954223,1.4329998521134257e-05,0.016475536991492845,0.0,0.01648986699001398,path,1,0f067d903b5d049745f6e5051d6bf5f73ffa67fd453129e9d6c51679cfd0d339,3.552713678800501e-15
32,383,1,BB-RL,22.999999999999975,0.0008307090029120445,0.005053574001067318,2.8890062822028995e-06,0.0058871720102615654,envelope,1,2074e2f7aa97561650993260b4e4827826e87cc38974543d78d87304f635d7dd,3.552713678800501e-15
32,383,2,BB-RL,22.999999999999975,0.0008174240065272897,0.005057927002781071,2.8380018193274736e-06,0.005878189011127688,envelope,1,2074e2f7aa97561650993260b4e4827826e87cc38974543d78d87304f635d7dd,3.552713678800501e-15
32,383,2,MAC,20.310212816954223,1.4474004274234176e-05,0.016484450999996625,0.0,0.01649892500427086,path,1,0f067d903b5d049745f6e5051d6bf5f73ffa67fd453129e9d6c51679cfd0d339,3.552713678800501e-15
32,383,3,MAC,20.310212816954223,1.4099001418799162e-05,0.016489487999933772,0.0,0.01650358700135257,path,1,0f067d903b5d049745f6e5051d6bf5f73ffa67fd453129e9d6c51679cfd0d339,3.552713678800501e-15
32,383,3,BB-RL,22.999999999999975,0.0007360200106631964,0.004928057998768054,2.868997398763895e-06,0.005666947006830014,envelope,1,2074e2f7aa97561650993260b4e4827826e87cc38974543d78d87304f635d7dd,3.552713678800501e-15
32,383,4,BB-RL,22.999999999999975,0.000716442009434104,0.005047931001172401,2.9700022423639894e-06,0.005767343012848869,envelope,1,2074e2f7aa97561650993260b4e4827826e87cc38974543d78d87304f635d7dd,3.552713678800501e-15
32,383,4,MAC,20.310212816954223,1.4518998796120286e-05,0.01641239700256847,0.0,0.01642691600136459,path,1,0f067d903b5d049745f6e5051d6bf5f73ffa67fd453129e9d6c51679cfd0d339,3.552713678800501e-15
32,387,0,BB-RL,23.999999999999975,0.0007468650001101196,0.0035677609994309023,2.8340000426396728e-06,0.0043174599995836616,envelope,1,2260ea045f6a6b007333c369c58e915ae7108f10334685f1b87fac64e0438f1a,2.1316282072803006e-14
32,387,0,MAC,19.19395360975992,1.4931996702216566e-05,0.016420900006778538,0.0,0.016435832003480755,path,1,b840419fbc704a9211ece09f7f5afc16e0e468ec3eb82e351bcbcb6588f56bf9,1.7763568394002505e-14
32,387,1,MAC,19.19395360975992,1.4353994629345834e-05,0.016496825002832338,0.0,0.016511178997461684,path,1,b840419fbc704a9211ece09f7f5afc16e0e468ec3eb82e351bcbcb6588f56bf9,1.7763568394002505e-14
32,387,1,BB-RL,23.999999999999975,0.00072352601273451,0.0035399679909460247,2.8229987947270274e-06,0.004266317002475262,envelope,1,2260ea045f6a6b007333c369c58e915ae7108f10334685f1b87fac64e0438f1a,2.1316282072803006e-14
32,387,2,BB-RL,23.999999999999975,0.000838776002638042,0.003529616995365359,2.954999217763543e-06,0.004371347997221164,envelope,1,2260ea045f6a6b007333c369c58e915ae7108f10334685f1b87fac64e0438f1a,2.1316282072803006e-14
32,387,2,MAC,19.19395360975992,1.4681994798593223e-05,0.016524995007785037,0.0,0.01653967700258363,path,1,b840419fbc704a9211ece09f7f5afc16e0e468ec3eb82e351bcbcb6588f56bf9,1.7763568394002505e-14
32,387,3,MAC,19.19395360975992,1.4280012692324817e-05,0.016586368990829214,0.0,0.01660064900352154,path,1,b840419fbc704a9211ece09f7f5afc16e0e468ec3eb82e351bcbcb6588f56bf9,1.7763568394002505e-14
32,387,3,BB-RL,23.999999999999975,0.0008092250063782558,0.0035522529942682013,2.8220092644914985e-06,0.004364300009910949,envelope,1,2260ea045f6a6b007333c369c58e915ae7108f10334685f1b87fac64e0438f1a,2.1316282072803006e-14
32,387,4,BB-RL,23.999999999999975,0.0008139929996104911,0.003535356998327188,2.8679933166131377e-06,0.004352217991254292,envelope,1,2260ea045f6a6b007333c369c58e915ae7108f10334685f1b87fac64e0438f1a,2.1316282072803006e-14
32,387,4,MAC,19.19395360975992,1.4864999684505165e-05,0.016580256997258402,0.0,0.016595121996942908,path,1,b840419fbc704a9211ece09f7f5afc16e0e468ec3eb82e351bcbcb6588f56bf9,1.7763568394002505e-14
32,392,0,MAC,19.15665264728764,1.4484001439996064e-05,0.01655328500783071,0.0,0.016567769009270705,path,1,79092a11885ea353fe48662ee9151eea666c1bfb2102bc0d60bea2e314d88704,1.0658141036401503e-14
32,392,0,BB-RL,23.999999999999982,0.0007574920018669218,0.0072805849922588095,2.876011421903968e-06,0.008040953005547635,envelope,1,f7f5055a27e5fd7e9c56523917bf873631ff066e00ee8ce30859b079643a73a7,3.197442310920451e-14
32,392,1,BB-RL,23.999999999999982,0.0007092050072969869,0.007254034993820824,2.8909998945891857e-06,0.0079661310010124,envelope,1,f7f5055a27e5fd7e9c56523917bf873631ff066e00ee8ce30859b079643a73a7,3.197442310920451e-14
32,392,1,MAC,19.15665264728764,1.4484990970231593e-05,0.016511286012246273,0.0,0.016525771003216505,path,1,79092a11885ea353fe48662ee9151eea666c1bfb2102bc0d60bea2e314d88704,1.0658141036401503e-14
32,392,2,MAC,19.15665264728764,1.4481993275694549e-05,0.016511587004060857,0.0,0.01652606899733655,path,1,79092a11885ea353fe48662ee9151eea666c1bfb2102bc0d60bea2e314d88704,1.0658141036401503e-14
32,392,2,BB-RL,23.999999999999982,0.0007611549954162911,0.007219268009066582,2.9039947548881173e-06,0.007983326999237761,envelope,1,f7f5055a27e5fd7e9c56523917bf873631ff066e00ee8ce30859b079643a73a7,3.197442310920451e-14
32,392,3,BB-RL,23.999999999999982,0.000981930992566049,0.007238019999931566,2.872009645216167e-06,0.008222823002142832,envelope,1,f7f5055a27e5fd7e9c56523917bf873631ff066e00ee8ce30859b079643a73a7,3.197442310920451e-14
32,392,3,MAC,19.15665264728764,1.4338991604745388e-05,0.016508743006852455,0.0,0.0165230819984572,path,1,79092a11885ea353fe48662ee9151eea666c1bfb2102bc0d60bea2e314d88704,1.0658141036401503e-14
32,392,4,MAC,19.15665264728764,1.4349992852658033e-05,0.016403410001657903,0.0,0.01641775999451056,path,1,79092a11885ea353fe48662ee9151eea666c1bfb2102bc0d60bea2e314d88704,1.0658141036401503e-14
32,392,4,BB-RL,23.999999999999982,0.0007189850002760068,0.007292216992937028,2.8909998945891857e-06,0.008014092993107624,envelope,1,f7f5055a27e5fd7e9c56523917bf873631ff066e00ee8ce30859b079643a73a7,3.197442310920451e-14
32,397,0,BB-RL,23.999999999999975,0.0007253809890244156,0.010481876000994816,2.782006049528718e-06,0.01121003899606876,envelope,1,a2b8942e9b1cba94077f6329450ef223ffc3a603ef957602c5d0b2017f7b251f,2.1316282072803006e-14
32,397,0,MAC,21.106563622796347,1.4809993444941938e-05,0.01644513799692504,0.0,0.016459947990369983,path,1,9df08dcd6db71e21a093ab4e52f09755dd8292daad1bd8c6c40654e089b3da27,0.0
32,397,1,MAC,21.106563622796347,1.4372009900398552e-05,0.01651107199722901,0.0,0.01652544400712941,path,1,9df08dcd6db71e21a093ab4e52f09755dd8292daad1bd8c6c40654e089b3da27,0.0
32,397,1,BB-RL,23.999999999999975,0.0007519770006183535,0.010806234000483528,3.092005499638617e-06,0.01156130300660152,envelope,1,a2b8942e9b1cba94077f6329450ef223ffc3a603ef957602c5d0b2017f7b251f,2.1316282072803006e-14
32,397,2,BB-RL,23.999999999999975,0.0007894610025687143,0.010859848000109196,2.8229987947270274e-06,0.011652132001472637,envelope,1,a2b8942e9b1cba94077f6329450ef223ffc3a603ef957602c5d0b2017f7b251f,2.1316282072803006e-14
32,397,2,MAC,21.106563622796347,1.4792007277719676e-05,0.016603069001575932,0.0,0.01661786100885365,path,1,9df08dcd6db71e21a093ab4e52f09755dd8292daad1bd8c6c40654e089b3da27,0.0
32,397,3,MAC,21.106563622796347,1.4245990314520895e-05,0.016555371999857016,0.0,0.016569617990171537,path,1,9df08dcd6db71e21a093ab4e52f09755dd8292daad1bd8c6c40654e089b3da27,0.0
32,397,3,BB-RL,23.999999999999975,0.000754908993258141,0.010727215005317703,2.831002348102629e-06,0.011484955000923946,envelope,1,a2b8942e9b1cba94077f6329450ef223ffc3a603ef957602c5d0b2017f7b251f,2.1316282072803006e-14
32,397,4,BB-RL,23.999999999999975,0.0008199970034183934,0.01089315400167834,2.9189977794885635e-06,0.011716070002876222,envelope,1,a2b8942e9b1cba94077f6329450ef223ffc3a603ef957602c5d0b2017f7b251f,2.1316282072803006e-14
32,397,4,MAC,21.106563622796347,1.457099278923124e-05,0.016486662003444508,0.0,0.01650123299623374,path,1,9df08dcd6db71e21a093ab4e52f09755dd8292daad1bd8c6c40654e089b3da27,0.0
32,401,0,BB-RL,23.99999999999998,0.0007999630033737049,0.013830754003720358,2.8679933166131377e-06,0.014633585000410676,envelope,1,9d9bcf991142dc9f80060e8839b7ebf8605e55247af44bcd24f4394b4d2eeefa,7.105427357601002e-15
32,401,0,MAC,20.650677440662317,1.450300624128431e-05,0.01641925299190916,0.0,0.016433755998150446,path,1,d58aa9724815c057401c1b008acd16a0799630d5bc5fc8b0ed4c94b47cb69d32,0.0
32,401,1,MAC,20.650677440662317,1.4240009477362037e-05,0.0164349789993139,0.0,0.01644921900879126,path,1,d58aa9724815c057401c1b008acd16a0799630d5bc5fc8b0ed4c94b47cb69d32,0.0
32,401,1,BB-RL,23.99999999999998,0.000827252006274648,0.013479596993420273,2.815999323502183e-06,0.014309664999018423,envelope,1,9d9bcf991142dc9f80060e8839b7ebf8605e55247af44bcd24f4394b4d2eeefa,7.105427357601002e-15
32,401,2,BB-RL,23.99999999999998,0.000724962999811396,0.013755046995356679,2.886008587665856e-06,0.01448289600375574,envelope,1,9d9bcf991142dc9f80060e8839b7ebf8605e55247af44bcd24f4394b4d2eeefa,7.105427357601002e-15
32,401,2,MAC,20.650677440662317,1.4712990378029644e-05,0.016518144999281503,0.0,0.016532857989659533,path,1,d58aa9724815c057401c1b008acd16a0799630d5bc5fc8b0ed4c94b47cb69d32,0.0
32,401,3,MAC,20.650677440662317,1.42659991979599e-05,0.016473117997520603,0.0,0.016487383996718563,path,1,d58aa9724815c057401c1b008acd16a0799630d5bc5fc8b0ed4c94b47cb69d32,0.0
32,401,3,BB-RL,23.99999999999998,0.0007262500002980232,0.01390094000089448,2.9049988370388746e-06,0.014630095000029542,envelope,1,9d9bcf991142dc9f80060e8839b7ebf8605e55247af44bcd24f4394b4d2eeefa,7.105427357601002e-15
32,401,4,BB-RL,23.99999999999998,0.0007308249914785847,0.013872161012841389,2.9469956643879414e-06,0.014605932999984361,envelope,1,9d9bcf991142dc9f80060e8839b7ebf8605e55247af44bcd24f4394b4d2eeefa,7.105427357601002e-15
32,401,4,MAC,20.650677440662317,1.4570003258995712e-05,0.016516671996214427,0.0,0.016531241999473423,path,1,d58aa9724815c057401c1b008acd16a0799630d5bc5fc8b0ed4c94b47cb69d32,0.0
32,406,0,MAC,17.695080615725853,1.4295001165010035e-05,0.01505330800137017,0.0,0.01506760300253518,path,1,2d083a16f65719e8e974b70dd85c87a9afeab44be364348a20e0893bee4ee254,7.105427357601002e-15
32,406,0,BB-RL,24.99999999999997,0.0008515890076523647,0.0003358270041644573,2.7389905881136656e-06,0.0011901550024049357,envelope,1,56eaf23f68bdd592b058a142b9c361db5f946c44505aa70bbf9cced35862c144,7.105427357601002e-15
32,406,1,BB-RL,24.99999999999997,0.0008395590120926499,0.00032797099265735596,2.806002157740295e-06,0.0011703360069077462,envelope,1,56eaf23f68bdd592b058a142b9c361db5f946c44505aa70bbf9cced35862c144,7.105427357601002e-15
32,406,1,MAC,17.695080615725853,1.4222998288460076e-05,0.015082229001563974,0.0,0.015096451999852434,path,1,2d083a16f65719e8e974b70dd85c87a9afeab44be364348a20e0893bee4ee254,7.105427357601002e-15
32,406,2,MAC,17.695080615725853,1.4114993973635137e-05,0.015084989005117677,0.0,0.015099103999091312,path,1,2d083a16f65719e8e974b70dd85c87a9afeab44be364348a20e0893bee4ee254,7.105427357601002e-15
32,406,2,BB-RL,24.99999999999997,0.0008831799932522699,0.0003311159962322563,2.906002919189632e-06,0.0012172019924037158,envelope,1,56eaf23f68bdd592b058a142b9c361db5f946c44505aa70bbf9cced35862c144,7.105427357601002e-15
32,406,3,BB-RL,24.99999999999997,0.000850362004712224,0.0003447380004217848,2.8270005714148283e-06,0.0011979270057054237,envelope,1,56eaf23f68bdd592b058a142b9c361db5f946c44505aa70bbf9cced35862c144,7.105427357601002e-15
32,406,3,MAC,17.695080615725853,1.4645003830082715e-05,0.015045149004436098,0.0,0.01505979400826618,path,1,2d083a16f65719e8e974b70dd85c87a9afeab44be364348a20e0893bee4ee254,7.105427357601002e-15
32,406,4,MAC,17.695080615725853,1.4610006473958492e-05,0.01500582198787015,0.0,0.015020431994344108,path,1,2d083a16f65719e8e974b70dd85c87a9afeab44be364348a20e0893bee4ee254,7.105427357601002e-15
32,406,4,BB-RL,24.99999999999997,0.0008324199880007654,0.00033157100551761687,2.8460053727030754e-06,0.0011668369988910854,envelope,1,56eaf23f68bdd592b058a142b9c361db5f946c44505aa70bbf9cced35862c144,7.105427357601002e-15
32,411,0,BB-RL,24.999999999999964,0.0007567620050394908,0.005081997995148413,2.9660004656761885e-06,0.00584172600065358,envelope,1,bd9826586a698de10fbbf7027f47844e176d1eb59d1c85e2d0c9a5acdb57c9ed,7.105427357601002e-15
32,411,0,MAC,20.294717638108928,1.462901127524674e-05,0.016186790991923772,0.0,0.01620142000319902,path,1,13f0b7498b20d9b912c99061474975260a753b132e7708b97fe9905e49ff0c28,1.0658141036401503e-14
32,411,1,MAC,20.294717638108928,1.4688994269818068e-05,0.016080725996289402,0.0,0.01609541499055922,path,1,13f0b7498b20d9b912c99061474975260a753b132e7708b97fe9905e49ff0c28,1.0658141036401503e-14
32,411,1,BB-RL,24.999999999999964,0.0010174839990213513,0.005100659996969625,2.8420035960152745e-06,0.006120985999586992,envelope,1,bd9826586a698de10fbbf7027f47844e176d1eb59d1c85e2d0c9a5acdb57c9ed,7.105427357601002e-15
32,411,2,BB-RL,24.999999999999964,0.0008565530006308109,0.004999974989914335,2.9420043574646115e-06,0.005859469994902611,envelope,1,bd9826586a698de10fbbf7027f47844e176d1eb59d1c85e2d0c9a5acdb57c9ed,7.105427357601002e-15
32,411,2,MAC,20.294717638108928,1.4397010090760887e-05,0.01605743999243714,0.0,0.0160718370025279,path,1,13f0b7498b20d9b912c99061474975260a753b132e7708b97fe9905e49ff0c28,1.0658141036401503e-14
32,411,3,MAC,20.294717638108928,1.4256002032198012e-05,0.01597869499528315,0.0,0.015992950997315347,path,1,13f0b7498b20d9b912c99061474975260a753b132e7708b97fe9905e49ff0c28,1.0658141036401503e-14
32,411,3,BB-RL,24.999999999999964,0.0008056319929892197,0.0049973380082519725,2.763990778476e-06,0.005805733992019668,envelope,1,bd9826586a698de10fbbf7027f47844e176d1eb59d1c85e2d0c9a5acdb57c9ed,7.105427357601002e-15
32,411,4,BB-RL,24.999999999999964,0.0008490890031680465,0.004994414994143881,2.8280046535655856e-06,0.005846332001965493,envelope,1,bd9826586a698de10fbbf7027f47844e176d1eb59d1c85e2d0c9a5acdb57c9ed,7.105427357601002e-15
32,411,4,MAC,20.294717638108928,1.4517005183734e-05,0.016259590003755875,0.0,0.01627410700893961,path,1,13f0b7498b20d9b912c99061474975260a753b132e7708b97fe9905e49ff0c28,1.0658141036401503e-14
32,415,0,BB-RL,24.99999999999997,0.0008301369962282479,0.008082357002422214,2.8280046535655856e-06,0.008915322003304027,envelope,1,0386cdd7f6b3158a6752c51c165079ae6658047196e1b39184a2c8da17bc8aed,3.552713678800501e-15
32,415,0,MAC,17.999999999999996,1.4766003005206585e-05,0.015454107997356914,0.0,0.01546887400036212,path,1,08cc77f5b006523b4e0a503967e115a4d09f30b873f6e0f5844c03778f95422a,3.552713678800501e-15
32,415,1,MAC,17.999999999999996,1.4658988220617175e-05,0.015466880999156274,0.0,0.015481539987376891,path,1,08cc77f5b006523b4e0a503967e115a4d09f30b873f6e0f5844c03778f95422a,3.552713678800501e-15
32,415,1,BB-RL,24.99999999999997,0.0007842390041332692,0.007974593987455592,2.8170034056529403e-06,0.008761649994994514,envelope,1,0386cdd7f6b3158a6752c51c165079ae6658047196e1b39184a2c8da17bc8aed,3.552713678800501e-15
32,415,2,BB-RL,24.99999999999997,0.000855894002597779,0.0077111520076869056,2.841989044100046e-06,0.008569887999328785,envelope,1,0386cdd7f6b3158a6752c51c165079ae6658047196e1b39184a2c8da17bc8aed,3.552713678800501e-15
32,415,2,MAC,17.999999999999996,1.4699005987495184e-05,0.01564391799911391,0.0,0.015658617005101405,path,1,08cc77f5b006523b4e0a503967e115a4d09f30b873f6e0f5844c03778f95422a,3.552713678800501e-15
32,415,3,MAC,17.999999999999996,1.4392993762157857e-05,0.015558598999632522,0.0,0.01557299199339468,path,1,08cc77f5b006523b4e0a503967e115a4d09f30b873f6e0f5844c03778f95422a,3.552713678800501e-15
32,415,3,BB-RL,24.99999999999997,0.0008336669998243451,0.007900205993792042,2.854998456314206e-06,0.008736727992072701,envelope,1,0386cdd7f6b3158a6752c51c165079ae6658047196e1b39184a2c8da17bc8aed,3.552713678800501e-15
32,415,4,BB-RL,24.99999999999997,0.0008396810007980093,0.007631890999618918,2.8950016712769866e-06,0.008474467002088204,envelope,1,0386cdd7f6b3158a6752c51c165079ae6658047196e1b39184a2c8da17bc8aed,3.552713678800501e-15
32,415,4,MAC,17.999999999999996,1.4785997336730361e-05,0.015615724012604915,0.0,0.015630510009941645,path,1,08cc77f5b006523b4e0a503967e115a4d09f30b873f6e0f5844c03778f95422a,3.552713678800501e-15
32,420,0,MAC,21.5009732140574,1.454498851671815e-05,0.016499196004588157,0.0,0.016513740993104875,path,1,5fd791f04b3a68400b8b1f9a88a2ea0a5d5024ccdf5a64fbaceeab9434fd8478,3.552713678800501e-15
32,420,0,BB-RL,25.999999999999936,0.000805635005235672,0.0003494199918350205,2.710003172978759e-06,0.0011577650002436712,envelope,1,b6207b9dc8fdbc6f2719a64ef412676e88e828a0bb444cb285656727e36d42c2,7.105427357601002e-15
32,420,1,BB-RL,25.999999999999936,0.0008654249977553263,0.00032978800300043076,2.863991539925337e-06,0.0011980769922956824,envelope,1,b6207b9dc8fdbc6f2719a64ef412676e88e828a0bb444cb285656727e36d42c2,7.105427357601002e-15
32,420,1,MAC,21.5009732140574,1.4535995433107018e-05,0.016535732996999286,0.0,0.016550268992432393,path,1,5fd791f04b3a68400b8b1f9a88a2ea0a5d5024ccdf5a64fbaceeab9434fd8478,3.552713678800501e-15
32,420,2,MAC,21.5009732140574,1.4498000382445753e-05,0.016433120996225625,0.0,0.01644761899660807,path,1,5fd791f04b3a68400b8b1f9a88a2ea0a5d5024ccdf5a64fbaceeab9434fd8478,3.552713678800501e-15
32,420,2,BB-RL,25.999999999999936,0.0008431530004600063,0.0003308409941382706,2.83500412479043e-06,0.0011768289987230673,envelope,1,b6207b9dc8fdbc6f2719a64ef412676e88e828a0bb444cb285656727e36d42c2,7.105427357601002e-15
32,420,3,BB-RL,25.999999999999936,0.0007636000082129613,0.0003388390032341704,2.8389913495630026e-06,0.0011052780027966946,envelope,1,b6207b9dc8fdbc6f2719a64ef412676e88e828a0bb444cb285656727e36d42c2,7.105427357601002e-15
32,420,3,MAC,21.5009732140574,1.4374003512784839e-05,0.01655412800027989,0.0,0.016568502003792673,path,1,5fd791f04b3a68400b8b1f9a88a2ea0a5d5024ccdf5a64fbaceeab9434fd8478,3.552713678800501e-15
32,420,4,MAC,21.5009732140574,1.4389006537385285e-05,0.01645980100147426,0.0,0.016474190008011647,path,1,5fd791f04b3a68400b8b1f9a88a2ea0a5d5024ccdf5a64fbaceeab9434fd8478,3.552713678800501e-15
32,420,4,BB-RL,25.999999999999936,0.0008650630043121055,0.00033582600008230656,2.745000529102981e-06,0.001203634004923515,envelope,1,b6207b9dc8fdbc6f2719a64ef412676e88e828a0bb444cb285656727e36d42c2,7.105427357601002e-15
32,425,0,BB-RL,25.99999999999998,0.0007411770056933165,0.004795817992999218,2.849003067240119e-06,0.005539844001759775,envelope,1,1fbf296ee5d5c2a88ac2a1e49edd38cebf0da524f5b49cc75f7234e5f45efbef,1.0658141036401503e-14
32,425,0,MAC,18.430162115565782,1.4599994756281376e-05,0.015332124006818049,0.0,0.01534672400157433,path,1,b433da5531a7230fc931447130c338c90d9647a2bc9da96781594661e4402fe1,3.552713678800501e-15
32,425,1,MAC,18.430162115565782,1.4399993233382702e-05,0.015262341999914497,0.0,0.01527674199314788,path,1,b433da5531a7230fc931447130c338c90d9647a2bc9da96781594661e4402fe1,3.552713678800501e-15
32,425,1,BB-RL,25.99999999999998,0.0009036279952852055,0.004868249001447111,2.843007678166032e-06,0.005774720004410483,envelope,1,1fbf296ee5d5c2a88ac2a1e49edd38cebf0da524f5b49cc75f7234e5f45efbef,1.0658141036401503e-14
32,425,2,BB-RL,25.99999999999998,0.0008834470063447952,0.004857840991462581,2.8610083973035216e-06,0.00574414900620468,envelope,1,1fbf296ee5d5c2a88ac2a1e49edd38cebf0da524f5b49cc75f7234e5f45efbef,1.0658141036401503e-14
32,425,2,MAC,18.430162115565782,1.4413002645596862e-05,0.015353939001215622,0.0,0.015368352003861219,path,1,b433da5531a7230fc931447130c338c90d9647a2bc9da96781594661e4402fe1,3.552713678800501e-15
32,425,3,MAC,18.430162115565782,1.4182995073497295e-05,0.015303822001442313,0.0,0.01531800499651581,path,1,b433da5531a7230fc931447130c338c90d9647a2bc9da96781594661e4402fe1,3.552713678800501e-15
32,425,3,BB-RL,25.99999999999998,0.0011316449963487685,0.004791725004906766,2.811997546814382e-06,0.005926181998802349,envelope,1,1fbf296ee5d5c2a88ac2a1e49edd38cebf0da524f5b49cc75f7234e5f45efbef,1.0658141036401503e-14
32,425,4,BB-RL,25.99999999999998,0.0008441689860774204,0.004779458002303727,2.9229995561763644e-06,0.005626549987937324,envelope,1,1fbf296ee5d5c2a88ac2a1e49edd38cebf0da524f5b49cc75f7234e5f45efbef,1.0658141036401503e-14
32,425,4,MAC,18.430162115565782,1.4482997357845306e-05,0.015288540002075024,0.0,0.01530302299943287,path,1,b433da5531a7230fc931447130c338c90d9647a2bc9da96781594661e4402fe1,3.552713678800501e-15
32,430,0,MAC,22.415033237429373,1.4299002941697836e-05,0.01632029699976556,0.0,0.016334596002707258,path,1,a2d3d470fe4bf59e4d6cf18750e4ffe99889d91bc47edefe1c0908efa51c95f0,1.0658141036401503e-14
32,430,0,BB-RL,25.99999999999997,0.0007916719914646819,0.008282427006633952,2.7609930839389563e-06,0.009076859991182573,envelope,1,ef825a55fbc6b734d901bd9ebf018841117c059681f6d36850c00f61ed037dd8,0.0
32,430,1,BB-RL,25.99999999999997,0.0008471149922115728,0.00830546100041829,2.8520007617771626e-06,0.00915542799339164,envelope,1,ef825a55fbc6b734d901bd9ebf018841117c059681f6d36850c00f61ed037dd8,0.0
32,430,1,MAC,22.415033237429373,1.4536999515257776e-05,0.016381308989366516,0.0,0.016395845988881774,path,1,a2d3d470fe4bf59e4d6cf18750e4ffe99889d91bc47edefe1c0908efa51c95f0,1.0658141036401503e-14
32,430,2,MAC,22.415033237429373,1.3890996342524886e-05,0.016322847004630603,0.0,0.016336738000973128,path,1,a2d3d470fe4bf59e4d6cf18750e4ffe99889d91bc47edefe1c0908efa51c95f0,1.0658141036401503e-14
32,430,2,BB-RL,25.99999999999997,0.0007667899917578325,0.00826585000322666,2.8520007617771626e-06,0.00903549199574627,envelope,1,ef825a55fbc6b734d901bd9ebf018841117c059681f6d36850c00f61ed037dd8,0.0
32,430,3,BB-RL,25.99999999999997,0.0008673919946886599,0.008166753992554732,2.8370122890919447e-06,0.009036982999532484,envelope,1,ef825a55fbc6b734d901bd9ebf018841117c059681f6d36850c00f61ed037dd8,0.0
32,430,3,MAC,22.415033237429373,1.4801000361330807e-05,0.016304182005114853,0.0,0.016318983005476184,path,1,a2d3d470fe4bf59e4d6cf18750e4ffe99889d91bc47edefe1c0908efa51c95f0,1.0658141036401503e-14
32,430,4,MAC,22.415033237429373,1.4101999113336205e-05,0.016319973990903236,0.0,0.016334075990016572,path,1,a2d3d470fe4bf59e4d6cf18750e4ffe99889d91bc47edefe1c0908efa51c95f0,1.0658141036401503e-14
32,430,4,BB-RL,25.99999999999997,0.0007881220080889761,0.008287213000585325,2.7810019673779607e-06,0.00907811601064168,envelope,1,ef825a55fbc6b734d901bd9ebf018841117c059681f6d36850c00f61ed037dd8,0.0
32,434,0,MAC,23.763112266571813,1.4628007193095982e-05,0.015945585997542366,0.0,0.015960214004735462,path,1,d8051218f0bb353c72b55b6d6f33971fb08da7b5d80319d5f335536232c7c9cc,0.0
32,434,0,BB-RL,25.999999999999986,0.0008482839912176132,0.011032993003027514,2.9570073820650578e-06,0.011884234001627192,envelope,1,97a4defb7fbc0244743b9566ba2ced292f4acff5b9c87eb8958a24d67591bcd8,1.4210854715202004e-14
32,434,1,BB-RL,25.999999999999986,0.0007659020047867671,0.011017774988431484,2.9170041671022773e-06,0.011786593997385353,envelope,1,97a4defb7fbc0244743b9566ba2ced292f4acff5b9c87eb8958a24d67591bcd8,1.4210854715202004e-14
32,434,1,MAC,23.763112266571813,1.4381992514245212e-05,0.015964353005983867,0.0,0.015978734998498112,path,1,d8051218f0bb353c72b55b6d6f33971fb08da7b5d80319d5f335536232c7c9cc,0.0
32,434,2,MAC,23.763112266571813,1.4257995644584298e-05,0.01596234500175342,0.0,0.015976602997398004,path,1,d8051218f0bb353c72b55b6d6f33971fb08da7b5d80319d5f335536232c7c9cc,0.0
32,434,2,BB-RL,25.999999999999986,0.0007912699948064983,0.010968518996378407,2.8799986466765404e-06,0.011762668989831582,envelope,1,97a4defb7fbc0244743b9566ba2ced292f4acff5b9c87eb8958a24d67591bcd8,1.4210854715202004e-14
32,434,3,BB-RL,25.999999999999986,0.0007446679956046864,0.01093431399203837,2.878005034290254e-06,0.011681859992677346,envelope,1,97a4defb7fbc0244743b9566ba2ced292f4acff5b9c87eb8958a24d67591bcd8,1.4210854715202004e-14
32,434,3,MAC,23.763112266571813,1.4538003597408533e-05,0.015904275001958013,0.0,0.01591881300555542,path,1,d8051218f0bb353c72b55b6d6f33971fb08da7b5d80319d5f335536232c7c9cc,0.0
32,434,4,MAC,23.763112266571813,1.4330013073049486e-05,0.015847482995013706,0.0,0.015861813008086756,path,1,d8051218f0bb353c72b55b6d6f33971fb08da7b5d80319d5f335536232c7c9cc,0.0
32,434,4,BB-RL,25.999999999999986,0.0007793310069246218,0.010886450996622443,2.83500412479043e-06,0.011668617007671855,envelope,1,97a4defb7fbc0244743b9566ba2ced292f4acff5b9c87eb8958a24d67591bcd8,1.4210854715202004e-14
32,439,0,BB-RL,26.999999999999964,0.0007979160000104457,0.004124038008740172,2.8719950933009386e-06,0.0049248260038439184,envelope,1,c2214525476e983062e765329e67890c838df24330a9efa7cfc12db7440780a9,1.4210854715202004e-14
32,439,0,MAC,20.407201215385907,1.4592005754821002e-05,0.015288473005057313,0.0,0.015303065010812134,path,1,09352c3dd837cc6a60d2b73f1ff6fa3bf4dd0e4ed76c81a16fa65a30e61eab9b,7.105427357601002e-15
32,439,1,MAC,20.407201215385907,1.4174001989886165e-05,0.015377800998976454,0.0,0.01539197500096634,path,1,09352c3dd837cc6a60d2b73f1ff6fa3bf4dd0e4ed76c81a16fa65a30e61eab9b,7.105427357601002e-15
32,439,1,BB-RL,26.999999999999964,0.0008807950071059167,0.004123556995182298,2.829008735716343e-06,0.005007181011023931,envelope,1,c2214525476e983062e765329e67890c838df24330a9efa7cfc12db7440780a9,1.4210854715202004e-14
32,439,2,BB-RL,26.999999999999964,0.0008508509927196428,0.0041013590089278296,2.9130023904144764e-06,0.004955123004037887,envelope,1,c2214525476e983062e765329e67890c838df24330a9efa7cfc12db7440780a9,1.4210854715202004e-14
32,439,2,MAC,20.407201215385907,1.4510995242744684e-05,0.015417339003761299,0.0,0.015431849999004044,path,1,09352c3dd837cc6a60d2b73f1ff6fa3bf4dd0e4ed76c81a16fa65a30e61eab9b,7.105427357601002e-15
32,439,3,MAC,20.407201215385907,1.4435005141422153e-05,0.015392721004900523,0.0,0.015407156010041945,path,1,09352c3dd837cc6a60d2b73f1ff6fa3bf4dd0e4ed76c81a16fa65a30e61eab9b,7.105427357601002e-15
32,439,3,BB-RL,26.999999999999964,0.0008140930003719404,0.0041483219974907115,2.8509966796264052e-06,0.004965265994542278,envelope,1,c2214525476e983062e765329e67890c838df24330a9efa7cfc12db7440780a9,1.4210854715202004e-14
32,439,4,BB-RL,26.999999999999964,0.0008876869978848845,0.004107657994609326,2.8500071493908763e-06,0.0049981949996436015,envelope,1,c2214525476e983062e765329e67890c838df24330a9efa7cfc12db7440780a9,1.4210854715202004e-14
32,439,4,MAC,20.407201215385907,1.4495992218144238e-05,0.015365644008852541,0.0,0.015380140001070686,path,1,09352c3dd837cc6a60d2b73f1ff6fa3bf4dd0e4ed76c81a16fa65a30e61eab9b,7.105427357601002e-15
32,444,0,MAC,19.898866107232774,1.4459990779869258e-05,0.015397007009596564,0.0,0.015411467000376433,path,1,f52f03a48ceff0b91b2918533fac2f052286b48f90c3b45e9acbbf5e0b3d3b6f,1.4210854715202004e-14
32,444,0,BB-RL,26.999999999999982,0.0011599630088312551,0.0075135959923500195,2.7360074454918504e-06,0.008676295008626767,envelope,1,7e56e7e389c225fdb12146bcc381b685ce416ffd6dbf6abbf238b1699d3f2d7d,1.0658141036401503e-14
32,444,1,BB-RL,26.999999999999982,0.000886788999196142,0.007496821999666281,2.874992787837982e-06,0.008386485991650261,envelope,1,7e56e7e389c225fdb12146bcc381b685ce416ffd6dbf6abbf238b1699d3f2d7d,1.0658141036401503e-14
32,444,1,MAC,19.898866107232774,1.4534991350956261e-05,0.015466733995708637,0.0,0.015481268987059593,path,1,f52f03a48ceff0b91b2918533fac2f052286b48f90c3b45e9acbbf5e0b3d3b6f,1.4210854715202004e-14
32,444,2,MAC,19.898866107232774,1.4593999367207289e-05,0.015431829000590369,0.0,0.015446422999957576,path,1,f52f03a48ceff0b91b2918533fac2f052286b48f90c3b45e9acbbf5e0b3d3b6f,1.4210854715202004e-14
32,444,2,BB-RL,26.999999999999982,0.000931420989218168,0.007522744999732822,2.820001100189984e-06,0.00845698599005118,envelope,1,7e56e7e389c225fdb12146bcc381b685ce416ffd6dbf6abbf238b1699d3f2d7d,1.0658141036401503e-14
32,444,3,BB-RL,26.999999999999982,0.0008932190103223547,0.007471839999197982,2.835993655025959e-06,0.008367895003175363,envelope,1,7e56e7e389c225fdb12146bcc381b685ce416ffd6dbf6abbf238b1699d3f2d7d,1.0658141036401503e-14
32,444,3,MAC,19.898866107232774,1.4332006685435772e-05,0.015717386995675042,0.0,0.015731719002360478,path,1,f52f03a48ceff0b91b2918533fac2f052286b48f90c3b45e9acbbf5e0b3d3b6f,1.4210854715202004e-14
32,444,4,MAC,19.898866107232774,1.4263001503422856e-05,0.015705573008744977,0.0,0.0157198360102484,path,1,f52f03a48ceff0b91b2918533fac2f052286b48f90c3b45e9acbbf5e0b3d3b6f,1.4210854715202004e-14
32,444,4,BB-RL,26.999999999999982,0.00089938601013273,0.007612827990669757,2.829008735716343e-06,0.008515043009538203,envelope,1,7e56e7e389c225fdb12146bcc381b685ce416ffd6dbf6abbf238b1699d3f2d7d,1.0658141036401503e-14
32,448,0,MAC,23.563936309956762,1.4748002286069095e-05,0.01519504000316374,0.0,0.01520978800544981,path,1,eb79b53b7a92605954ce68df07fab263e90948ab6e89e2e031821bee3b11a2eb,1.4210854715202004e-14
32,448,0,BB-RL,27.999999999999964,0.0008281190093839541,0.0003321799886180088,2.6650086510926485e-06,0.0011629640066530555,envelope,1,54a950b131985bda029f56ea88a5bf28c86aa31162b6560d4bc2bfbdf7cd57db,3.197442310920451e-14
32,448,1,BB-RL,27.999999999999964,0.0009242870000889525,0.0003318290109746158,2.8179929358884692e-06,0.0012589340039994568,envelope,1,54a950b131985bda029f56ea88a5bf28c86aa31162b6560d4bc2bfbdf7cd57db,3.197442310920451e-14
32,448,1,MAC,23.563936309956762,1.464798697270453e-05,0.015105272002983838,0.0,0.015119919989956543,path,1,eb79b53b7a92605954ce68df07fab263e90948ab6e89e2e031821bee3b11a2eb,1.4210854715202004e-14
32,448,2,MAC,23.563936309956762,1.4260003808885813e-05,0.015081443008966744,0.0,0.01509570301277563,path,1,eb79b53b7a92605954ce68df07fab263e90948ab6e89e2e031821bee3b11a2eb,1.4210854715202004e-14
32,448,2,BB-RL,27.999999999999964,0.0008567969925934449,0.00033346700365655124,2.6850029826164246e-06,0.0011929489992326126,envelope,1,54a950b131985bda029f56ea88a5bf28c86aa31162b6560d4bc2bfbdf7cd57db,3.197442310920451e-14
32,448,3,BB-RL,27.999999999999964,0.0009149719990091398,0.00032781199843157083,2.6610068744048476e-06,0.0012454450043151155,envelope,1,54a950b131985bda029f56ea88a5bf28c86aa31162b6560d4bc2bfbdf7cd57db,3.197442310920451e-14
32,448,3,MAC,23.563936309956762,1.4700010069645941e-05,0.015140926989261061,0.0,0.015155626999330707,path,1,eb79b53b7a92605954ce68df07fab263e90948ab6e89e2e031821bee3b11a2eb,1.4210854715202004e-14
32,448,4,MAC,23.563936309956762,1.4560006093233824e-05,0.015145407989621162,0.0,0.015159967995714396,path,1,eb79b53b7a92605954ce68df07fab263e90948ab6e89e2e031821bee3b11a2eb,1.4210854715202004e-14
32,448,4,BB-RL,27.999999999999964,0.0008874790073605254,0.00033486699976492673,2.587999915704131e-06,0.0012249340070411563,envelope,1,54a950b131985bda029f56ea88a5bf28c86aa31162b6560d4bc2bfbdf7cd57db,3.197442310920451e-14
32,453,0,BB-RL,27.999999999999964,0.0007825590000720695,0.004751804008265026,2.929999027401209e-06,0.005537293007364497,envelope,1,38e07411bde7d776474aa087d88a358e46f9b5f26781a663c4463079d51b8526,7.105427357601002e-15
32,453,0,MAC,23.30763578571788,1.459800114389509e-05,0.015072864000103436,0.0,0.015087462001247332,path,1,a1085e2f372aa2b6893b455ee05a52c53e503131f8acd93b12853f12cdbae348,1.7763568394002505e-14
32,453,1,MAC,23.30763578571788,1.4450008166022599e-05,0.015053682000143453,0.0,0.015068132008309476,path,1,a1085e2f372aa2b6893b455ee05a52c53e503131f8acd93b12853f12cdbae348,1.7763568394002505e-14
32,453,1,BB-RL,27.999999999999964,0.0009129579993896186,0.004833667990169488,2.7950009098276496e-06,0.005749420990468934,envelope,1,38e07411bde7d776474aa087d88a358e46f9b5f26781a663c4463079d51b8526,7.105427357601002e-15
32,453,2,BB-RL,27.999999999999964,0.0008943480061134323,0.004726936997030862,2.943008439615369e-06,0.005624228011583909,envelope,1,38e07411bde7d776474aa087d88a358e46f9b5f26781a663c4463079d51b8526,7.105427357601002e-15
32,453,2,MAC,23.30763578571788,1.4406992704607546e-05,0.015103209007065743,0.0,0.01511761599977035,path,1,a1085e2f372aa2b6893b455ee05a52c53e503131f8acd93b12853f12cdbae348,1.7763568394002505e-14
32,453,3,MAC,23.30763578571788,1.4076009392738342e-05,0.01499706799222622,0.0,0.015011144001618959,path,1,a1085e2f372aa2b6893b455ee05a52c53e503131f8acd93b12853f12cdbae348,1.7763568394002505e-14
32,453,3,BB-RL,27.999999999999964,0.0008096430101431906,0.004785674987942912,2.8380018193274736e-06,0.00559815599990543,envelope,1,38e07411bde7d776474aa087d88a358e46f9b5f26781a663c4463079d51b8526,7.105427357601002e-15
32,453,4,BB-RL,27.999999999999964,0.0009062519966391847,0.0047867419925751165,2.844011760316789e-06,0.005695838000974618,envelope,1,38e07411bde7d776474aa087d88a358e46f9b5f26781a663c4463079d51b8526,7.105427357601002e-15
32,453,4,MAC,23.30763578571788,1.4635006664320827e-05,0.01503462900291197,0.0,0.01504926400957629,path,1,a1085e2f372aa2b6893b455ee05a52c53e503131f8acd93b12853f12cdbae348,1.7763568394002505e-14
32,458,0,MAC,24.409598984535158,1.4439006918109953e-05,0.015288351991330273,0.0,0.015302790998248383,path,1,7a42becafa6cdc979e5402c8c149a6b4c446e5cd229af63a26f44d835446438b,7.105427357601002e-15
32,458,0,BB-RL,27.999999999999964,0.000824561997433193,0.008143234997987747,2.9799994081258774e-06,0.008970776994829066,envelope,1,06720464b9662ff9cb05b845d3c4f26b8efe9d09d860824652222635f26ffbe5,3.552713678800501e-15
32,458,1,BB-RL,27.999999999999964,0.001174133998574689,0.008162746002199128,2.91100877802819e-06,0.009339791009551845,envelope,1,06720464b9662ff9cb05b845d3c4f26b8efe9d09d860824652222635f26ffbe5,3.552713678800501e-15
32,458,1,MAC,24.409598984535158,1.4381002984009683e-05,0.01512408499547746,0.0,0.01513846599846147,path,1,7a42becafa6cdc979e5402c8c149a6b4c446e5cd229af63a26f44d835446438b,7.105427357601002e-15
32,458,2,MAC,24.409598984535158,1.4267003280110657e-05,0.015207773001748137,0.0,0.015222040005028248,path,1,7a42becafa6cdc979e5402c8c149a6b4c446e5cd229af63a26f44d835446438b,7.105427357601002e-15
32,458,2,BB-RL,27.999999999999964,0.0008916840015444905,0.008174190996214747,2.878994564525783e-06,0.009068753992323764,envelope,1,06720464b9662ff9cb05b845d3c4f26b8efe9d09d860824652222635f26ffbe5,3.552713678800501e-15
32,458,3,BB-RL,27.999999999999964,0.0008167209889506921,0.008076454003457911,2.9030052246525884e-06,0.008896077997633256,envelope,1,06720464b9662ff9cb05b845d3c4f26b8efe9d09d860824652222635f26ffbe5,3.552713678800501e-15
32,458,3,MAC,24.409598984535158,1.4782010111957788e-05,0.01520645699929446,0.0,0.015221239009406418,path,1,7a42becafa6cdc979e5402c8c149a6b4c446e5cd229af63a26f44d835446438b,7.105427357601002e-15
32,458,4,MAC,24.409598984535158,1.4169010682962835e-05,0.015254589001415297,0.0,0.01526875801209826,path,1,7a42becafa6cdc979e5402c8c149a6b4c446e5cd229af63a26f44d835446438b,7.105427357601002e-15
32,458,4,BB-RL,27.999999999999964,0.0009069469961104915,0.008150457011652179,2.8619979275390506e-06,0.00906026600569021,envelope,1,06720464b9662ff9cb05b845d3c4f26b8efe9d09d860824652222635f26ffbe5,3.552713678800501e-15
32,462,0,MAC,22.00000000000001,1.445900124963373e-05,0.015559013991151005,0.0,0.015573472992400639,path,1,0de80d120beb6baf56d2fc0ec5f117f0f6d6fd63dbcb73b99c6fa0fcbcbd32b4,1.7763568394002505e-14
32,462,0,BB-RL,27.999999999999993,0.0008379329956369475,0.010891052996157669,2.743006916716695e-06,0.011731728998711333,envelope,1,0e28eadfe24f248da22fecc1cfd88b896fc890d6c042a2a6ff7bcf1138e2a6b9,2.4868995751603507e-14
32,462,1,BB-RL,27.999999999999993,0.0008742000063648447,0.010783521996927448,2.863002009689808e-06,0.011660585005301982,envelope,1,0e28eadfe24f248da22fecc1cfd88b896fc890d6c042a2a6ff7bcf1138e2a6b9,2.4868995751603507e-14
32,462,1,MAC,22.00000000000001,1.4662000467069447e-05,0.015595787990605459,0.0,0.015610449991072528,path,1,0de80d120beb6baf56d2fc0ec5f117f0f6d6fd63dbcb73b99c6fa0fcbcbd32b4,1.7763568394002505e-14
32,462,2,MAC,22.00000000000001,1.4399003703147173e-05,0.015503881993936375,0.0,0.015518280997639522,path,1,0de80d120beb6baf56d2fc0ec5f117f0f6d6fd63dbcb73b99c6fa0fcbcbd32b4,1.7763568394002505e-14
32,462,2,BB-RL,27.999999999999993,0.0008510619954904541,0.010888695003814064,2.8799986466765404e-06,0.011742636997951195,envelope,1,0e28eadfe24f248da22fecc1cfd88b896fc890d6c042a2a6ff7bcf1138e2a6b9,2.4868995751603507e-14
32,462,3,BB-RL,27.999999999999993,0.0007956819899845868,0.010843479001778178,3.106004442088306e-06,0.011642266996204853,envelope,1,0e28eadfe24f248da22fecc1cfd88b896fc890d6c042a2a6ff7bcf1138e2a6b9,2.4868995751603507e-14
32,462,3,MAC,22.00000000000001,1.4767007087357342e-05,0.015545203001238406,0.0,0.015559970008325763,path,1,0de80d120beb6baf56d2fc0ec5f117f0f6d6fd63dbcb73b99c6fa0fcbcbd32b4,1.7763568394002505e-14
32,462,4,MAC,22.00000000000001,1.4485005522146821e-05,0.015562970991595648,0.0,0.015577455997117795,path,1,0de80d120beb6baf56d2fc0ec5f117f0f6d6fd63dbcb73b99c6fa0fcbcbd32b4,1.7763568394002505e-14
32,462,4,BB-RL,27.999999999999993,0.0008330979908350855,0.010938172010355629,2.8779904823750257e-06,0.01177414799167309,envelope,1,0e28eadfe24f248da22fecc1cfd88b896fc890d6c042a2a6ff7bcf1138e2a6b9,2.4868995751603507e-14
32,467,0,BB-RL,28.999999999999947,0.0009339240059489384,0.0027298249915475026,2.8240028768777847e-06,0.003666573000373319,envelope,1,b492a6daf2b8b42afee0fab29fba92af05934bae1283be1dd178dc8e78042ecb,3.552713678800501e-15
32,467,0,MAC,25.493936803283248,1.466000685468316e-05,0.015209627992589958,0.0,0.015224287999444641,path,1,74166f2c7cd056973d88679301f295ef305655aa60d5da3d1405126964e8a331,1.7763568394002505e-14
32,467,1,MAC,25.493936803283248,1.4315999578684568e-05,0.01518512399343308,0.0,0.015199439993011765,path,1,74166f2c7cd056973d88679301f295ef305655aa60d5da3d1405126964e8a331,1.7763568394002505e-14
32,467,1,BB-RL,28.999999999999947,0.0009842420113272965,0.002744659999734722,2.8479989850893617e-06,0.003731750010047108,envelope,1,b492a6daf2b8b42afee0fab29fba92af05934bae1283be1dd178dc8e78042ecb,3.552713678800501e-15
32,467,2,BB-RL,28.999999999999947,0.0009285840060329065,0.00278077699476853,2.8890062822028995e-06,0.0037122500070836395,envelope,1,b492a6daf2b8b42afee0fab29fba92af05934bae1283be1dd178dc8e78042ecb,3.552713678800501e-15
32,467,2,MAC,25.493936803283248,1.4577992260456085e-05,0.01531128300121054,0.0,0.015325860993470997,path,1,74166f2c7cd056973d88679301f295ef305655aa60d5da3d1405126964e8a331,1.7763568394002505e-14
32,467,3,MAC,25.493936803283248,1.4318007742986083e-05,0.01519471500068903,0.0,0.015209033008432016,path,1,74166f2c7cd056973d88679301f295ef305655aa60d5da3d1405126964e8a331,1.7763568394002505e-14
32,467,3,BB-RL,28.999999999999947,0.0008783889934420586,0.0027769290027208626,2.9959919629618526e-06,0.003658313988125883,envelope,1,b492a6daf2b8b42afee0fab29fba92af05934bae1283be1dd178dc8e78042ecb,3.552713678800501e-15
32,467,4,BB-RL,28.999999999999947,0.0009277790086343884,0.002751039995928295,2.929999027401209e-06,0.0036817490035900846,envelope,1,b492a6daf2b8b42afee0fab29fba92af05934bae1283be1dd178dc8e78042ecb,3.552713678800501e-15
32,467,4,MAC,25.493936803283248,1.446300302632153e-05,0.01511372700042557,0.0,0.015128190003451891,path,1,74166f2c7cd056973d88679301f295ef305655aa60d5da3d1405126964e8a331,1.7763568394002505e-14
32,472,0,MAC,25.656524003590476,1.4370001736097038e-05,0.015246975002810359,0.0,0.015261345004546456,path,1,bda7fc2b61d8db3963fa0c687713d700889189a71a4e0ef5c8bd5bd043b1b8ee,7.105427357601002e-15
32,472,0,BB-RL,28.999999999999968,0.0009657670016167685,0.006077336001908407,2.949003828689456e-06,0.007046052007353865,envelope,1,455ec432875da5cd2496ad857e06c21fa585c5ebdb24a25897c7e3bce25e834f,7.105427357601002e-15
32,472,1,BB-RL,28.999999999999968,0.0009504219924565405,0.006137587013654411,2.7819914976134896e-06,0.007090790997608565,envelope,1,455ec432875da5cd2496ad857e06c21fa585c5ebdb24a25897c7e3bce25e834f,7.105427357601002e-15
32,472,1,MAC,25.656524003590476,1.4567995094694197e-05,0.015527939001913182,0.0,0.015542506997007877,path,1,bda7fc2b61d8db3963fa0c687713d700889189a71a4e0ef5c8bd5bd043b1b8ee,7.105427357601002e-15
32,472,2,MAC,25.656524003590476,1.4313001884147525e-05,0.015491134006879292,0.0,0.01550544700876344,path,1,bda7fc2b61d8db3963fa0c687713d700889189a71a4e0ef5c8bd5bd043b1b8ee,7.105427357601002e-15
32,472,2,BB-RL,28.999999999999968,0.0011476590007077903,0.0061919639992993325,2.7890055207535625e-06,0.007342412005527876,envelope,1,455ec432875da5cd2496ad857e06c21fa585c5ebdb24a25897c7e3bce25e834f,7.105427357601002e-15
32,472,3,BB-RL,28.999999999999968,0.0008228039951063693,0.006061202002456412,2.820001100189984e-06,0.006886825998662971,envelope,1,455ec432875da5cd2496ad857e06c21fa585c5ebdb24a25897c7e3bce25e834f,7.105427357601002e-15
32,472,3,MAC,25.656524003590476,1.4479999663308263e-05,0.015352079994045198,0.0,0.015366559993708506,path,1,bda7fc2b61d8db3963fa0c687713d700889189a71a4e0ef5c8bd5bd043b1b8ee,7.105427357601002e-15
32,472,4,MAC,25.656524003590476,1.4295990695245564e-05,0.015312093004467897,0.0,0.015326388995163143,path,1,bda7fc2b61d8db3963fa0c687713d700889189a71a4e0ef5c8bd5bd043b1b8ee,7.105427357601002e-15
32,472,4,BB-RL,28.999999999999968,0.0009669340070104226,0.00614394799049478,2.811008016578853e-06,0.007113693005521782,envelope,1,455ec432875da5cd2496ad857e06c21fa585c5ebdb24a25897c7e3bce25e834f,7.105427357601002e-15
32,476,0,MAC,25.007760088050137,2.3470012820325792e-05,0.015462097988347523,0.0,0.015485568001167849,path,1,fd04a9db99301c07b2c50a674f0b6960d523d098f24e3efa9b3f32fcbf9e2414,1.4210854715202004e-14
32,476,0,BB-RL,28.999999999999975,0.0009805320005398244,0.008842987997923046,2.8659997042268515e-06,0.009826385998167098,envelope,1,af9fd695638fa8892a9da57e83512733281f069cfc4bb6907e3a573e66c28bee,0.0
32,476,1,BB-RL,28.999999999999975,0.0009255080076400191,0.008741115001612343,2.8189970180392265e-06,0.009669442006270401,envelope,1,af9fd695638fa8892a9da57e83512733281f069cfc4bb6907e3a573e66c28bee,0.0
32,476,1,MAC,25.007760088050137,1.4327000826597214e-05,0.0154701060091611,0.0,0.015484433009987697,path,1,fd04a9db99301c07b2c50a674f0b6960d523d098f24e3efa9b3f32fcbf9e2414,1.4210854715202004e-14
32,476,2,MAC,25.007760088050137,1.4335993910208344e-05,0.016695170997991227,0.0,0.016709506991901435,path,1,fd04a9db99301c07b2c50a674f0b6960d523d098f24e3efa9b3f32fcbf9e2414,1.4210854715202004e-14
32,476,2,BB-RL,28.999999999999975,0.0008730129920877516,0.0087450420105597,2.9149960028007627e-06,0.009620969998650253,envelope,1,af9fd695638fa8892a9da57e83512733281f069cfc4bb6907e3a573e66c28bee,0.0
32,476,3,BB-RL,28.999999999999975,0.0008359630010090768,0.008941388994571753,2.910004695877433e-06,0.009780262000276707,envelope,1,af9fd695638fa8892a9da57e83512733281f069cfc4bb6907e3a573e66c28bee,0.0
32,476,3,MAC,25.007760088050137,1.4429999282583594e-05,0.015331219008658081,0.0,0.015345649007940665,path,1,fd04a9db99301c07b2c50a674f0b6960d523d098f24e3efa9b3f32fcbf9e2414,1.4210854715202004e-14
32,476,4,MAC,25.007760088050137,1.4313991414383054e-05,0.015397898008814082,0.0,0.015412212000228465,path,1,fd04a9db99301c07b2c50a674f0b6960d523d098f24e3efa9b3f32fcbf9e2414,1.4210854715202004e-14
32,476,4,BB-RL,28.999999999999975,0.0009736420033732429,0.008857160995830782,2.7810019673779607e-06,0.009833584001171403,envelope,1,af9fd695638fa8892a9da57e83512733281f069cfc4bb6907e3a573e66c28bee,0.0
32,481,0,BB-RL,29.99999999999997,0.0010109069989994168,0.0020659330039052293,2.9179936973378062e-06,0.003079757996601984,envelope,1,cd169efbfaf860455c017c2833805e598f8bea36fda71cf2a26e993a1a782f15,3.197442310920451e-14
32,481,0,MAC,26.62392102171149,1.45840022014454e-05,0.01601039699744433,0.0,0.016024980999645777,path,1,29bc6c3c95d38a75255f18ce001ebbe64260c585fcd852cfe123d0f5e38a49c9,1.0658141036401503e-14
32,481,1,MAC,26.62392102171149,1.4336997992359102e-05,0.015931865011225455,0.0,0.015946202009217814,path,1,29bc6c3c95d38a75255f18ce001ebbe64260c585fcd852cfe123d0f5e38a49c9,1.0658141036401503e-14
32,481,1,BB-RL,29.99999999999997,0.0009474489925196394,0.0020552920032059774,2.906002919189632e-06,0.0030056469986448064,envelope,1,cd169efbfaf860455c017c2833805e598f8bea36fda71cf2a26e993a1a782f15,3.197442310920451e-14
32,481,2,BB-RL,29.99999999999997,0.0009938100120052695,0.002054438999039121,2.698987373150885e-06,0.0030509479984175414,envelope,1,cd169efbfaf860455c017c2833805e598f8bea36fda71cf2a26e993a1a782f15,3.197442310920451e-14
32,481,2,MAC,26.62392102171149,1.460299245081842e-05,0.016100697001093067,0.0,0.016115299993543886,path,1,29bc6c3c95d38a75255f18ce001ebbe64260c585fcd852cfe123d0f5e38a49c9,1.0658141036401503e-14
32,481,3,MAC,26.62392102171149,1.4443998225033283e-05,0.01600081801007036,0.0,0.016015262008295394,path,1,29bc6c3c95d38a75255f18ce001ebbe64260c585fcd852cfe123d0f5e38a49c9,1.0658141036401503e-14
32,481,3,BB-RL,29.99999999999997,0.0009727109863888472,0.0020673300023190677,2.811008016578853e-06,0.003042851996724494,envelope,1,cd169efbfaf860455c017c2833805e598f8bea36fda71cf2a26e993a1a782f15,3.197442310920451e-14
32,481,4,BB-RL,29.99999999999997,0.0010353149991715327,0.0020591520005837083,2.7890055207535625e-06,0.0030972560052759945,envelope,1,cd169efbfaf860455c017c2833805e598f8bea36fda71cf2a26e993a1a782f15,3.197442310920451e-14
32,481,4,MAC,26.62392102171149,1.4718010788783431e-05,0.015992290995200165,0.0,0.016007009005988948,path,1,29bc6c3c95d38a75255f18ce001ebbe64260c585fcd852cfe123d0f5e38a49c9,1.0658141036401503e-14
32,486,0,MAC,28.267949192431125,1.4436998753808439e-05,0.015115185000468045,0.0,0.015129621999221854,path,1,7c21b7a84f8833b74bb7e674953633aa4711d548e3e0d73dd2cd44aec8999319,3.552713678800501e-15
32,486,0,BB-RL,29.99999999999997,0.0009340109972981736,0.005467905997647904,2.9149960028007627e-06,0.006404831990948878,envelope,1,b877f605c8626f06e0a2829e53db5594c2eb2285d0f075e521f585457c1e70ab,2.1316282072803006e-14
32,486,1,BB-RL,29.99999999999997,0.0010068849951494485,0.0054606640042038634,2.7850037440657616e-06,0.006470334003097378,envelope,1,b877f605c8626f06e0a2829e53db5594c2eb2285d0f075e521f585457c1e70ab,2.1316282072803006e-14
32,486,1,MAC,28.267949192431125,1.46429956657812e-05,0.015163235992076807,0.0,0.015177878987742588,path,1,7c21b7a84f8833b74bb7e674953633aa4711d548e3e0d73dd2cd44aec8999319,3.552713678800501e-15
32,486,2,MAC,28.267949192431125,1.4352990547195077e-05,0.015040835001855157,0.0,0.015055187992402352,path,1,7c21b7a84f8833b74bb7e674953633aa4711d548e3e0d73dd2cd44aec8999319,3.552713678800501e-15
32,486,2,BB-RL,29.99999999999997,0.0008983930019894615,0.005409261997556314,2.9560032999143004e-06,0.00631061100284569,envelope,1,b877f605c8626f06e0a2829e53db5594c2eb2285d0f075e521f585457c1e70ab,2.1316282072803006e-14
32,486,3,BB-RL,29.99999999999997,0.001190153998322785,0.005416109997895546,2.931003109551966e-06,0.006609194999327883,envelope,1,b877f605c8626f06e0a2829e53db5594c2eb2285d0f075e521f585457c1e70ab,2.1316282072803006e-14
32,486,3,MAC,28.267949192431125,1.451298885513097e-05,0.015020364007796161,0.0,0.015034876996651292,path,1,7c21b7a84f8833b74bb7e674953633aa4711d548e3e0d73dd2cd44aec8999319,3.552713678800501e-15
32,486,4,MAC,28.267949192431125,1.4136996469460428e-05,0.015047320004669018,0.0,0.015061457001138479,path,1,7c21b7a84f8833b74bb7e674953633aa4711d548e3e0d73dd2cd44aec8999319,3.552713678800501e-15
32,486,4,BB-RL,29.99999999999997,0.0009436879918212071,0.005414529994595796,2.882006810978055e-06,0.006361099993227981,envelope,1,b877f605c8626f06e0a2829e53db5594c2eb2285d0f075e521f585457c1e70ab,2.1316282072803006e-14
32,490,0,MAC,29.999999999999986,1.4452001778408885e-05,0.015204084003926255,0.0,0.015218536005704664,path,1,5616e59abdfec1112154378c98398d58f120089f6d67e59049875779095d817b,7.105427357601002e-15
32,490,0,BB-RL,29.99999999999999,0.0009271580056520179,0.00815920600143727,2.849003067240119e-06,0.009089213010156527,envelope,1,cd4be3fbcbc4a33287ea5874adb829d308345d5de80ff3d7cce1ef14665ffc17,7.105427357601002e-15
32,490,1,BB-RL,29.99999999999999,0.0010048599942820147,0.008127375011099502,2.9270013328641653e-06,0.009135162006714381,envelope,1,cd4be3fbcbc4a33287ea5874adb829d308345d5de80ff3d7cce1ef14665ffc17,7.105427357601002e-15
32,490,1,MAC,29.999999999999986,1.4499993994832039e-05,0.015413323999382555,0.0,0.015427823993377388,path,1,5616e59abdfec1112154378c98398d58f120089f6d67e59049875779095d817b,7.105427357601002e-15
32,490,2,MAC,29.999999999999986,1.4096003724262118e-05,0.015355555995483883,0.0,0.015369651999208145,path,1,5616e59abdfec1112154378c98398d58f120089f6d67e59049875779095d817b,7.105427357601002e-15
32,490,2,BB-RL,29.99999999999999,0.0009288050059694797,0.008102086998405866,2.8609938453882933e-06,0.009033752998220734,envelope,1,cd4be3fbcbc4a33287ea5874adb829d308345d5de80ff3d7cce1ef14665ffc17,7.105427357601002e-15
32,490,3,BB-RL,29.99999999999999,0.0009073639957932755,0.008072844007983804,2.8479989850893617e-06,0.008983056002762169,envelope,1,cd4be3fbcbc4a33287ea5874adb829d308345d5de80ff3d7cce1ef14665ffc17,7.105427357601002e-15
32,490,3,MAC,29.999999999999986,1.462000363972038e-05,0.015288074006093666,0.0,0.015302694009733386,path,1,5616e59abdfec1112154378c98398d58f120089f6d67e59049875779095d817b,7.105427357601002e-15
32,490,4,MAC,29.999999999999986,1.4032004401087761e-05,0.015241967004840262,0.0,0.01525599900924135,path,1,5616e59abdfec1112154378c98398d58f120089f6d67e59049875779095d817b,7.105427357601002e-15
32,490,4,BB-RL,29.99999999999999,0.0009609359985915944,0.00808915299421642,2.921005943790078e-06,0.009053009998751804,envelope,1,cd4be3fbcbc4a33287ea5874adb829d308345d5de80ff3d7cce1ef14665ffc17,7.105427357601002e-15
32,495,0,BB-RL,29.999999999999993,0.0009933989931596443,0.011380544005078264,2.8189970180392265e-06,0.012376761995255947,envelope,1,a87ab05d26872c1378c8712710bd8c819f82f4976350f03162820f772057f525,7.105427357601002e-15
32,495,0,MAC,30.000000000000004,1.458499173168093e-05,0.014272134998464026,0.0,0.014286719990195706,path,1,331199b6bb35fb627510262aef621af33c84307fe36a6ea1dd7d796561b5e3b9,1.7763568394002505e-14
32,495,1,MAC,30.000000000000004,1.4103003195486963e-05,0.014163587999064475,0.0,0.014177691002259962,path,1,331199b6bb35fb627510262aef621af33c84307fe36a6ea1dd7d796561b5e3b9,1.7763568394002505e-14
32,495,1,BB-RL,29.999999999999993,0.0009348349994979799,0.011388928993255831,3.0130031518638134e-06,0.012326776995905675,envelope,1,a87ab05d26872c1378c8712710bd8c819f82f4976350f03162820f772057f525,7.105427357601002e-15
32,495,2,BB-RL,29.999999999999993,0.0009003919985843822,0.011353798006894067,2.7859932743012905e-06,0.01225697599875275,envelope,1,a87ab05d26872c1378c8712710bd8c819f82f4976350f03162820f772057f525,7.105427357601002e-15
32,495,2,MAC,30.000000000000004,1.4685996575281024e-05,0.014122535998467356,0.0,0.014137221995042637,path,1,331199b6bb35fb627510262aef621af33c84307fe36a6ea1dd7d796561b5e3b9,1.7763568394002505e-14
32,495,3,MAC,30.000000000000004,1.4200995792634785e-05,0.014182635000906885,0.0,0.01419683599669952,path,1,331199b6bb35fb627510262aef621af33c84307fe36a6ea1dd7d796561b5e3b9,1.7763568394002505e-14
32,495,3,BB-RL,29.999999999999993,0.0010303779999958351,0.011357420997228473,2.9070070013403893e-06,0.012390706004225649,envelope,1,a87ab05d26872c1378c8712710bd8c819f82f4976350f03162820f772057f525,7.105427357601002e-15
32,495,4,BB-RL,29.999999999999993,0.0009871359943645075,0.011350116998073645,2.939996193163097e-06,0.012340192988631316,envelope,1,a87ab05d26872c1378c8712710bd8c819f82f4976350f03162820f772057f525,7.105427357601002e-15
32,495,4,MAC,30.000000000000004,1.4852994354441762e-05,0.014230660002795048,0.0,0.01424551299714949,path,1,331199b6bb35fb627510262aef621af33c84307fe36a6ea1dd7d796561b5e3b9,1.7763568394002505e-14
64,64,0,MAC,0.0094470284782384,2.473600034136325e-05,0.044763665995560586,0.0,0.04478840199590195,path,1,e5ccbe784e28c5585d8bffe8cc9073aca26dc95109c06fad1d68a1c11636352e,3.8337388819087437e-16
64,64,0,BB-RL,1.0,0.00033189900568686426,0.0030964269972173497,2.8939975891262293e-06,0.00343122000049334,envelope,1,4395f76eb010f593babd3bca0568be3cd5e6fe90ac872bd1da5590220a368813,3.219646771412954e-15
64,64,1,BB-RL,1.0,0.00033151199750136584,0.0030874079966451973,2.8790091164410114e-06,0.003421799003263004,envelope,1,4395f76eb010f593babd3bca0568be3cd5e6fe90ac872bd1da5590220a368813,3.219646771412954e-15
64,64,1,MAC,0.0094470284782384,2.5229004677385092e-05,0.044783584991819225,0.0,0.04480881399649661,path,1,e5ccbe784e28c5585d8bffe8cc9073aca26dc95109c06fad1d68a1c11636352e,3.8337388819087437e-16
64,64,2,MAC,0.0094470284782384,2.428299922030419e-05,0.04481089100590907,0.0,0.044835174005129375,path,1,e5ccbe784e28c5585d8bffe8cc9073aca26dc95109c06fad1d68a1c11636352e,3.8337388819087437e-16
64,64,2,BB-RL,1.0,0.0003360999980941415,0.0030946670012781397,2.878005034290254e-06,0.0034336450044065714,envelope,1,4395f76eb010f593babd3bca0568be3cd5e6fe90ac872bd1da5590220a368813,3.219646771412954e-15
64,64,3,BB-RL,1.0,0.0004027639952255413,0.003119865999906324,2.9810034902766347e-06,0.0035256109986221418,envelope,1,4395f76eb010f593babd3bca0568be3cd5e6fe90ac872bd1da5590220a368813,3.219646771412954e-15
64,64,3,MAC,0.0094470284782384,2.4865003069862723e-05,0.04478730600385461,0.0,0.04481217100692447,path,1,e5ccbe784e28c5585d8bffe8cc9073aca26dc95109c06fad1d68a1c11636352e,3.8337388819087437e-16
64,64,4,MAC,0.0094470284782384,2.4249995476566255e-05,0.04472484999860171,0.0,0.04474909999407828,path,1,e5ccbe784e28c5585d8bffe8cc9073aca26dc95109c06fad1d68a1c11636352e,3.8337388819087437e-16
64,64,4,BB-RL,1.0,0.0003318450035294518,0.003147665993310511,2.8670037863776088e-06,0.0034823780006263405,envelope,1,4395f76eb010f593babd3bca0568be3cd5e6fe90ac872bd1da5590220a368813,3.219646771412954e-15
64,84,0,MAC,0.0747749832205434,2.4868000764399767e-05,0.04627828599768691,0.0,0.04630315399845131,path,1,c92aa3b21049e79a4d82d3f067eb6e57afa05ccc9681a5e379d4f61ddd6f4286,1.2351231148954867e-15
64,84,0,BB-RL,0.9999999999999994,0.0003384830051800236,0.019779508002102375,2.8840004233643413e-06,0.020120875007705763,envelope,1,25b2849ce2ca5d5b22d056990798b07e3b6698cb1ce8093d33bf1d9346ba788d,4.773959005888173e-15
64,84,1,BB-RL,0.9999999999999994,0.000396223011193797,0.019773655993049033,2.7909991331398487e-06,0.02017267000337597,envelope,1,25b2849ce2ca5d5b22d056990798b07e3b6698cb1ce8093d33bf1d9346ba788d,4.773959005888173e-15
64,84,1,MAC,0.0747749832205434,2.498799585737288e-05,0.04639308400510345,0.0,0.04641807200096082,path,1,c92aa3b21049e79a4d82d3f067eb6e57afa05ccc9681a5e379d4f61ddd6f4286,1.2351231148954867e-15
64,84,2,MAC,0.0747749832205434,2.4652996216900647e-05,0.04614309000317007,0.0,0.046167742999386974,path,1,c92aa3b21049e79a4d82d3f067eb6e57afa05ccc9681a5e379d4f61ddd6f4286,1.2351231148954867e-15
64,84,2,BB-RL,0.9999999999999994,0.00033258400799240917,0.01978846099518705,2.9719958547502756e-06,0.02012401699903421,envelope,1,25b2849ce2ca5d5b22d056990798b07e3b6698cb1ce8093d33bf1d9346ba788d,4.773959005888173e-15
64,84,3,BB-RL,0.9999999999999994,0.0003363739961059764,0.019834095990518108,2.8909998945891857e-06,0.020173360986518674,envelope,1,25b2849ce2ca5d5b22d056990798b07e3b6698cb1ce8093d33bf1d9346ba788d,4.773959005888173e-15
64,84,3,MAC,0.0747749832205434,2.4841996491886675e-05,0.04633645000285469,0.0,0.04636129199934658,path,1,c92aa3b21049e79a4d82d3f067eb6e57afa05ccc9681a5e379d4f61ddd6f4286,1.2351231148954867e-15
64,84,4,MAC,0.0747749832205434,2.4747001589275897e-05,0.0462656559975585,0.0,0.04629040299914777,path,1,c92aa3b21049e79a4d82d3f067eb6e57afa05ccc9681a5e379d4f61ddd6f4286,1.2351231148954867e-15
64,84,4,BB-RL,0.9999999999999994,0.0003327970043756068,0.0198524110019207,2.8579961508512497e-06,0.020188066002447158,envelope,1,25b2849ce2ca5d5b22d056990798b07e3b6698cb1ce8093d33bf1d9346ba788d,4.773959005888173e-15
64,103,0,BB-RL,1.0000000000000002,0.0004131540044909343,0.03562340400821995,2.772998414002359e-06,0.03603933101112489,envelope,1,d4ca35d085971468d0254f2968de40b001846fd3da55ab6c2f134dedad3b4766,1.6653345369377348e-15
64,103,0,MAC,0.13964448167977705,2.4343986297026277e-05,0.04625661100726575,0.0,0.04628095499356277,path,1,8cc2238178ef702fa0fe39e0f6b10d84b0968f8dcc46a6641786e25c7344565b,1.27675647831893e-15
64,103,1,MAC,0.13964448167977705,2.4470995413139462e-05,0.046278923997306265,0.0,0.046303394992719404,path,1,8cc2238178ef702fa0fe39e0f6b10d84b0968f8dcc46a6641786e25c7344565b,1.27675647831893e-15
64,103,1,BB-RL,1.0000000000000002,0.0003422209993004799,0.03566082900215406,2.788001438602805e-06,0.03600583800289314,envelope,1,d4ca35d085971468d0254f2968de40b001846fd3da55ab6c2f134dedad3b4766,1.6653345369377348e-15
64,103,2,BB-RL,1.0000000000000002,0.0003338109963806346,0.035466859000734985,2.8890062822028995e-06,0.03580355900339782,envelope,1,d4ca35d085971468d0254f2968de40b001846fd3da55ab6c2f134dedad3b4766,1.6653345369377348e-15
64,103,2,MAC,0.13964448167977705,2.4677006877027452e-05,0.046347925992449746,0.0,0.04637260299932677,path,1,8cc2238178ef702fa0fe39e0f6b10d84b0968f8dcc46a6641786e25c7344565b,1.27675647831893e-15
64,103,3,MAC,0.13964448167977705,2.448599843773991e-05,0.0462837369996123,0.0,0.04630822299805004,path,1,8cc2238178ef702fa0fe39e0f6b10d84b0968f8dcc46a6641786e25c7344565b,1.27675647831893e-15
64,103,3,BB-RL,1.0000000000000002,0.00040082000487018377,0.03557453599933069,2.782995579764247e-06,0.03597813899978064,envelope,1,d4ca35d085971468d0254f2968de40b001846fd3da55ab6c2f134dedad3b4766,1.6653345369377348e-15
64,103,4,BB-RL,1.0000000000000002,0.0003351880004629493,0.0355360789981205,2.986998879350722e-06,0.0358742539974628,envelope,1,d4ca35d085971468d0254f2968de40b001846fd3da55ab6c2f134dedad3b4766,1.6653345369377348e-15
64,103,4,MAC,0.13964448167977705,2.5109999114647508e-05,0.04627496599277947,0.0,0.04630007599189412,path,1,8cc2238178ef702fa0fe39e0f6b10d84b0968f8dcc46a6641786e25c7344565b,1.27675647831893e-15
64,123,0,BB-RL,0.9999999999999993,0.000332141004037112,0.05223407100129407,2.982997102662921e-06,0.052569195002433844,envelope,1,c133a536a9d4ce53bc8fa6592ec043ddc5583d9155b824dd0819a86db54210a1,1.5543122344752192e-15
64,123,0,MAC,0.3215580391634874,2.4774999474175274e-05,0.04641626800002996,0.0,0.046441042999504134,path,1,d86de494ed88294f841d142b399c3b6b7df2b12d2d5af8eca028c0622c151bca,3.3306690738754696e-16
64,123,1,MAC,0.3215580391634874,2.4601002223789692e-05,0.04632148599193897,0.0,0.04634608699416276,path,1,d86de494ed88294f841d142b399c3b6b7df2b12d2d5af8eca028c0622c151bca,3.3306690738754696e-16
64,123,1,BB-RL,0.9999999999999993,0.0003349739999976009,0.05204992300423328,2.910004695877433e-06,0.05238780700892676,envelope,1,c133a536a9d4ce53bc8fa6592ec043ddc5583d9155b824dd0819a86db54210a1,1.5543122344752192e-15
64,123,2,BB-RL,0.9999999999999993,0.0004064860113430768,0.05214796798827592,2.8040085453540087e-06,0.052557258008164354,envelope,1,c133a536a9d4ce53bc8fa6592ec043ddc5583d9155b824dd0819a86db54210a1,1.5543122344752192e-15
64,123,2,MAC,0.3215580391634874,2.5264002033509314e-05,0.04633362499589566,0.0,0.04635888899792917,path,1,d86de494ed88294f841d142b399c3b6b7df2b12d2d5af8eca028c0622c151bca,3.3306690738754696e-16
64,123,3,MAC,0.3215580391634874,2.4295994080603123e-05,0.046214403002522886,0.0,0.04623869899660349,path,1,d86de494ed88294f841d142b399c3b6b7df2b12d2d5af8eca028c0622c151bca,3.3306690738754696e-16
64,123,3,BB-RL,0.9999999999999993,0.00034451999817974865,0.05223550900700502,3.0009978218004107e-06,0.05258303000300657,envelope,1,c133a536a9d4ce53bc8fa6592ec043ddc5583d9155b824dd0819a86db54210a1,1.5543122344752192e-15
64,123,4,BB-RL,0.9999999999999993,0.00033885499578900635,0.052054590996704064,2.9930088203400373e-06,0.05239643900131341,envelope,1,c133a536a9d4ce53bc8fa6592ec043ddc5583d9155b824dd0819a86db54210a1,1.5543122344752192e-15
64,123,4,MAC,0.3215580391634874,2.4912005756050348e-05,0.0462868949980475,0.0,0.04631180700380355,path,1,d86de494ed88294f841d142b399c3b6b7df2b12d2d5af8eca028c0622c151bca,3.3306690738754696e-16
64,143,0,BB-RL,1.9999999999999933,0.0005043080018367618,0.018081554997479543,2.925007720477879e-06,0.018588788007036783,envelope,1,71ef047e6bac7fc7e32452ab70eae583bf7126e3d8b715c06cddd48c907f17e0,3.552713678800501e-15
64,143,0,MAC,0.5632255560621431,2.4952998501248658e-05,0.04635114899429027,0.0,0.04637610199279152,path,1,c0d66272117c7ce727858a1fca8943c7c17e56a19c4d1c3e56379841d7f32488,2.55351295663786e-15
64,143,1,MAC,0.5632255560621431,2.4766006390564144e-05,0.04628152199438773,0.0,0.046306288000778295,path,1,c0d66272117c7ce727858a1fca8943c7c17e56a19c4d1c3e56379841d7f32488,2.55351295663786e-15
64,143,1,BB-RL,1.9999999999999933,0.00044926299597136676,0.0181089130055625,2.9660004656761885e-06,0.018561142001999542,envelope,1,71ef047e6bac7fc7e32452ab70eae583bf7126e3d8b715c06cddd48c907f17e0,3.552713678800501e-15
64,143,2,BB-RL,1.9999999999999933,0.00045021899859420955,0.018092056008754298,2.9109942261129618e-06,0.01854518600157462,envelope,1,71ef047e6bac7fc7e32452ab70eae583bf7126e3d8b715c06cddd48c907f17e0,3.552713678800501e-15
64,143,2,MAC,0.5632255560621431,3.277900395914912e-05,0.04637202399317175,0.0,0.0464048029971309,path,1,c0d66272117c7ce727858a1fca8943c7c17e56a19c4d1c3e56379841d7f32488,2.55351295663786e-15
64,143,3,MAC,0.5632255560621431,2.4401990231126547e-05,0.04632290200970601,0.0,0.04634730399993714,path,1,c0d66272117c7ce727858a1fca8943c7c17e56a19c4d1c3e56379841d7f32488,2.55351295663786e-15
64,143,3,BB-RL,1.9999999999999933,0.0005051280022598803,0.01813436699740123,2.849992597475648e-06,0.018642344992258586,envelope,1,71ef047e6bac7fc7e32452ab70eae583bf7126e3d8b715c06cddd48c907f17e0,3.552713678800501e-15
64,143,4,BB-RL,1.9999999999999933,0.00044170899491291493,0.018137211998691782,2.9220100259408355e-06,0.018581843003630638,envelope,1,71ef047e6bac7fc7e32452ab70eae583bf7126e3d8b715c06cddd48c907f17e0,3.552713678800501e-15
64,143,4,MAC,0.5632255560621431,2.4864988517947495e-05,0.046385220004594885,0.0,0.04641008499311283,path,1,c0d66272117c7ce727858a1fca8943c7c17e56a19c4d1c3e56379841d7f32488,2.55351295663786e-15
64,163,0,BB-RL,1.9999999999999933,0.006303011003183201,0.039800515995011665,3.872002707794309e-06,0.04610739900090266,envelope,2,a3cfa19695d4fff05322b09156308bc933d1abc22b5c25a0c89897f70fba3119,3.774758283725532e-15
64,163,0,MAC,0.7842513504403192,2.4307999410666525e-05,0.046361158005311154,0.0,0.04638546600472182,path,1,3ef48e5547ee0a48ffb40c0f047c0e043b8475036d39e433e48cc8b46bef1d8f,3.219646771412954e-15
64,163,1,MAC,0.7842513504403192,2.4048000341281295e-05,0.04632207099348307,0.0,0.04634611899382435,path,1,3ef48e5547ee0a48ffb40c0f047c0e043b8475036d39e433e48cc8b46bef1d8f,3.219646771412954e-15
64,163,1,BB-RL,1.9999999999999933,0.005983640992781147,0.03973520299769007,3.6279961932450533e-06,0.04572247198666446,envelope,2,a3cfa19695d4fff05322b09156308bc933d1abc22b5c25a0c89897f70fba3119,1.9984014443252818e-15
64,163,2,BB-RL,1.9999999999999933,0.005954074003966525,0.03974773400113918,3.7449935916811228e-06,0.045705552998697385,envelope,2,a3cfa19695d4fff05322b09156308bc933d1abc22b5c25a0c89897f70fba3119,2.886579864025407e-15
64,163,2,MAC,0.7842513504403192,2.466999285388738e-05,0.046391352007049136,0.0,0.04641602199990302,path,1,3ef48e5547ee0a48ffb40c0f047c0e043b8475036d39e433e48cc8b46bef1d8f,3.219646771412954e-15
64,163,3,MAC,0.7842513504403192,2.4491004296578467e-05,0.04632443399168551,0.0,0.04634892499598209,path,1,3ef48e5547ee0a48ffb40c0f047c0e043b8475036d39e433e48cc8b46bef1d8f,3.219646771412954e-15
64,163,3,BB-RL,1.9999999999999933,0.005867546002264135,0.03978902999369893,3.6560086300596595e-06,0.045660232004593126,envelope,2,a3cfa19695d4fff05322b09156308bc933d1abc22b5c25a0c89897f70fba3119,2.886579864025407e-15
64,163,4,BB-RL,1.9999999999999933,0.006082188003347255,0.0399005049985135,3.6849960451945662e-06,0.04598637799790595,envelope,2,a3cfa19695d4fff05322b09156308bc933d1abc22b5c25a0c89897f70fba3119,5.329070518200751e-15
64,163,4,MAC,0.7842513504403192,2.4492008378729224e-05,0.046407376998104155,0.0,0.046431869006482884,path,1,3ef48e5547ee0a48ffb40c0f047c0e043b8475036d39e433e48cc8b46bef1d8f,3.219646771412954e-15
64,182,0,MAC,0.35462168994850274,2.4284992832690477e-05,0.04651247900619637,0.0,0.04653676399902906,path,1,4043f2617a8a2858bc6dbafadd979e4d9d369253f19862a90c2672b814b56bfb,1.0547118733938987e-15
64,182,0,BB-RL,1.9999999999999933,0.005968554993160069,0.07162274300935678,3.7279969546943903e-06,0.07759502599947155,envelope,2,273b1179f9651d3ec98a0c1ab2dad100904df7eef2682c911a544183d9546c44,8.215650382226158e-15
64,182,1,BB-RL,1.9999999999999933,0.0059920060011791065,0.07145596899499651,3.829001798294485e-06,0.07745180399797391,envelope,2,273b1179f9651d3ec98a0c1ab2dad100904df7eef2682c911a544183d9546c44,3.3306690738754696e-15
64,182,1,MAC,0.35462168994850274,2.4813998606987298e-05,0.047060438999324106,0.0,0.04708525299793109,path,1,4043f2617a8a2858bc6dbafadd979e4d9d369253f19862a90c2672b814b56bfb,1.0547118733938987e-15
64,182,2,MAC,0.35462168994850274,2.4481996661052108e-05,0.0470454040041659,0.0,0.047069886000826955,path,1,4043f2617a8a2858bc6dbafadd979e4d9d369253f19862a90c2672b814b56bfb,1.0547118733938987e-15
64,182,2,BB-RL,1.9999999999999933,0.005895738009712659,0.07169390899071004,3.81701102014631e-06,0.07759346401144285,envelope,2,273b1179f9651d3ec98a0c1ab2dad100904df7eef2682c911a544183d9546c44,3.3306690738754696e-15
64,182,3,BB-RL,1.9999999999999933,0.005931043007876724,0.0715350300015416,3.7279969546943903e-06,0.07746980100637302,envelope,2,273b1179f9651d3ec98a0c1ab2dad100904df7eef2682c911a544183d9546c44,1.2212453270876722e-14
64,182,3,MAC,0.35462168994850274,2.4748995201662183e-05,0.04649853499722667,0.0,0.04652328399242833,path,1,4043f2617a8a2858bc6dbafadd979e4d9d369253f19862a90c2672b814b56bfb,1.0547118733938987e-15
64,182,4,MAC,0.35462168994850274,2.4424007278867066e-05,0.04644565600028727,0.0,0.04647008000756614,path,1,4043f2617a8a2858bc6dbafadd979e4d9d369253f19862a90c2672b814b56bfb,1.0547118733938987e-15
64,182,4,BB-RL,1.9999999999999933,0.006011792007484473,0.07157982999342494,3.6800047382712364e-06,0.07759530200564768,envelope,2,273b1179f9651d3ec98a0c1ab2dad100904df7eef2682c911a544183d9546c44,3.3306690738754696e-15
64,202,0,MAC,0.9795096050723342,2.4954002583399415e-05,0.04638276499463245,0.0,0.04640771899721585,path,1,51dbb9de5c27c99691829e66ffdbb4394c56b5fdd9fe00c25395e895e6bcb756,3.3306690738754696e-15
64,202,0,BB-RL,3.205787135384856,0.006176393988425843,0.02913369200541638,3.7279969546943903e-06,0.035313813990796916,cayley,2,e50ae73556f00666697a50d6f7ddb2732268e1956de3ee2d48899bba7da29c26,3.1086244689504383e-15
64,202,1,BB-RL,3.222040948491366,0.006252942999708466,0.029164815990952775,3.788998583331704e-06,0.03542154798924457,cayley,2,013a1cc0b853c3efbf36e8137d9f35be3b2586b60c26a0f04c20e6af60e6039d,7.993605777301127e-15
64,202,1,MAC,0.9795096050723342,2.4882989237084985e-05,0.04657357800169848,0.0,0.046598460990935564,path,1,51dbb9de5c27c99691829e66ffdbb4394c56b5fdd9fe00c25395e895e6bcb756,3.3306690738754696e-15
64,202,2,MAC,0.9795096050723342,2.469999890308827e-05,0.04633653399650939,0.0,0.046361233995412476,path,1,51dbb9de5c27c99691829e66ffdbb4394c56b5fdd9fe00c25395e895e6bcb756,3.3306690738754696e-15
64,202,2,BB-RL,3.238790595285819,0.006230514001799747,0.02905589499277994,3.663008101284504e-06,0.03529007200268097,cayley,2,26d61c33198b4fd4067c85f2623db8ea8022148a19b3e2088870aa17092ae061,1.3322676295501878e-15
64,202,3,BB-RL,3.1816463910267387,0.0062653269997099414,0.02903860500373412,3.6050041671842337e-06,0.035307537007611245,cayley,2,a9018d50708ab96d9ce1ddaeff50dc170e14bb5c0f6d72eaf2f5530231ba8579,3.1086244689504383e-15
64,202,3,MAC,0.9795096050723342,3.219599602743983e-05,0.04637368499243166,0.0,0.0464058809884591,path,1,51dbb9de5c27c99691829e66ffdbb4394c56b5fdd9fe00c25395e895e6bcb756,3.3306690738754696e-15
64,202,4,MAC,0.9795096050723342,2.453499473631382e-05,0.046334106009453535,0.0,0.04635864100418985,path,1,51dbb9de5c27c99691829e66ffdbb4394c56b5fdd9fe00c25395e895e6bcb756,3.3306690738754696e-15
64,202,4,BB-RL,3.222040948491366,0.006464178004534915,0.029147495995857753,3.7239951780065894e-06,0.035615397995570675,cayley,2,abc6e5f2ab5a6a616d08094deff197f63e711aa5d2f2a200c839215b278f99d7,2.6645352591003757e-15
64,222,0,MAC,0.45413746370195884,2.4837994715198874e-05,0.04664466499525588,0.0,0.04666950298997108,path,1,04a1ec6f47fdf3767b5516c5937cbae71854ab19b6c081a1db72e8f3a9cc4775,3.3861802251067274e-15
64,222,0,BB-RL,3.3156319814973063,0.006109173991717398,0.06253531700349413,3.7610006984323263e-06,0.06864825199590996,cayley,2,ff709c559f66892f45ea0fab198424d51b55daec53b6cb792091ff8d7ef5ffe5,1.021405182655144e-14
64,222,1,BB-RL,3.303485218062172,0.006188607003423385,0.06243135799013544,3.6700075725093484e-06,0.06862363500113133,cayley,2,d638295854a26ddfa41561737e503279dd37345d46356604098028336dc0eb21,1.021405182655144e-14
64,222,1,MAC,0.45413746370195884,2.4604989448562264e-05,0.046669293005834334,0.0,0.046693897995282896,path,1,04a1ec6f47fdf3767b5516c5937cbae71854ab19b6c081a1db72e8f3a9cc4775,3.3861802251067274e-15
64,222,2,MAC,0.45413746370195884,2.458499511703849e-05,0.04649220699502621,0.0,0.04651679199014325,path,1,04a1ec6f47fdf3767b5516c5937cbae71854ab19b6c081a1db72e8f3a9cc4775,3.3861802251067274e-15
64,222,2,BB-RL,3.3603854162887083,0.006113071998697706,0.06253131700213999,3.908004146069288e-06,0.06864829700498376,cayley,2,d65b3f069ddff63854431edfc53663885e5074cbf38b48ec43f02a8a15b688ae,1.021405182655144e-14
64,222,3,BB-RL,3.325853023646905,0.00617646898899693,0.06247246899874881,3.883003955706954e-06,0.06865282099170145,cayley,2,3f413f8700c378c5a3e87b080dc053aa1418c0dacd065a97b1f2fba3fa0419a1,1.021405182655144e-14
64,222,3,MAC,0.45413746370195884,2.5276007363572717e-05,0.04661680899152998,0.0,0.04664208499889355,path,1,04a1ec6f47fdf3767b5516c5937cbae71854ab19b6c081a1db72e8f3a9cc4775,3.3861802251067274e-15
64,222,4,MAC,0.45413746370195884,2.4465000024065375e-05,0.046489735002978705,0.0,0.04651420000300277,path,1,04a1ec6f47fdf3767b5516c5937cbae71854ab19b6c081a1db72e8f3a9cc4775,3.3861802251067274e-15
64,222,4,BB-RL,3.303485218062174,0.006177664006827399,0.06262441498984117,3.6709971027448773e-06,0.06880574999377131,cayley,2,f9e14f7c1bd011feafc4a1a6f7140f73e1298617909766c8d1e4c9e734c12ae1,1.021405182655144e-14
64,241,0,BB-RL,4.000000000000002,0.006688263994874433,0.02005588699830696,3.649998689070344e-06,0.026747800991870463,envelope,2,fa3bf8044ecdaa26c255a9fe69e4f53117796c04d5cce4efd3c40310d3e004de,3.108624468950438e-14
64,241,0,MAC,0.7184975482145357,2.479899558238685e-05,0.046458115000859834,0.0,0.04648291399644222,path,1,3313e3882af95fa3767ea0c92e754c8a91564c4a0200b4c10262e1efa539081c,2.4424906541753444e-15
64,241,1,MAC,0.7184975482145357,2.4459994165226817e-05,0.04643295001005754,0.0,0.046457410004222766,path,1,3313e3882af95fa3767ea0c92e754c8a91564c4a0200b4c10262e1efa539081c,2.4424906541753444e-15
64,241,1,BB-RL,4.000000000000002,0.006827612000051886,0.020024420009576716,3.6349956644698977e-06,0.02685566700529307,envelope,2,fa3bf8044ecdaa26c255a9fe69e4f53117796c04d5cce4efd3c40310d3e004de,3.108624468950438e-14
64,241,2,BB-RL,4.000000000000002,0.0068084509985055774,0.02007622699602507,3.850000211969018e-06,0.026888527994742617,envelope,2,fa3bf8044ecdaa26c255a9fe69e4f53117796c04d5cce4efd3c40310d3e004de,3.108624468950438e-14
64,241,2,MAC,0.7184975482145357,2.486200537532568e-05,0.04647665499942377,0.0,0.0465015170047991,path,1,3313e3882af95fa3767ea0c92e754c8a91564c4a0200b4c10262e1efa539081c,2.4424906541753444e-15
64,241,3,MAC,0.7184975482145357,2.4383989511989057e-05,0.04660931500256993,0.0,0.04663369899208192,path,1,3313e3882af95fa3767ea0c92e754c8a91564c4a0200b4c10262e1efa539081c,2.4424906541753444e-15
64,241,3,BB-RL,4.000000000000002,0.006806525008869357,0.020057896996149793,3.783992724493146e-06,0.026868205997743644,envelope,2,fa3bf8044ecdaa26c255a9fe69e4f53117796c04d5cce4efd3c40310d3e004de,3.108624468950438e-14
64,241,4,BB-RL,4.000000000000002,0.006852878010249697,0.020081256996490993,3.815002855844796e-06,0.026937950009596534,envelope,2,fa3bf8044ecdaa26c255a9fe69e4f53117796c04d5cce4efd3c40310d3e004de,3.108624468950438e-14
64,241,4,MAC,0.7184975482145357,2.480400144122541e-05,0.046596016007242724,0.0,0.04662082000868395,path,1,3313e3882af95fa3767ea0c92e754c8a91564c4a0200b4c10262e1efa539081c,2.4424906541753444e-15
64,261,0,BB-RL,4.168791800889391,0.006162635996588506,0.006868413998745382,2.8850045055150986e-06,0.013033934999839403,cayley,1,592781f5ae03394c4ed3e47b4c4150d264a629ab1582ddd722e66a05b348383b,6.217248937900877e-15
64,261,0,MAC,0.938382195432552,2.498399408068508e-05,0.046363567002117634,0.0,0.04638855099619832,path,1,1da52922e542cd5dc4024f6a5db12a888ff53ba23c569aadc012c3d3e5800e62,9.992007221626409e-16
64,261,1,MAC,0.938382195432552,2.492900239303708e-05,0.04645770401111804,0.0,0.04648263301351108,path,1,1da52922e542cd5dc4024f6a5db12a888ff53ba23c569aadc012c3d3e5800e62,9.992007221626409e-16
64,261,1,BB-RL,3.9999999999999982,0.006518847003462724,0.0069433400058187544,2.8700014809146523e-06,0.013465057010762393,cayley,1,a675dcc005680ff1aa90605f04e22a9a7c129852a8bfd0f9956630eac586f80f,1.7763568394002505e-15
64,261,2,BB-RL,4.070829818674255,0.0061367529997369274,0.006824983996921219,2.9990042094141245e-06,0.01296473600086756,cayley,1,c992de50c7365b156674e1970cdcfae98e9f537e611eba1a8391462e16905671,1.7763568394002505e-15
64,261,2,MAC,0.938382195432552,2.4927998310886323e-05,0.04642750399943907,0.0,0.046452431997749954,path,1,1da52922e542cd5dc4024f6a5db12a888ff53ba23c569aadc012c3d3e5800e62,9.992007221626409e-16
64,261,3,MAC,0.938382195432552,2.461599069647491e-05,0.04637209999782499,0.0,0.046396715988521464,path,1,1da52922e542cd5dc4024f6a5db12a888ff53ba23c569aadc012c3d3e5800e62,9.992007221626409e-16
64,261,3,BB-RL,4.107484433484233,0.0062301319994730875,0.006805925004300661,2.921005943790078e-06,0.013038978009717539,cayley,1,e54b5bdb67024f0952a7bc75e40308cf18c285a778c4829439d46e33c7805742,8.881784197001252e-16
64,261,4,BB-RL,4.1096385935092155,0.006147957989014685,0.006821774004492909,3.0600058380514383e-06,0.012972791999345645,cayley,1,ee43700c6a0e904254d082e7a0a91ae414c12d8cdc490f455298a6004f5a5058,2.6645352591003757e-15
64,261,4,MAC,0.938382195432552,2.484800643287599e-05,0.046420726997894235,0.0,0.04644557500432711,path,1,1da52922e542cd5dc4024f6a5db12a888ff53ba23c569aadc012c3d3e5800e62,9.992007221626409e-16
64,281,0,BB-RL,4.439100056138361,0.0062749310018261895,0.023691533991950564,2.8850045055150986e-06,0.02996934999828227,cayley,1,ba9d442491509b8417c8221bbd5f066b037335d546127f9e88f28853e463f3ff,3.552713678800501e-15
64,281,0,MAC,0.49226488427302806,2.518999099265784e-05,0.04647336700872984,0.0,0.046498556999722496,path,1,13a9275c806e52ad9c9143c337252cfd12b71b8c848c1ff34c3e2b63cc4e8c29,3.164135620181696e-15
64,281,1,MAC,0.49226488427302806,2.456101356074214e-05,0.046440389996860176,0.0,0.04646495101042092,path,1,13a9275c806e52ad9c9143c337252cfd12b71b8c848c1ff34c3e2b63cc4e8c29,3.164135620181696e-15
64,281,1,BB-RL,4.1108997607241236,0.006151003995910287,0.023741844997857697,2.8970098355785012e-06,0.029895746003603563,cayley,1,b50e898e96384d4b1c04b205a5d01aaf4cfb6528547f0c9970f40b9321ae8eb5,5.329070518200751e-15
64,281,2,BB-RL,4.321927283811412,0.006227642006706446,0.023746402992401272,2.868007868528366e-06,0.029976913006976247,cayley,1,81dfbd612b560d589a0417d89ae0ee6eda5404bd35b993f7d24011d1451c56a2,6.217248937900877e-15
64,281,2,MAC,0.49226488427302806,2.4868000764399767e-05,0.04650065900932532,0.0,0.04652552701008972,path,1,13a9275c806e52ad9c9143c337252cfd12b71b8c848c1ff34c3e2b63cc4e8c29,3.164135620181696e-15
64,281,3,MAC,0.49226488427302806,2.487500023562461e-05,0.04648160398937762,0.0,0.04650647898961324,path,1,13a9275c806e52ad9c9143c337252cfd12b71b8c848c1ff34c3e2b63cc4e8c29,3.164135620181696e-15
64,281,3,BB-RL,4.25790530749441,0.006225655990419909,0.023633346005226485,3.021006705239415e-06,0.029862023002351634,cayley,1,52ed22fc85076a6548fbca18423c1e7eb13c50b9eca61b97ebe995b658290557,1.687538997430238e-14
64,281,4,BB-RL,4.344271760820327,0.0062205669964896515,0.02363989299919922,2.845001290552318e-06,0.029863304996979423,cayley,1,1ac3d9479cc4e7fccc6e7c3dc7a2342242f864889727bd66125c8b66270957d7,4.440892098500626e-15
64,281,4,MAC,0.49226488427302806,2.4130000383593142e-05,0.046488270003465004,0.0,0.0465124000038486,path,1,13a9275c806e52ad9c9143c337252cfd12b71b8c848c1ff34c3e2b63cc4e8c29,3.164135620181696e-15
64,300,0,MAC,0.8472507111693107,2.4524008040316403e-05,0.046675448000314645,0.0,0.04669997200835496,path,1,d611337bac9c8a0907da892abf5a794de4db3ec541ff4cbd18cd38ef7ea96b57,5.329070518200751e-15
64,300,0,BB-RL,5.229415936203321,0.006670596994808875,0.012803598001482897,2.978005795739591e-06,0.01947717300208751,cayley,1,c39d9b95a1061335dcdb5b57ab16cedc429b608d1348c5da4df88fad716251d9,2.6645352591003757e-15
64,300,1,BB-RL,5.118737199483231,0.0066976109956158325,0.01278909100801684,2.8349895728752017e-06,0.019489536993205547,cayley,1,aac6bb81d97c4db84df10a64d527ba7df3c459c89b4bf325c0c9b7c3916cfb9a,8.881784197001252e-16
64,300,1,MAC,0.8472507111693107,2.462499833200127e-05,0.046545826000510715,0.0,0.046570450998842716,path,1,d611337bac9c8a0907da892abf5a794de4db3ec541ff4cbd18cd38ef7ea96b57,5.329070518200751e-15
64,300,2,MAC,0.8472507111693107,2.466099977027625e-05,0.046513787005096674,0.0,0.04653844800486695,path,1,d611337bac9c8a0907da892abf5a794de4db3ec541ff4cbd18cd38ef7ea96b57,5.329070518200751e-15
64,300,2,BB-RL,5.234586137989519,0.0066257179860258475,0.012786178005626425,2.9759976314380765e-06,0.01941487198928371,cayley,1,c9b454c02c38b06007431f12560a5a71eaadb33f3c1c2218faa1a7531690a7ef,5.329070518200751e-15
64,300,3,BB-RL,5.24599087659486,0.006670692004263401,0.012774925999110565,2.97899532597512e-06,0.01944859699869994,cayley,1,f4f5bba1f06c7132e51c1e26934e41f251dce156ccf31da5d7787caf2ed73d0c,7.105427357601002e-15
64,300,3,MAC,0.8472507111693107,2.47590069193393e-05,0.046516549002262764,0.0,0.0465413080091821,path,1,d611337bac9c8a0907da892abf5a794de4db3ec541ff4cbd18cd38ef7ea96b57,5.329070518200751e-15
64,300,4,MAC,0.8472507111693107,2.4599008611403406e-05,0.04648011199606117,0.0,0.04650471100467257,path,1,d611337bac9c8a0907da892abf5a794de4db3ec541ff4cbd18cd38ef7ea96b57,5.329070518200751e-15
64,300,4,BB-RL,5.018326704850518,0.006632677002926357,0.012751403002766892,2.8189970180392265e-06,0.01938689900271129,cayley,1,8a7367839bf4c19acb6486b82263bee0e42de8b78b141be225ed067b61b6bb3c,5.329070518200751e-15
64,320,0,MAC,1.1439344050995355,2.4811000912450254e-05,0.0464807579992339,0.0,0.04650556900014635,path,1,6388c8b2923a56f31c16d4df910075540eafc2dc5890b3e0a966eab21e0ee7b1,1.3322676295501878e-15
64,320,0,BB-RL,6.043125697031508,0.0066989350016228855,0.0004666820022976026,2.829008735716343e-06,0.007168446012656204,cayley,1,23d89c210bb3d9acb26b791500e0be2a8cdfa3f866e75e9d3b5b2ef478ac48f5,7.993605777301127e-15
64,320,1,BB-RL,6.304481869954847,0.006711508001899347,0.000463664997369051,2.877000952139497e-06,0.007178050000220537,cayley,1,5d8793e7aec3abe7dd1df974942a7a10a198a0bdf302da596fb592c3eb57da12,6.217248937900877e-15
64,320,1,MAC,1.1439344050995355,2.450300962664187e-05,0.04642193499603309,0.0,0.04644643800565973,path,1,6388c8b2923a56f31c16d4df910075540eafc2dc5890b3e0a966eab21e0ee7b1,1.3322676295501878e-15
64,320,2,MAC,1.1439344050995355,3.2993004424497485e-05,0.04639580400544219,0.0,0.046428797009866685,path,1,6388c8b2923a56f31c16d4df910075540eafc2dc5890b3e0a966eab21e0ee7b1,1.3322676295501878e-15
64,320,2,BB-RL,6.535898384862234,0.006512138003017753,0.00046393800585065037,2.8289941838011146e-06,0.006978905003052205,cayley,1,10c325a93446235def7833d8e6e52e0593ebba27c625a8c91c334386cae4c405,3.552713678800501e-15
64,320,3,BB-RL,5.999999999999995,0.0067354960046941414,0.00046238399227149785,2.7460046112537384e-06,0.007200626001576893,cayley,1,9e516cddb3732cd1214f2ddd9f9feb34ee7dd82a2612e761c5851d3b316d2c83,8.881784197001252e-16
64,320,3,MAC,1.1439344050995355,2.464799035806209e-05,0.04647503200976644,0.0,0.0464996800001245,path,1,6388c8b2923a56f31c16d4df910075540eafc2dc5890b3e0a966eab21e0ee7b1,1.3322676295501878e-15
64,320,4,MAC,1.1439344050995355,2.4645996745675802e-05,0.04640954700880684,0.0,0.046434193005552515,path,1,6388c8b2923a56f31c16d4df910075540eafc2dc5890b3e0a966eab21e0ee7b1,1.3322676295501878e-15
64,320,4,BB-RL,5.9999999999999964,0.007015777999185957,0.00045593699906021357,2.9040093068033457e-06,0.007474619007552974,cayley,1,867295f8ff9386aa80c9c50b66f290b6fb40d83fa930b138e46baa43cfba81c4,8.881784197001252e-16
64,340,0,MAC,1.4655491092912807,2.4680994101800025e-05,0.046518094997736625,0.0,0.046542775991838425,path,1,503eb394f588c720063b4e452ffb516b8085976d204c1d80242671a0e983b667,7.105427357601002e-15
64,340,0,BB-RL,6.251438775463739,0.006559868008480407,0.019562718996894546,2.8779904823750257e-06,0.026125464995857328,cayley,1,caa23fc9968d1221f95d4a7281b49b156b9cb0af14910726357136210e3285db,0.0
64,340,1,BB-RL,6.40713996043355,0.0066294580028625205,0.01952391699887812,2.864995622076094e-06,0.026156239997362718,cayley,1,58883f2f4ba26f81f7878401f07591c4eb321724a107fdcd2e24d6d2e8bb136d,0.0
64,340,1,MAC,1.4655491092912807,2.474500797688961e-05,0.046639357999083586,0.0,0.046664103007060476,path,1,503eb394f588c720063b4e452ffb516b8085976d204c1d80242671a0e983b667,7.105427357601002e-15
64,340,2,MAC,1.4655491092912807,2.4729000870138407e-05,0.0465567109931726,0.0,0.04658143999404274,path,1,503eb394f588c720063b4e452ffb516b8085976d204c1d80242671a0e983b667,7.105427357601002e-15
64,340,2,BB-RL,6.555590752927802,0.006622538989176974,0.0195221180038061,2.7269998099654913e-06,0.02614738399279304,cayley,1,4d9b6586550373c9b28af18d6a1572588425e04ad691feafead879cd814dd30a,1.7763568394002505e-15
64,340,3,BB-RL,6.211096130344922,0.006634235003730282,0.019614994002040476,2.874992787837982e-06,0.026252103998558596,cayley,1,79c8902535d4276e458a338fe9f5267bb370995bcf86eb3446d4ae54e171f611,0.0
64,340,3,MAC,1.4655491092912807,2.5434012059122324e-05,0.04655766999348998,0.0,0.0465831040055491,path,1,503eb394f588c720063b4e452ffb516b8085976d204c1d80242671a0e983b667,7.105427357601002e-15
64,340,4,MAC,1.4655491092912807,2.4528999347239733e-05,0.046541952004190534,0.0,0.046566481003537774,path,1,503eb394f588c720063b4e452ffb516b8085976d204c1d80242671a0e983b667,7.105427357601002e-15
64,340,4,BB-RL,6.218920605542448,0.006698230994516052,0.019625875997007824,2.91600008495152e-06,0.02632702299160883,cayley,1,af2ed10aa2853f0cdc35ea200d654e63bcd943b1fe144f88115f3786c491ff93,6.217248937900877e-15
64,360,0,MAC,1.5779861664951778,2.4905995815061033e-05,0.04663011799857486,0.0,0.04665502399438992,path,1,633fd21097b1f1727ecf644629ef5296c415e674ca569a21ac0f4aec9981ab5b,4.440892098500626e-15
64,360,0,BB-RL,7.209059018884832,0.007030765991657972,0.009491340999375097,2.8550130082294345e-06,0.0165249620040413,cayley,1,b50e88a220d6dc023d097d931c2946ba18efad16e6d539e38a0e3e006969c4ce,1.7763568394002505e-15
64,360,1,BB-RL,7.133242193967484,0.007066292004310526,0.009529128001304343,2.877000952139497e-06,0.01659829700656701,cayley,1,8f3f934f8a6c2fe071bf3cb72961b8840d30cbfaa11092ca2942699dc6a6bd3e,8.881784197001252e-16
64,360,1,MAC,1.5779861664951778,2.527900505810976e-05,0.046946692003984936,0.0,0.046971971009043045,path,1,633fd21097b1f1727ecf644629ef5296c415e674ca569a21ac0f4aec9981ab5b,4.440892098500626e-15
64,360,2,MAC,1.5779861664951778,2.4173990823328495e-05,0.04691491401172243,0.0,0.04693908800254576,path,1,633fd21097b1f1727ecf644629ef5296c415e674ca569a21ac0f4aec9981ab5b,4.440892098500626e-15
64,360,2,BB-RL,6.996483335538552,0.006970283997361548,0.009570547001203522,2.9910006560385227e-06,0.01654382199922111,cayley,1,a0bc98792b51221584e85132c5c33f08efc30b418eb6d8492b9dc5e79d522007,5.329070518200751e-15
64,360,3,BB-RL,7.172456140109753,0.007120602997019887,0.009504147004918195,2.8949871193617582e-06,0.016627644989057444,cayley,1,888632c6c1f4ddbde8d8de819caffe8cbd55b3b8e8662c45fe28da6a5d08d4cb,1.7763568394002505e-15
64,360,3,MAC,1.5779861664951778,2.4459994165226817e-05,0.046705017011845484,0.0,0.04672947700601071,path,1,633fd21097b1f1727ecf644629ef5296c415e674ca569a21ac0f4aec9981ab5b,4.440892098500626e-15
64,360,4,MAC,1.5779861664951778,2.4720997316762805e-05,0.046646476999740116,0.0,0.04667119799705688,path,1,633fd21097b1f1727ecf644629ef5296c415e674ca569a21ac0f4aec9981ab5b,4.440892098500626e-15
64,360,4,BB-RL,6.996483335538552,0.007057373004499823,0.009569602989358827,2.92900949716568e-06,0.016629905003355816,cayley,1,9cfa3ffac80af9af3288171f9b085ddd04519c688da531d3223d7406a55cdeb4,3.552713678800501e-15
64,379,0,BB-RL,7.360971964593229,0.006977780009037815,0.02536768799473066,2.8570066206157207e-06,0.03234832501038909,cayley,1,9a4e128a95b7f9ad00b81014646472fae67290e2c64496193dbac26a7c5a435f,1.7763568394002505e-15
64,379,0,MAC,2.404958384064452,2.503699215594679e-05,0.0465922489966033,0.0,0.04661728598875925,path,1,959d798e7a46d11c51875b41b4925ce24845612e9e51284196f62a3a5812b1fe,1.4654943925052066e-14
64,379,1,MAC,2.404958384064452,2.4460998247377574e-05,0.04660105099901557,0.0,0.04662551199726295,path,1,959d798e7a46d11c51875b41b4925ce24845612e9e51284196f62a3a5812b1fe,1.4654943925052066e-14
64,379,1,BB-RL,7.213551474091994,0.007085181001457386,0.02546304500719998,2.89799936581403e-06,0.03255112400802318,cayley,1,a2305d3017fe20f45136eb99a6d7e07a6b9bab06e79f8d144b222253cfd57566,3.552713678800501e-15
64,379,2,BB-RL,7.186713035613563,0.0070136870053829625,0.025460719989496283,2.943997969850898e-06,0.0324773509928491,cayley,1,cb59e8c315de7912f11d19731dcf1cc053f1fe459945ee289cb8b1344c07b591,4.440892098500626e-15
64,379,2,MAC,2.404958384064452,2.4626002414152026e-05,0.046587146003730595,0.0,0.04661177200614475,path,1,959d798e7a46d11c51875b41b4925ce24845612e9e51284196f62a3a5812b1fe,1.4654943925052066e-14
64,379,3,MAC,2.404958384064452,2.4967986973933876e-05,0.046529690007446334,0.0,0.04655465799442027,path,1,959d798e7a46d11c51875b41b4925ce24845612e9e51284196f62a3a5812b1fe,1.4654943925052066e-14
64,379,3,BB-RL,7.295051661930779,0.007005626990576275,0.025431124013266526,2.859000233002007e-06,0.0324396100040758,cayley,1,47054b73b9660888a7912d38bdc8d43ea6883a40ccf2ac418572251e2f1512f5,3.552713678800501e-15
64,379,4,BB-RL,7.154636413629908,0.007039620992145501,0.025495392008451745,2.753004082478583e-06,0.032537766004679725,cayley,1,0f76d8afa1b41c42786c0bc356080a87324f05e266521fea284510028e06d5bf,2.6645352591003757e-15
64,379,4,MAC,2.404958384064452,2.4986002244986594e-05,0.047331473004305735,0.0,0.04735645900655072,path,1,959d798e7a46d11c51875b41b4925ce24845612e9e51284196f62a3a5812b1fe,1.4654943925052066e-14
64,399,0,BB-RL,8.311211999419305,0.0070720529911341146,0.015443067997694016,3.0260125640779734e-06,0.022518147001392208,cayley,1,ff0b806a14b999a75923295003ce94c19809127fec4b426b940a4092b8b73ec4,7.105427357601002e-15
64,399,0,MAC,3.178104942918141,2.4859997211024165e-05,0.046446078005828895,0.0,0.04647093800303992,path,1,2ffe7ac3d96e7360e5a1d866213b049788cbfa1dedb249bf00b2602ac116b254,4.440892098500626e-15
64,399,1,MAC,3.178104942918141,2.535100793465972e-05,0.04644924199965317,0.0,0.04647459300758783,path,1,2ffe7ac3d96e7360e5a1d866213b049788cbfa1dedb249bf00b2602ac116b254,4.440892098500626e-15
64,399,1,BB-RL,8.284456899540666,0.0073727520066313446,0.015382778001367114,2.859989763237536e-06,0.022758389997761697,cayley,1,f1779738b6e224509850b77fc95389ca83c25b903c46280dc93406e1816c8037,0.0
64,399,2,BB-RL,8.373307566615427,0.00693159899674356,0.01542228099424392,2.976012183353305e-06,0.022356856003170833,cayley,1,1d2b4d4150ae775e7f6ba522fb18e9e8bb43ca35b56779b2d6897a02fb893a72,3.552713678800501e-15
64,399,2,MAC,3.178104942918141,2.521199348848313e-05,0.04640983599529136,0.0,0.04643504798877984,path,1,2ffe7ac3d96e7360e5a1d866213b049788cbfa1dedb249bf00b2602ac116b254,4.440892098500626e-15
64,399,3,MAC,3.178104942918141,2.4608001695014536e-05,0.04642689299362246,0.0,0.046451500995317474,path,1,2ffe7ac3d96e7360e5a1d866213b049788cbfa1dedb249bf00b2602ac116b254,4.440892098500626e-15
64,399,3,BB-RL,8.345240117314098,0.007059145005769096,0.015462679002666846,2.920001861639321e-06,0.02252474401029758,cayley,1,713bf644eccb4da08363993164259248a54cd5cfe4f34e6216a131b0b808a906,1.7763568394002505e-15
64,399,4,BB-RL,8.071107287633613,0.00698033299704548,0.015414489011163823,2.888002200052142e-06,0.022397710010409355,cayley,1,4a0c29df54e385a4e7459b7e383b8e7eb3a2f1600dbed2889d5757babe8b84d5,5.329070518200751e-15
64,399,4,MAC,3.178104942918141,3.373099025338888e-05,0.046510133004630916,0.0,0.046543863994884305,path,1,2ffe7ac3d96e7360e5a1d866213b049788cbfa1dedb249bf00b2602ac116b254,4.440892098500626e-15
64,419,0,BB-RL,8.877808426364972,0.0074182190001010895,0.0054297660099109635,2.855987986549735e-06,0.012850840997998603,cayley,1,f073d9d7803bc5a1f535c6c2801c3deb09cc8ab2427c5c7f3e369095c8f14ea9,1.7763568394002505e-15
64,419,0,MAC,1.809487604250955,2.4891007342375815e-05,0.04653855599462986,0.0,0.046563447001972236,path,1,a2921c8891375488bdfa26e9c29424907dd3df8edd95f13842098bbde37ab7b2,3.9968028886505635e-15
64,419,1,MAC,1.809487604250955,2.4988999939523637e-05,0.04651043099875096,0.0,0.046535419998690486,path,1,a2921c8891375488bdfa26e9c29424907dd3df8edd95f13842098bbde37ab7b2,3.9968028886505635e-15
64,419,1,BB-RL,8.925959565953466,0.00743985699955374,0.005381347000366077,2.788001438602805e-06,0.01282399200135842,cayley,1,6f8ab03e433aa6933b1313b87d411075d0c67428308f345a219d38530e44f4a7,1.7763568394002505e-15
64,419,2,BB-RL,8.919998898758841,0.00744012399809435,0.005431274999864399,3.031003871001303e-06,0.01287443000182975,cayley,1,bb58e1c023f0dd2db466384e3b82b996dec1d3f16d0f43633ae2c2fa83c2a004,7.105427357601002e-15
64,419,2,MAC,1.809487604250955,2.4990004021674395e-05,0.04656259200419299,0.0,0.04658758200821467,path,1,a2921c8891375488bdfa26e9c29424907dd3df8edd95f13842098bbde37ab7b2,3.9968028886505635e-15
64,419,3,MAC,1.809487604250955,2.492500061634928e-05,0.04639736999524757,0.0,0.04642229499586392,path,1,a2921c8891375488bdfa26e9c29424907dd3df8edd95f13842098bbde37ab7b2,3.9968028886505635e-15
64,419,3,BB-RL,8.942702485419566,0.007445524999639019,0.0054136219987412915,2.8420035960152745e-06,0.012861989001976326,cayley,1,c5e0396df69abdbb1b24e890232162f86f79e322f335ba555986fc8f27f0fea6,3.552713678800501e-15
64,419,4,BB-RL,8.890752601716407,0.0073522659949958324,0.005437614003312774,2.892993506975472e-06,0.012792772991815582,cayley,1,cb5613d553ca22586783b0ee978348e37351006ce1debeab3b044298c2cefb1d,1.7763568394002505e-15
64,419,4,MAC,1.809487604250955,2.4734006728976965e-05,0.0463905619981233,0.0,0.04641529600485228,path,1,a2921c8891375488bdfa26e9c29424907dd3df8edd95f13842098bbde37ab7b2,3.9968028886505635e-15
64,438,0,MAC,2.850780065105903,2.4724999093450606e-05,0.04657563799992204,0.0,0.04660036299901549,path,1,c241e667a77ee4c07eb7778e5dab60224c0d20c3c48522e46b8155e5795c5670,1.7763568394002505e-15
64,438,0,BB-RL,9.052892306500482,0.007503255998017266,0.0213090920005925,2.845990820787847e-06,0.028815193989430554,cayley,1,d11cf754342f5228a36010d097b3b28941fbef5f4509ee52453cdf5cc2cea64e,2.842170943040401e-14
64,438,1,BB-RL,9.091828775536449,0.0074532279977574944,0.02137199099524878,2.8380018193274736e-06,0.0288280569948256,cayley,1,d8b6f5c1d48a2d9d9cb54f62d163296e4e9e476782268b9879af540e0f177efd,1.7763568394002505e-15
64,438,1,MAC,2.850780065105903,2.4962006136775017e-05,0.04672397799731698,0.0,0.046748940003453754,path,1,c241e667a77ee4c07eb7778e5dab60224c0d20c3c48522e46b8155e5795c5670,1.7763568394002505e-15
64,438,2,MAC,2.850780065105903,2.472799678798765e-05,0.04671261599287391,0.0,0.046737343989661895,path,1,c241e667a77ee4c07eb7778e5dab60224c0d20c3c48522e46b8155e5795c5670,1.7763568394002505e-15
64,438,2,BB-RL,9.150791561846333,0.007407172000966966,0.02131163999729324,2.886008587665856e-06,0.028721698006847873,cayley,1,430ff68c97d2df8ad9cecd82b5b9d1a8cb66863f10faa04bff845a9fb2995783,1.4210854715202004e-14
64,438,3,BB-RL,9.096228906404296,0.007311986992135644,0.021296742008416913,3.0170049285516143e-06,0.02861174600548111,cayley,1,6bd995824e4039fc43287464a9fcf85d041876bf1dfdfa0baf20c61ce5bee86e,3.552713678800501e-15
64,438,3,MAC,2.850780065105903,2.472799678798765e-05,0.046673545002704486,0.0,0.046698272999492474,path,1,c241e667a77ee4c07eb7778e5dab60224c0d20c3c48522e46b8155e5795c5670,1.7763568394002505e-15
64,438,4,MAC,2.850780065105903,2.4309003492817283e-05,0.046574288004194386,0.0,0.046598597007687204,path,1,c241e667a77ee4c07eb7778e5dab60224c0d20c3c48522e46b8155e5795c5670,1.7763568394002505e-15
64,438,4,BB-RL,9.028310201236874,0.007451240991940722,0.021368853995227255,2.7950009098276496e-06,0.028822889988077804,cayley,1,9e2382249a6044384f1b8b1ec5c1ee8cd024524f83026ec583cfc631c020606a,7.105427357601002e-15
64,458,0,MAC,2.821106111607873,2.1478990674950182e-05,0.04666917500435375,0.0,0.0466906539950287,path,1,843be1b404dd75a271b37d963deb38cf077d8bde188024fbca5421d2a16a844c,5.773159728050814e-15
64,458,0,BB-RL,9.9855079641808,0.007804677006788552,0.011285581989795901,3.045002813450992e-06,0.019093303999397904,cayley,1,7b6937a7dcbda4334fc1920b747181ba9176a40f625910b7bf411b6328e365fe,5.329070518200751e-15
64,458,1,BB-RL,10.000251963074831,0.007138376997318119,0.01133607501105871,2.8520007617771626e-06,0.018477304009138606,cayley,1,0d6657c65a5b29b6a7bc36c872a10dbe8aae7885813b2d676ad9b48fec3b6305,7.105427357601002e-15
64,458,1,MAC,2.821106111607873,2.5262997951358557e-05,0.046638772008009255,0.0,0.046664035005960613,path,1,843be1b404dd75a271b37d963deb38cf077d8bde188024fbca5421d2a16a844c,5.773159728050814e-15
64,458,2,MAC,2.821106111607873,2.4512002710253e-05,0.046640725995530374,0.0,0.04666523799824063,path,1,843be1b404dd75a271b37d963deb38cf077d8bde188024fbca5421d2a16a844c,5.773159728050814e-15
64,458,2,BB-RL,9.98742020785948,0.007393911000690423,0.01135511600296013,2.8139911592006683e-06,0.018751840994809754,cayley,1,c6b4979cc2be5011b0a716e07072be8d04f4ead1e6eb11ec58469b7969648466,1.7763568394002505e-15
64,458,3,BB-RL,10.023446541720688,0.007350740997935645,0.011262700994848274,2.8610083973035216e-06,0.018616303001181222,cayley,1,c0843719418a80c16be6b681ac3a8c5ebcbea27b11e205d3e7487af29b9a4b13,5.329070518200751e-15
64,458,3,MAC,2.821106111607873,2.482699346728623e-05,0.046783155004959553,0.0,0.04680798199842684,path,1,843be1b404dd75a271b37d963deb38cf077d8bde188024fbca5421d2a16a844c,5.773159728050814e-15
64,458,4,MAC,2.821106111607873,2.467300510033965e-05,0.04672436499095056,0.0,0.0467490379960509,path,1,843be1b404dd75a271b37d963deb38cf077d8bde188024fbca5421d2a16a844c,5.773159728050814e-15
64,458,4,BB-RL,10.414327920432836,0.007339917996432632,0.011395701993023977,2.8410140657797456e-06,0.01873846100352239,cayley,1,7d721e490e8c5784486a634d81ca3e6ad2ea726e2b04d2c73ae01e483694ff6e,0.0
64,478,0,MAC,2.7586083573664864,2.4968991056084633e-05,0.046844529002555646,0.0,0.04686949799361173,path,1,1aee8f23365d667555f76bd191b33de7fa7b9cfca789fbf9e9211d47d49dba84,2.6645352591003757e-15
64,478,0,BB-RL,10.13965298633061,0.007323044002987444,0.028002838997053914,2.8799986466765404e-06,0.035328762998688035,cayley,1,f1c22a8c756d7ff440d0a5a44529798f3a2112abb604194768570a83efd0686b,1.0658141036401503e-14
64,478,1,BB-RL,10.035501301135831,0.007283982005901635,0.02816992400039453,2.943997969850898e-06,0.035456850004266016,cayley,1,b672c4f202f2b9758deff53037fe571a09da703ecbfef59d8a714b8c9bb24619,1.7763568394002505e-15
64,478,1,MAC,2.7586083573664864,2.4845998268574476e-05,0.04667569800221827,0.0,0.04670054400048684,path,1,1aee8f23365d667555f76bd191b33de7fa7b9cfca789fbf9e9211d47d49dba84,2.6645352591003757e-15
64,478,2,MAC,2.7586083573664864,2.4580993340350688e-05,0.04662013100460172,0.0,0.04664471199794207,path,1,1aee8f23365d667555f76bd191b33de7fa7b9cfca789fbf9e9211d47d49dba84,2.6645352591003757e-15
64,478,2,BB-RL,10.121669134608162,0.0073490189970470965,0.02809115000127349,2.854998456314206e-06,0.0354430239967769,cayley,1,e8c042e60ea5fe5f8623931a9dece7bce2d30281114d3bc5d2e30c6bcbd43de0,1.0658141036401503e-14
64,478,3,BB-RL,10.166958544464404,0.007297258998733014,0.028115677007008344,2.9569928301498294e-06,0.03541589299857151,cayley,1,a7f70079537a088e4da6037052d4b3a3919fdde072c8d210cc5f446ef78ea917,8.881784197001252e-15
64,478,3,MAC,2.7586083573664864,2.4994995328597724e-05,0.04658742000174243,0.0,0.04661241499707103,path,1,1aee8f23365d667555f76bd191b33de7fa7b9cfca789fbf9e9211d47d49dba84,2.6645352591003757e-15
64,478,4,MAC,2.7586083573664864,2.428398875053972e-05,0.046604390008724295,0.0,0.046628673997474834,path,1,1aee8f23365d667555f76bd191b33de7fa7b9cfca789fbf9e9211d47d49dba84,2.6645352591003757e-15
64,478,4,BB-RL,10.543440180221944,0.0074306099995737895,0.028032688991515897,2.9810034902766347e-06,0.03546627999457996,cayley,1,bfca07d70da3b58549a7e4d018206442bbb6ed0d14cb632b91a734fef603473b,0.0
64,498,0,MAC,4.092313256549867,2.5056011509150267e-05,0.046768486994551495,0.0,0.046793543006060645,path,1,b4187d350c2714b8b7c0b2d309da482ebbf441f74fd7747eaab2d5c700062ff2,1.7763568394002505e-15
64,498,0,BB-RL,11.057614688774164,0.00767959700897336,0.01811116399767343,2.9369984986260533e-06,0.025793698005145416,cayley,1,7ebff800b4fa24b6c33560a13cb4b1811be9bb5be4861daed1dbedca07da614d,0.0
64,498,1,BB-RL,10.7629813808947,0.0075526060099946335,0.018090475001372397,2.9369984986260533e-06,0.025646018009865656,cayley,1,33c89dd810ab33064bf714df5199eaa2c94d0beeb8bc20bc7616defd1339c669,5.329070518200751e-15
64,498,1,MAC,4.092313256549867,2.4634005967527628e-05,0.046551301988074556,0.0,0.046575935994042084,path,1,b4187d350c2714b8b7c0b2d309da482ebbf441f74fd7747eaab2d5c700062ff2,1.7763568394002505e-15
64,498,2,MAC,4.092313256549867,2.4443012080155313e-05,0.04652376798912883,0.0,0.04654821100120898,path,1,b4187d350c2714b8b7c0b2d309da482ebbf441f74fd7747eaab2d5c700062ff2,1.7763568394002505e-15
64,498,2,BB-RL,10.81559637055518,0.007543479994637892,0.018120919994544238,3.0380033422261477e-06,0.025667437992524356,cayley,1,b7088dc05a7314d9126321760b6ee0c345edb363ace2dbd567120c3c6e1487fc,1.0658141036401503e-14
64,498,3,BB-RL,11.065220070797375,0.007562732003862038,0.01809748999949079,2.9090006137266755e-06,0.025663131003966555,cayley,1,ca10e8ea0783599c07ccf1bfb3c7eaaa5c6ae887d4a176c93d954f310c575160,1.5987211554602254e-14
64,498,3,MAC,4.092313256549867,2.5052999262697995e-05,0.04654841500450857,0.0,0.04657346800377127,path,1,b4187d350c2714b8b7c0b2d309da482ebbf441f74fd7747eaab2d5c700062ff2,1.7763568394002505e-15
64,498,4,MAC,4.092313256549867,2.4515000404790044e-05,0.04653661898919381,0.0,0.0465611339895986,path,1,b4187d350c2714b8b7c0b2d309da482ebbf441f74fd7747eaab2d5c700062ff2,1.7763568394002505e-15
64,498,4,BB-RL,11.053394152451823,0.00808435799262952,0.018027083002380095,2.8240028768777847e-06,0.026114264997886494,cayley,1,e87bd6a524b0132b0087f2c0f82d542babc276179c17ad202cc2e869db774a82,5.329070518200751e-15
64,517,0,BB-RL,11.793676301040513,0.0076015569939045236,0.0062247169989859685,2.877000952139497e-06,0.013829150993842632,cayley,1,75face0e813862a61804ca8480d93eb18e653d58ee1521158143762408a10e70,1.7763568394002505e-14
64,517,0,MAC,2.7789237941586524,2.511301136109978e-05,0.04720105598971713,0.0,0.04722616900107823,path,1,74208e1ac1857ae9cafc899abf5ee8c16e685bb1ea2ae9869e81125d06419bc1,6.661338147750939e-15
64,517,1,MAC,2.7789237941586524,2.449301246087998e-05,0.04715724599373061,0.0,0.04718173900619149,path,1,74208e1ac1857ae9cafc899abf5ee8c16e685bb1ea2ae9869e81125d06419bc1,6.661338147750939e-15
64,517,1,BB-RL,12.0,0.007553887000540271,0.00619944000209216,2.9149960028007627e-06,0.013756241998635232,cayley,1,e29b760d88cecd0ecaeb4b1846fc72a226b2867c0741bf4c80d695a7a31bcf66,7.105427357601002e-15
64,517,2,BB-RL,12.054439158194082,0.007622240998898633,0.006194792003952898,2.8850045055150986e-06,0.013819918007357046,cayley,1,992a9f9d14b12a73dab6b45ad71861c8b1b3d29757ffff13c9a422250d300f53,5.329070518200751e-15
64,517,2,MAC,2.7789237941586524,2.4801993276923895e-05,0.046693406999111176,0.0,0.0467182089923881,path,1,74208e1ac1857ae9cafc899abf5ee8c16e685bb1ea2ae9869e81125d06419bc1,6.661338147750939e-15
64,517,3,MAC,2.7789237941586524,2.460699761286378e-05,0.046679602994117886,0.0,0.04670420999173075,path,1,74208e1ac1857ae9cafc899abf5ee8c16e685bb1ea2ae9869e81125d06419bc1,6.661338147750939e-15
64,517,3,BB-RL,12.050853629281988,0.007602811005199328,0.006194212997797877,2.9859947971999645e-06,0.013800009997794405,cayley,1,f48d1d903a16b3b27bebd0a70135256ae9881e3ec71a95d9d7d9b459c717c82f,7.105427357601002e-15
64,517,4,BB-RL,12.064102848187474,0.007601951991091482,0.006177408009534702,2.9560032999143004e-06,0.013782316003926098,cayley,1,d11c6f08d47d5db1d14f204901d8deec4cd384d8823b5fab85d960e97862e8d0,7.105427357601002e-15
64,517,4,MAC,2.7789237941586524,2.4878987460397184e-05,0.046532167005352676,0.0,0.04655704599281307,path,1,74208e1ac1857ae9cafc899abf5ee8c16e685bb1ea2ae9869e81125d06419bc1,6.661338147750939e-15
64,537,0,BB-RL,11.894960973955762,0.007618161995196715,0.02298684199922718,2.8420035960152745e-06,0.03060784599801991,cayley,1,1f5454c2f93d1216bc2125211fefe9395d435dc90e313f655c7b0eec23d6c2b6,8.881784197001252e-15
64,537,0,MAC,4.200590337406215,2.5040004402399063e-05,0.04660570199484937,0.0,0.04663074199925177,path,1,0acc3bf2274edbea19b570c812ac9fc4f5dc27986732b45e824b11fa2fc941a2,4.3520742565306136e-14
64,537,1,MAC,4.200590337406215,2.455200592521578e-05,0.04652706999331713,0.0,0.04655162199924234,path,1,0acc3bf2274edbea19b570c812ac9fc4f5dc27986732b45e824b11fa2fc941a2,4.3520742565306136e-14
64,537,1,BB-RL,12.065812654611094,0.0076426730083767325,0.02295299799880013,2.8950016712769866e-06,0.030598566008848138,cayley,1,6182b885bf85eafa244cea00ad1c404afe5463eb0378492cf965d65ae43d580e,1.4210854715202004e-14
64,537,2,BB-RL,12.272868387811698,0.007643837001523934,0.022898939001606777,2.9919901862740517e-06,0.030545767993316986,cayley,1,aaaddd4a2b956b00cfcfa60ac40e73718c11676e66bcf8eccd197018a2e1a2d4,8.881784197001252e-15
64,537,2,MAC,4.200590337406215,2.4855005904100835e-05,0.046585139993112534,0.0,0.046609994999016635,path,1,0acc3bf2274edbea19b570c812ac9fc4f5dc27986732b45e824b11fa2fc941a2,4.3520742565306136e-14
64,537,3,MAC,4.200590337406215,2.4634005967527628e-05,0.046570184000302106,0.0,0.046594818006269634,path,1,0acc3bf2274edbea19b570c812ac9fc4f5dc27986732b45e824b11fa2fc941a2,4.3520742565306136e-14
64,537,3,BB-RL,12.261792082700218,0.007658413000172004,0.02297304400417488,2.8320064302533865e-06,0.030634289010777138,cayley,1,9e37ba524874cfbc69a9471b7a3d55c46ab0b79ce8a9ed7ce5ff22daa71fe4df,1.7763568394002505e-15
64,537,4,BB-RL,12.293323119715645,0.007603135993122123,0.02291018700634595,2.8570066206157207e-06,0.03051618000608869,cayley,1,ab38b7659273e4e27bfe61ce4a8d84b4df456a8e6041e8c24ea3f3923faa71f9,7.105427357601002e-15
64,537,4,MAC,4.200590337406215,2.4883993319235742e-05,0.04657984200457577,0.0,0.046604725997895,path,1,0acc3bf2274edbea19b570c812ac9fc4f5dc27986732b45e824b11fa2fc941a2,4.3520742565306136e-14
64,557,0,BB-RL,12.976352914665942,0.008454833005089313,0.012915811006678268,3.0249939300119877e-06,0.021373669005697593,cayley,1,18e2036fcddfe326e8bfdf141cc9378f1c126d9a51bb9246c1f5550f45c904b0,0.0
64,557,0,MAC,3.825569763764735,2.508699253667146e-05,0.04694984400703106,0.0,0.04697493099956773,path,1,a409a8c1e6882c4c9e3598604d221dcf9d912b636b3e8f5c35f5f96848373a82,1.3322676295501878e-14
64,557,1,MAC,3.825569763764735,2.4679990019649267e-05,0.04673318800632842,0.0,0.04675786799634807,path,1,a409a8c1e6882c4c9e3598604d221dcf9d912b636b3e8f5c35f5f96848373a82,1.3322676295501878e-14
64,557,1,BB-RL,12.9798650215719,0.007939749004435726,0.012935778999235481,2.864995622076094e-06,0.020878392999293283,cayley,1,20176677efd1bce1d0c534093ae086e96c1cde9d9e991288c7f9dc104a1a9456,1.7763568394002505e-15
64,557,2,BB-RL,12.887820467880445,0.007942470008856617,0.012912602003780194,2.908986061811447e-06,0.020857980998698622,cayley,1,55cd3cc55630b91667c4fbc8f7999f585960cf963bcf0661cafc7a893321f667,2.4868995751603507e-14
64,557,2,MAC,3.825569763764735,2.5065994122996926e-05,0.047043740007211454,0.0,0.04706880600133445,path,1,a409a8c1e6882c4c9e3598604d221dcf9d912b636b3e8f5c35f5f96848373a82,1.3322676295501878e-14
64,557,3,MAC,3.825569763764735,2.4809996830299497e-05,0.04704041600052733,0.0,0.04706522599735763,path,1,a409a8c1e6882c4c9e3598604d221dcf9d912b636b3e8f5c35f5f96848373a82,1.3322676295501878e-14
64,557,3,BB-RL,12.893717886811878,0.007970266000484116,0.01289647699741181,2.892003976739943e-06,0.020869635001872666,cayley,1,d9b62d3ef983a947d785b5af9eaf515603260a00cce87e6e202df5c8eff08f78,1.7763568394002505e-15
64,557,4,BB-RL,12.978231606173878,0.008031623001443222,0.01288402899808716,2.8130016289651394e-06,0.020918465001159348,cayley,1,f4d11064b9fb4ac42a0a2a8a8b5c05d3fb7486300705a863cec96c8d081f7e87,7.105427357601002e-15
64,557,4,MAC,3.825569763764735,2.4878987460397184e-05,0.04664757300633937,0.0,0.04667245199379977,path,1,a409a8c1e6882c4c9e3598604d221dcf9d912b636b3e8f5c35f5f96848373a82,1.3322676295501878e-14
64,576,0,MAC,4.6908215387928704,2.46379931923002e-05,0.0466808960045455,0.0,0.0467055339977378,path,1,938f092a0829c34110a554bc2994fb5ae8efe639dbce5d90d4c4dbfaf8ac0486,7.993605777301127e-15
64,576,0,BB-RL,13.949392010116984,0.008194997004466131,0.0004590010066749528,2.906992449425161e-06,0.00865690500359051,cayley,1,d9bf6f4ab66e0dcfa139dcc9098550c8fed46e53913990afc39821f64ee334c6,7.105427357601002e-15
64,576,1,BB-RL,13.949392010116988,0.008193935995223,0.0004649909969884902,2.6070047169923782e-06,0.008661533996928483,cayley,1,5099008b801a2c4445bce0bcb5496fca06079669d9200de74334d9ff8e49bd0c,7.105427357601002e-15
64,576,1,MAC,4.6908215387928704,2.477299130987376e-05,0.04677810899738688,0.0,0.046802881988696754,path,1,938f092a0829c34110a554bc2994fb5ae8efe639dbce5d90d4c4dbfaf8ac0486,7.993605777301127e-15
64,576,2,MAC,4.6908215387928704,2.4806999135762453e-05,0.04676591600582469,0.0,0.046790723004960455,path,1,938f092a0829c34110a554bc2994fb5ae8efe639dbce5d90d4c4dbfaf8ac0486,7.993605777301127e-15
64,576,2,BB-RL,13.829743861572737,0.008132461996865459,0.00045331699948292226,2.929999027401209e-06,0.008588708995375782,cayley,1,8cec7be28ce07145ba4124cb1a228eefe17cef5c0a8a16ab9eb2f24247fae9b1,3.552713678800501e-15
64,576,3,BB-RL,14.363208576298945,0.008134667994454503,0.00046379600826185197,2.7189962565898895e-06,0.008601182998972945,cayley,1,d5b7597d4a0a69b7b4c90830b979ba8f77567632505c27e97a11f69433fbc2ce,1.7763568394002505e-15
64,576,3,MAC,4.6908215387928704,2.4464010493829846e-05,0.04681939899455756,0.0,0.04684386300505139,path,1,938f092a0829c34110a554bc2994fb5ae8efe639dbce5d90d4c4dbfaf8ac0486,7.993605777301127e-15
64,576,4,MAC,4.6908215387928704,2.4649998522363603e-05,0.046718092999071814,0.0,0.04674274299759418,path,1,938f092a0829c34110a554bc2994fb5ae8efe639dbce5d90d4c4dbfaf8ac0486,7.993605777301127e-15
64,576,4,BB-RL,13.663497973889157,0.008146248990669847,0.0004534070030786097,2.782006049528718e-06,0.008602437999797985,cayley,1,cf8c61c51c23a8d8022e22d4d32e45c421e92f27761c3f7220e2e07ad19a0091,5.329070518200751e-15
64,596,0,MAC,5.505588399308295,2.4616005248390138e-05,0.04702125399489887,0.0,0.04704587000014726,path,1,e8184d9c8359368630168baa25228db7dfa73fed43042303277829b7491c256f,8.881784197001252e-15
64,596,0,BB-RL,14.064107687884679,0.008156771989888512,0.018801698010065593,2.829998265951872e-06,0.026961299998220056,cayley,1,2589d5392f2ec9f93f6cbdec62ee90b9391d4e7b22376247703562fb00b501d2,0.0
64,596,1,BB-RL,14.080571826119925,0.0085338189965114,0.01880498800892383,2.8349895728752017e-06,0.027341641995008104,cayley,1,e5d344b3b35099a3a2e82f05a8faced58fd51a62b0acc58329956819b861fab4,5.329070518200751e-15
64,596,1,MAC,5.505588399308295,2.4652996216900647e-05,0.046769938999204896,0.0,0.0467945919954218,path,1,e8184d9c8359368630168baa25228db7dfa73fed43042303277829b7491c256f,8.881784197001252e-15
64,596,2,MAC,5.505588399308295,2.4531007511541247e-05,0.0467261059966404,0.0,0.04675063700415194,path,1,e8184d9c8359368630168baa25228db7dfa73fed43042303277829b7491c256f,8.881784197001252e-15
64,596,2,BB-RL,14.063513548514162,0.008066991009400226,0.018773338990285993,2.8030044632032514e-06,0.026843133004149422,cayley,1,c746f67a8ecbc8fd0fbcb0d49ce7cf923430ffab44f724f7ba28d190a1012d54,1.7763568394002505e-15
64,596,3,BB-RL,14.508791557028538,0.008090322007774375,0.01881406898610294,2.8909998945891857e-06,0.026907281993771903,cayley,1,19b6d430a6bbb58b5f86e19d47cd576a8df7acdbaf6d749a85126e11a1638d57,0.0
64,596,3,MAC,5.505588399308295,2.5123008526861668e-05,0.04679261399724055,0.0,0.04681773700576741,path,1,e8184d9c8359368630168baa25228db7dfa73fed43042303277829b7491c256f,8.881784197001252e-15
64,596,4,MAC,5.505588399308295,2.4918990675359964e-05,0.046709180998732336,0.0,0.046734099989407696,path,1,e8184d9c8359368630168baa25228db7dfa73fed43042303277829b7491c256f,8.881784197001252e-15
64,596,4,BB-RL,13.81915608784784,0.008209883992094547,0.01880541800346691,2.9609946068376303e-06,0.027018262990168296,cayley,1,e10a65eb5c070098021212ba61fb9bc9e652cd8d9b7cd3327fd6b5d40d6c9737,2.4868995751603507e-14
64,616,0,MAC,4.7138273120183385,2.4908003979362547e-05,0.04676148599537555,0.0,0.046786393999354914,path,1,23295517826f5fed8973ea72a45ef750094399f048dbbe6f352bdf983e9d0a0f,7.105427357601002e-15
64,616,0,BB-RL,14.996350627104981,0.0088749669957906,0.00871127400023397,2.8429931262508035e-06,0.017589083989150822,cayley,1,5b2fbc840b4a1ccaefdb01bcaa9853dfef225d1d7b47b1cd5ee01c9c4b961096,8.881784197001252e-15
64,616,1,BB-RL,14.984513818490104,0.00880329699430149,0.008737169002415612,2.9049988370388746e-06,0.01754337099555414,cayley,1,7d21626407da9875c7476229e53b8111bdf8a164a945d8562e1feb606e7f2f4f,8.881784197001252e-15
64,616,1,MAC,4.7138273120183385,2.4752996978349984e-05,0.04675240999495145,0.0,0.0467771629919298,path,1,23295517826f5fed8973ea72a45ef750094399f048dbbe6f352bdf983e9d0a0f,7.105427357601002e-15
64,616,2,MAC,4.7138273120183385,2.4720997316762805e-05,0.046738989010918885,0.0,0.04676371000823565,path,1,23295517826f5fed8973ea72a45ef750094399f048dbbe6f352bdf983e9d0a0f,7.105427357601002e-15
64,616,2,BB-RL,14.910662327554022,0.008881136993295513,0.008702952996827662,2.797998604364693e-06,0.01758688798872754,cayley,1,aa8ac4c4884df5b2ee05f82f72e86d92a2b5b3903c4eca66a1354e88722a7297,0.0
64,616,3,BB-RL,14.910489249705208,0.008832217994495295,0.008706248001544736,3.002991434186697e-06,0.017541468987474218,cayley,1,c5d78c372b5f116662d85361a9e118da976cf96940e80d0739c2c733bb0799a1,1.7763568394002505e-15
64,616,3,MAC,4.7138273120183385,2.498700632713735e-05,0.04678190499544144,0.0,0.046806892001768574,path,1,23295517826f5fed8973ea72a45ef750094399f048dbbe6f352bdf983e9d0a0f,7.105427357601002e-15
64,616,4,MAC,4.7138273120183385,2.4769004085101187e-05,0.04669343099521939,0.0,0.04671819999930449,path,1,23295517826f5fed8973ea72a45ef750094399f048dbbe6f352bdf983e9d0a0f,7.105427357601002e-15
64,616,4,BB-RL,14.903597748316184,0.00884006399428472,0.008728157001314685,2.768007107079029e-06,0.017570989002706483,cayley,1,b3496bd145ea7528327dc392b37240bf086091415be37681d62241fe3c1270e4,0.0
64,636,0,MAC,7.393051214103059,2.4729000870138407e-05,0.046637740000733174,0.0,0.04666246900160331,path,1,1260359ca700287da729f1896fe71d3c6b37bbf0ad4da8faacdca14dc438ca35,1.7763568394002505e-15
64,636,0,BB-RL,15.17741425524532,0.00879843499569688,0.025425083003938198,2.9740040190517902e-06,0.03422649200365413,cayley,1,9baced6575c634e5f73d54b82a27e726c34be819d19a93601726556f82cfca9f,1.7763568394002505e-15
64,636,1,BB-RL,15.126565475815834,0.008814269007416442,0.02549319199169986,2.9270013328641653e-06,0.034310388000449166,cayley,1,194a3dbdf30bced51fffc69778ef9ea66d042fd0fd0eb1a88f02eaa76de2d174,8.881784197001252e-15
64,636,1,MAC,7.393051214103059,2.5111003196798265e-05,0.046800027004792355,0.0,0.04682513800798915,path,1,1260359ca700287da729f1896fe71d3c6b37bbf0ad4da8faacdca14dc438ca35,1.7763568394002505e-15
64,636,2,MAC,7.393051214103059,2.439199306536466e-05,0.04680142800498288,0.0,0.046825819998048246,path,1,1260359ca700287da729f1896fe71d3c6b37bbf0ad4da8faacdca14dc438ca35,1.7763568394002505e-15
64,636,2,BB-RL,15.060759450341163,0.00917525299882982,0.02547747900825925,2.7899950509890914e-06,0.03465552200214006,cayley,1,146414f9e6cd7db34321c57a0597b54b08c844eb82f72ece9dc0b0063fb2e8ea,1.7763568394002505e-15
64,636,3,BB-RL,15.032592374449962,0.008778279996477067,0.025427383996429853,2.831002348102629e-06,0.03420849499525502,cayley,1,b9c22869a85f9500c828ff4491ba03bd69bb3203f509ced7519447e9e563846d,3.552713678800501e-15
64,636,3,MAC,7.393051214103059,2.4729000870138407e-05,0.04657979299372528,0.0,0.046604521994595416,path,1,1260359ca700287da729f1896fe71d3c6b37bbf0ad4da8faacdca14dc438ca35,1.7763568394002505e-15
64,636,4,MAC,7.393051214103059,2.4451990611851215e-05,0.04657334600051399,0.0,0.046597797991125844,path,1,1260359ca700287da729f1896fe71d3c6b37bbf0ad4da8faacdca14dc438ca35,1.7763568394002505e-15
64,636,4,BB-RL,15.004748645874631,0.008819929003948346,0.025452021000091918,2.8990034479647875e-06,0.03427484900748823,cayley,1,195e1f39a365fa2c2531b4ce9e0ed73f8ae463f4b056c1f0dbaf766069a31a0a,2.842170943040401e-14
64,655,0,BB-RL,16.412869579199576,0.008676997997099534,0.014653620004537515,2.853994374163449e-06,0.023333471996011212,cayley,1,45445ac9d29613bf273498763e50ffdfeb669d47d8414f71aa408e4f86373784,3.552713678800501e-15
64,655,0,MAC,8.13677380301058,2.5089000700972974e-05,0.04669902299065143,0.0,0.0467241119913524,path,1,b1ec62e30b87c4f9cc52d985601471234698483a37578c482a1cd739bede030c,3.552713678800501e-14
64,655,1,MAC,8.13677380301058,2.4683991796337068e-05,0.046770760003710166,0.0,0.0467954439955065,path,1,b1ec62e30b87c4f9cc52d985601471234698483a37578c482a1cd739bede030c,3.552713678800501e-14
64,655,1,BB-RL,16.141226662031816,0.008744127990212291,0.014672203004010953,2.877000952139497e-06,0.023419207995175384,cayley,1,ff734ee236aa63ffc5b63a27a780fc903132d0362b2996ae47cdb68af7c9e0a5,0.0
64,655,2,BB-RL,16.198629735991798,0.008900045999325812,0.014610450001782738,2.8659997042268515e-06,0.023513362000812776,cayley,1,7deb425f7bb8737f496c717d48ede950f5b98ac0f3725b041eddccb056afc434,7.105427357601002e-15
64,655,2,MAC,8.13677380301058,2.4724999093450606e-05,0.04668406301061623,0.0,0.04670878800970968,path,1,b1ec62e30b87c4f9cc52d985601471234698483a37578c482a1cd739bede030c,3.552713678800501e-14
64,655,3,MAC,8.13677380301058,2.505099109839648e-05,0.046689859009347856,0.0,0.04671491000044625,path,1,b1ec62e30b87c4f9cc52d985601471234698483a37578c482a1cd739bede030c,3.552713678800501e-14
64,655,3,BB-RL,16.21629584582428,0.00894548800715711,0.014613911000196822,2.788001438602805e-06,0.023562187008792534,cayley,1,1e2845607617f2c679da7338c9b5c9cce180b041e4d3580d5482bfc9d717569a,7.105427357601002e-15
64,655,4,BB-RL,16.333755418664392,0.008842448005452752,0.014602522001951002,2.941989805549383e-06,0.023447911997209303,cayley,1,3cca06fd60c116a836a3500f41538231ef05dee91f18c25461cf699bb1c16bed,0.0
64,655,4,MAC,8.13677380301058,2.4841006961651146e-05,0.04668600000150036,0.0,0.04671084100846201,path,1,b1ec62e30b87c4f9cc52d985601471234698483a37578c482a1cd739bede030c,3.552713678800501e-14
64,675,0,BB-RL,17.17157287525381,0.009208051997120492,0.004571261000819504,2.8899958124384284e-06,0.013782202993752435,cayley,1,ddfc54f5573062c0f308e68a938ff9a89ce297db888c814192d211b1dbdc3e6e,1.7763568394002505e-14
64,675,0,MAC,5.4298953545329685,2.5236004148609936e-05,0.04662932999781333,0.0,0.04665456600196194,path,1,e701d5e4bd2b3436a90f6c58dc947571c6d4083baa3145b20b71232615229afe,8.881784197001252e-15
64,675,1,MAC,5.4298953545329685,2.4533001123927534e-05,0.046554084008676,0.0,0.04657861700979993,path,1,e701d5e4bd2b3436a90f6c58dc947571c6d4083baa3145b20b71232615229afe,8.881784197001252e-15
64,675,1,BB-RL,17.171572875253798,0.009537934005493298,0.004566596995573491,2.8819922590628266e-06,0.014107412993325852,cayley,1,5b89230f58c68fdfee5a85e68114e6b1c2cb282e6655ea71241f8bcaf317184e,7.105427357601002e-15
64,675,2,BB-RL,17.193817923423317,0.009251367999240756,0.004534621009952389,2.797998604364693e-06,0.01378878700779751,cayley,1,fa3dfdd5a7f464638316df4c2a88a20e931ea63235b83058a8753fe67fbeeb1d,1.4210854715202004e-14
64,675,2,MAC,5.4298953545329685,2.508699253667146e-05,0.04672268700960558,0.0,0.04674777400214225,path,1,e701d5e4bd2b3436a90f6c58dc947571c6d4083baa3145b20b71232615229afe,8.881784197001252e-15
64,675,3,MAC,5.4298953545329685,2.4469991330988705e-05,0.04669994300638791,0.0,0.0467244129977189,path,1,e701d5e4bd2b3436a90f6c58dc947571c6d4083baa3145b20b71232615229afe,8.881784197001252e-15
64,675,3,BB-RL,16.924681698204598,0.009175642000627704,0.0045263799984240904,2.9479997465386987e-06,0.013704969998798333,cayley,1,61ae6b4c34b77c1cbaf5c0067ce3ee383f45cf23eda3c4685b89150d94bbee1e,7.105427357601002e-15
64,675,4,BB-RL,16.925615050652247,0.009306533000199124,0.004553046994260512,2.9509974410757422e-06,0.013862530991900712,cayley,1,70f53f34938f553361f1402287b8ccd062cd8e8fec5e6dd70f51b41e4f7b4fca,3.552713678800501e-15
64,675,4,MAC,5.4298953545329685,2.4931010557338595e-05,0.046636471000965685,0.0,0.04666140201152302,path,1,e701d5e4bd2b3436a90f6c58dc947571c6d4083baa3145b20b71232615229afe,8.881784197001252e-15
64,695,0,BB-RL,17.278104428415897,0.009224391003954224,0.02130954399763141,2.8560025384649634e-06,0.030536791004124098,cayley,1,2d44900f9fc910fac9f664ec7142809628b537cda020edf4694d456ba088f1c6,1.4210854715202004e-14
64,695,0,MAC,9.682214105086203,2.48889991780743e-05,0.04668623799807392,0.0,0.046711126997251995,path,1,bf9ab2dd954c9d2b914d266d14cf49d0b00aa5046d6c9c43801faec5a27f37cc,3.552713678800501e-15
64,695,1,MAC,9.682214105086203,2.453000342939049e-05,0.04661666699394118,0.0,0.04664119699737057,path,1,bf9ab2dd954c9d2b914d266d14cf49d0b00aa5046d6c9c43801faec5a27f37cc,3.552713678800501e-15
64,695,1,BB-RL,17.22659633346358,0.009264078995329328,0.021284116999595426,2.9249931685626507e-06,0.030551120988093317,cayley,1,193b9133b59e17f20fc74484a3d3926dd54e0bef7437c905018002de54466873,1.0658141036401503e-14
64,695,2,BB-RL,17.35602542408215,0.009201657987432554,0.021278188010910526,2.7189962565898895e-06,0.03048256499459967,cayley,1,9928095f7a0226a43b4ad5b5a74c6b75e417ab050df439de46083d94b46c0a3e,1.4210854715202004e-14
64,695,2,MAC,9.682214105086203,2.5116998585872352e-05,0.046646773000247777,0.0,0.04667188999883365,path,1,bf9ab2dd954c9d2b914d266d14cf49d0b00aa5046d6c9c43801faec5a27f37cc,3.552713678800501e-15
64,695,3,MAC,9.682214105086203,2.455299545545131e-05,0.04657631300506182,0.0,0.04660086600051727,path,1,bf9ab2dd954c9d2b914d266d14cf49d0b00aa5046d6c9c43801faec5a27f37cc,3.552713678800501e-15
64,695,3,BB-RL,17.083856366038702,0.009212226010276936,0.02127301499422174,2.8560025384649634e-06,0.03048809700703714,cayley,1,1134a8b2043c50ffef40b6ed28201d727b5ae5ccf200af9cbb29c84444e72a4f,1.4210854715202004e-14
64,695,4,BB-RL,17.132859981359143,0.009559504003846087,0.021302887005731463,2.877000952139497e-06,0.03086526801052969,cayley,1,a17b3a40e3a707712275ac3252abaf3326efed254513fbcd107e3639f44497fb,3.552713678800501e-15
64,695,4,MAC,9.682214105086203,2.5079003535211086e-05,0.04661214799853042,0.0,0.04663722700206563,path,1,bf9ab2dd954c9d2b914d266d14cf49d0b00aa5046d6c9c43801faec5a27f37cc,3.552713678800501e-15
64,714,0,MAC,10.759343534945081,2.461999247316271e-05,0.0466082280036062,0.0,0.04663284799607936,path,1,70186d8625d6153e5ab90d10c4568a5d62568a866391f6691ad320dc17eb1d25,1.7763568394002505e-15
64,714,0,BB-RL,18.005415656209546,0.009251051000319421,0.010386181005742401,2.845001290552318e-06,0.019640077007352374,cayley,1,7e3b45dc1cb5da36cdd2585b13f0db81b990874ec99dab2eabcf55f117a8c5ef,1.0658141036401503e-14
64,714,1,BB-RL,18.53589838486224,0.009273036004742607,0.010555560991633683,2.868997398763895e-06,0.019831465993775055,cayley,1,e2fc851ab8a932e34fa9d6147bb9eb6bc3de8704ff3714279af14544e6be57fa,3.552713678800501e-15
64,714,1,MAC,10.759343534945081,2.5000001187436283e-05,0.04672381600539666,0.0,0.04674881600658409,path,1,70186d8625d6153e5ab90d10c4568a5d62568a866391f6691ad320dc17eb1d25,1.7763568394002505e-15
64,714,2,MAC,10.759343534945081,2.4299995857290924e-05,0.04667211700871121,0.0,0.0466964170045685,path,1,70186d8625d6153e5ab90d10c4568a5d62568a866391f6691ad320dc17eb1d25,1.7763568394002505e-15
64,714,2,BB-RL,18.352698388107747,0.00928550299431663,0.010421427999972366,2.8040085453540087e-06,0.01970973500283435,cayley,1,3a59bf96b794a61c50e8aafb066870f7f7bc123ced57521a20bea36c5f2963fd,1.4210854715202004e-14
64,714,3,BB-RL,18.53589838486224,0.009254379998310469,0.010442543993121944,2.682005288079381e-06,0.019699605996720493,cayley,1,b88fa724c3f0172859093a142337eed0d61c7c9c1a57435a32ca943b07b30634,0.0
64,714,3,MAC,10.759343534945081,2.48809956246987e-05,0.046775374008575454,0.0,0.04680025500420015,path,1,70186d8625d6153e5ab90d10c4568a5d62568a866391f6691ad320dc17eb1d25,1.7763568394002505e-15
64,714,4,MAC,10.759343534945081,2.4398992536589503e-05,0.04667660599807277,0.0,0.04670100499060936,path,1,70186d8625d6153e5ab90d10c4568a5d62568a866391f6691ad320dc17eb1d25,1.7763568394002505e-15
64,714,4,BB-RL,18.53589838486224,0.009201145003316924,0.010474112001247704,2.953995135612786e-06,0.01967821099970024,cayley,1,55521abb943246675ed9ac8b564b51f1ef540e27007ca45d1abf7b2d7cdd2e96,7.105427357601002e-15
64,734,0,MAC,10.821071585019943,2.5030007236637175e-05,0.04675352099002339,0.0,0.04677855099726003,path,1,d21d850845694aac0ab77e6b00f02e5814f8d65b0549b3e14f9ed58253e1e464,1.7763568394002505e-14
64,734,0,BB-RL,18.12946292044741,0.009349054002086632,0.02702235100150574,2.9289949452504516e-06,0.03637433399853762,cayley,1,16946733e8a70f1ab29788da13f36305cfd5fd5417e6c5497d270d2b2073892e,7.105427357601002e-15
64,734,1,BB-RL,18.574633813243416,0.009336866001831368,0.02714403800200671,2.8759968699887395e-06,0.036483780000708066,cayley,1,200e7ed8fddc44a87fab72bbc5062086ea7e4f3f40fbd281878c663ff1c43595,3.552713678800501e-15
64,734,1,MAC,10.821071585019943,2.492500061634928e-05,0.046616227002232336,0.0,0.046641152002848685,path,1,d21d850845694aac0ab77e6b00f02e5814f8d65b0549b3e14f9ed58253e1e464,1.7763568394002505e-14
64,734,2,MAC,10.821071585019943,2.443500852677971e-05,0.04662157299753744,0.0,0.04664600800606422,path,1,d21d850845694aac0ab77e6b00f02e5814f8d65b0549b3e14f9ed58253e1e464,1.7763568394002505e-14
64,734,2,BB-RL,18.426714043661047,0.009668972998042591,0.027203752993955277,2.876011421903968e-06,0.03687560200341977,cayley,1,6f8545e7cbcf6eebfee83a0eef7666fd75f414dd96306c848b1dd977e7142012,3.552713678800501e-15
64,734,3,BB-RL,18.551826268367133,0.00925416499376297,0.027184382008272223,3.0099909054115415e-06,0.036441556992940605,cayley,1,1ed423ec959c6b570b56cce89088a7ff105fc4d27086ffd5338aab4558ff0abe,1.0658141036401503e-14
64,734,3,MAC,10.821071585019943,2.4809996830299497e-05,0.04745100699074101,0.0,0.047475816987571307,path,1,d21d850845694aac0ab77e6b00f02e5814f8d65b0549b3e14f9ed58253e1e464,1.7763568394002505e-14
64,734,4,MAC,10.821071585019943,2.461000985931605e-05,0.047366739992867224,0.0,0.04739135000272654,path,1,d21d850845694aac0ab77e6b00f02e5814f8d65b0549b3e14f9ed58253e1e464,1.7763568394002505e-14
64,734,4,BB-RL,18.574358173704855,0.009174218997941352,0.027182595993508585,2.77700019069016e-06,0.03635959199164063,cayley,1,db17eae9431b1f47f09edf7324c53210b89250f437b19f002f3dbf3a205a7195,1.0658141036401503e-14
64,754,0,MAC,11.440001543326566,2.4838998797349632e-05,0.04682148899883032,0.0,0.04684632799762767,path,1,0b7160bb9e258406ecd33397081330a2486b85dd704e4b893d968697bf70798e,7.105427357601002e-15
64,754,0,BB-RL,19.31163939801383,0.00962287800211925,0.017104954007663764,2.7850037440657616e-06,0.02673061701352708,cayley,1,1962756a7e1ad082f86f13dfc7087313700c7b92f457c2bd2114de217c08fe0d,7.105427357601002e-15
64,754,1,BB-RL,19.04499622461548,0.009565218002535403,0.01708719700400252,2.9949878808110952e-06,0.026655409994418733,cayley,1,99f55bc2d227d6fe57bd89586dd74d474e51795f5ef5805ffe2f8f247627f498,3.552713678800501e-15
64,754,1,MAC,11.440001543326566,2.4761990061961114e-05,0.04678599200269673,0.0,0.04681075399275869,path,1,0b7160bb9e258406ecd33397081330a2486b85dd704e4b893d968697bf70798e,7.105427357601002e-15
64,754,2,MAC,11.440001543326566,2.4380002287216485e-05,0.04672114600543864,0.0,0.04674552600772586,path,1,0b7160bb9e258406ecd33397081330a2486b85dd704e4b893d968697bf70798e,7.105427357601002e-15
64,754,2,BB-RL,19.266225673667925,0.009684055999969132,0.017102622005040757,2.9270013328641653e-06,0.026789605006342754,cayley,1,c757950dad3a1074d38ba0a85b7920c7ace8313c551c9b14df4bb5bf9cde52cc,7.105427357601002e-15
64,754,3,BB-RL,19.27848093225154,0.009572518989443779,0.017093551010475494,2.802000381052494e-06,0.026668872000300325,cayley,1,79359973e9811e1f6dabcd84715961e9b018f6796d957fef20b2abc8d3551504,1.0658141036401503e-14
64,754,3,MAC,11.440001543326566,2.4950990336947143e-05,0.046723635008675046,0.0,0.04674858599901199,path,1,0b7160bb9e258406ecd33397081330a2486b85dd704e4b893d968697bf70798e,7.105427357601002e-15
64,754,4,MAC,11.440001543326566,2.3631000658497214e-05,0.04672335900249891,0.0,0.04674699000315741,path,1,0b7160bb9e258406ecd33397081330a2486b85dd704e4b893d968697bf70798e,7.105427357601002e-15
64,754,4,BB-RL,19.26547765951397,0.0098882720049005,0.017107036997913383,3.006003680638969e-06,0.026998315006494522,cayley,1,2288556ea40b6d8477712af3cb9b8eaa832be0068460fd0c4f1667f92e5f21b7,2.4868995751603507e-14
64,773,0,BB-RL,20.02090635288036,0.009487353003351018,0.006218725990038365,2.820001100189984e-06,0.015708898994489573,cayley,1,7a7a4df8da49795081303451e74ede533d9bfcf055bd3cacf2d50073fabdfa04,1.0658141036401503e-14
64,773,0,MAC,9.37689252020574,2.497500099707395e-05,0.04689463699469343,0.0,0.0469196119956905,path,1,2974c0a13afd0dd942a92d8272488ef6f0c28e27cef66157d459886cd4a0b379,4.973799150320701e-14
64,773,1,MAC,9.37689252020574,2.4722001398913562e-05,0.046848163998220116,0.0,0.04687288599961903,path,1,2974c0a13afd0dd942a92d8272488ef6f0c28e27cef66157d459886cd4a0b379,4.973799150320701e-14
64,773,1,BB-RL,20.042408425661314,0.00952936000248883,0.006196169997565448,2.925997250713408e-06,0.01572845599730499,cayley,1,7c311a2605fba7be281761697367b3a4ed7e3fc6fae5d57e760807b102fe81ca,3.552713678800501e-15
64,773,2,BB-RL,20.083233875660383,0.009432856008061208,0.006206923004356213,2.925997250713408e-06,0.015642705009668134,cayley,1,ba939430c14fcd17ffa8bef3a81bec6b99951ebc6a2768dade8a2c23d7f17777,2.1316282072803006e-14
64,773,2,MAC,9.37689252020574,2.4793000193312764e-05,0.04685423999035265,0.0,0.046879032990545966,path,1,2974c0a13afd0dd942a92d8272488ef6f0c28e27cef66157d459886cd4a0b379,4.973799150320701e-14
64,773,3,MAC,9.37689252020574,2.4756998755037785e-05,0.04684014301165007,0.0,0.04686490001040511,path,1,2974c0a13afd0dd942a92d8272488ef6f0c28e27cef66157d459886cd4a0b379,4.973799150320701e-14
64,773,3,BB-RL,20.07570055117341,0.009610185006749816,0.006212539999978617,2.768996637314558e-06,0.015825494003365748,cayley,1,b173c410eb7cad6d904cedc857afde40b065c9eef8ff78814850c52715a5c848,7.105427357601002e-15
64,773,4,BB-RL,20.07487101585029,0.00962680000520777,0.006181693999678828,2.853994374163449e-06,0.01581134799926076,cayley,1,908f92f86159141040ff1f0142e50179857e18e3a8874ef28170d1b449cd3f9f,1.4210854715202004e-14
64,773,4,MAC,9.37689252020574,2.5000001187436283e-05,0.04702571099915076,0.0,0.0470507110003382,path,1,2974c0a13afd0dd942a92d8272488ef6f0c28e27cef66157d459886cd4a0b379,4.973799150320701e-14
64,793,0,BB-RL,20.153262107765865,0.009869838002487086,0.02290017499763053,2.8500071493908763e-06,0.032772863007267006,cayley,1,53f382744e4e0bcb58256433269cc157eb0b97cabc36f42063eeb8ff0dc9de65,3.552713678800501e-15
64,793,0,MAC,10.342340998786192,2.502399729564786e-05,0.04760334100865293,0.0,0.04762836500594858,path,1,56af03ddefbe48280e2868948b1267827dd96639d759164ad5356d8c531c486a,0.0
64,793,1,MAC,10.342340998786192,2.4401000700891018e-05,0.047578971993061714,0.0,0.047603372993762605,path,1,56af03ddefbe48280e2868948b1267827dd96639d759164ad5356d8c531c486a,0.0
64,793,1,BB-RL,20.256182292537318,0.009523218992399052,0.022906978003447875,2.8859940357506275e-06,0.03243308298988268,cayley,1,bfb98e090a5e03fe4d0c06464edf4cd18108aa87b82e5bbdf2c9f2332cbb29f8,3.552713678800501e-15
64,793,2,BB-RL,20.332555703100148,0.009555939002893865,0.022896174996276386,2.845001290552318e-06,0.032454959000460804,cayley,1,8687497593db1d8eb43093ccde026c21bd0bc9a2c9248ee83270582b3b8d4040,1.0658141036401503e-14
64,793,2,MAC,10.342340998786192,2.4542008759453893e-05,0.047621628997148946,0.0,0.0476461710059084,path,1,56af03ddefbe48280e2868948b1267827dd96639d759164ad5356d8c531c486a,0.0
64,793,3,MAC,10.342340998786192,2.458000381011516e-05,0.04756536599597894,0.0,0.04758994599978905,path,1,56af03ddefbe48280e2868948b1267827dd96639d759164ad5356d8c531c486a,0.0
64,793,3,BB-RL,20.319151455072443,0.009597307987860404,0.022939073998713866,2.7839996619150043e-06,0.032539165986236185,cayley,1,1a561fec6adc34c5ec68334474dacf20bb1aff9bfa9ea0b3ccd3ae968e6f71bd,1.7763568394002505e-14
64,793,4,BB-RL,20.309754764827154,0.009547216992359608,0.022987108008237556,2.8909998945891857e-06,0.03253721600049175,cayley,1,2f7489061211aa82f1e61ac47da378c4aa7b87c3deded1e1ab14de46bc71827c,1.4210854715202004e-14
64,793,4,MAC,10.342340998786192,2.522999420762062e-05,0.046977143996628,0.0,0.04700237399083562,path,1,56af03ddefbe48280e2868948b1267827dd96639d759164ad5356d8c531c486a,0.0
64,813,0,BB-RL,21.801505848525863,0.009926979008014314,0.012947520997840911,2.8659997042268515e-06,0.022877366005559452,cayley,1,2914978f061115cd73f4e1dfbc71f0cb54e5998153a1c9dec37a3000aa8f347f,1.4210854715202004e-14
64,813,0,MAC,7.617353922623069,2.5183995603583753e-05,0.046992761999717914,0.0,0.0470179459953215,path,1,ac1c7e986f52084d5a6bc9a5762737eff9cd303c3e00195b1f9e1e8e87f101ac,3.552713678800501e-14
64,813,1,MAC,7.617353922623069,2.4411987396888435e-05,0.046961368003394455,0.0,0.04698577999079134,path,1,ac1c7e986f52084d5a6bc9a5762737eff9cd303c3e00195b1f9e1e8e87f101ac,3.552713678800501e-14
64,813,1,BB-RL,21.854812808659872,0.010137582998140715,0.012937020001118071,2.868007868528366e-06,0.023077471007127315,cayley,1,6a4172ffa8656b65b923ec68afc1a6c1322e0db038ebfcab6f12ff074094df85,7.105427357601002e-15
64,813,2,BB-RL,21.854049336360227,0.009868434004602022,0.01290823299495969,2.8990034479647875e-06,0.022779566003009677,cayley,1,c8ae9cb2cf7c45b9f8abf799497d5bb3738b2b0cdb12b823cd6afaa9e39d2d3e,1.0658141036401503e-14
64,813,2,MAC,7.617353922623069,2.4915003450587392e-05,0.04690393699274864,0.0,0.04692885199619923,path,1,ac1c7e986f52084d5a6bc9a5762737eff9cd303c3e00195b1f9e1e8e87f101ac,3.552713678800501e-14
64,813,3,MAC,7.617353922623069,2.4550012312829494e-05,0.04686864199175034,0.0,0.04689319200406317,path,1,ac1c7e986f52084d5a6bc9a5762737eff9cd303c3e00195b1f9e1e8e87f101ac,3.552713678800501e-14
64,813,3,BB-RL,21.81569446100292,0.009985536002204753,0.01294311998935882,2.9280054150149226e-06,0.02293158399697859,cayley,1,7b8495c0a6ba924b2c37e02491d4f4b897f33d492e59415ca462cd09063fd293,2.842170943040401e-14
64,813,4,BB-RL,21.836713433133525,0.009928965999279171,0.01291605900041759,2.8479989850893617e-06,0.02284787299868185,cayley,1,1ea1517bc319a3b5a16d529350e7b5911b1506529dd8b09cfd4ef6284366b907,7.105427357601002e-15
64,813,4,MAC,7.617353922623069,2.508600300643593e-05,0.04680610699870158,0.0,0.046831193001708016,path,1,ac1c7e986f52084d5a6bc9a5762737eff9cd303c3e00195b1f9e1e8e87f101ac,3.552713678800501e-14
64,833,0,BB-RL,23.17157287525382,0.009662520009442233,0.002861542991013266,2.9320071917027235e-06,0.012526995007647201,cayley,1,53ad05dcaef8cb56483953788a5e2d8e1fa280301e66bb4496a24c1d40296a52,1.4210854715202004e-14
64,833,0,MAC,12.376284574555118,2.4985012714751065e-05,0.046940783999161795,0.0,0.046965769011876546,path,1,a3378c60bec052766856ecdd8fa08f77f74ad99e57c8c008ed8f8dab1a0c9c24,0.0
64,833,1,MAC,12.376284574555118,2.4313005269505084e-05,0.04686626000329852,0.0,0.046890573008568026,path,1,a3378c60bec052766856ecdd8fa08f77f74ad99e57c8c008ed8f8dab1a0c9c24,0.0
64,833,1,BB-RL,23.171572875253805,0.009756035011378117,0.0028642599936574697,2.8890062822028995e-06,0.01262318401131779,cayley,1,158bf3e09a29ef859c813221e434ed43cea3877df56ffa1a432bad74ddd3e8c7,0.0
64,833,2,BB-RL,23.1715728752538,0.010001464004744776,0.00286161300027743,2.877000952139497e-06,0.012865954005974345,cayley,1,598f1e0cdca9f308215f6a3756efa903ecdc22d262067e2a8be328362af1b639,1.0658141036401503e-14
64,833,2,MAC,12.376284574555118,2.5036002625711262e-05,0.04686686799686868,0.0,0.04689190399949439,path,1,a3378c60bec052766856ecdd8fa08f77f74ad99e57c8c008ed8f8dab1a0c9c24,0.0
64,833,3,MAC,12.376284574555118,2.4609995307400823e-05,0.04686386299727019,0.0,0.04688847299257759,path,1,a3378c60bec052766856ecdd8fa08f77f74ad99e57c8c008ed8f8dab1a0c9c24,0.0
64,833,3,BB-RL,23.171572875253826,0.009601094003301114,0.002872444994864054,2.8850045055150986e-06,0.012476424002670683,cayley,1,d990e1d1e5436ed06ad124e82701880c03fb759ef703771a01b145acece209a7,2.1316282072803006e-14
64,833,4,BB-RL,23.1715728752538,0.009550527989631519,0.0028665590070886537,2.8149952413514256e-06,0.012419901991961524,cayley,1,7fa8972045284553403fc3e46d1722b92b593c0573e9384fda8fbba649c9a8e6,1.7763568394002505e-14
64,833,4,MAC,12.376284574555118,2.5002998881973326e-05,0.0468159920128528,0.0,0.046840995011734776,path,1,a3378c60bec052766856ecdd8fa08f77f74ad99e57c8c008ed8f8dab1a0c9c24,0.0
64,852,0,MAC,13.4439359060365,2.144899917766452e-05,0.046929055999498814,0.0,0.04695050499867648,path,1,9697e98609b7f3e23d2cf26d01cd2d99651c027b9bfb48ceb03fa617c1feccef,1.7763568394002505e-14
64,852,0,BB-RL,23.231186604324506,0.009767494004336186,0.01874929800396785,2.788001438602805e-06,0.02851958000974264,cayley,1,f34a700dc0d5b81d8379e0715762cdfd040ffef293fc3f7e3e7a8664edc99262,7.105427357601002e-15
64,852,1,BB-RL,23.22928457995478,0.00971096201101318,0.018710880001890473,2.892993506975472e-06,0.02842473500641063,cayley,1,433360f75d8ad844ad2fd8b0f5036a5a152f6b1801ae7a87d91c063e7fa3f961,0.0
64,852,1,MAC,13.4439359060365,2.4886001483537257e-05,0.046856187997036614,0.0,0.04688107399852015,path,1,9697e98609b7f3e23d2cf26d01cd2d99651c027b9bfb48ceb03fa617c1feccef,1.7763568394002505e-14
64,852,2,MAC,13.4439359060365,2.4473993107676506e-05,0.04704375899746083,0.0,0.047068232990568504,path,1,9697e98609b7f3e23d2cf26d01cd2d99651c027b9bfb48ceb03fa617c1feccef,1.7763568394002505e-14
64,852,2,BB-RL,23.20352433110215,0.009868284992990084,0.018770722002955154,3.2090028980746865e-06,0.028642215998843312,cayley,1,f27c6b4ae661cbfd9b0ff09263655507e97b52a80b2f810dd635a1f683e46610,1.4210854715202004e-14
64,852,3,BB-RL,23.203178269485193,0.009930366999469697,0.018822429003193974,2.8479989850893617e-06,0.02875564400164876,cayley,1,29b6c1760294887b930fc36092d6e1d8212bf6173b1abc76862f132659b1634b,1.0658141036401503e-14
64,852,3,MAC,13.4439359060365,2.5036002625711262e-05,0.04692054699989967,0.0,0.04694558300252538,path,1,9697e98609b7f3e23d2cf26d01cd2d99651c027b9bfb48ceb03fa617c1feccef,1.7763568394002505e-14
64,852,4,MAC,13.4439359060365,2.4608991225250065e-05,0.046877352011506446,0.0,0.046901961002731696,path,1,9697e98609b7f3e23d2cf26d01cd2d99651c027b9bfb48ceb03fa617c1feccef,1.7763568394002505e-14
64,852,4,BB-RL,23.203048355765414,0.009638991003157571,0.018704856003751047,2.9819930205121636e-06,0.02834682899992913,cayley,1,e0f58aaa4a7c38c8b6c8e4fc7b56f89298830100fc6723253622874c5313c9c6,7.105427357601002e-15
64,872,0,MAC,14.042295844505606,2.4802007828839123e-05,0.04697555900202133,0.0,0.04700036100985017,path,1,0e7ec4cba93117ed561e702a3dfc88aa6a3d97baff0a7819e7ce545f992fa515,0.0
64,872,0,BB-RL,23.78940912365729,0.010063847003038973,0.008892868005204946,2.9609946068376303e-06,0.018959676002850756,cayley,1,372f55f486f4a90e564bdb38f4a294f0a13e8eb0dc7b0f2202f72011d28638aa,2.1316282072803006e-14
64,872,1,BB-RL,23.79272123494019,0.010112887001014315,0.008780001997365616,2.8970098355785012e-06,0.01889578600821551,cayley,1,7a6b00d6ed6c9bf265d96ae05b1073c76b3b414a5ef85b26163e3df703eddb39,1.4210854715202004e-14
64,872,1,MAC,14.042295844505606,2.5123998057097197e-05,0.04695874800381716,0.0,0.04698387200187426,path,1,0e7ec4cba93117ed561e702a3dfc88aa6a3d97baff0a7819e7ce545f992fa515,0.0
64,872,2,MAC,14.042295844505606,2.4674998712725937e-05,0.04691452800761908,0.0,0.04693920300633181,path,1,0e7ec4cba93117ed561e702a3dfc88aa6a3d97baff0a7819e7ce545f992fa515,0.0
64,872,2,BB-RL,23.81181801842003,0.010017241002060473,0.008834606996970251,2.9229995561763644e-06,0.0188547709985869,cayley,1,c7f726bf18658a44faa66b9648ffe8d5880f6d7f76a2cad2b367df906605e9f0,3.552713678800501e-15
64,872,3,BB-RL,23.790245392037537,0.010161562997382134,0.008704989013494924,2.8609938453882933e-06,0.018869413004722446,cayley,1,42896cd890c4029126c48e52cc52841e837a50fbbf80e4bdd827e64108226edc,1.7763568394002505e-14
64,872,3,MAC,14.042295844505606,2.478199894540012e-05,0.046892548009054735,0.0,0.046917330008000135,path,1,0e7ec4cba93117ed561e702a3dfc88aa6a3d97baff0a7819e7ce545f992fa515,0.0
64,872,4,MAC,14.042295844505606,2.441799733787775e-05,0.04688072900171392,0.0,0.046905146999051794,path,1,0e7ec4cba93117ed561e702a3dfc88aa6a3d97baff0a7819e7ce545f992fa515,0.0
64,872,4,BB-RL,23.785847350483255,0.010352818993851542,0.008818793998216279,2.939996193163097e-06,0.019174552988260984,cayley,1,8fccc4dd46d402d805d19d01c3b8f0e6ad08eb7a275ca12a0bf86e72509f36c6,1.0658141036401503e-14
64,892,0,MAC,14.462812940147316,2.4930996005423367e-05,0.04697541800851468,0.0,0.0470003490045201,path,1,a8ed00455768076b085659ee1f9b119a872ae00e5b6c025b88b787a78e636e8c,7.105427357601002e-15
64,892,0,BB-RL,23.927282000032207,0.009862253005849198,0.025356145997648127,2.9049988370388746e-06,0.035221304002334364,cayley,1,9d3f4800096441c16c9661d65283e806ba41d8fe4e9704580c0b0aee3e6f89a9,3.552713678800501e-15
64,892,1,BB-RL,23.99663880846629,0.009894419999909587,0.025352035008836538,2.9429938877001405e-06,0.035249398002633825,cayley,1,b6ad44be7d6320d742a5eb29648edb1714ca000ddc03fe8e3c7054995dfad2fd,0.0
64,892,1,MAC,14.462812940147316,3.233901225030422e-05,0.04687415900116321,0.0,0.04690649801341351,path,1,a8ed00455768076b085659ee1f9b119a872ae00e5b6c025b88b787a78e636e8c,7.105427357601002e-15
64,892,2,MAC,14.462812940147316,2.480899274814874e-05,0.046874641004251316,0.0,0.046899449996999465,path,1,a8ed00455768076b085659ee1f9b119a872ae00e5b6c025b88b787a78e636e8c,7.105427357601002e-15
64,892,2,BB-RL,23.96180382857615,0.010077300001285039,0.025433310991502367,2.876011421903968e-06,0.03551348700420931,cayley,1,979140d19803b71e3758339cc65de8e02326df0779e37aeb93ff36aaad3afa74,2.4868995751603507e-14
64,892,3,BB-RL,23.96234069855325,0.009977282999898307,0.025280909991124645,2.8420035960152745e-06,0.03526103499461897,cayley,1,0532b7b14bb90d8ae29234c2e1bf44e42e1bdb5942348f200776a45ecc932e77,0.0
64,892,3,MAC,14.462812940147316,2.48300057137385e-05,0.047070562999579124,0.0,0.04709539300529286,path,1,a8ed00455768076b085659ee1f9b119a872ae00e5b6c025b88b787a78e636e8c,7.105427357601002e-15
64,892,4,MAC,14.462812940147316,2.4558001314289868e-05,0.04704279699944891,0.0,0.0470673550007632,path,1,a8ed00455768076b085659ee1f9b119a872ae00e5b6c025b88b787a78e636e8c,7.105427357601002e-15
64,892,4,BB-RL,24.005909825374623,0.010054558006231673,0.025404870000784285,2.907996531575918e-06,0.035462336003547534,cayley,1,e3a1cb84b47f35c261f773a3b275793995316b6d9d4398a6b92c977957091277,7.105427357601002e-15
64,911,0,BB-RL,24.793484766191934,0.00976771600835491,0.014515815986669622,2.8740032576024532e-06,0.024286405998282135,cayley,1,9c97655aeee9aea9dc15a790d2544b99d2ac21d667299012651ae5c5bb3ec569,2.4868995751603507e-14
64,911,0,MAC,16.20120472635904,2.461999247316271e-05,0.0470468970015645,0.0,0.047071516994037665,path,1,20d7bdb784eecd10fc6e1c820ea64378d5a49326fd51fab3f75469d499bd2b92,2.842170943040401e-14
64,911,1,MAC,16.20120472635904,2.4370994651690125e-05,0.04705895700317342,0.0,0.04708332799782511,path,1,20d7bdb784eecd10fc6e1c820ea64378d5a49326fd51fab3f75469d499bd2b92,2.842170943040401e-14
64,911,1,BB-RL,24.781095208102773,0.009689092010376044,0.01452989199606236,2.8859940357506275e-06,0.024221870000474155,cayley,1,0ac6a4ceb0cf0056e6baf534c87d218ade23f39e9fe0eb1a222b24cba9606d27,1.0658141036401503e-14
64,911,2,BB-RL,24.76518451346744,0.009563932995661162,0.014495561001240276,2.8909998945891857e-06,0.024062384996796027,cayley,1,30cf279d8670e71212a3954cd27a56414a3683b083f536034ce689d6098c8f93,1.7763568394002505e-14
64,911,2,MAC,16.20120472635904,2.5011002435348928e-05,0.0470378619938856,0.0,0.04706287299632095,path,1,20d7bdb784eecd10fc6e1c820ea64378d5a49326fd51fab3f75469d499bd2b92,2.842170943040401e-14
64,911,3,MAC,16.20120472635904,2.478600072208792e-05,0.047030368994455785,0.0,0.04705515499517787,path,1,20d7bdb784eecd10fc6e1c820ea64378d5a49326fd51fab3f75469d499bd2b92,2.842170943040401e-14
64,911,3,BB-RL,24.73162583150436,0.009584996005287394,0.014529424006468616,3.0179944587871432e-06,0.024117438006214797,cayley,1,9e8a37ec090d5c98eb517ad21503325b353895850ab893c998d01620c95dd126,2.842170943040401e-14
64,911,4,BB-RL,24.79258387572766,0.009618973010219634,0.014471367991063744,2.872009645216167e-06,0.024093213010928594,cayley,1,7890773fa448ffdd9a1a2c2fa4d972c884f758de08d3ce212f0d398dd92ffc0b,1.4210854715202004e-14
64,911,4,MAC,16.20120472635904,2.4761000531725585e-05,0.04701415399904363,0.0,0.047038914999575354,path,1,20d7bdb784eecd10fc6e1c820ea64378d5a49326fd51fab3f75469d499bd2b92,2.842170943040401e-14
64,931,0,BB-RL,26.054145633714,0.009494091995293275,0.004541009999229573,2.9520015232264996e-06,0.014038053996046074,cayley,1,bbd7815b6e0d6964dec28cf3edc85d3e9526edb0c53de3624f661f1715ea2314,3.907985046680551e-14
64,931,0,MAC,17.678538898272233,2.4836001102812588e-05,0.04698691499652341,0.0,0.04701175099762622,path,1,87b5c82977cecaa3f65cfee3f3779b12bcc0f1bae3436685dc777ecda77928e0,1.4210854715202004e-14
64,931,1,MAC,17.678538898272233,2.3790998966433108e-05,0.046906299990951084,0.0,0.04693009098991752,path,1,87b5c82977cecaa3f65cfee3f3779b12bcc0f1bae3436685dc777ecda77928e0,1.4210854715202004e-14
64,931,1,BB-RL,26.053949767823745,0.009721299997181632,0.004531339000095613,2.9410002753138542e-06,0.014255579997552559,cayley,1,7d0c915acf81889bd6c80625733b586e3592cf02584bdc16c38e5217cee180ba,1.7763568394002505e-14
64,931,2,BB-RL,26.053949767823745,0.00958600000012666,0.004534880004939623,2.8420035960152745e-06,0.014123722008662298,cayley,1,4e04336749a6cc2700d78e08442e986f2469337d9797e6caf77911074be20c9c,2.1316282072803006e-14
64,931,2,MAC,17.678538898272233,2.4984998162835836e-05,0.04685362499731127,0.0,0.04687860999547411,path,1,87b5c82977cecaa3f65cfee3f3779b12bcc0f1bae3436685dc777ecda77928e0,1.4210854715202004e-14
64,931,3,MAC,17.678538898272233,2.458000381011516e-05,0.04676810200908221,0.0,0.04679268201289233,path,1,87b5c82977cecaa3f65cfee3f3779b12bcc0f1bae3436685dc777ecda77928e0,1.4210854715202004e-14
64,931,3,BB-RL,26.068176355432314,0.009375302994158119,0.004526310003711842,2.8270005714148283e-06,0.013904439998441376,cayley,1,ba2358b8fe3aa47d34c3159285d8bfe07f112a174b7dcc30b7debb430d3846fb,1.0658141036401503e-14
64,931,4,BB-RL,26.054145633714,0.009410133003257215,0.00452271600079257,2.772998414002359e-06,0.013935622002463788,cayley,1,bbd7815b6e0d6964dec28cf3edc85d3e9526edb0c53de3624f661f1715ea2314,3.907985046680551e-14
64,931,4,MAC,17.678538898272233,3.252099850215018e-05,0.046939235005993396,0.0,0.046971756004495546,path,1,87b5c82977cecaa3f65cfee3f3779b12bcc0f1bae3436685dc777ecda77928e0,1.4210854715202004e-14
64,951,0,BB-RL,26.141789308319126,0.009508355011348613,0.021182650001719594,2.9509974410757422e-06,0.030693956010509282,cayley,1,9dec4faa593b35558b5d23e1120ddf03edac4fb4a33621ec6344c6a6cbf1e7b2,1.0658141036401503e-14
64,951,0,MAC,14.31147297838044,2.503300493117422e-05,0.047094683002796955,0.0,0.04711971600772813,path,1,852cd28dbadd7708de8d6d68aadcfb5cc280b580bf177e72c96faf7e233d48c5,2.4868995751603507e-14
64,951,1,MAC,14.31147297838044,2.4927008780650795e-05,0.047046425999724306,0.0,0.04707135300850496,path,1,852cd28dbadd7708de8d6d68aadcfb5cc280b580bf177e72c96faf7e233d48c5,2.4868995751603507e-14
64,951,1,BB-RL,26.187772635067923,0.009467053998378105,0.02122986900212709,2.9270013328641653e-06,0.030699850001838058,cayley,1,57243e94b6f29713d1c3bb9cb6bc501c6f7f51954fa6897947c157ce6ce44101,1.0658141036401503e-14
64,951,2,BB-RL,26.127142160788978,0.009682984004030004,0.021164238001802005,2.8409995138645172e-06,0.030850063005345874,cayley,1,55fabc7f673b0a7593c061ecf8b9e832303e96752bb70060b54005fd3870c183,1.7763568394002505e-14
64,951,2,MAC,14.31147297838044,2.4787994334474206e-05,0.04714361600053962,0.0,0.0471684039948741,path,1,852cd28dbadd7708de8d6d68aadcfb5cc280b580bf177e72c96faf7e233d48c5,2.4868995751603507e-14
64,951,3,MAC,14.31147297838044,2.4434004444628954e-05,0.04711971399956383,0.0,0.04714414800400846,path,1,852cd28dbadd7708de8d6d68aadcfb5cc280b580bf177e72c96faf7e233d48c5,2.4868995751603507e-14
64,951,3,BB-RL,26.132243036058775,0.009352865992696024,0.02119449600286316,2.9850052669644356e-06,0.03055034700082615,cayley,1,42bc66fe3bc95d9dc3ae271d72cfdf7a1b3b3b80620acef3dee71024652b48a5,2.4868995751603507e-14
64,951,4,BB-RL,26.141789308319126,0.00947150299907662,0.02115798700833693,2.90299067273736e-06,0.03063239299808629,cayley,1,9dec4faa593b35558b5d23e1120ddf03edac4fb4a33621ec6344c6a6cbf1e7b2,1.0658141036401503e-14
64,951,4,MAC,14.31147297838044,2.506800228729844e-05,0.04708671499975026,0.0,0.047111783002037555,path,1,852cd28dbadd7708de8d6d68aadcfb5cc280b580bf177e72c96faf7e233d48c5,2.4868995751603507e-14
64,971,0,BB-RL,28.01265457085595,0.008402469000429846,0.011188955992111005,2.8360082069411874e-06,0.019594261000747792,cayley,1,44e572e01456e65b7710de52d5cdf40f19343090f9f50f5ea5c53ac5e29e0cfe,2.1316282072803006e-14
64,971,0,MAC,19.471176778905228,2.5002998881973326e-05,0.04706592900038231,0.0,0.047090931999264285,path,1,ade3b9dede03cad9758f4a49f4a9dad14c0f6cb2a444d66d3df92a196aeb7c68,1.0658141036401503e-14
64,971,1,MAC,19.471176778905228,2.404100087005645e-05,0.04701375000877306,0.0,0.047037791009643115,path,1,ade3b9dede03cad9758f4a49f4a9dad14c0f6cb2a444d66d3df92a196aeb7c68,1.0658141036401503e-14
64,971,1,BB-RL,27.99999999999998,0.008245275996159762,0.011209755000891164,2.9410002753138542e-06,0.01945797199732624,cayley,1,803177b2e11b0da59893dc9baab416960b48b829204788b9299926e054989b2e,1.4210854715202004e-14
64,971,2,BB-RL,28.02519208752617,0.008467318999464624,0.01122335898980964,2.901011612266302e-06,0.01969357900088653,cayley,1,a7546bac884d6bf99902305ce864554620efe136ea513ef29d9d0a5b8250e5bb,1.0658141036401503e-14
64,971,2,MAC,19.471176778905228,2.474099164828658e-05,0.04701606300659478,0.0,0.047040803998243064,path,1,ade3b9dede03cad9758f4a49f4a9dad14c0f6cb2a444d66d3df92a196aeb7c68,1.0658141036401503e-14
64,971,3,MAC,19.471176778905228,2.4442997528240085e-05,0.04695588198956102,0.0,0.04698032498708926,path,1,ade3b9dede03cad9758f4a49f4a9dad14c0f6cb2a444d66d3df92a196aeb7c68,1.0658141036401503e-14
64,971,3,BB-RL,28.01265457085595,0.008275802989373915,0.011173970007803291,2.986998879350722e-06,0.019452759996056557,cayley,1,44e572e01456e65b7710de52d5cdf40f19343090f9f50f5ea5c53ac5e29e0cfe,2.1316282072803006e-14
64,971,4,BB-RL,28.025103889751932,0.008720170008018613,0.01120126000023447,2.749991836026311e-06,0.01992418000008911,cayley,1,b6c905d43f578b0e068f73f97cd45776fa0cf601297628c5e7c63ccddcc16a98,2.4868995751603507e-14
64,971,4,MAC,19.471176778905228,2.502399729564786e-05,0.04695602798892651,0.0,0.046981051986222155,path,1,ade3b9dede03cad9758f4a49f4a9dad14c0f6cb2a444d66d3df92a196aeb7c68,1.0658141036401503e-14
64,990,0,MAC,20.030537128940455,2.496900560799986e-05,0.04705040599219501,0.0,0.04707537499780301,path,1,19235d78df31021f631492f62010aa626f181fe0f5e3f4b0ecdef1ce0673c904,0.0
64,990,0,BB-RL,28.021211066918095,0.0083866780041717,0.026934637004160322,2.7909991331398487e-06,0.03532410600746516,cayley,1,08fdc731b291e00788f86dd90f38f14c31786fe40e11c49ff67f083069c348e3,3.552713678800501e-15
64,990,1,BB-RL,27.999999999999993,0.00828647099842783,0.02696432800439652,2.9679940780624747e-06,0.035253766996902414,cayley,1,7bce2e51dfb518b610cf6e1ea230f5ac824190cecccec878eec3a962a7249e6c,2.4868995751603507e-14
64,990,1,MAC,20.030537128940455,2.4887005565688014e-05,0.04711203000624664,0.0,0.04713691701181233,path,1,19235d78df31021f631492f62010aa626f181fe0f5e3f4b0ecdef1ce0673c904,0.0
64,990,2,MAC,20.030537128940455,2.4515000404790044e-05,0.04706598600023426,0.0,0.04709050100063905,path,1,19235d78df31021f631492f62010aa626f181fe0f5e3f4b0ecdef1ce0673c904,0.0
64,990,2,BB-RL,28.049788504562436,0.008491312997648492,0.026986134995240718,2.8280046535655856e-06,0.035480275997542776,cayley,1,27fe87d81e217218ce7e7bfa90d3c9b0e4169b6f0bd717946ff4711894a18f89,3.552713678800501e-15
64,990,3,BB-RL,28.021211066918095,0.008330693992320448,0.026944509998429567,2.7610076358541846e-06,0.03527796499838587,cayley,1,08fdc731b291e00788f86dd90f38f14c31786fe40e11c49ff67f083069c348e3,3.552713678800501e-15
64,990,3,MAC,20.030537128940455,2.522999420762062e-05,0.047447577002458274,0.0,0.047472806996665895,path,1,19235d78df31021f631492f62010aa626f181fe0f5e3f4b0ecdef1ce0673c904,0.0
64,990,4,MAC,20.030537128940455,2.4553999537602067e-05,0.047395613000844605,0.0,0.04742016700038221,path,1,19235d78df31021f631492f62010aa626f181fe0f5e3f4b0ecdef1ce0673c904,0.0
64,990,4,BB-RL,28.053566443900728,0.008436162999714725,0.02698401900124736,2.949003828689456e-06,0.035423131004790775,cayley,1,10aa6060d25c962ea548865075c0f9552bb46c46d384521aa04c353be8cd81ce,1.7763568394002505e-14
64,1010,0,MAC,20.69290697796262,2.4834007490426302e-05,0.04746130498824641,0.0,0.04748613899573684,path,1,cab0cc33c759503c6ec8bd53731a5136b58ba07f915198277852d54bc9750576,0.0
64,1010,0,BB-RL,29.999999999999957,0.007994842002517544,0.01697383999999147,2.778993803076446e-06,0.02497146099631209,cayley,1,b2dd25a28554043caf645a43753b9025a00099d828a9025abcbc0019f74a7616,3.552713678800501e-15
64,1010,1,BB-RL,29.99999999999998,0.008184608013834804,0.01693745399825275,2.9529910534620285e-06,0.025125015003141016,cayley,1,b49b0a68b5569794992a80acadce5a6a711672f7f046c3738607fa2008053bfe,3.552713678800501e-15
64,1010,1,MAC,20.69290697796262,2.4594002752564847e-05,0.04711650000535883,0.0,0.047141094008111395,path,1,cab0cc33c759503c6ec8bd53731a5136b58ba07f915198277852d54bc9750576,0.0
64,1010,2,MAC,20.69290697796262,2.523500006645918e-05,0.047032078000484034,0.0,0.047057313000550494,path,1,cab0cc33c759503c6ec8bd53731a5136b58ba07f915198277852d54bc9750576,0.0
64,1010,2,BB-RL,29.999999999999957,0.007920673000626266,0.01699017599457875,2.9229995561763644e-06,0.02491377199476119,cayley,1,b2dd25a28554043caf645a43753b9025a00099d828a9025abcbc0019f74a7616,3.552713678800501e-15
64,1010,3,BB-RL,29.999999999999964,0.007911637003417127,0.01695379200100433,2.8439972084015608e-06,0.02486827300162986,cayley,1,2ddc79b63dc32c2fc74cd6288dcea927b1889171cdf7d7dd1f5e07395f61f1ce,0.0
64,1010,3,MAC,20.69290697796262,2.4802997359074652e-05,0.04708418800146319,0.0,0.047108990998822264,path,1,cab0cc33c759503c6ec8bd53731a5136b58ba07f915198277852d54bc9750576,0.0
64,1010,4,MAC,20.69290697796262,2.4733002646826208e-05,0.04694128299888689,0.0,0.04696601600153372,path,1,cab0cc33c759503c6ec8bd53731a5136b58ba07f915198277852d54bc9750576,0.0
64,1010,4,BB-RL,29.99999999999997,0.008028449999983422,0.01700652000727132,2.945991582237184e-06,0.02503791599883698,cayley,1,e8d93396130b7d63d68826eba8756717a4438a77c17893c4fcd3ced9f4fad2f0,1.4210854715202004e-14
64,1030,0,MAC,20.723847794846602,2.477700763847679e-05,0.047090153995668516,0.0,0.04711493100330699,path,1,85af9a54a2845360f59c40af426eeddfe3ab9e4d7b5f4028da6973b72e2c5a27,7.105427357601002e-15
64,1030,0,BB-RL,31.999999999999954,0.007855243005906232,0.006979479003348388,2.853994374163449e-06,0.014837576003628783,cayley,1,6c930738a8d3d0dadad9e83c583d4c4247458977b187232d4b6ff44666dfb7b7,7.105427357601002e-14
64,1030,1,BB-RL,31.999999999999954,0.008015996994799934,0.006994951996603049,2.872009645216167e-06,0.0150138210010482,cayley,1,6c930738a8d3d0dadad9e83c583d4c4247458977b187232d4b6ff44666dfb7b7,7.105427357601002e-14
64,1030,1,MAC,20.723847794846602,2.4620996555313468e-05,0.047093244997086,0.0,0.04711786599364132,path,1,85af9a54a2845360f59c40af426eeddfe3ab9e4d7b5f4028da6973b72e2c5a27,7.105427357601002e-15
64,1030,2,MAC,20.723847794846602,2.4690001737326384e-05,0.047042578997206874,0.0,0.0470672689989442,path,1,85af9a54a2845360f59c40af426eeddfe3ab9e4d7b5f4028da6973b72e2c5a27,7.105427357601002e-15
64,1030,2,BB-RL,31.999999999999954,0.007946052006445825,0.00696403298934456,2.9180082492530346e-06,0.014913003004039638,cayley,1,6c930738a8d3d0dadad9e83c583d4c4247458977b187232d4b6ff44666dfb7b7,7.105427357601002e-14
64,1030,3,BB-RL,31.999999999999954,0.0080373620003229,0.006991385991568677,2.8149952413514256e-06,0.01503156298713293,cayley,1,6c930738a8d3d0dadad9e83c583d4c4247458977b187232d4b6ff44666dfb7b7,7.105427357601002e-14
64,1030,3,MAC,20.723847794846602,2.4831999326124787e-05,0.04713163900305517,0.0,0.047156471002381295,path,1,85af9a54a2845360f59c40af426eeddfe3ab9e4d7b5f4028da6973b72e2c5a27,7.105427357601002e-15
64,1030,4,MAC,20.723847794846602,2.4403008865192533e-05,0.047069981999811716,0.0,0.04709438500867691,path,1,85af9a54a2845360f59c40af426eeddfe3ab9e4d7b5f4028da6973b72e2c5a27,7.105427357601002e-15
64,1030,4,BB-RL,31.999999999999954,0.10354369599372149,0.007587326006614603,3.3299875212833285e-06,0.11113435198785737,cayley,1,6c930738a8d3d0dadad9e83c583d4c4247458977b187232d4b6ff44666dfb7b7,7.105427357601002e-14
64,1049,0,BB-RL,31.999999999999943,0.009695149012259208,0.045312046000617556,3.836990799754858e-06,0.05501103200367652,cayley,2,8f440b01fd5188df7ea170fd781af044aba30fd203729f25bd75d93eaba2f451,0.0
64,1049,0,MAC,20.94650230287078,2.5371991796419024e-05,0.04736641500494443,0.0,0.04739178699674085,path,1,1bfbcf44490b32e7c3b7b566bfce4069d47b2a095ffee6393c1ab6e238d5456b,3.552713678800501e-15
64,1049,1,MAC,20.94650230287078,2.4389999452978373e-05,0.04717679899476934,0.0,0.04720118899422232,path,1,1bfbcf44490b32e7c3b7b566bfce4069d47b2a095ffee6393c1ab6e238d5456b,3.552713678800501e-15
64,1049,1,BB-RL,31.999999999999943,0.009671615000115708,0.04524822499661241,3.7660065572708845e-06,0.054923606003285386,cayley,2,8f440b01fd5188df7ea170fd781af044aba30fd203729f25bd75d93eaba2f451,0.0
64,1049,2,BB-RL,31.999999999999943,0.009687069992651232,0.04515037700184621,3.6609999369829893e-06,0.054841107994434424,cayley,2,8f440b01fd5188df7ea170fd781af044aba30fd203729f25bd75d93eaba2f451,0.0
64,1049,2,MAC,20.94650230287078,2.4881010176613927e-05,0.0472626509872498,0.0,0.04728753199742641,path,1,1bfbcf44490b32e7c3b7b566bfce4069d47b2a095ffee6393c1ab6e238d5456b,3.552713678800501e-15
64,1049,3,MAC,20.94650230287078,2.430599124636501e-05,0.047214358011842705,0.0,0.04723866400308907,path,1,1bfbcf44490b32e7c3b7b566bfce4069d47b2a095ffee6393c1ab6e238d5456b,3.552713678800501e-15
64,1049,3,BB-RL,31.999999999999943,0.009246832007193007,0.04529049799020868,3.844004822894931e-06,0.05454117400222458,cayley,2,8f440b01fd5188df7ea170fd781af044aba30fd203729f25bd75d93eaba2f451,0.0
64,1049,4,BB-RL,31.999999999999943,0.009499423002125695,0.04522915699635632,3.9130100049078465e-06,0.05473249300848693,cayley,2,8f440b01fd5188df7ea170fd781af044aba30fd203729f25bd75d93eaba2f451,0.0
64,1049,4,MAC,20.94650230287078,2.492099883966148e-05,0.04725640200194903,0.0,0.04728132300078869,path,1,1bfbcf44490b32e7c3b7b566bfce4069d47b2a095ffee6393c1ab6e238d5456b,3.552713678800501e-15
64,1069,0,BB-RL,31.999999999999964,0.0887348879914498,0.05191815500438679,3.888999344781041e-06,0.14065693199518137,cayley,2,840ae59aca04f64067c9d31f620d4225343d2c677b3be2c4d967310645254917,1.4210854715202004e-14
64,1069,0,MAC,19.34789280174631,2.4662003852427006e-05,0.0471817049983656,0.0,0.04720636700221803,path,1,20c592c8e0649781974d44912db547c90b7a5b00e1360c5bf2def1005888f6ad,1.0658141036401503e-14
64,1069,1,MAC,19.34789280174631,2.4886001483537257e-05,0.047140495997155085,0.0,0.04716538199863862,path,1,20c592c8e0649781974d44912db547c90b7a5b00e1360c5bf2def1005888f6ad,1.0658141036401503e-14
64,1069,1,BB-RL,31.999999999999964,0.08738831098889932,0.051791851001325995,3.7380086723715067e-06,0.1391838999988977,cayley,2,840ae59aca04f64067c9d31f620d4225343d2c677b3be2c4d967310645254917,1.4210854715202004e-14
64,1069,2,BB-RL,31.999999999999964,0.08648132100643124,0.05177520599681884,3.6470009945333004e-06,0.13826017400424462,cayley,2,840ae59aca04f64067c9d31f620d4225343d2c677b3be2c4d967310645254917,1.4210854715202004e-14
64,1069,2,MAC,19.34789280174631,2.4747991119511425e-05,0.047245652007404715,0.0,0.047270399998524226,path,1,20c592c8e0649781974d44912db547c90b7a5b00e1360c5bf2def1005888f6ad,1.0658141036401503e-14
64,1069,3,MAC,19.34789280174631,2.47630086960271e-05,0.047206270988681354,0.0,0.04723103399737738,path,1,20c592c8e0649781974d44912db547c90b7a5b00e1360c5bf2def1005888f6ad,1.0658141036401503e-14
64,1069,3,BB-RL,31.999999999999964,0.08692779100965708,0.0521948399982648,3.822991857305169e-06,0.1391264539997792,cayley,2,840ae59aca04f64067c9d31f620d4225343d2c677b3be2c4d967310645254917,1.4210854715202004e-14
64,1069,4,BB-RL,31.999999999999964,0.08704997898894362,0.05173135000222828,3.908004146069288e-06,0.13878523699531797,cayley,2,840ae59aca04f64067c9d31f620d4225343d2c677b3be2c4d967310645254917,1.4210854715202004e-14
64,1069,4,MAC,19.34789280174631,2.540099376346916e-05,0.047419043999980204,0.0,0.04744444499374367,path,1,20c592c8e0649781974d44912db547c90b7a5b00e1360c5bf2def1005888f6ad,1.0658141036401503e-14
64,1089,0,BB-RL,32.99999999999995,0.08632964700518642,0.008311668992973864,3.869005013257265e-06,0.09464518500317354,envelope,2,36b6fdca59482ac2e67a56453c865a6969952f1ac0d46f2cc7ace709b4323e85,1.4210854715202004e-14
64,1089,0,MAC,22.918180551896267,2.4915003450587392e-05,0.047203428999637254,0.0,0.04722834400308784,path,1,6b1eb3c74fe6fb389568c776bc5b97ce7e801a5332789eaa0f2e3506a1478544,2.1316282072803006e-14
64,1089,1,MAC,22.918180551896267,2.461099938955158e-05,0.0471483889996307,0.0,0.04717299999902025,path,1,6b1eb3c74fe6fb389568c776bc5b97ce7e801a5332789eaa0f2e3506a1478544,2.1316282072803006e-14
64,1089,1,BB-RL,32.99999999999995,0.087391007997212,0.008420762998866849,3.7140125641599298e-06,0.09581548500864301,envelope,2,36b6fdca59482ac2e67a56453c865a6969952f1ac0d46f2cc7ace709b4323e85,2.1316282072803006e-14
64,1089,2,BB-RL,32.99999999999995,0.0873656470066635,0.008394395001232624,3.6620040191337466e-06,0.09576370401191525,envelope,2,36b6fdca59482ac2e67a56453c865a6969952f1ac0d46f2cc7ace709b4323e85,1.4210854715202004e-14
64,1089,2,MAC,22.918180551896267,3.290199674665928e-05,0.047532455006148666,0.0,0.047565357002895325,path,1,6b1eb3c74fe6fb389568c776bc5b97ce7e801a5332789eaa0f2e3506a1478544,2.1316282072803006e-14
64,1089,3,MAC,22.918180551896267,2.4681008653715253e-05,0.04713788299704902,0.0,0.047162564005702734,path,1,6b1eb3c74fe6fb389568c776bc5b97ce7e801a5332789eaa0f2e3506a1478544,2.1316282072803006e-14
64,1089,3,BB-RL,32.99999999999995,0.08617957499518525,0.008310891993460245,3.6190031096339226e-06,0.09449408599175513,envelope,2,36b6fdca59482ac2e67a56453c865a6969952f1ac0d46f2cc7ace709b4323e85,1.4210854715202004e-14
64,1089,4,BB-RL,32.99999999999995,0.08754311299708206,0.008280704001663253,3.7030113162472844e-06,0.09582752001006156,envelope,2,36b6fdca59482ac2e67a56453c865a6969952f1ac0d46f2cc7ace709b4323e85,2.842170943040401e-14
64,1089,4,MAC,22.918180551896267,2.5282992282882333e-05,0.04723804601235315,0.0,0.047263329004636034,path,1,6b1eb3c74fe6fb389568c776bc5b97ce7e801a5332789eaa0f2e3506a1478544,2.1316282072803006e-14
64,1108,0,MAC,23.05217757600432,2.421600220259279e-05,0.047228210998582654,0.0,0.047252427000785246,path,1,b9507383140de6a58672ce46c2997b137502335698a91424b2b0e8568f0dbdb2,1.7763568394002505e-14
64,1108,0,BB-RL,32.999999999999964,0.08693634800147265,0.039879621006548405,4.047993570566177e-06,0.12682001700159162,envelope,2,598e43c27ea244ee50b0e47beaf6b7901b638dc6fadc6a0bea19ca704784bf41,2.1316282072803006e-14
64,1108,1,BB-RL,32.999999999999964,0.0874587110010907,0.03967449899937492,3.855006070807576e-06,0.12713706500653643,envelope,2,598e43c27ea244ee50b0e47beaf6b7901b638dc6fadc6a0bea19ca704784bf41,4.973799150320701e-14
64,1108,1,MAC,23.05217757600432,2.4836001102812588e-05,0.047255794997909106,0.0,0.04728063099901192,path,1,b9507383140de6a58672ce46c2997b137502335698a91424b2b0e8568f0dbdb2,1.7763568394002505e-14
64,1108,2,MAC,23.05217757600432,2.48220021603629e-05,0.04718369198963046,0.0,0.047208513991790824,path,1,b9507383140de6a58672ce46c2997b137502335698a91424b2b0e8568f0dbdb2,1.7763568394002505e-14
64,1108,2,BB-RL,32.999999999999964,0.08701838400156703,0.039616980007849634,3.7489953683689237e-06,0.12663911300478503,envelope,2,598e43c27ea244ee50b0e47beaf6b7901b638dc6fadc6a0bea19ca704784bf41,4.263256414560601e-14
64,1108,3,BB-RL,32.999999999999964,0.08711303999007214,0.03959647500596475,3.478999133221805e-06,0.1267129939951701,envelope,2,598e43c27ea244ee50b0e47beaf6b7901b638dc6fadc6a0bea19ca704784bf41,2.1316282072803006e-14
64,1108,3,MAC,23.05217757600432,2.5366010959260166e-05,0.047265492990845814,0.0,0.047290859001805075,path,1,b9507383140de6a58672ce46c2997b137502335698a91424b2b0e8568f0dbdb2,1.7763568394002505e-14
64,1108,4,MAC,23.05217757600432,2.4438006221316755e-05,0.04719285499595571,0.0,0.04721729300217703,path,1,b9507383140de6a58672ce46c2997b137502335698a91424b2b0e8568f0dbdb2,1.7763568394002505e-14
64,1108,4,BB-RL,32.999999999999964,0.08706333499867469,0.03967816100339405,3.7099962355569005e-06,0.1267452059983043,envelope,2,598e43c27ea244ee50b0e47beaf6b7901b638dc6fadc6a0bea19ca704784bf41,1.4210854715202004e-14
64,1128,0,MAC,21.16920708815199,2.5022993213497102e-05,0.04710749701189343,0.0,0.047132520005106926,path,1,8f168dbf1cb63f30ea2a467a2447d8394981e726c6e527d7697d5d1ad36ae7c0,2.1316282072803006e-14
64,1128,0,BB-RL,32.999999999999936,0.08684154800721444,0.04537478099518921,3.7010031519457698e-06,0.1322200300055556,envelope,2,c0d9fb17796a21a2fdffe808dd84d3f42e8ee9149f7168c958e515863584a1d2,4.263256414560601e-14
64,1128,1,BB-RL,32.999999999999936,0.08643460400344338,0.045473984006093815,3.6949932109564543e-06,0.13191228300274815,envelope,2,c0d9fb17796a21a2fdffe808dd84d3f42e8ee9149f7168c958e515863584a1d2,2.1316282072803006e-14
64,1128,1,MAC,21.16920708815199,2.5075991288758814e-05,0.04717912200430874,0.0,0.0472041979955975,path,1,8f168dbf1cb63f30ea2a467a2447d8394981e726c6e527d7697d5d1ad36ae7c0,2.1316282072803006e-14
64,1128,2,MAC,21.16920708815199,2.431099710520357e-05,0.04713463500957005,0.0,0.04715894600667525,path,1,8f168dbf1cb63f30ea2a467a2447d8394981e726c6e527d7697d5d1ad36ae7c0,2.1316282072803006e-14
64,1128,2,BB-RL,32.999999999999936,0.08688113100652117,0.045482089000870474,3.7399877328425646e-06,0.1323669599951245,envelope,2,c0d9fb17796a21a2fdffe808dd84d3f42e8ee9149f7168c958e515863584a1d2,2.1316282072803006e-14
64,1128,3,BB-RL,32.999999999999936,0.08581071300432086,0.04541588999563828,3.5910052247345448e-06,0.13123019400518388,envelope,2,c0d9fb17796a21a2fdffe808dd84d3f42e8ee9149f7168c958e515863584a1d2,4.263256414560601e-14
64,1128,3,MAC,21.16920708815199,2.5025990908034146e-05,0.04719151899917051,0.0,0.047216544990078546,path,1,8f168dbf1cb63f30ea2a467a2447d8394981e726c6e527d7697d5d1ad36ae7c0,2.1316282072803006e-14
64,1128,4,MAC,21.16920708815199,2.4510998628102243e-05,0.04715982801280916,0.0,0.04718433901143726,path,1,8f168dbf1cb63f30ea2a467a2447d8394981e726c6e527d7697d5d1ad36ae7c0,2.1316282072803006e-14
64,1128,4,BB-RL,32.999999999999936,0.08611167200433556,0.04532004399516154,3.7179997889325023e-06,0.13143543399928603,envelope,2,c0d9fb17796a21a2fdffe808dd84d3f42e8ee9149f7168c958e515863584a1d2,2.1316282072803006e-14
64,1148,0,MAC,25.04481652677424,2.5004992494359612e-05,0.047294214004068635,0.0,0.047319218996562995,path,1,bed14b275324bc3eb676ce791262ce8404b2dd39a6e578d7f971ed956a1f6f33,1.0658141036401503e-14
64,1148,0,BB-RL,33.999999999999936,0.08655918898875825,0.03388220100896433,3.837994881905615e-06,0.12044522799260449,envelope,2,61213b46fda5e5a15be68b4db478e45f7fda11716b3ad523f8ae6f28454199b1,1.4210854715202004e-14
64,1148,1,BB-RL,33.999999999999936,0.08610502199735492,0.033892696010298096,3.741995897144079e-06,0.12000146000355016,envelope,2,61213b46fda5e5a15be68b4db478e45f7fda11716b3ad523f8ae6f28454199b1,1.4210854715202004e-14
64,1148,1,MAC,25.04481652677424,2.536899410188198e-05,0.047170649995678104,0.0,0.047196018989779986,path,1,bed14b275324bc3eb676ce791262ce8404b2dd39a6e578d7f971ed956a1f6f33,1.0658141036401503e-14
64,1148,2,MAC,25.04481652677424,3.2423995435237885e-05,0.047059529009857215,0.0,0.04709195300529245,path,1,bed14b275324bc3eb676ce791262ce8404b2dd39a6e578d7f971ed956a1f6f33,1.0658141036401503e-14
64,1148,2,BB-RL,33.999999999999936,0.08668664899596479,0.03393484599655494,3.854001988656819e-06,0.12062534899450839,envelope,2,61213b46fda5e5a15be68b4db478e45f7fda11716b3ad523f8ae6f28454199b1,1.4210854715202004e-14
64,1148,3,BB-RL,33.999999999999936,0.08571369900892023,0.03381833499588538,3.655004547908902e-06,0.11953568900935352,envelope,2,61213b46fda5e5a15be68b4db478e45f7fda11716b3ad523f8ae6f28454199b1,1.4210854715202004e-14
64,1148,3,MAC,25.04481652677424,2.4868000764399767e-05,0.04717644100310281,0.0,0.04720130900386721,path,1,bed14b275324bc3eb676ce791262ce8404b2dd39a6e578d7f971ed956a1f6f33,1.0658141036401503e-14
64,1148,4,MAC,25.04481652677424,2.432899782434106e-05,0.0471616040013032,0.0,0.047185932999127544,path,1,bed14b275324bc3eb676ce791262ce8404b2dd39a6e578d7f971ed956a1f6f33,1.0658141036401503e-14
64,1148,4,BB-RL,33.999999999999936,0.08602063899161294,0.03384441901289392,3.76399839296937e-06,0.11986882200289983,envelope,2,61213b46fda5e5a15be68b4db478e45f7fda11716b3ad523f8ae6f28454199b1,1.4210854715202004e-14
64,1168,0,MAC,25.83838557766323,2.4957989808171988e-05,0.04714132200751919,0.0,0.047166279997327365,path,1,94239898e2f30a438f2930ef0d41c33ceb385a5a1e6cc9f11aa826c9e650bc8b,3.552713678800501e-15
64,1168,0,BB-RL,33.99999999999991,0.08626550500048324,0.039980753004783764,3.934997948817909e-06,0.12625019300321583,envelope,2,2740bfa5ce9bbddba17fee9d6ae2c5ea665f9f6dca7a451973538f79323bc6fd,2.842170943040401e-14
64,1168,1,BB-RL,33.99999999999991,0.0865788349910872,0.03997522100689821,3.769004251807928e-06,0.12655782500223722,envelope,2,2740bfa5ce9bbddba17fee9d6ae2c5ea665f9f6dca7a451973538f79323bc6fd,2.842170943040401e-14
64,1168,1,MAC,25.83838557766323,2.510499325580895e-05,0.04716378799639642,0.0,0.04718889298965223,path,1,94239898e2f30a438f2930ef0d41c33ceb385a5a1e6cc9f11aa826c9e650bc8b,3.552713678800501e-15
64,1168,2,MAC,25.83838557766323,2.458800736349076e-05,0.047158822999335825,0.0,0.047183411006699316,path,1,94239898e2f30a438f2930ef0d41c33ceb385a5a1e6cc9f11aa826c9e650bc8b,3.552713678800501e-15
64,1168,2,BB-RL,33.99999999999991,0.08675400400534272,0.03996513699530624,3.7349964259192348e-06,0.12672287599707488,envelope,2,2740bfa5ce9bbddba17fee9d6ae2c5ea665f9f6dca7a451973538f79323bc6fd,2.842170943040401e-14
64,1168,3,BB-RL,33.99999999999991,0.08599333099846262,0.0399720090063056,3.5999983083456755e-06,0.12596894000307657,envelope,2,2740bfa5ce9bbddba17fee9d6ae2c5ea665f9f6dca7a451973538f79323bc6fd,2.842170943040401e-14
64,1168,3,MAC,25.83838557766323,2.5073997676372528e-05,0.04721064699697308,0.0,0.047235720994649455,path,1,94239898e2f30a438f2930ef0d41c33ceb385a5a1e6cc9f11aa826c9e650bc8b,3.552713678800501e-15
64,1168,4,MAC,25.83838557766323,2.438700175844133e-05,0.04716909900889732,0.0,0.04719348601065576,path,1,94239898e2f30a438f2930ef0d41c33ceb385a5a1e6cc9f11aa826c9e650bc8b,3.552713678800501e-15
64,1168,4,BB-RL,33.99999999999991,0.08644238198758103,0.040000956010771915,3.736990038305521e-06,0.12644707498839125,envelope,2,2740bfa5ce9bbddba17fee9d6ae2c5ea665f9f6dca7a451973538f79323bc6fd,2.842170943040401e-14
64,1187,0,BB-RL,34.00000000000001,0.08036967299995013,0.04405414799111895,3.7190038710832596e-06,0.12442753999494016,cayley,2,2b07bbd7e81d122684e6a3f5e888f93b143ee29759adc9dbad7d915932ec6d8a,4.263256414560601e-14
64,1187,0,MAC,27.8032355498314,2.4872002541087568e-05,0.04699446799349971,0.0,0.0470193399960408,path,1,0775220c45251c01c9ee1a1e248810d3189052a3f013935693e73d8ae22dbcdd,0.0
64,1187,1,MAC,27.8032355498314,2.48220021603629e-05,0.046956118996604346,0.0,0.04698094099876471,path,1,0775220c45251c01c9ee1a1e248810d3189052a3f013935693e73d8ae22dbcdd,0.0
64,1187,1,BB-RL,34.00000000000002,0.0798249680083245,0.0440887059958186,3.6330020520836115e-06,0.12391730700619519,cayley,2,aa25c9801ed29f7385d43255b787801d73f73c7cb556b979bdd6018391b55379,4.263256414560601e-14
64,1187,2,BB-RL,34.0,0.08260300300025847,0.04416586400475353,3.7680001696571708e-06,0.12677263500518166,cayley,2,feb3111d026026e7f3fb7d413fdf0c542a9b59caff7bd13accbb608f52d0aebd,4.263256414560601e-14
64,1187,2,MAC,27.8032355498314,2.4941997253336012e-05,0.04695029299182352,0.0,0.04697523498907685,path,1,0775220c45251c01c9ee1a1e248810d3189052a3f013935693e73d8ae22dbcdd,0.0
64,1187,3,MAC,27.8032355498314,2.4370005121454597e-05,0.04687908699270338,0.0,0.04690345699782483,path,1,0775220c45251c01c9ee1a1e248810d3189052a3f013935693e73d8ae22dbcdd,0.0
64,1187,3,BB-RL,34.000000000000014,0.08208172000013292,0.04411487600009423,3.848996129818261e-06,0.12620044499635696,cayley,2,dc0182f8a21ea1cd152b818b07a78ec01ae97df0dfd354373bf71bebe62d69d1,7.105427357601002e-14
64,1187,4,BB-RL,34.0,0.07898111200483982,0.04408117900311481,3.5760022001340985e-06,0.12306586701015476,cayley,2,654dbf8c720d0a3d47bba177702305c2bc9c50b389dbf269a87dee05e2f7efc3,4.263256414560601e-14
64,1187,4,MAC,27.8032355498314,2.463300188537687e-05,0.04741965299763251,0.0,0.04744428599951789,path,1,0775220c45251c01c9ee1a1e248810d3189052a3f013935693e73d8ae22dbcdd,0.0
64,1207,0,BB-RL,34.999999999999964,0.08084655599668622,0.03778683100244962,3.592009306885302e-06,0.11863697900844272,envelope,2,723d105abae3e0490128edcc4306fd6b78bddc71e39b3da28a9a7aff4a9ea886,3.552713678800501e-14
64,1207,0,MAC,27.94228393940445,2.4976005079224706e-05,0.04710682800214272,0.0,0.047131804007221945,path,1,93e8851431dafc332e57aa3c185a9ae226b86a9937ddb95bfa6d9d2c5bc907f5,7.105427357601002e-15
64,1207,1,MAC,27.94228393940445,2.4513996322639287e-05,0.04712079599266872,0.0,0.04714530998899136,path,1,93e8851431dafc332e57aa3c185a9ae226b86a9937ddb95bfa6d9d2c5bc907f5,7.105427357601002e-15
64,1207,1,BB-RL,34.999999999999964,0.08004981999692973,0.03775695100193843,4.189991159364581e-06,0.11781096099002752,envelope,2,723d105abae3e0490128edcc4306fd6b78bddc71e39b3da28a9a7aff4a9ea886,9.947598300641403e-14
64,1207,2,BB-RL,34.999999999999964,0.08316750499943737,0.037769475995446555,4.175002686679363e-06,0.1209411559975706,envelope,2,723d105abae3e0490128edcc4306fd6b78bddc71e39b3da28a9a7aff4a9ea886,3.552713678800501e-14
64,1207,2,MAC,27.94228393940445,2.508200122974813e-05,0.047242009997717105,0.0,0.04726709199894685,path,1,93e8851431dafc332e57aa3c185a9ae226b86a9937ddb95bfa6d9d2c5bc907f5,7.105427357601002e-15
64,1207,3,MAC,27.94228393940445,2.459299867041409e-05,0.04734975199971814,0.0,0.04737434499838855,path,1,93e8851431dafc332e57aa3c185a9ae226b86a9937ddb95bfa6d9d2c5bc907f5,7.105427357601002e-15
64,1207,3,BB-RL,34.999999999999964,0.08174912999675144,0.037695341001381166,4.0299928514286876e-06,0.11944850099098403,envelope,2,723d105abae3e0490128edcc4306fd6b78bddc71e39b3da28a9a7aff4a9ea886,3.552713678800501e-14
64,1207,4,BB-RL,34.999999999999964,0.07860895000339951,0.03770033000910189,3.659995854832232e-06,0.11631294000835624,envelope,2,723d105abae3e0490128edcc4306fd6b78bddc71e39b3da28a9a7aff4a9ea886,3.552713678800501e-14
64,1207,4,MAC,27.94228393940445,2.4980996386148036e-05,0.04720208200160414,0.0,0.04722706299799029,path,1,93e8851431dafc332e57aa3c185a9ae226b86a9937ddb95bfa6d9d2c5bc907f5,7.105427357601002e-15
64,1227,0,BB-RL,35.42836855753063,0.08206466300180182,0.04351558799680788,3.754001227207482e-06,0.1255840049998369,cayley,2,e05eea56575df8ec6dd579060127b3984d89dad705cf63c7434628274191d698,3.552713678800501e-14
64,1227,0,MAC,28.340531276334595,2.505000156816095e-05,0.046956744001363404,0.0,0.046981794002931565,path,1,565ed2ccffe33a7ee35c0d1490f173678bc7bd93c19771792542e25e63f0be99,0.0
64,1227,1,MAC,28.340531276334595,2.4665991077199578e-05,0.04688388400245458,0.0,0.04690854999353178,path,1,565ed2ccffe33a7ee35c0d1490f173678bc7bd93c19771792542e25e63f0be99,0.0
64,1227,1,BB-RL,35.412694823391256,0.08125132299028337,0.043602958001429215,3.7620047805830836e-06,0.12485804299649317,cayley,2,4750df70d72ca6a7559f950689485a82072d97cfc12b2983d43c9c7ca4114a98,3.552713678800501e-14
64,1227,2,BB-RL,35.39986972103931,0.08362819800095167,0.04347830600454472,3.7199934013187885e-06,0.1271102239988977,cayley,2,0933dd357d295f694780ebfc34924d84844a8050449fc90ce42d3e08c6f3ceb6,2.1316282072803006e-14
64,1227,2,MAC,28.340531276334595,2.483499702066183e-05,0.04700102101196535,0.0,0.04702585600898601,path,1,565ed2ccffe33a7ee35c0d1490f173678bc7bd93c19771792542e25e63f0be99,0.0
64,1227,3,MAC,28.340531276334595,2.4334993213415146e-05,0.04695724400517065,0.0,0.046981578998384066,path,1,565ed2ccffe33a7ee35c0d1490f173678bc7bd93c19771792542e25e63f0be99,0.0
64,1227,3,BB-RL,35.42836855753063,0.08409612700052094,0.043495039994013496,3.7800054997205734e-06,0.12759494700003415,cayley,2,e05eea56575df8ec6dd579060127b3984d89dad705cf63c7434628274191d698,3.552713678800501e-14
64,1227,4,BB-RL,35.430949240964885,0.08117399099864997,0.04352015299082268,3.645007382147014e-06,0.1246977889968548,cayley,2,77657105ca1b54e4b6f08f019d7495c5ce29fb40e2163f061c2e5cf94f2edd1a,2.1316282072803006e-14
64,1227,4,MAC,28.340531276334595,2.49479926424101e-05,0.04692722699837759,0.0,0.04695217499102,path,1,565ed2ccffe33a7ee35c0d1490f173678bc7bd93c19771792542e25e63f0be99,0.0
64,1246,0,MAC,29.046587540603948,2.792599843814969e-05,0.04732484300620854,0.0,0.04735276900464669,path,1,a4c38e3b29f4819e6d9cdecb68891bdb6145b7f17971e7e8e78c17a6efd67fd2,0.0
64,1246,0,BB-RL,36.29843788128357,0.05090716099948622,0.019882792999851517,3.7099962355569005e-06,0.0707936639955733,cayley,2,49d7959be3da0c86b55fb11b6f9f708e5579000e056a4f8f1cd07fb0b7d067b3,3.552713678800501e-14
64,1246,1,BB-RL,36.014216064417376,0.04978551299427636,0.020542161000776105,3.8330035749822855e-06,0.07033150699862745,cayley,2,3671c6eb3b46916bc94691c26f3fab0f77708f4291ef7e0cb1a18ee4426d81a9,4.263256414560601e-14
64,1246,1,MAC,29.046587540603948,2.4950000806711614e-05,0.04720940899278503,0.0,0.04723435899359174,path,1,a4c38e3b29f4819e6d9cdecb68891bdb6145b7f17971e7e8e78c17a6efd67fd2,0.0
64,1246,2,MAC,29.046587540603948,2.4465000024065375e-05,0.04715069899975788,0.0,0.047175163999781944,path,1,a4c38e3b29f4819e6d9cdecb68891bdb6145b7f17971e7e8e78c17a6efd67fd2,0.0
64,1246,2,BB-RL,36.0135016281654,0.05090541399840731,0.020543088001431897,3.745008143596351e-06,0.0714522470079828,cayley,2,c4baf2d568eee6b40201d8bdd34557cf40b21ef5492ec6ff83bbabc9a096d81c,4.263256414560601e-14
64,1246,3,BB-RL,36.01888001014274,0.05202325798745733,0.02056753401120659,3.592998837120831e-06,0.07259438499750104,cayley,2,010d6f8de05eb78843068317313555c1c41f1384edf7e7980f57afdac4ef6913,3.552713678800501e-14
64,1246,3,MAC,29.046587540603948,2.48220021603629e-05,0.047452166996663436,0.0,0.0474769889988238,path,1,a4c38e3b29f4819e6d9cdecb68891bdb6145b7f17971e7e8e78c17a6efd67fd2,0.0
64,1246,4,MAC,29.046587540603948,2.4565000785514712e-05,0.04757242099731229,0.0,0.04759698599809781,path,1,a4c38e3b29f4819e6d9cdecb68891bdb6145b7f17971e7e8e78c17a6efd67fd2,0.0
64,1246,4,BB-RL,36.01500191724123,0.04916993599908892,0.020521490994724445,3.702007234096527e-06,0.06969512900104746,cayley,2,5d2b8caa050a0b4b44f0b00cf5ef6e6e4078ad7f89a26d5898d5bc86123946ce,3.552713678800501e-14
64,1266,0,MAC,29.836034143517246,2.4674998712725937e-05,0.04731895599979907,0.0,0.0473436309985118,path,1,71b20001aa17fd59f1ab620c78e61caa7b01bb1aa4bdd4ce27e73adf6e384217,2.4868995751603507e-14
64,1266,0,BB-RL,36.02574686300482,0.0432974940049462,0.052579625000362284,3.7150020943954587e-06,0.09588083400740288,cayley,2,5b7ffac528e4d951b66e40ea9804add24a10f78f845ce754f15f964ebabfeca7,3.552713678800501e-14
64,1266,1,BB-RL,36.298437881283554,0.04223114499473013,0.05167963600251824,3.598004695959389e-06,0.09391437900194433,cayley,2,ac07f82952cbbf8bc3fdc3699b9672dcc7799b9f3d24e27dadc425fb530eee10,3.552713678800501e-14
64,1266,1,MAC,29.836034143517246,2.4921013391576707e-05,0.047333059992524795,0.0,0.04735798100591637,path,1,71b20001aa17fd59f1ab620c78e61caa7b01bb1aa4bdd4ce27e73adf6e384217,2.4868995751603507e-14
64,1266,2,MAC,29.836034143517246,2.454899367876351e-05,0.047347875995910726,0.0,0.04737242498958949,path,1,71b20001aa17fd59f1ab620c78e61caa7b01bb1aa4bdd4ce27e73adf6e384217,2.4868995751603507e-14
64,1266,2,BB-RL,36.29843788128357,0.04271236699423753,0.05176709899387788,3.749009920284152e-06,0.09448321499803569,cayley,2,1acb016f5f9e54038e742e1ef6cff69e0ab95817be85f417ceb9e129f0a66c71,3.552713678800501e-14
64,1266,3,BB-RL,36.29945636832591,0.043282394006382674,0.051725215002079494,3.7999998312443495e-06,0.09501140900829341,cayley,2,b3b02e9849a053b4721882cab05cabc46fc5c025479439adaff13af8a97235e6,3.552713678800501e-14
64,1266,3,MAC,29.836034143517246,2.509998739697039e-05,0.04738793401338626,0.0,0.04741303400078323,path,1,71b20001aa17fd59f1ab620c78e61caa7b01bb1aa4bdd4ce27e73adf6e384217,2.4868995751603507e-14
64,1266,4,MAC,29.836034143517246,2.4199005565606058e-05,0.04732193400559481,0.0,0.04734613301116042,path,1,71b20001aa17fd59f1ab620c78e61caa7b01bb1aa4bdd4ce27e73adf6e384217,2.4868995751603507e-14
64,1266,4,BB-RL,36.027466075062144,0.04305559200292919,0.0526550490030786,3.875000402331352e-06,0.09571451600641012,cayley,2,c8b78be2280cb405023fa2a959ec045e6a38b3d81dc99c356f99d39f972b2d4c,3.552713678800501e-14
64,1286,0,MAC,29.173436856548847,2.5020999601110816e-05,0.047300193007686175,0.0,0.047325214007287286,path,1,aadf03fb74da15f54bda97318cef4ec1acfb0b53e087de5eb99f86f8b4d4ca03,7.105427357601002e-15
64,1286,0,BB-RL,36.99999999999992,0.04322450399922673,0.05571193499781657,3.991008270531893e-06,0.09894043000531383,envelope,2,a6abd0b47160a903b833965ddcd9dd2ac30ec9a7de62d10f111f196b1b7c4e31,0.0
64,1286,1,BB-RL,36.99999999999992,0.04278041000361554,0.054796279000584036,3.689987352117896e-06,0.0975803789915517,envelope,2,a6abd0b47160a903b833965ddcd9dd2ac30ec9a7de62d10f111f196b1b7c4e31,1.4210854715202004e-14
64,1286,1,MAC,29.173436856548847,2.5033994461409748e-05,0.04735430200526025,0.0,0.04737933599972166,path,1,aadf03fb74da15f54bda97318cef4ec1acfb0b53e087de5eb99f86f8b4d4ca03,7.105427357601002e-15
64,1286,2,MAC,29.173436856548847,2.4510009097866714e-05,0.04726610399666242,0.0,0.04729061400576029,path,1,aadf03fb74da15f54bda97318cef4ec1acfb0b53e087de5eb99f86f8b4d4ca03,7.105427357601002e-15
64,1286,2,BB-RL,36.99999999999992,0.04258636299346108,0.05451195000205189,3.7429999792948365e-06,0.09710205599549226,envelope,2,a6abd0b47160a903b833965ddcd9dd2ac30ec9a7de62d10f111f196b1b7c4e31,1.4210854715202004e-14
64,1286,3,BB-RL,36.99999999999992,0.04333494699676521,0.054789460002211854,3.7379941204562783e-06,0.09812814499309752,envelope,2,a6abd0b47160a903b833965ddcd9dd2ac30ec9a7de62d10f111f196b1b7c4e31,1.4210854715202004e-14
64,1286,3,MAC,29.173436856548847,2.510900958441198e-05,0.04724973998963833,0.0,0.04727484899922274,path,1,aadf03fb74da15f54bda97318cef4ec1acfb0b53e087de5eb99f86f8b4d4ca03,7.105427357601002e-15
64,1286,4,MAC,29.173436856548847,2.4649008992128074e-05,0.04729071799374651,0.0,0.04731536700273864,path,1,aadf03fb74da15f54bda97318cef4ec1acfb0b53e087de5eb99f86f8b4d4ca03,7.105427357601002e-15
64,1286,4,BB-RL,36.99999999999992,0.04321526900457684,0.05582004399911966,3.7279969546943903e-06,0.0990390410006512,envelope,2,a6abd0b47160a903b833965ddcd9dd2ac30ec9a7de62d10f111f196b1b7c4e31,7.105427357601002e-15
64,1306,0,MAC,30.795843265765154,2.501500421203673e-05,0.04721008500200696,0.0,0.047235100006219,path,1,7ec26fadd8012ce303799e57d47b49143c2fea9058adaba8e53f530ad55f0762,2.1316282072803006e-14
64,1306,0,BB-RL,38.999999999999936,0.01682333799544722,0.012468457003706135,3.6529963836073875e-06,0.02929544799553696,cayley,2,2b5f9424b24c970ef9b058a53e5030c74908bd34cbc953aa8e6e2b08f4103ebb,4.263256414560601e-14
64,1306,1,BB-RL,39.26794919243107,0.01710738100518938,0.011621009994996712,3.659995854832232e-06,0.028732050996040925,cayley,2,bca8b969640ee1edaad7d45d118fc79adede252f4b04d565e99d6a4dec862b4e,4.263256414560601e-14
64,1306,1,MAC,30.795843265765154,2.4963999749161303e-05,0.04723920099786483,0.0,0.04726416499761399,path,1,7ec26fadd8012ce303799e57d47b49143c2fea9058adaba8e53f530ad55f0762,2.1316282072803006e-14
64,1306,2,MAC,30.795843265765154,2.4591994588263333e-05,0.047298694000346586,0.0,0.04732328599493485,path,1,7ec26fadd8012ce303799e57d47b49143c2fea9058adaba8e53f530ad55f0762,2.1316282072803006e-14
64,1306,2,BB-RL,39.26794919243107,0.0171312449965626,0.01164560999313835,3.688008291646838e-06,0.028780542997992598,cayley,2,c4b1e74f3220e56fb99f267b7d132795e5480e905cb1c027346401444ba0a26c,4.263256414560601e-14
64,1306,3,BB-RL,39.26794919243108,0.017027302004862577,0.011642388999462128,3.971988917328417e-06,0.028673662993242033,cayley,2,020c7b4800dd1000efdbe83b6b3ff4d5e93fb7d81e4ed57abb5316aba8b2e8ad,4.263256414560601e-14
64,1306,3,MAC,30.795843265765154,2.5018001906573772e-05,0.047093059998587705,0.0,0.04711807800049428,path,1,7ec26fadd8012ce303799e57d47b49143c2fea9058adaba8e53f530ad55f0762,2.1316282072803006e-14
64,1306,4,MAC,30.795843265765154,2.4426000891253352e-05,0.04710020500351675,0.0,0.047124631004408,path,1,7ec26fadd8012ce303799e57d47b49143c2fea9058adaba8e53f530ad55f0762,2.1316282072803006e-14
64,1306,4,BB-RL,38.999999999999964,0.016888688987819478,0.012490930006606504,3.6410056054592133e-06,0.02938326000003144,cayley,2,d0d7d8979f23bde8a382b4f9ddafa9657ab8eca925d65f3915bae231928322d5,4.263256414560601e-14
64,1325,0,BB-RL,38.99999999999995,0.017157641996163875,0.02150772899040021,3.5760022001340985e-06,0.03866894698876422,envelope,2,f0a6a5b5c36ee98ee8326e75e279ca3945f1df6fe1434e6611fe7864eb9eee43,6.394884621840902e-14
64,1325,0,MAC,31.811234909640792,2.4930006475187838e-05,0.04720710100082215,0.0,0.04723203100729734,path,1,ed354a6e2f902bac106842e3b5ecb2693341a755138f480819b17bc983085ae5,1.7763568394002505e-14
64,1325,1,MAC,31.811234909640792,2.447600127197802e-05,0.04711732600117102,0.0,0.047141802002443,path,1,ed354a6e2f902bac106842e3b5ecb2693341a755138f480819b17bc983085ae5,1.7763568394002505e-14
64,1325,1,BB-RL,39.26794919243108,0.016962651992798783,0.020862220000708476,3.6510027712211013e-06,0.03782852299627848,cayley,2,a693bbd01499a361371df65926b89af1c90f6ea4c3ee63befc0e4a58c947233f,6.394884621840902e-14
64,1325,2,BB-RL,39.2679491924311,0.017109011008869857,0.020762606989592314,3.502005711197853e-06,0.03787512000417337,cayley,2,6899a28f4a4263dce039a4df93fdef16540919476c45bbc27500bd184e2ad26c,6.394884621840902e-14
64,1325,2,MAC,31.811234909640792,2.4986991775222123e-05,0.04706194900791161,0.0,0.04708693599968683,path,1,ed354a6e2f902bac106842e3b5ecb2693341a755138f480819b17bc983085ae5,1.7763568394002505e-14
64,1325,3,MAC,31.811234909640792,2.4356006179004908e-05,0.047000733989989385,0.0,0.04702508999616839,path,1,ed354a6e2f902bac106842e3b5ecb2693341a755138f480819b17bc983085ae5,1.7763568394002505e-14
64,1325,3,BB-RL,39.26794919243107,0.017478156005381607,0.02086385799339041,3.4990080166608095e-06,0.03834551300678868,cayley,2,b51aa259bd103a5caa921464f184727746fbd35421b038fe2de4a9fa2e754e64,6.394884621840902e-14
64,1325,4,BB-RL,38.99999999999995,0.016899759997613728,0.021586500995908864,3.635010216385126e-06,0.03848989600373898,envelope,2,f0a6a5b5c36ee98ee8326e75e279ca3945f1df6fe1434e6611fe7864eb9eee43,6.394884621840902e-14
64,1325,4,MAC,31.811234909640792,2.4030989152379334e-05,0.04699510399950668,0.0,0.04701913498865906,path,1,ed354a6e2f902bac106842e3b5ecb2693341a755138f480819b17bc983085ae5,1.7763568394002505e-14
64,1345,0,BB-RL,39.999999999999936,0.017237898995517753,0.040099461999488994,3.679000656120479e-06,0.05734103999566287,envelope,2,545ce74b6d6f0789e4960f8158c49fb73f9b28d3170bc9751b522e7f893f3460,4.263256414560601e-14
64,1345,0,MAC,32.229350760250306,2.4982000468298793e-05,0.04751483799191192,0.0,0.04753981999238022,path,1,e89e893327b4add6f6d785cd46e4a1ea94e75bdac0adc57ce1dd623a23fbb492,4.973799150320701e-14
64,1345,1,MAC,32.229350760250306,2.4500011932104826e-05,0.04725479400076438,0.0,0.04727929401269648,path,1,e89e893327b4add6f6d785cd46e4a1ea94e75bdac0adc57ce1dd623a23fbb492,4.973799150320701e-14
64,1345,1,BB-RL,39.999999999999936,0.017335069991531782,0.03974787800689228,3.7489953683689237e-06,0.05708669699379243,envelope,2,545ce74b6d6f0789e4960f8158c49fb73f9b28d3170bc9751b522e7f893f3460,4.263256414560601e-14
64,1345,2,BB-RL,39.999999999999936,0.01685103098861873,0.03971564800303895,3.6190031096339226e-06,0.056570297994767316,envelope,2,545ce74b6d6f0789e4960f8158c49fb73f9b28d3170bc9751b522e7f893f3460,4.263256414560601e-14
64,1345,2,MAC,32.229350760250306,2.4815992219373584e-05,0.04728137599886395,0.0,0.047306191991083324,path,1,e89e893327b4add6f6d785cd46e4a1ea94e75bdac0adc57ce1dd623a23fbb492,4.973799150320701e-14
64,1345,3,MAC,32.229350760250306,2.4576002033427358e-05,0.047162105998722836,0.0,0.047186682000756264,path,1,e89e893327b4add6f6d785cd46e4a1ea94e75bdac0adc57ce1dd623a23fbb492,4.973799150320701e-14
64,1345,3,BB-RL,39.999999999999936,0.017354605995933525,0.03974598500644788,3.7019926821812987e-06,0.05710429299506359,envelope,2,545ce74b6d6f0789e4960f8158c49fb73f9b28d3170bc9751b522e7f893f3460,4.263256414560601e-14
64,1345,4,BB-RL,39.999999999999936,0.017155373003333807,0.04027842100185808,3.903987817466259e-06,0.05743769799300935,envelope,2,545ce74b6d6f0789e4960f8158c49fb73f9b28d3170bc9751b522e7f893f3460,4.263256414560601e-14
64,1345,4,MAC,32.229350760250306,2.4654000299051404e-05,0.0473217380058486,0.0,0.04734639200614765,path,1,e89e893327b4add6f6d785cd46e4a1ea94e75bdac0adc57ce1dd623a23fbb492,4.973799150320701e-14
64,1365,0,BB-RL,41.99999999999992,0.014062590998946689,0.005867916988790967,3.7420104490593076e-06,0.019934249998186715,envelope,2,33ade31e115c2cd04e1f5742f9769d39073780e50e1289246400d459755691ae,2.1316282072803006e-14
64,1365,0,MAC,31.235865330489286,2.4913999368436635e-05,0.04726610300713219,0.0,0.047291017006500624,path,1,7b3f2737d47706277dc7fe38da5a11cf34ae66b00dc8cc31563ccab16b7dd719,1.0658141036401503e-14
64,1365,1,MAC,31.235865330489286,3.168200782965869e-05,0.04704012499132659,0.0,0.04707180699915625,path,1,7b3f2737d47706277dc7fe38da5a11cf34ae66b00dc8cc31563ccab16b7dd719,1.0658141036401503e-14
64,1365,1,BB-RL,41.99999999999995,0.014152942996588536,0.0033395539940102026,3.720997483469546e-06,0.017496217988082208,cayley,2,5a16f5fdda24d6cab30b405b37c475ad08ac2fb65794545edc52de7a5e4d5050,2.1316282072803006e-14
64,1365,2,BB-RL,41.999999999999964,0.014295108994701877,0.003335866000270471,3.6900019040331244e-06,0.01763466499687638,cayley,2,b05565270671cb145943b15ff677e6096b2622f1914fa31fc92c5fd9e6209d17,2.1316282072803006e-14
64,1365,2,MAC,31.235865330489286,2.4766995920799673e-05,0.047111631007282995,0.0,0.047136398003203794,path,1,7b3f2737d47706277dc7fe38da5a11cf34ae66b00dc8cc31563ccab16b7dd719,1.0658141036401503e-14
64,1365,3,MAC,31.235865330489286,2.4827997549436986e-05,0.047110872008488514,0.0,0.04713570000603795,path,1,7b3f2737d47706277dc7fe38da5a11cf34ae66b00dc8cc31563ccab16b7dd719,1.0658141036401503e-14
64,1365,3,BB-RL,41.99999999999995,0.013932172005297616,0.003335493995109573,3.7709978641942143e-06,0.017271436998271383,cayley,2,0f47cd90944a003a53dfdb6cb051abbfe9322ee010a6ccdb2b98a3b0245e4974,2.842170943040401e-14
64,1365,4,BB-RL,41.999999999999936,0.014161678001983091,0.005854799004737288,3.654989995993674e-06,0.020020131996716373,cayley,2,cbe2c03c3ec9c9ef5581ac1e0593fbe47142a65d56693b448d5b8c3f4624d694,4.973799150320701e-14
64,1365,4,MAC,31.235865330489286,3.2840995118021965e-05,0.047215005004545674,0.0,0.047247845999663696,path,1,7b3f2737d47706277dc7fe38da5a11cf34ae66b00dc8cc31563ccab16b7dd719,1.0658141036401503e-14
64,1384,0,MAC,34.55635415661117,3.307900624349713e-05,0.047082225006306544,0.0,0.04711530401255004,path,1,7d8ebfe081ec06c6b2f978ac223caf80797c8f2b18575ec151754dece9bf4cd3,1.4210854715202004e-14
64,1384,0,BB-RL,41.99999999999993,0.023934447002829984,0.03699565399438143,3.6819983506575227e-06,0.06093378299556207,cayley,2,aa98eee963f676ae81597accefd0003b49ac0b2875e70540287a6e71ad9bd856,5.684341886080802e-14
64,1384,1,BB-RL,41.99999999999995,0.024673637992236763,0.036151970009086654,3.788998583331704e-06,0.06082939699990675,cayley,2,57cd0e1582a6db09a57e1ef29878d60efb89374c863f114cb3b617ac18a1c08c,5.684341886080802e-14
64,1384,1,MAC,34.55635415661117,2.5303001166321337e-05,0.047205312992446125,0.0,0.047230615993612446,path,1,7d8ebfe081ec06c6b2f978ac223caf80797c8f2b18575ec151754dece9bf4cd3,1.4210854715202004e-14
64,1384,2,MAC,34.55635415661117,2.4563007173128426e-05,0.04733099399891216,0.0,0.04735555700608529,path,1,7d8ebfe081ec06c6b2f978ac223caf80797c8f2b18575ec151754dece9bf4cd3,1.4210854715202004e-14
64,1384,2,BB-RL,41.99999999999998,0.02386546200432349,0.03631632500037085,3.989000106230378e-06,0.06018577600480057,cayley,2,76e7a2a3f97605e65f40f8fab4268d2e5bd9db1c2d27085792e5b11c64566a60,5.684341886080802e-14
64,1384,3,BB-RL,41.99999999999994,0.024046623992035165,0.03618627401010599,3.7529971450567245e-06,0.06023665099928621,cayley,2,cb7ad8e246ab9287a1dfd5cbf63f2abf5286b7c5072e077b129715426878a103,5.684341886080802e-14
64,1384,3,MAC,34.55635415661117,2.5146000552922487e-05,0.04720843999530189,0.0,0.04723358599585481,path,1,7d8ebfe081ec06c6b2f978ac223caf80797c8f2b18575ec151754dece9bf4cd3,1.4210854715202004e-14
64,1384,4,MAC,34.55635415661117,2.458399103488773e-05,0.04713759300648235,0.0,0.047162176997517236,path,1,7d8ebfe081ec06c6b2f978ac223caf80797c8f2b18575ec151754dece9bf4cd3,1.4210854715202004e-14
64,1384,4,BB-RL,41.99999999999995,0.024352093998459168,0.03695112200512085,3.726992872543633e-06,0.06130694299645256,cayley,2,846adf13a956f5744b3fbe4a3da2ec0eee2de79346677c264bd019a7110229b2,5.684341886080802e-14
64,1404,0,MAC,35.812072732584035,2.4802997359074652e-05,0.04722818700247444,0.0,0.04725298999983352,path,1,4ec7d9f1ba273c65a90033fa85c7d6b1bbd522a8394c9264b82db5d8b8a17686,1.4210854715202004e-14
64,1404,0,BB-RL,42.99999999999992,0.013331631998880766,0.06565476299147122,3.7700083339586854e-06,0.07899016499868594,envelope,2,c4d0d49573c1ffaefe1dfcf0f83004c3ae82355ee5c07dd8f5d0ca863d74b274,9.947598300641403e-14
64,1404,1,BB-RL,42.99999999999992,0.012542841010144912,0.06556716799968854,3.702996764332056e-06,0.07811371200659778,envelope,2,c4d0d49573c1ffaefe1dfcf0f83004c3ae82355ee5c07dd8f5d0ca863d74b274,9.947598300641403e-14
64,1404,1,MAC,35.812072732584035,2.4836001102812588e-05,0.04749256699869875,0.0,0.04751740299980156,path,1,4ec7d9f1ba273c65a90033fa85c7d6b1bbd522a8394c9264b82db5d8b8a17686,1.4210854715202004e-14
64,1404,2,MAC,35.812072732584035,2.4622000637464225e-05,0.04731476500455756,0.0,0.04733938700519502,path,1,4ec7d9f1ba273c65a90033fa85c7d6b1bbd522a8394c9264b82db5d8b8a17686,1.4210854715202004e-14
64,1404,2,BB-RL,42.99999999999992,0.012790392996976152,0.06588949399883859,3.6700075725093484e-06,0.07868355700338725,envelope,2,c4d0d49573c1ffaefe1dfcf0f83004c3ae82355ee5c07dd8f5d0ca863d74b274,9.947598300641403e-14
64,1404,3,BB-RL,42.99999999999992,0.013328717992408201,0.0657945780112641,3.6629935493692756e-06,0.07912695899722166,envelope,2,c4d0d49573c1ffaefe1dfcf0f83004c3ae82355ee5c07dd8f5d0ca863d74b274,9.947598300641403e-14
64,1404,3,MAC,35.812072732584035,2.4581007892265916e-05,0.04711927099560853,0.0,0.0471438520035008,path,1,4ec7d9f1ba273c65a90033fa85c7d6b1bbd522a8394c9264b82db5d8b8a17686,1.4210854715202004e-14
64,1404,4,MAC,35.812072732584035,2.45039991568774e-05,0.04703484699712135,0.0,0.047059350996278226,path,1,4ec7d9f1ba273c65a90033fa85c7d6b1bbd522a8394c9264b82db5d8b8a17686,1.4210854715202004e-14
64,1404,4,BB-RL,42.99999999999992,0.012384431989630684,0.06569572500302456,3.818000550381839e-06,0.07808397499320563,envelope,2,c4d0d49573c1ffaefe1dfcf0f83004c3ae82355ee5c07dd8f5d0ca863d74b274,9.947598300641403e-14
64,1424,0,MAC,36.67707365246199,2.585399488452822e-05,0.04706126500968821,0.0,0.04708711900457274,path,1,7a91fd42da3671964e1c571eb61e90b4a4ae98e021643141855541af89b21fcd,2.842170943040401e-14
64,1424,0,BB-RL,42.999999999999936,0.011542620006366633,0.046977999998489395,3.7900026654824615e-06,0.05852441000752151,envelope,2,16c6917988ef0d2d4589651d8bca9b71ac01a6cf9326a0aac850662083fbbd9d,3.552713678800501e-14
64,1424,1,BB-RL,42.999999999999936,0.0118240089941537,0.04694852800457738,3.6569981602951884e-06,0.05877619399689138,envelope,2,16c6917988ef0d2d4589651d8bca9b71ac01a6cf9326a0aac850662083fbbd9d,3.552713678800501e-14
64,1424,1,MAC,36.67707365246199,2.4788998416624963e-05,0.047093072993448004,0.0,0.04711786199186463,path,1,7a91fd42da3671964e1c571eb61e90b4a4ae98e021643141855541af89b21fcd,2.842170943040401e-14
64,1424,2,MAC,36.67707365246199,2.516699896659702e-05,0.04709577199537307,0.0,0.04712093899433967,path,1,7a91fd42da3671964e1c571eb61e90b4a4ae98e021643141855541af89b21fcd,2.842170943040401e-14
64,1424,2,BB-RL,42.999999999999936,0.011557338992133737,0.0468749460123945,3.6479905247688293e-06,0.05843593299505301,envelope,2,16c6917988ef0d2d4589651d8bca9b71ac01a6cf9326a0aac850662083fbbd9d,3.552713678800501e-14
64,1424,3,BB-RL,42.999999999999936,0.011862825995194726,0.04690758300421294,3.716995706781745e-06,0.058774125995114446,envelope,2,16c6917988ef0d2d4589651d8bca9b71ac01a6cf9326a0aac850662083fbbd9d,3.552713678800501e-14
64,1424,3,MAC,36.67707365246199,2.516299718990922e-05,0.04727374599315226,0.0,0.04729890899034217,path,1,7a91fd42da3671964e1c571eb61e90b4a4ae98e021643141855541af89b21fcd,2.842170943040401e-14
64,1424,4,MAC,36.67707365246199,2.4684006348252296e-05,0.04701611200289335,0.0,0.0470407960092416,path,1,7a91fd42da3671964e1c571eb61e90b4a4ae98e021643141855541af89b21fcd,2.842170943040401e-14
64,1424,4,BB-RL,42.999999999999936,0.011601157006225549,0.04685882599733304,3.7569989217445254e-06,0.058463740002480336,envelope,2,16c6917988ef0d2d4589651d8bca9b71ac01a6cf9326a0aac850662083fbbd9d,3.552713678800501e-14
64,1443,0,BB-RL,43.999999999999964,0.012000305010587908,0.0341233299986925,3.5330012906342745e-06,0.04612716801057104,envelope,2,89f050526dcd27f89abc84506c9b518d2a1c57bc1268e4038574cfedbf3daa59,7.815970093361102e-14
64,1443,0,MAC,36.85937149652333,2.480899274814874e-05,0.04733814600331243,0.0,0.04736295499606058,path,1,97b535bae5dc33f98286108e1281795b0511c0a46f601f085d7a08b2d86e055a,7.105427357601002e-15
64,1443,1,MAC,36.85937149652333,2.4769993615336716e-05,0.04730670900607947,0.0,0.04733147899969481,path,1,97b535bae5dc33f98286108e1281795b0511c0a46f601f085d7a08b2d86e055a,7.105427357601002e-15
64,1443,1,BB-RL,43.999999999999964,0.012391878990456462,0.03416315400681924,3.7299905670806766e-06,0.04655876298784278,envelope,2,89f050526dcd27f89abc84506c9b518d2a1c57bc1268e4038574cfedbf3daa59,7.815970093361102e-14
64,1443,2,BB-RL,43.999999999999964,0.011711988001479767,0.0340474200056633,3.6609999369829893e-06,0.04576306900708005,envelope,2,89f050526dcd27f89abc84506c9b518d2a1c57bc1268e4038574cfedbf3daa59,7.815970093361102e-14
64,1443,2,MAC,36.85937149652333,2.483998832758516e-05,0.046922979003284127,0.0,0.04694781899161171,path,1,97b535bae5dc33f98286108e1281795b0511c0a46f601f085d7a08b2d86e055a,7.105427357601002e-15
64,1443,3,MAC,36.85937149652333,2.4729000870138407e-05,0.046998446006909944,0.0,0.04702317500778008,path,1,97b535bae5dc33f98286108e1281795b0511c0a46f601f085d7a08b2d86e055a,7.105427357601002e-15
64,1443,3,BB-RL,43.999999999999964,0.011576272998354398,0.03405617599491961,3.9230071706697345e-06,0.04563637200044468,envelope,2,89f050526dcd27f89abc84506c9b518d2a1c57bc1268e4038574cfedbf3daa59,7.815970093361102e-14
64,1443,4,BB-RL,43.999999999999964,0.011888768000062555,0.034048078989144415,3.588007530197501e-06,0.04594043499673717,envelope,2,89f050526dcd27f89abc84506c9b518d2a1c57bc1268e4038574cfedbf3daa59,7.815970093361102e-14
64,1443,4,MAC,36.85937149652333,2.447600127197802e-05,0.04702958700363524,0.0,0.04705406300490722,path,1,97b535bae5dc33f98286108e1281795b0511c0a46f601f085d7a08b2d86e055a,7.105427357601002e-15
64,1463,0,BB-RL,43.999999999999936,0.011634597001830116,0.06540849899465684,3.773006028495729e-06,0.07704686900251545,envelope,2,67ed16c96a5a16ec44f620b68365117795a5fccb54030d5b15b3cafc666e2ac4,5.684341886080802e-14
64,1463,0,MAC,37.48913101249364,2.445399877615273e-05,0.04734520100464579,0.0,0.04736965500342194,path,1,030e8a2154e8be0ce3d905264bf13a5c9171b7058270a9ed5b23b94690203f0e,2.1316282072803006e-14
64,1463,1,MAC,37.48913101249364,2.4020991986617446e-05,0.04733015800593421,0.0,0.047354178997920826,path,1,030e8a2154e8be0ce3d905264bf13a5c9171b7058270a9ed5b23b94690203f0e,2.1316282072803006e-14
64,1463,1,BB-RL,43.999999999999936,0.01230795199808199,0.0655014240037417,3.6760029615834355e-06,0.07781305200478528,envelope,2,67ed16c96a5a16ec44f620b68365117795a5fccb54030d5b15b3cafc666e2ac4,5.684341886080802e-14
64,1463,2,BB-RL,43.999999999999936,0.01157285799854435,0.06531667501258198,3.707988071255386e-06,0.07689324099919759,envelope,2,67ed16c96a5a16ec44f620b68365117795a5fccb54030d5b15b3cafc666e2ac4,5.684341886080802e-14
64,1463,2,MAC,37.48913101249364,2.5039989850483835e-05,0.04730533000838477,0.0,0.047330369998235255,path,1,030e8a2154e8be0ce3d905264bf13a5c9171b7058270a9ed5b23b94690203f0e,2.1316282072803006e-14
64,1463,3,MAC,37.48913101249364,2.456099900882691e-05,0.04724805700243451,0.0,0.047272618001443334,path,1,030e8a2154e8be0ce3d905264bf13a5c9171b7058270a9ed5b23b94690203f0e,2.1316282072803006e-14
64,1463,3,BB-RL,43.999999999999936,0.011655797992716543,0.0654024530085735,3.535998985171318e-06,0.07706178700027522,envelope,2,67ed16c96a5a16ec44f620b68365117795a5fccb54030d5b15b3cafc666e2ac4,5.684341886080802e-14
64,1463,4,BB-RL,43.999999999999936,0.012647213006857783,0.06534809799632058,3.6240089684724808e-06,0.07799893501214683,envelope,2,67ed16c96a5a16ec44f620b68365117795a5fccb54030d5b15b3cafc666e2ac4,5.684341886080802e-14
64,1463,4,MAC,37.48913101249364,2.4665991077199578e-05,0.047423003998119384,0.0,0.047447669989196584,path,1,030e8a2154e8be0ce3d905264bf13a5c9171b7058270a9ed5b23b94690203f0e,2.1316282072803006e-14
64,1483,0,BB-RL,44.999999999999936,0.010722171005909331,0.013739096000790596,3.7449935916811228e-06,0.02446501200029161,envelope,2,48d366072ef32fe15ba93fc2cdc92c79096f34492766e2cca3fc8c50b717b4f3,5.684341886080802e-14
64,1483,0,MAC,38.308560953212954,2.5004002964124084e-05,0.04709702599211596,0.0,0.047122029995080084,path,1,e808a0a1858cd375f142220145a050e2eed223e1102311308c606b68d602e212,7.105427357601002e-15
64,1483,1,MAC,38.308560953212954,2.4430992198176682e-05,0.04714847300783731,0.0,0.04717290400003549,path,1,e808a0a1858cd375f142220145a050e2eed223e1102311308c606b68d602e212,7.105427357601002e-15
64,1483,1,BB-RL,44.999999999999936,0.010651851989678107,0.013758932007476687,3.5900011425837874e-06,0.02441437399829738,envelope,2,48d366072ef32fe15ba93fc2cdc92c79096f34492766e2cca3fc8c50b717b4f3,5.684341886080802e-14
64,1483,2,BB-RL,44.999999999999936,0.01102592798997648,0.013724750009714626,3.7909921957179904e-06,0.024754468991886824,envelope,2,48d366072ef32fe15ba93fc2cdc92c79096f34492766e2cca3fc8c50b717b4f3,5.684341886080802e-14
64,1483,2,MAC,38.308560953212954,2.5251007173210382e-05,0.047120734001509845,0.0,0.047145985008683056,path,1,e808a0a1858cd375f142220145a050e2eed223e1102311308c606b68d602e212,7.105427357601002e-15
64,1483,3,MAC,38.308560953212954,2.3838001652620733e-05,0.047121153998887166,0.0,0.04714499200053979,path,1,e808a0a1858cd375f142220145a050e2eed223e1102311308c606b68d602e212,7.105427357601002e-15
64,1483,3,BB-RL,44.999999999999936,0.011232484990614466,0.013840384010109119,3.7769932532683015e-06,0.025076645993976854,envelope,2,48d366072ef32fe15ba93fc2cdc92c79096f34492766e2cca3fc8c50b717b4f3,5.684341886080802e-14
64,1483,4,BB-RL,44.999999999999936,0.011475153994979337,0.01371970699983649,3.6620040191337466e-06,0.02519852299883496,envelope,2,48d366072ef32fe15ba93fc2cdc92c79096f34492766e2cca3fc8c50b717b4f3,5.684341886080802e-14
64,1483,4,MAC,38.308560953212954,2.4769004085101187e-05,0.04719567899883259,0.0,0.04722044800291769,path,1,e808a0a1858cd375f142220145a050e2eed223e1102311308c606b68d602e212,7.105427357601002e-15
64,1503,0,BB-RL,44.99999999999992,0.011344047001330182,0.045011624999460764,3.7040008464828134e-06,0.05635937600163743,envelope,2,b386618e5fb5f49a1956417c43939e5316f231ca3dd278b43141b1bc6e2b62e0,7.815970093361102e-14
64,1503,0,MAC,36.17838622941607,2.4918001145124435e-05,0.04737528698751703,0.0,0.047400204988662153,path,1,a02f5d42965743e6c0269bda0620435d5f922b3b6bd17d03bdebed65510ef5ae,1.4210854715202004e-14
64,1503,1,MAC,36.17838622941607,2.452600165270269e-05,0.04730570100946352,0.0,0.04733022701111622,path,1,a02f5d42965743e6c0269bda0620435d5f922b3b6bd17d03bdebed65510ef5ae,1.4210854715202004e-14
64,1503,1,BB-RL,44.99999999999992,0.011448730991105549,0.04502140400290955,3.8059952203184366e-06,0.056473940989235416,envelope,2,b386618e5fb5f49a1956417c43939e5316f231ca3dd278b43141b1bc6e2b62e0,2.842170943040401e-14
64,1503,2,BB-RL,44.99999999999992,0.011508923998917453,0.045027838001260534,3.7769932532683015e-06,0.056540538993431255,envelope,2,b386618e5fb5f49a1956417c43939e5316f231ca3dd278b43141b1bc6e2b62e0,2.842170943040401e-14
64,1503,2,MAC,36.17838622941607,2.5569999706931412e-05,0.04721185300149955,0.0,0.04723742300120648,path,1,a02f5d42965743e6c0269bda0620435d5f922b3b6bd17d03bdebed65510ef5ae,1.4210854715202004e-14
64,1503,3,MAC,36.17838622941607,2.4626991944387555e-05,0.04726168200431857,0.0,0.04728630899626296,path,1,a02f5d42965743e6c0269bda0620435d5f922b3b6bd17d03bdebed65510ef5ae,1.4210854715202004e-14
64,1503,3,BB-RL,44.99999999999992,0.010697439996874891,0.045188415999291465,3.669003490358591e-06,0.055889524999656714,envelope,2,b386618e5fb5f49a1956417c43939e5316f231ca3dd278b43141b1bc6e2b62e0,2.1316282072803006e-14
64,1503,4,BB-RL,44.99999999999992,0.01137252499756869,0.045052924993797205,3.702007234096527e-06,0.05642915199859999,envelope,2,b386618e5fb5f49a1956417c43939e5316f231ca3dd278b43141b1bc6e2b62e0,2.1316282072803006e-14
64,1503,4,MAC,36.17838622941607,2.4725013645365834e-05,0.04729269699600991,0.0,0.047317422009655274,path,1,a02f5d42965743e6c0269bda0620435d5f922b3b6bd17d03bdebed65510ef5ae,1.4210854715202004e-14
64,1522,0,MAC,39.48186201456409,2.4934997782111168e-05,0.047050794993992895,0.0,0.047075729991775006,path,1,87505d4ac27b7e1edf8b9ebc12548452a95a358ace89fe2b2c6c2c8be4d608ee,2.842170943040401e-14
64,1522,0,BB-RL,45.99999999999992,0.01144036500772927,0.05116448499029502,3.7990103010088205e-06,0.0626086490083253,envelope,2,efc0e1d42507d8922de5a09bbc44aa755cdd8479b467e3ae3fb2e41ff8fc3246,3.552713678800501e-14
64,1522,1,BB-RL,45.99999999999992,0.010748785003670491,0.051148701008060016,3.890992957167327e-06,0.061901377004687674,envelope,2,efc0e1d42507d8922de5a09bbc44aa755cdd8479b467e3ae3fb2e41ff8fc3246,3.552713678800501e-14
64,1522,1,MAC,39.48186201456409,2.4966007913462818e-05,0.0470565279974835,0.0,0.04708149400539696,path,1,87505d4ac27b7e1edf8b9ebc12548452a95a358ace89fe2b2c6c2c8be4d608ee,2.842170943040401e-14
64,1522,2,MAC,39.48186201456409,2.4366003344766796e-05,0.04707977898942772,0.0,0.04710414499277249,path,1,87505d4ac27b7e1edf8b9ebc12548452a95a358ace89fe2b2c6c2c8be4d608ee,2.842170943040401e-14
64,1522,2,BB-RL,45.99999999999992,0.010982904001139104,0.051226192008471116,3.7139980122447014e-06,0.062212810007622465,envelope,2,efc0e1d42507d8922de5a09bbc44aa755cdd8479b467e3ae3fb2e41ff8fc3246,3.552713678800501e-14
64,1522,3,BB-RL,45.99999999999992,0.01078128899098374,0.05123130400897935,3.765992005355656e-06,0.062016358991968445,envelope,2,efc0e1d42507d8922de5a09bbc44aa755cdd8479b467e3ae3fb2e41ff8fc3246,3.552713678800501e-14
64,1522,3,MAC,39.48186201456409,2.5179004296660423e-05,0.04706810700008646,0.0,0.04709328600438312,path,1,87505d4ac27b7e1edf8b9ebc12548452a95a358ace89fe2b2c6c2c8be4d608ee,2.842170943040401e-14
64,1522,4,MAC,39.48186201456409,2.45039991568774e-05,0.04707544199482072,0.0,0.0470999459939776,path,1,87505d4ac27b7e1edf8b9ebc12548452a95a358ace89fe2b2c6c2c8be4d608ee,2.842170943040401e-14
64,1522,4,BB-RL,45.99999999999992,0.010844928998267278,0.05110181499912869,3.6620040191337466e-06,0.061950406001415104,envelope,2,efc0e1d42507d8922de5a09bbc44aa755cdd8479b467e3ae3fb2e41ff8fc3246,7.815970093361102e-14
64,1542,0,MAC,40.42734010801298,2.478699025232345e-05,0.04702419201203156,0.0,0.047048979002283886,path,1,82ee4164464e7932a1a1978fc0f82f7843a4d505ac0f6497c9acf0cc4147bd72,1.4210854715202004e-14
64,1542,0,BB-RL,47.99999999999992,0.0024865979939932004,0.006924932997208089,2.8810027288272977e-06,0.009414411993930116,envelope,1,b0c9b14deee69ff601b98c3acdb6ff58bee4486d87232f79494af282943b344e,1.4210854715202004e-14
64,1542,1,BB-RL,47.99999999999992,0.00221961599891074,0.00684560599620454,2.864006091840565e-06,0.00906808600120712,envelope,1,b0c9b14deee69ff601b98c3acdb6ff58bee4486d87232f79494af282943b344e,1.4210854715202004e-14
64,1542,1,MAC,40.42734010801298,2.4730994482524693e-05,0.04709628700220492,0.0,0.04712101799668744,path,1,82ee4164464e7932a1a1978fc0f82f7843a4d505ac0f6497c9acf0cc4147bd72,1.4210854715202004e-14
64,1542,2,MAC,40.42734010801298,2.4759996449574828e-05,0.04702659400936682,0.0,0.04705135400581639,path,1,82ee4164464e7932a1a1978fc0f82f7843a4d505ac0f6497c9acf0cc4147bd72,1.4210854715202004e-14
64,1542,2,BB-RL,47.99999999999992,0.0022074250009609386,0.006832534010754898,2.8619979275390506e-06,0.009042821009643376,envelope,1,b0c9b14deee69ff601b98c3acdb6ff58bee4486d87232f79494af282943b344e,1.4210854715202004e-14
64,1542,3,BB-RL,47.99999999999992,0.002232647006167099,0.0068269149924162775,3.063003532588482e-06,0.009062625002115965,envelope,1,b0c9b14deee69ff601b98c3acdb6ff58bee4486d87232f79494af282943b344e,1.4210854715202004e-14
64,1542,3,MAC,40.42734010801298,2.4722001398913562e-05,0.0469320739939576,0.0,0.046956795995356515,path,1,82ee4164464e7932a1a1978fc0f82f7843a4d505ac0f6497c9acf0cc4147bd72,1.4210854715202004e-14
64,1542,4,MAC,40.42734010801298,2.461099938955158e-05,0.046904239992727526,0.0,0.04692885099211708,path,1,82ee4164464e7932a1a1978fc0f82f7843a4d505ac0f6497c9acf0cc4147bd72,1.4210854715202004e-14
64,1542,4,BB-RL,47.99999999999992,0.0023350740084424615,0.006851320998976007,2.8529902920126915e-06,0.009189247997710481,envelope,1,b0c9b14deee69ff601b98c3acdb6ff58bee4486d87232f79494af282943b344e,1.4210854715202004e-14
64,1562,0,MAC,38.09624541518361,2.5061002816073596e-05,0.047146144992439076,0.0,0.04717120599525515,path,1,c9675b0e30cf20b399e2138ad925b6762b7cacc4d4f3829f23b46677b1049f3e,3.552713678800501e-14
64,1562,0,BB-RL,47.99999999999991,0.0025227130099665374,0.02240268599416595,2.910004695877433e-06,0.024928309008828364,envelope,1,c6a271e09b8b71880d91c83cb4fd6e6fa268ff9530e78cf33d88b3d6c4adfa8d,2.1316282072803006e-14
64,1562,1,BB-RL,47.99999999999991,0.002288543008035049,0.022375115993781947,2.9009970603510737e-06,0.024666559998877347,envelope,1,c6a271e09b8b71880d91c83cb4fd6e6fa268ff9530e78cf33d88b3d6c4adfa8d,2.1316282072803006e-14
64,1562,1,MAC,38.09624541518361,2.4899010895751417e-05,0.04688362999877427,0.0,0.04690852900967002,path,1,c9675b0e30cf20b399e2138ad925b6762b7cacc4d4f3829f23b46677b1049f3e,3.552713678800501e-14
64,1562,2,MAC,38.09624541518361,2.4356995709240437e-05,0.0470204199955333,0.0,0.04704477699124254,path,1,c9675b0e30cf20b399e2138ad925b6762b7cacc4d4f3829f23b46677b1049f3e,3.552713678800501e-14
64,1562,2,BB-RL,47.99999999999991,0.0022766060137655586,0.022383985997294076,2.9329967219382524e-06,0.024663525007781573,envelope,1,c6a271e09b8b71880d91c83cb4fd6e6fa268ff9530e78cf33d88b3d6c4adfa8d,2.1316282072803006e-14
64,1562,3,BB-RL,47.99999999999991,0.0022156990016810596,0.022335546993417665,2.8740032576024532e-06,0.024554119998356327,envelope,1,c6a271e09b8b71880d91c83cb4fd6e6fa268ff9530e78cf33d88b3d6c4adfa8d,2.1316282072803006e-14
64,1562,3,MAC,38.09624541518361,2.4533001123927534e-05,0.047053984002559446,0.0,0.04707851700368337,path,1,c9675b0e30cf20b399e2138ad925b6762b7cacc4d4f3829f23b46677b1049f3e,3.552713678800501e-14
64,1562,4,MAC,38.09624541518361,2.4672001018188894e-05,0.0470035609905608,0.0,0.04702823299157899,path,1,c9675b0e30cf20b399e2138ad925b6762b7cacc4d4f3829f23b46677b1049f3e,3.552713678800501e-14
64,1562,4,BB-RL,47.99999999999991,0.002216865002992563,0.02238182599830907,2.931992639787495e-06,0.02460162299394142,envelope,1,c6a271e09b8b71880d91c83cb4fd6e6fa268ff9530e78cf33d88b3d6c4adfa8d,2.1316282072803006e-14
64,1581,0,BB-RL,47.999999999999936,0.002518246998079121,0.03687041299417615,3.0090013751760125e-06,0.039391668993630446,envelope,1,5b45f0d20381dcb94f196b263252535c346e7f41463857afdd6937d9d63b768c,2.842170943040401e-14
64,1581,0,MAC,33.00000000000002,2.422499528620392e-05,0.04532612299954053,0.0,0.045350347994826734,path,1,3a6387f19c81e07c8c632db94096db157b5c3fedebceec687aa3a039d8087c26,4.263256414560601e-14
64,1581,1,MAC,33.00000000000002,2.425198908895254e-05,0.04523349000373855,0.0,0.045257741992827505,path,1,3a6387f19c81e07c8c632db94096db157b5c3fedebceec687aa3a039d8087c26,4.263256414560601e-14
64,1581,1,BB-RL,47.999999999999936,0.00225704099284485,0.036956862997612916,2.811008016578853e-06,0.039216714998474345,envelope,1,5b45f0d20381dcb94f196b263252535c346e7f41463857afdd6937d9d63b768c,2.842170943040401e-14
64,1581,2,BB-RL,47.999999999999936,0.0022631909960182384,0.03684605400485452,2.902001142501831e-06,0.03911214700201526,envelope,1,5b45f0d20381dcb94f196b263252535c346e7f41463857afdd6937d9d63b768c,2.842170943040401e-14
64,1581,2,MAC,33.00000000000002,2.5129993446171284e-05,0.04504673100018408,0.0,0.04507186099363025,path,1,3a6387f19c81e07c8c632db94096db157b5c3fedebceec687aa3a039d8087c26,4.263256414560601e-14
64,1581,3,MAC,33.00000000000002,2.464299905113876e-05,0.045095217996276915,0.0,0.045119860995328054,path,1,3a6387f19c81e07c8c632db94096db157b5c3fedebceec687aa3a039d8087c26,4.263256414560601e-14
64,1581,3,BB-RL,47.999999999999936,0.0022057489986764267,0.03697049600305036,3.0109949875622988e-06,0.039179255996714346,envelope,1,5b45f0d20381dcb94f196b263252535c346e7f41463857afdd6937d9d63b768c,2.842170943040401e-14
64,1581,4,BB-RL,47.999999999999936,0.002255468993098475,0.03687216200341936,2.8460053727030754e-06,0.03913047700189054,envelope,1,5b45f0d20381dcb94f196b263252535c346e7f41463857afdd6937d9d63b768c,2.842170943040401e-14
64,1581,4,MAC,33.00000000000002,2.4930006475187838e-05,0.04513112899439875,0.0,0.04515605900087394,path,1,3a6387f19c81e07c8c632db94096db157b5c3fedebceec687aa3a039d8087c26,4.263256414560601e-14
64,1601,0,BB-RL,48.999999999999886,0.0026154160004807636,0.01060842200240586,2.8719950933009386e-06,0.013226709997979924,envelope,1,2289de59b5d1dc5412b1545f114d00e49cbad7e9c80379ee1324c9d7b9521dd4,7.105427357601002e-15
64,1601,0,MAC,36.01257558021353,2.474099164828658e-05,0.045402486008242704,0.0,0.04542722699989099,path,1,6859420dc24032b7a1b1a6158743069f1da5eaae6c65bbef34d8a30f0f82c1c0,3.552713678800501e-14
64,1601,1,MAC,36.01257558021353,2.459700044710189e-05,0.04517596500227228,0.0,0.04520056200271938,path,1,6859420dc24032b7a1b1a6158743069f1da5eaae6c65bbef34d8a30f0f82c1c0,3.552713678800501e-14
64,1601,1,BB-RL,48.999999999999886,0.002301112996065058,0.010620996996294707,2.9410002753138542e-06,0.012925050992635079,envelope,1,2289de59b5d1dc5412b1545f114d00e49cbad7e9c80379ee1324c9d7b9521dd4,7.105427357601002e-15
64,1601,2,BB-RL,48.999999999999886,0.002326262998394668,0.010594007995678112,2.931992639787495e-06,0.012923202986712568,envelope,1,2289de59b5d1dc5412b1545f114d00e49cbad7e9c80379ee1324c9d7b9521dd4,7.105427357601002e-15
64,1601,2,MAC,36.01257558021353,2.4779001250863075e-05,0.04507041600299999,0.0,0.045095195004250854,path,1,6859420dc24032b7a1b1a6158743069f1da5eaae6c65bbef34d8a30f0f82c1c0,3.552713678800501e-14
64,1601,3,MAC,36.01257558021353,2.4708991986699402e-05,0.04509634300484322,0.0,0.04512105199682992,path,1,6859420dc24032b7a1b1a6158743069f1da5eaae6c65bbef34d8a30f0f82c1c0,3.552713678800501e-14
64,1601,3,BB-RL,48.999999999999886,0.002260606997879222,0.010609189994283952,2.9890070436522365e-06,0.012872785999206826,envelope,1,2289de59b5d1dc5412b1545f114d00e49cbad7e9c80379ee1324c9d7b9521dd4,7.105427357601002e-15
64,1601,4,BB-RL,48.999999999999886,0.002336596997338347,0.010594393010251224,2.888991730287671e-06,0.012933878999319859,envelope,1,2289de59b5d1dc5412b1545f114d00e49cbad7e9c80379ee1324c9d7b9521dd4,7.105427357601002e-15
64,1601,4,MAC,36.01257558021353,2.4895998649299145e-05,0.045194079997600056,0.0,0.045218975996249355,path,1,6859420dc24032b7a1b1a6158743069f1da5eaae6c65bbef34d8a30f0f82c1c0,3.552713678800501e-14
64,1621,0,BB-RL,48.99999999999995,0.002602560998639092,0.025963867010432296,2.9629882192239165e-06,0.02856939099729061,envelope,1,72325cc1ec648c2628784df0d18ac32c125df03beaea62dadc1f580e885f6260,2.1316282072803006e-14
64,1621,0,MAC,36.175607682620345,2.469100581947714e-05,0.0442987910064403,0.0,0.044323482012259774,path,1,ff25daf640ef572e1561bb247a2b788205f76ceab38aae657c9fc536804f54a6,1.4210854715202004e-14
64,1621,1,MAC,36.175607682620345,2.4363005650229752e-05,0.0442193640046753,0.0,0.04424372701032553,path,1,ff25daf640ef572e1561bb247a2b788205f76ceab38aae657c9fc536804f54a6,1.4210854715202004e-14
64,1621,1,BB-RL,48.99999999999995,0.002337543002795428,0.025958850004826672,2.92099139187485e-06,0.028299313999013975,envelope,1,72325cc1ec648c2628784df0d18ac32c125df03beaea62dadc1f580e885f6260,2.1316282072803006e-14
64,1621,2,BB-RL,48.99999999999995,0.002291608994710259,0.025938998005585745,2.8609938453882933e-06,0.028233467994141392,envelope,1,72325cc1ec648c2628784df0d18ac32c125df03beaea62dadc1f580e885f6260,2.1316282072803006e-14
64,1621,2,MAC,36.175607682620345,2.4842986022122204e-05,0.04425230200286023,0.0,0.044277144988882355,path,1,ff25daf640ef572e1561bb247a2b788205f76ceab38aae657c9fc536804f54a6,1.4210854715202004e-14
64,1621,3,MAC,36.175607682620345,2.4991008103825152e-05,0.044217200003913604,0.0,0.04424219101201743,path,1,ff25daf640ef572e1561bb247a2b788205f76ceab38aae657c9fc536804f54a6,1.4210854715202004e-14
64,1621,3,BB-RL,48.99999999999995,0.0023682960018049926,0.02596097200876102,2.778993803076446e-06,0.028332047004369088,envelope,1,72325cc1ec648c2628784df0d18ac32c125df03beaea62dadc1f580e885f6260,2.1316282072803006e-14
64,1621,4,BB-RL,48.99999999999995,0.002352581999730319,0.02593483799137175,2.8830108931288123e-06,0.0282903030019952,envelope,1,72325cc1ec648c2628784df0d18ac32c125df03beaea62dadc1f580e885f6260,2.1316282072803006e-14
64,1621,4,MAC,36.175607682620345,2.4982000468298793e-05,0.04432611301308498,0.0,0.04435109501355328,path,1,ff25daf640ef572e1561bb247a2b788205f76ceab38aae657c9fc536804f54a6,1.4210854715202004e-14
64,1641,0,BB-RL,50.999999999999886,0.002451734006172046,0.00444878799316939,2.9140064725652337e-06,0.006903436005814001,envelope,1,8b839f0a2ca064938f898628072956e28f922ba4b012cf714e18db063f8843d7,2.1316282072803006e-14
64,1641,0,MAC,35.05901551733624,2.4923007003962994e-05,0.04404390799754765,0.0,0.04406883100455161,path,1,88321f35c750dbb60601962b421825896f6da955f696c721973bb53574d0d4f0,7.105427357601002e-15
64,1641,1,MAC,35.05901551733624,2.445899008307606e-05,0.04404753200651612,0.0,0.0440719909965992,path,1,88321f35c750dbb60601962b421825896f6da955f696c721973bb53574d0d4f0,7.105427357601002e-15
64,1641,1,BB-RL,50.999999999999886,0.0023447689891327173,0.004415961011545733,2.916989615187049e-06,0.006763646990293637,envelope,1,8b839f0a2ca064938f898628072956e28f922ba4b012cf714e18db063f8843d7,2.1316282072803006e-14
64,1641,2,BB-RL,50.999999999999886,0.0023408099950756878,0.004417964999447577,2.9049988370388746e-06,0.006761679993360303,envelope,1,8b839f0a2ca064938f898628072956e28f922ba4b012cf714e18db063f8843d7,2.1316282072803006e-14
64,1641,2,MAC,35.05901551733624,2.510800550226122e-05,0.04394125999533571,0.0,0.043966368000837974,path,1,88321f35c750dbb60601962b421825896f6da955f696c721973bb53574d0d4f0,7.105427357601002e-15
64,1641,3,MAC,35.05901551733624,2.4711000151000917e-05,0.04400981799699366,0.0,0.04403452899714466,path,1,88321f35c750dbb60601962b421825896f6da955f696c721973bb53574d0d4f0,7.105427357601002e-15
64,1641,3,BB-RL,50.999999999999886,0.0024169050011551008,0.004408973996760324,2.907996531575918e-06,0.006828786994447,envelope,1,8b839f0a2ca064938f898628072956e28f922ba4b012cf714e18db063f8843d7,2.1316282072803006e-14
64,1641,4,BB-RL,50.999999999999886,0.0026403869997011498,0.004418461001478136,2.8529902920126915e-06,0.007061700991471298,envelope,1,8b839f0a2ca064938f898628072956e28f922ba4b012cf714e18db063f8843d7,2.1316282072803006e-14
64,1641,4,MAC,35.05901551733624,2.4756998755037785e-05,0.043944406002992764,0.0,0.0439691630017478,path,1,88321f35c750dbb60601962b421825896f6da955f696c721973bb53574d0d4f0,7.105427357601002e-15
64,1660,0,MAC,43.6278925479504,2.534600207582116e-05,0.04631663799227681,0.0,0.04634198399435263,path,1,c92b4a743bc1270b616c5b886fc260b2f66d2520f9f05300e6c2ffc700fd06f0,1.4210854715202004e-14
64,1660,0,BB-RL,50.99999999999993,0.0023388530098600313,0.019087943990598433,2.8909998945891857e-06,0.021429688000353053,envelope,1,22e764a8fd5391c633b1a72d20ce69981c4caa793ea9127aa58a0ff87c4e50b3,1.4210854715202004e-14
64,1660,1,BB-RL,50.99999999999993,0.002439754010993056,0.01905979598814156,2.9740040190517902e-06,0.021502524003153667,envelope,1,22e764a8fd5391c633b1a72d20ce69981c4caa793ea9127aa58a0ff87c4e50b3,1.4210854715202004e-14
64,1660,1,MAC,43.6278925479504,2.469199534971267e-05,0.046497431001625955,0.0,0.04652212299697567,path,1,c92b4a743bc1270b616c5b886fc260b2f66d2520f9f05300e6c2ffc700fd06f0,1.4210854715202004e-14
64,1660,2,MAC,43.6278925479504,2.4641005438752472e-05,0.046444448991678655,0.0,0.04646908999711741,path,1,c92b4a743bc1270b616c5b886fc260b2f66d2520f9f05300e6c2ffc700fd06f0,1.4210854715202004e-14
64,1660,2,BB-RL,50.99999999999993,0.002424336998956278,0.019114303999231197,2.864006091840565e-06,0.021541505004279315,envelope,1,22e764a8fd5391c633b1a72d20ce69981c4caa793ea9127aa58a0ff87c4e50b3,1.4210854715202004e-14
64,1660,3,BB-RL,50.99999999999993,0.0025186269922414795,0.019054852004046552,2.8600043151527643e-06,0.021576339000603184,envelope,1,22e764a8fd5391c633b1a72d20ce69981c4caa793ea9127aa58a0ff87c4e50b3,1.4210854715202004e-14
64,1660,3,MAC,43.6278925479504,2.4861001293174922e-05,0.04669099600869231,0.0,0.046715857009985484,path,1,c92b4a743bc1270b616c5b886fc260b2f66d2520f9f05300e6c2ffc700fd06f0,1.4210854715202004e-14
64,1660,4,MAC,43.6278925479504,2.4685999960638583e-05,0.04656017999514006,0.0,0.0465848659951007,path,1,c92b4a743bc1270b616c5b886fc260b2f66d2520f9f05300e6c2ffc700fd06f0,1.4210854715202004e-14
64,1660,4,BB-RL,50.99999999999993,0.0026738939923234284,0.019085202002315782,2.886008587665856e-06,0.021761982003226876,envelope,1,22e764a8fd5391c633b1a72d20ce69981c4caa793ea9127aa58a0ff87c4e50b3,1.4210854715202004e-14
64,1680,0,MAC,42.79041705879721,2.4842011043801904e-05,0.043784789988421835,0.0,0.04380963199946564,path,1,6b11f45595030fefc1c23d4470cfcbc8c9930c4dc13001268e099409b03c839a,7.105427357601002e-14
64,1680,0,BB-RL,51.999999999999915,0.0023926680005388334,0.0004289819917175919,2.8930080588907003e-06,0.002824543000315316,envelope,1,135861f08fe8bc415e57c065558a7d791ddc994f2486c054d275272a27201c36,8.526512829121202e-14
64,1680,1,BB-RL,51.999999999999915,0.002390068009844981,0.0004313139943405986,2.9619986889883876e-06,0.002824344002874568,envelope,1,135861f08fe8bc415e57c065558a7d791ddc994f2486c054d275272a27201c36,8.526512829121202e-14
64,1680,1,MAC,42.79041705879721,2.454299828968942e-05,0.043849878013134,0.0,0.04387442101142369,path,1,6b11f45595030fefc1c23d4470cfcbc8c9930c4dc13001268e099409b03c839a,7.105427357601002e-14
64,1680,2,MAC,42.79041705879721,2.4501001462340355e-05,0.0438391759962542,0.0,0.04386367699771654,path,1,6b11f45595030fefc1c23d4470cfcbc8c9930c4dc13001268e099409b03c839a,7.105427357601002e-14
64,1680,2,BB-RL,51.999999999999915,0.002380577992880717,0.00042566600313875824,2.796994522213936e-06,0.002809040990541689,envelope,1,135861f08fe8bc415e57c065558a7d791ddc994f2486c054d275272a27201c36,8.526512829121202e-14
64,1680,3,BB-RL,51.999999999999915,0.0024248499976238236,0.0004253130027791485,2.7130008675158024e-06,0.002852876001270488,envelope,1,135861f08fe8bc415e57c065558a7d791ddc994f2486c054d275272a27201c36,8.526512829121202e-14
64,1680,3,MAC,42.79041705879721,2.4833003408275545e-05,0.043873747999896295,0.0,0.04389858100330457,path,1,6b11f45595030fefc1c23d4470cfcbc8c9930c4dc13001268e099409b03c839a,7.105427357601002e-14
64,1680,4,MAC,42.79041705879721,2.440500247757882e-05,0.0438019040011568,0.0,0.04382630900363438,path,1,6b11f45595030fefc1c23d4470cfcbc8c9930c4dc13001268e099409b03c839a,7.105427357601002e-14
64,1680,4,BB-RL,51.999999999999915,0.00271049200091511,0.0004270779900252819,2.8570066206157207e-06,0.0031404269975610077,envelope,1,135861f08fe8bc415e57c065558a7d791ddc994f2486c054d275272a27201c36,8.526512829121202e-14
64,1700,0,MAC,36.92872259443004,2.4950000806711614e-05,0.04428655198717024,0.0,0.04431150198797695,path,1,c7b04c420c9cc46099bb09ec14a8da1b3addde1edcbe54f9befcc0412707884d,2.1316282072803006e-14
64,1700,0,BB-RL,51.99999999999993,0.0025132750015472993,0.017495708001661114,3.0349910957738757e-06,0.020012017994304188,envelope,1,2d8a08e6df73fd37137a10bc6ecafbb9c0bf5bb7c0b1a0aac43335a0918358e8,1.4210854715202004e-14
64,1700,1,BB-RL,51.99999999999993,0.0024417870008619502,0.017453941007261164,2.741988282650709e-06,0.019898469996405765,envelope,1,2d8a08e6df73fd37137a10bc6ecafbb9c0bf5bb7c0b1a0aac43335a0918358e8,1.4210854715202004e-14
64,1700,1,MAC,36.92872259443004,2.4855005904100835e-05,0.04489291900245007,0.0,0.04491777400835417,path,1,c7b04c420c9cc46099bb09ec14a8da1b3addde1edcbe54f9befcc0412707884d,2.1316282072803006e-14
64,1700,2,MAC,36.92872259443004,3.236699558328837e-05,0.04433863700251095,0.0,0.04437100399809424,path,1,c7b04c420c9cc46099bb09ec14a8da1b3addde1edcbe54f9befcc0412707884d,2.1316282072803006e-14
64,1700,2,BB-RL,51.99999999999993,0.002397272997768596,0.017486008000560105,2.954009687528014e-06,0.01988623500801623,envelope,1,2d8a08e6df73fd37137a10bc6ecafbb9c0bf5bb7c0b1a0aac43335a0918358e8,1.4210854715202004e-14
64,1700,3,BB-RL,51.99999999999993,0.002698038995731622,0.017469097991124727,2.8799986466765404e-06,0.020170016985503025,envelope,1,2d8a08e6df73fd37137a10bc6ecafbb9c0bf5bb7c0b1a0aac43335a0918358e8,1.4210854715202004e-14
64,1700,3,MAC,36.92872259443004,2.4541994207538664e-05,0.044267384000704624,0.0,0.04429192599491216,path,1,c7b04c420c9cc46099bb09ec14a8da1b3addde1edcbe54f9befcc0412707884d,2.1316282072803006e-14
64,1700,4,MAC,36.92872259443004,2.4711000151000917e-05,0.04423792600573506,0.0,0.04426263700588606,path,1,c7b04c420c9cc46099bb09ec14a8da1b3addde1edcbe54f9befcc0412707884d,2.1316282072803006e-14
64,1700,4,BB-RL,51.99999999999993,0.002385635001701303,0.01745893800398335,2.8509966796264052e-06,0.019847424002364278,envelope,1,2d8a08e6df73fd37137a10bc6ecafbb9c0bf5bb7c0b1a0aac43335a0918358e8,1.4210854715202004e-14
64,1719,0,BB-RL,52.99999999999993,0.002439499003230594,0.012898158995085396,2.825006959028542e-06,0.015340483005275019,envelope,1,d44f43cd5070c6656755ccf18f63fdc30090f39bca528a1feb3bf7589b27683d,0.0
64,1719,0,MAC,46.07844578858828,2.4841996491886675e-05,0.04691598999488633,0.0,0.04694083199137822,path,1,d1ecd32dda61d447b09143a18858977672b8817cfacde9d5adf1036b5f52c181,2.1316282072803006e-14
64,1719,1,MAC,46.07844578858828,2.4523003958165646e-05,0.046865133990650065,0.0,0.04688965699460823,path,1,d1ecd32dda61d447b09143a18858977672b8817cfacde9d5adf1036b5f52c181,2.1316282072803006e-14
64,1719,1,BB-RL,52.99999999999993,0.002502838004147634,0.012887709002825432,2.88498995359987e-06,0.015393431996926665,envelope,1,d44f43cd5070c6656755ccf18f63fdc30090f39bca528a1feb3bf7589b27683d,0.0
64,1719,2,BB-RL,52.99999999999993,0.0025419330049771816,0.012917771993670613,2.8180074878036976e-06,0.015462523006135598,envelope,1,d44f43cd5070c6656755ccf18f63fdc30090f39bca528a1feb3bf7589b27683d,0.0
64,1719,2,MAC,46.07844578858828,2.4867011234164238e-05,0.0469179899955634,0.0,0.04694285700679757,path,1,d1ecd32dda61d447b09143a18858977672b8817cfacde9d5adf1036b5f52c181,2.1316282072803006e-14
64,1719,3,MAC,46.07844578858828,2.4559994926676154e-05,0.046803902005194686,0.0,0.04682846200012136,path,1,d1ecd32dda61d447b09143a18858977672b8817cfacde9d5adf1036b5f52c181,2.1316282072803006e-14
64,1719,3,BB-RL,52.99999999999993,0.0027162899932591245,0.012914546008687466,2.8850045055150986e-06,0.015633721006452106,envelope,1,d44f43cd5070c6656755ccf18f63fdc30090f39bca528a1feb3bf7589b27683d,0.0
64,1719,4,BB-RL,52.99999999999993,0.0025560890062479302,0.012913739003124647,2.959990524686873e-06,0.015472787999897264,envelope,1,d44f43cd5070c6656755ccf18f63fdc30090f39bca528a1feb3bf7589b27683d,0.0
64,1719,4,MAC,46.07844578858828,2.4968001525849104e-05,0.046787888000835665,0.0,0.046812856002361514,path,1,d1ecd32dda61d447b09143a18858977672b8817cfacde9d5adf1036b5f52c181,2.1316282072803006e-14
64,1739,0,BB-RL,52.99999999999993,0.002437340997857973,0.028068209008779377,2.9479997465386987e-06,0.03050849800638389,envelope,1,bf5899ac232f1710dbaae6d3ffc982075a7984a51960338d9b441dbec11c8596,3.552713678800501e-14
64,1739,0,MAC,42.02035711623816,2.4712993763387203e-05,0.04554147299495526,0.0,0.045566185988718644,path,1,31e6edf4772020069aa51353967314827cbcaaac50b78c6c6d8a903c72662236,4.973799150320701e-14
64,1739,1,MAC,42.02035711623816,2.4568013031966984e-05,0.04547744999581482,0.0,0.04550201800884679,path,1,31e6edf4772020069aa51353967314827cbcaaac50b78c6c6d8a903c72662236,4.973799150320701e-14
64,1739,1,BB-RL,52.99999999999993,0.002424304999294691,0.028120561997639015,2.8939975891262293e-06,0.030547760994522832,envelope,1,bf5899ac232f1710dbaae6d3ffc982075a7984a51960338d9b441dbec11c8596,3.552713678800501e-14
64,1739,2,BB-RL,52.99999999999993,0.0024515860131941736,0.028098246999434195,2.849992597475648e-06,0.030552683005225845,envelope,1,bf5899ac232f1710dbaae6d3ffc982075a7984a51960338d9b441dbec11c8596,3.552713678800501e-14
64,1739,2,MAC,42.02035711623816,2.486299490556121e-05,0.04564019601093605,0.0,0.04566505900584161,path,1,31e6edf4772020069aa51353967314827cbcaaac50b78c6c6d8a903c72662236,4.973799150320701e-14
64,1739,3,MAC,42.02035711623816,2.4609005777165294e-05,0.04555212899867911,0.0,0.045576738004456274,path,1,31e6edf4772020069aa51353967314827cbcaaac50b78c6c6d8a903c72662236,4.973799150320701e-14
64,1739,3,BB-RL,52.99999999999993,0.002708237007027492,0.02804978800122626,3.05499997921288e-06,0.030761080008232966,envelope,1,bf5899ac232f1710dbaae6d3ffc982075a7984a51960338d9b441dbec11c8596,3.552713678800501e-14
64,1739,4,BB-RL,52.99999999999993,0.0024512749951099977,0.028104740005801432,2.892993506975472e-06,0.030558907994418405,envelope,1,bf5899ac232f1710dbaae6d3ffc982075a7984a51960338d9b441dbec11c8596,3.552713678800501e-14
64,1739,4,MAC,42.02035711623816,2.51400051638484e-05,0.04543402399576735,0.0,0.045459164000931196,path,1,31e6edf4772020069aa51353967314827cbcaaac50b78c6c6d8a903c72662236,4.973799150320701e-14
64,1759,0,BB-RL,53.9999999999999,0.002471539002726786,0.016639088993542828,2.9030052246525884e-06,0.019113531001494266,envelope,1,1e4795073c2ef8342ac16a930ad1a1c7fbce646b3326bcebab83c4d0ead86fb4,2.842170943040401e-14
64,1759,0,MAC,39.47638607572259,3.244499384891242e-05,0.04425387100491207,0.0,0.04428631599876098,path,1,31bec0b6f4f77db1dfc2bfc56e1f22f84608858e305be8954e9e8c0e931e0ff4,0.0
64,1759,1,MAC,39.47638607572259,3.3683012588880956e-05,0.04427067399956286,0.0,0.04430435701215174,path,1,31bec0b6f4f77db1dfc2bfc56e1f22f84608858e305be8954e9e8c0e931e0ff4,0.0
64,1759,1,BB-RL,53.9999999999999,0.002580707994638942,0.016667062998749316,2.8240028768777847e-06,0.019250594996265136,envelope,1,1e4795073c2ef8342ac16a930ad1a1c7fbce646b3326bcebab83c4d0ead86fb4,2.842170943040401e-14
64,1759,2,BB-RL,53.9999999999999,0.0027666989917634055,0.0166120300127659,2.9239890864118934e-06,0.019381652993615717,envelope,1,1e4795073c2ef8342ac16a930ad1a1c7fbce646b3326bcebab83c4d0ead86fb4,2.842170943040401e-14
64,1759,2,MAC,39.47638607572259,2.506899181753397e-05,0.044395707998774014,0.0,0.04442077699059155,path,1,31bec0b6f4f77db1dfc2bfc56e1f22f84608858e305be8954e9e8c0e931e0ff4,0.0
64,1759,3,MAC,39.47638607572259,2.415300696156919e-05,0.04437387699726969,0.0,0.04439803000423126,path,1,31bec0b6f4f77db1dfc2bfc56e1f22f84608858e305be8954e9e8c0e931e0ff4,0.0
64,1759,3,BB-RL,53.9999999999999,0.0025153349997708574,0.016619483998510987,2.963002771139145e-06,0.019137782001052983,envelope,1,1e4795073c2ef8342ac16a930ad1a1c7fbce646b3326bcebab83c4d0ead86fb4,2.842170943040401e-14
64,1759,4,BB-RL,53.9999999999999,0.0024694960011402145,0.01657999400049448,2.8469949029386044e-06,0.019052336996537633,envelope,1,1e4795073c2ef8342ac16a930ad1a1c7fbce646b3326bcebab83c4d0ead86fb4,2.842170943040401e-14
64,1759,4,MAC,39.47638607572259,2.436900103930384e-05,0.044489569001598284,0.0,0.04451393800263759,path,1,31bec0b6f4f77db1dfc2bfc56e1f22f84608858e305be8954e9e8c0e931e0ff4,0.0
64,1779,0,BB-RL,54.99999999999993,0.0025824710028246045,0.013547060996643268,2.962013240903616e-06,0.016132494012708776,envelope,1,c15b8f48c0c8f354f9e8c4d4ca4d7e620cf94b636746bdd0ee5fe2e1d4a6b054,4.263256414560601e-14
64,1779,0,MAC,50.02192068830267,2.5173008907586336e-05,0.04655724599433597,0.0,0.04658241900324356,path,1,381a31c705cca31130b0fdf93ed112629b47d368ebe03a9d4cf5b3f716b4f453,2.1316282072803006e-14
64,1779,1,MAC,50.02192068830267,2.4439010303467512e-05,0.04639041599875782,0.0,0.046414855009061284,path,1,381a31c705cca31130b0fdf93ed112629b47d368ebe03a9d4cf5b3f716b4f453,2.1316282072803006e-14
64,1779,1,BB-RL,54.99999999999993,0.002502194998669438,0.01358238299144432,2.8990034479647875e-06,0.016087476993561722,envelope,1,c15b8f48c0c8f354f9e8c4d4ca4d7e620cf94b636746bdd0ee5fe2e1d4a6b054,4.263256414560601e-14
64,1779,2,BB-RL,54.99999999999993,0.0027503550081746653,0.013531306991353631,2.820001100189984e-06,0.016284482000628486,envelope,1,c15b8f48c0c8f354f9e8c4d4ca4d7e620cf94b636746bdd0ee5fe2e1d4a6b054,4.263256414560601e-14
64,1779,2,MAC,50.02192068830267,2.525799209252e-05,0.04638432900537737,0.0,0.04640958699746989,path,1,381a31c705cca31130b0fdf93ed112629b47d368ebe03a9d4cf5b3f716b4f453,2.1316282072803006e-14
64,1779,3,MAC,50.02192068830267,2.4627996026538312e-05,0.04624166000576224,0.0,0.04626628800178878,path,1,381a31c705cca31130b0fdf93ed112629b47d368ebe03a9d4cf5b3f716b4f453,2.1316282072803006e-14
64,1779,3,BB-RL,54.99999999999993,0.002471081999829039,0.01357478101272136,2.898988896049559e-06,0.01604876200144645,envelope,1,c15b8f48c0c8f354f9e8c4d4ca4d7e620cf94b636746bdd0ee5fe2e1d4a6b054,4.263256414560601e-14
64,1779,4,BB-RL,54.99999999999993,0.002533500999561511,0.013541988009819761,2.9130023904144764e-06,0.016078402011771686,envelope,1,c15b8f48c0c8f354f9e8c4d4ca4d7e620cf94b636746bdd0ee5fe2e1d4a6b054,4.263256414560601e-14
64,1779,4,MAC,50.02192068830267,2.5163011741824448e-05,0.04644374999043066,0.0,0.046468913002172485,path,1,381a31c705cca31130b0fdf93ed112629b47d368ebe03a9d4cf5b3f716b4f453,2.1316282072803006e-14
64,1798,0,MAC,40.81169067312636,2.4869004846550524e-05,0.04412752798816655,0.0,0.0441523969930131,path,1,ea814530c18c8341b56741c249fdcc59be04955f5eb314b7f2b95d1901a0509e,7.105427357601002e-15
64,1798,0,BB-RL,55.999999999999915,0.002610030001960695,0.00670391799940262,2.9529910534620285e-06,0.009316900992416777,envelope,1,c4c5992cba132d5c76e9ce6b79ce0f3e716e1d02e5f77667b2c90f42c0b2628b,3.552713678800501e-14
64,1798,1,BB-RL,55.999999999999915,0.0028588169952854514,0.006685568005195819,2.7859932743012905e-06,0.009547170993755572,envelope,1,c4c5992cba132d5c76e9ce6b79ce0f3e716e1d02e5f77667b2c90f42c0b2628b,3.552713678800501e-14
64,1798,1,MAC,40.81169067312636,2.513099752832204e-05,0.044215938993147574,0.0,0.044241069990675896,path,1,ea814530c18c8341b56741c249fdcc59be04955f5eb314b7f2b95d1901a0509e,7.105427357601002e-15
64,1798,2,MAC,40.81169067312636,2.5034998543560505e-05,0.04401830999995582,0.0,0.04404334499849938,path,1,ea814530c18c8341b56741c249fdcc59be04955f5eb314b7f2b95d1901a0509e,7.105427357601002e-15
64,1798,2,BB-RL,55.999999999999915,0.0025262140115955845,0.006695956995827146,2.845001290552318e-06,0.009225016008713283,envelope,1,c4c5992cba132d5c76e9ce6b79ce0f3e716e1d02e5f77667b2c90f42c0b2628b,3.552713678800501e-14
64,1798,3,BB-RL,55.999999999999915,0.0026302460028091446,0.006690619993605651,2.815999323502183e-06,0.009323681995738298,envelope,1,c4c5992cba132d5c76e9ce6b79ce0f3e716e1d02e5f77667b2c90f42c0b2628b,3.552713678800501e-14
64,1798,3,MAC,40.81169067312636,2.5235989596694708e-05,0.04418456200801302,0.0,0.04420979799760971,path,1,ea814530c18c8341b56741c249fdcc59be04955f5eb314b7f2b95d1901a0509e,7.105427357601002e-15
64,1798,4,MAC,40.81169067312636,2.4827008019201458e-05,0.044137389995739795,0.0,0.044162217003759,path,1,ea814530c18c8341b56741c249fdcc59be04955f5eb314b7f2b95d1901a0509e,7.105427357601002e-15
64,1798,4,BB-RL,55.999999999999915,0.0025617210048949346,0.006709879991831258,3.153007128275931e-06,0.009274754003854468,envelope,1,c4c5992cba132d5c76e9ce6b79ce0f3e716e1d02e5f77667b2c90f42c0b2628b,3.552713678800501e-14
64,1818,0,MAC,44.87615715848164,2.4692009901627898e-05,0.04429915199580137,0.0,0.044323844005702995,path,1,a01bf2a16c1fbf4bd168556678fffe10d0ef416cfdcd8904c1398178b77847b3,1.4210854715202004e-14
64,1818,0,BB-RL,55.999999999999915,0.0028128479898441583,0.022789633003412746,2.9180082492530346e-06,0.025605399001506157,envelope,1,cab77662f6c091e2430abeaf88ad4e743787d582cce20b641ad74c87df234a2a,7.105427357601002e-15
64,1818,1,BB-RL,55.999999999999915,0.00256557299871929,0.02268478600308299,2.9030052246525884e-06,0.025253262007026933,envelope,1,cab77662f6c091e2430abeaf88ad4e743787d582cce20b641ad74c87df234a2a,7.105427357601002e-15
64,1818,1,MAC,44.87615715848164,2.490299812052399e-05,0.04440824899938889,0.0,0.04443315199750941,path,1,a01bf2a16c1fbf4bd168556678fffe10d0ef416cfdcd8904c1398178b77847b3,1.4210854715202004e-14
64,1818,2,MAC,44.87615715848164,2.470500476192683e-05,0.04417254000145476,0.0,0.04419724500621669,path,1,a01bf2a16c1fbf4bd168556678fffe10d0ef416cfdcd8904c1398178b77847b3,1.4210854715202004e-14
64,1818,2,BB-RL,55.999999999999915,0.0025203149998560548,0.02271170799212996,2.9140064725652337e-06,0.02523493699845858,envelope,1,cab77662f6c091e2430abeaf88ad4e743787d582cce20b641ad74c87df234a2a,7.105427357601002e-15
64,1818,3,BB-RL,55.999999999999915,0.002545414012274705,0.02271854599530343,2.9469956643879414e-06,0.025266907003242522,envelope,1,cab77662f6c091e2430abeaf88ad4e743787d582cce20b641ad74c87df234a2a,7.105427357601002e-15
64,1818,3,MAC,44.87615715848164,2.4299006327055395e-05,0.04429207100474741,0.0,0.04431637001107447,path,1,a01bf2a16c1fbf4bd168556678fffe10d0ef416cfdcd8904c1398178b77847b3,1.4210854715202004e-14
64,1818,4,MAC,44.87615715848164,2.462900010868907e-05,0.04423690198746044,0.0,0.04426153098756913,path,1,a01bf2a16c1fbf4bd168556678fffe10d0ef416cfdcd8904c1398178b77847b3,1.4210854715202004e-14
64,1818,4,BB-RL,55.999999999999915,0.0025749610067578033,0.02276871498906985,2.854008926078677e-06,0.02534653000475373,envelope,1,cab77662f6c091e2430abeaf88ad4e743787d582cce20b641ad74c87df234a2a,7.105427357601002e-15
64,1838,0,MAC,44.52054159205465,2.2086998797021806e-05,0.044140452999272384,0.0,0.044162539998069406,path,1,3cd24528d4ddaa2934959ff3bd408bf32b43fc3f171c0b6df6c872c15c1ca45c,7.105427357601002e-15
64,1838,0,BB-RL,56.99999999999994,0.0028606370033230633,0.010488460000487976,2.8249924071133137e-06,0.013351921996218152,envelope,1,5483b0303ff2dc8a41a0a35801f87f17651f82ac327bbf88264315b5321be363,2.1316282072803006e-14
64,1838,1,BB-RL,56.99999999999994,0.0025967700057663023,0.010482062003575265,2.8479989850893617e-06,0.013081680008326657,envelope,1,5483b0303ff2dc8a41a0a35801f87f17651f82ac327bbf88264315b5321be363,2.1316282072803006e-14
64,1838,1,MAC,44.52054159205465,2.525300078559667e-05,0.0439472959988052,0.0,0.0439725489995908,path,1,3cd24528d4ddaa2934959ff3bd408bf32b43fc3f171c0b6df6c872c15c1ca45c,7.105427357601002e-15
64,1838,2,MAC,44.52054159205465,2.4456996470689774e-05,0.043936393994954415,0.0,0.043960850991425104,path,1,3cd24528d4ddaa2934959ff3bd408bf32b43fc3f171c0b6df6c872c15c1ca45c,7.105427357601002e-15
64,1838,2,BB-RL,56.99999999999994,0.0025917680031852797,0.010478459997102618,2.986009349115193e-06,0.013073214009637013,envelope,1,5483b0303ff2dc8a41a0a35801f87f17651f82ac327bbf88264315b5321be363,2.1316282072803006e-14
64,1838,3,BB-RL,56.99999999999994,0.002599631989141926,0.010469630011357367,2.9679940780624747e-06,0.013072229994577356,envelope,1,5483b0303ff2dc8a41a0a35801f87f17651f82ac327bbf88264315b5321be363,2.1316282072803006e-14
64,1838,3,MAC,44.52054159205465,2.4990993551909924e-05,0.04393306700512767,0.0,0.04395805799867958,path,1,3cd24528d4ddaa2934959ff3bd408bf32b43fc3f171c0b6df6c872c15c1ca45c,7.105427357601002e-15
64,1838,4,MAC,44.52054159205465,2.433700137771666e-05,0.04384095998830162,0.0,0.04386529698967934,path,1,3cd24528d4ddaa2934959ff3bd408bf32b43fc3f171c0b6df6c872c15c1ca45c,7.105427357601002e-15
64,1838,4,BB-RL,56.99999999999994,0.0028013700066367164,0.010478034993866459,2.929999027401209e-06,0.013282334999530576,envelope,1,5483b0303ff2dc8a41a0a35801f87f17651f82ac327bbf88264315b5321be363,2.1316282072803006e-14
64,1857,0,BB-RL,56.999999999999915,0.0025872589903883636,0.026611667010001838,2.8899958124384284e-06,0.02920181599620264,envelope,1,aad91c463ead78a5c32b5cfc535975ab66d5138de38ec331df300e3c2ac4c12a,1.4210854715202004e-14
64,1857,0,MAC,46.728316007602835,2.4886991013772786e-05,0.04372206200787332,0.0,0.04374694899888709,path,1,b27584e58832c3d6b96d31ba32cc5942103a267657d73d341e27a6d99c73453e,0.0
64,1857,1,MAC,46.728316007602835,2.460199175402522e-05,0.04372710900497623,0.0,0.04375171099673025,path,1,b27584e58832c3d6b96d31ba32cc5942103a267657d73d341e27a6d99c73453e,0.0
64,1857,1,BB-RL,56.999999999999915,0.002579399006208405,0.02666450299147982,2.882006810978055e-06,0.029246784004499204,envelope,1,aad91c463ead78a5c32b5cfc535975ab66d5138de38ec331df300e3c2ac4c12a,1.4210854715202004e-14
64,1857,2,BB-RL,56.999999999999915,0.0027159060118719935,0.02660957199987024,2.912987838499248e-06,0.029328390999580733,envelope,1,aad91c463ead78a5c32b5cfc535975ab66d5138de38ec331df300e3c2ac4c12a,1.4210854715202004e-14
64,1857,2,MAC,46.728316007602835,2.4820008547976613e-05,0.04399952599487733,0.0,0.04402434600342531,path,1,b27584e58832c3d6b96d31ba32cc5942103a267657d73d341e27a6d99c73453e,0.0
64,1857,3,MAC,46.728316007602835,2.449301246087998e-05,0.043626359998597763,0.0,0.04365085301105864,path,1,b27584e58832c3d6b96d31ba32cc5942103a267657d73d341e27a6d99c73453e,0.0
64,1857,3,BB-RL,56.999999999999915,0.0028074820002075285,0.026563018996967003,2.8990034479647875e-06,0.029373400000622496,envelope,1,aad91c463ead78a5c32b5cfc535975ab66d5138de38ec331df300e3c2ac4c12a,1.4210854715202004e-14
64,1857,4,BB-RL,56.999999999999915,0.0026365420053480193,0.026707493991125375,2.9850052669644356e-06,0.02934702100174036,envelope,1,aad91c463ead78a5c32b5cfc535975ab66d5138de38ec331df300e3c2ac4c12a,1.4210854715202004e-14
64,1857,4,MAC,46.728316007602835,2.4795997887849808e-05,0.04368482800782658,0.0,0.04370962400571443,path,1,b27584e58832c3d6b96d31ba32cc5942103a267657d73d341e27a6d99c73453e,0.0
64,1877,0,BB-RL,57.99999999999992,0.002620234008645639,0.01608690399734769,3.0030059861019254e-06,0.01871014101197943,envelope,1,383552bd739d942c57d8d97d8945067a333ab58f91dfd02706f47b0371538fbc,2.1316282072803006e-14
64,1877,0,MAC,53.39425727749278,2.5073008146137e-05,0.046362755994778126,0.0,0.046387829002924263,path,1,19114c10fd6b94e9fb992e06459944331b81b79bf01d00774d94246cca480dc6,4.263256414560601e-14
64,1877,1,MAC,53.39425727749278,2.4496999685652554e-05,0.04631147799955215,0.0,0.046335974999237806,path,1,19114c10fd6b94e9fb992e06459944331b81b79bf01d00774d94246cca480dc6,4.263256414560601e-14
64,1877,1,BB-RL,57.99999999999992,0.0027179949975106865,0.01609405199997127,3.0040100682526827e-06,0.01881505100755021,envelope,1,383552bd739d942c57d8d97d8945067a333ab58f91dfd02706f47b0371538fbc,2.1316282072803006e-14
64,1877,2,BB-RL,57.99999999999992,0.0029840760107617825,0.016111090997583233,2.945002052001655e-06,0.019098112010397017,envelope,1,383552bd739d942c57d8d97d8945067a333ab58f91dfd02706f47b0371538fbc,2.1316282072803006e-14
64,1877,2,MAC,53.39425727749278,2.4761000531725585e-05,0.04641229800472502,0.0,0.04643705900525674,path,1,19114c10fd6b94e9fb992e06459944331b81b79bf01d00774d94246cca480dc6,4.263256414560601e-14
64,1877,3,MAC,53.39425727749278,2.4603999918326735e-05,0.04644455699599348,0.0,0.04646916099591181,path,1,19114c10fd6b94e9fb992e06459944331b81b79bf01d00774d94246cca480dc6,4.263256414560601e-14
64,1877,3,BB-RL,57.99999999999992,0.0026469050062587485,0.016118346989969723,2.9009970603510737e-06,0.018768152993288822,envelope,1,383552bd739d942c57d8d97d8945067a333ab58f91dfd02706f47b0371538fbc,2.1316282072803006e-14
64,1877,4,BB-RL,57.99999999999992,0.0027003010036423802,0.01611804599815514,2.9049988370388746e-06,0.01882125200063456,envelope,1,383552bd739d942c57d8d97d8945067a333ab58f91dfd02706f47b0371538fbc,2.1316282072803006e-14
64,1877,4,MAC,53.39425727749278,2.481699630152434e-05,0.04641752100724261,0.0,0.04644233800354414,path,1,19114c10fd6b94e9fb992e06459944331b81b79bf01d00774d94246cca480dc6,4.263256414560601e-14
64,1897,0,BB-RL,58.99999999999984,0.0027837630041176453,0.007404889998724684,3.006003680638969e-06,0.010191659006522968,envelope,1,04f4fe297339eca4402b50ad6c286b18824c9bb91fc2ef1a325e3404544d3916,7.105427357601002e-14
64,1897,0,MAC,53.206179405091305,2.4460998247377574e-05,0.04384001999278553,0.0,0.043864480991032906,path,1,2b5223f4c5bf0737f3102e33f8d4ec0777170af60b0e09612ba1f4bcc6df42d2,2.842170943040401e-14
64,1897,1,MAC,53.206179405091305,2.4356995709240437e-05,0.04378701500536408,0.0,0.04381137200107332,path,1,2b5223f4c5bf0737f3102e33f8d4ec0777170af60b0e09612ba1f4bcc6df42d2,2.842170943040401e-14
64,1897,1,BB-RL,58.99999999999984,0.0027951160009251907,0.007404320000205189,2.982007572427392e-06,0.010202418008702807,envelope,1,04f4fe297339eca4402b50ad6c286b18824c9bb91fc2ef1a325e3404544d3916,7.105427357601002e-14
64,1897,2,BB-RL,58.99999999999984,0.002983449987368658,0.007387774006929249,2.888002200052142e-06,0.010374111996497959,envelope,1,04f4fe297339eca4402b50ad6c286b18824c9bb91fc2ef1a325e3404544d3916,7.105427357601002e-14
64,1897,2,MAC,53.206179405091305,2.4734996259212494e-05,0.04396681999787688,0.0,0.043991554994136095,path,1,2b5223f4c5bf0737f3102e33f8d4ec0777170af60b0e09612ba1f4bcc6df42d2,2.842170943040401e-14
64,1897,3,MAC,53.206179405091305,2.4541004677303135e-05,0.04388975500478409,0.0,0.043914296009461395,path,1,2b5223f4c5bf0737f3102e33f8d4ec0777170af60b0e09612ba1f4bcc6df42d2,2.842170943040401e-14
64,1897,3,BB-RL,58.99999999999984,0.0027701419894583523,0.007401129012578167,2.8629874577745795e-06,0.010174133989494294,envelope,1,04f4fe297339eca4402b50ad6c286b18824c9bb91fc2ef1a325e3404544d3916,7.105427357601002e-14
64,1897,4,BB-RL,58.99999999999984,0.002740780997555703,0.007399911992251873,3.0380033422261477e-06,0.010143730993149802,envelope,1,04f4fe297339eca4402b50ad6c286b18824c9bb91fc2ef1a325e3404544d3916,7.105427357601002e-14
64,1897,4,MAC,53.206179405091305,2.4783003027550876e-05,0.043813298994791694,0.0,0.043838081997819245,path,1,2b5223f4c5bf0737f3102e33f8d4ec0777170af60b0e09612ba1f4bcc6df42d2,2.842170943040401e-14
64,1916,0,MAC,54.02859857864164,2.493399369996041e-05,0.04330625900183804,0.0,0.043331192995538004,path,1,d6a3b312b0ddce58fc80690be2f3cf863b14d14506311dbb3ccb8a061b52c787,4.973799150320701e-14
64,1916,0,BB-RL,58.999999999999964,0.0026660110015654936,0.024647665995871648,2.9149960028007627e-06,0.027316591993439943,envelope,1,4a805d9000eb6dbc3dd5750273ccee4fbd93439db15f1a835b46c1ff3c5d9bd3,5.684341886080802e-14
64,1916,1,BB-RL,58.999999999999964,0.003169920004438609,0.0245111230033217,2.8149952413514256e-06,0.02768385800300166,envelope,1,4a805d9000eb6dbc3dd5750273ccee4fbd93439db15f1a835b46c1ff3c5d9bd3,5.684341886080802e-14
64,1916,1,MAC,54.02859857864164,2.473600034136325e-05,0.04344885199679993,0.0,0.043473587997141294,path,1,d6a3b312b0ddce58fc80690be2f3cf863b14d14506311dbb3ccb8a061b52c787,4.973799150320701e-14
64,1916,2,MAC,54.02859857864164,2.4641005438752472e-05,0.043362418000469916,0.0,0.04338705900590867,path,1,d6a3b312b0ddce58fc80690be2f3cf863b14d14506311dbb3ccb8a061b52c787,4.973799150320701e-14
64,1916,2,BB-RL,58.999999999999964,0.002664747997187078,0.02454139200563077,2.8560025384649634e-06,0.027208996005356312,envelope,1,4a805d9000eb6dbc3dd5750273ccee4fbd93439db15f1a835b46c1ff3c5d9bd3,5.684341886080802e-14
64,1916,3,BB-RL,58.999999999999964,0.0027068589988630265,0.024473855999531224,2.877000952139497e-06,0.02718359199934639,envelope,1,4a805d9000eb6dbc3dd5750273ccee4fbd93439db15f1a835b46c1ff3c5d9bd3,5.684341886080802e-14
64,1916,3,MAC,54.02859857864164,3.343999560456723e-05,0.04341131600085646,0.0,0.043444755996461026,path,1,d6a3b312b0ddce58fc80690be2f3cf863b14d14506311dbb3ccb8a061b52c787,4.973799150320701e-14
64,1916,4,MAC,54.02859857864164,2.4815992219373584e-05,0.04337450199818704,0.0,0.043399317990406416,path,1,d6a3b312b0ddce58fc80690be2f3cf863b14d14506311dbb3ccb8a061b52c787,4.973799150320701e-14
64,1916,4,BB-RL,58.999999999999964,0.0027393519994802773,0.02446300799783785,2.9220100259408355e-06,0.027205282007344067,envelope,1,4a805d9000eb6dbc3dd5750273ccee4fbd93439db15f1a835b46c1ff3c5d9bd3,5.684341886080802e-14
64,1936,0,MAC,55.40689920435975,2.465600846335292e-05,0.04351729599875398,0.0,0.04354195200721733,path,1,7c164d24ade0ccc0dbface8765c2feb58ac649589a42ab26d9af614c303c9e01,0.0
64,1936,0,BB-RL,59.999999999999886,0.003104478004388511,0.015675831004045904,2.9810034902766347e-06,0.01878329001192469,envelope,1,3a63e55545441186e875eaf7246ae3536d7842868332b1df1e30c1a7d29b6cbf,3.552713678800501e-14
64,1936,1,BB-RL,59.999999999999886,0.002754598986939527,0.01569420500891283,2.9249931685626507e-06,0.01845172898902092,envelope,1,3a63e55545441186e875eaf7246ae3536d7842868332b1df1e30c1a7d29b6cbf,3.552713678800501e-14
64,1936,1,MAC,55.40689920435975,2.5085988454520702e-05,0.04342525800166186,0.0,0.04345034399011638,path,1,7c164d24ade0ccc0dbface8765c2feb58ac649589a42ab26d9af614c303c9e01,0.0
64,1936,2,MAC,55.40689920435975,2.468700404278934e-05,0.04346631799126044,0.0,0.04349100499530323,path,1,7c164d24ade0ccc0dbface8765c2feb58ac649589a42ab26d9af614c303c9e01,0.0
64,1936,2,BB-RL,59.999999999999886,0.0027858850080519915,0.015642564991139807,2.8950016712769866e-06,0.018431345000863075,envelope,1,3a63e55545441186e875eaf7246ae3536d7842868332b1df1e30c1a7d29b6cbf,3.552713678800501e-14
64,1936,3,BB-RL,59.999999999999886,0.0028403589967638254,0.015548647003015503,1.2340999091975391e-05,0.018401346998871304,envelope,1,3a63e55545441186e875eaf7246ae3536d7842868332b1df1e30c1a7d29b6cbf,3.552713678800501e-14
64,1936,3,MAC,55.40689920435975,2.4720997316762805e-05,0.04354128800332546,0.0,0.043566009000642225,path,1,7c164d24ade0ccc0dbface8765c2feb58ac649589a42ab26d9af614c303c9e01,0.0
64,1936,4,MAC,55.40689920435975,2.4607012164779007e-05,0.043479998988914303,0.0,0.04350460600107908,path,1,7c164d24ade0ccc0dbface8765c2feb58ac649589a42ab26d9af614c303c9e01,0.0
64,1936,4,BB-RL,59.999999999999886,0.003101071997662075,0.015661548997741193,2.886998117901385e-06,0.01876550799352117,envelope,1,3a63e55545441186e875eaf7246ae3536d7842868332b1df1e30c1a7d29b6cbf,3.552713678800501e-14
64,1956,0,MAC,54.398137517909376,2.474999928381294e-05,0.04324873400037177,0.0,0.04327348399965558,path,1,1d8c1ef9a0c1315bb8bdfc2f5c71af2de6dd57fafa680b532b5fd33e48429617,7.105427357601002e-15
64,1956,0,BB-RL,60.99999999999991,0.002868183990358375,0.0048213700065389276,2.874992787837982e-06,0.0076924289896851406,envelope,1,5a8e21dac8f67f7f5ba5de667ce268210f8fa857b6e04b04ec15ca42bf68185e,7.105427357601002e-15
64,1956,1,BB-RL,60.99999999999991,0.0029784500075038522,0.004820811998797581,2.878994564525783e-06,0.007802141000865959,envelope,1,5a8e21dac8f67f7f5ba5de667ce268210f8fa857b6e04b04ec15ca42bf68185e,7.105427357601002e-15
64,1956,1,MAC,54.398137517909376,2.4963999749161303e-05,0.043340860996977426,0.0,0.04336582499672659,path,1,1d8c1ef9a0c1315bb8bdfc2f5c71af2de6dd57fafa680b532b5fd33e48429617,7.105427357601002e-15
64,1956,2,MAC,54.398137517909376,2.4111999664455652e-05,0.043326947998139076,0.0,0.04335105999780353,path,1,1d8c1ef9a0c1315bb8bdfc2f5c71af2de6dd57fafa680b532b5fd33e48429617,7.105427357601002e-15
64,1956,2,BB-RL,60.99999999999991,0.002888989998609759,0.004825748008443043,2.8469949029386044e-06,0.00771758500195574,envelope,1,5a8e21dac8f67f7f5ba5de667ce268210f8fa857b6e04b04ec15ca42bf68185e,7.105427357601002e-15
64,1956,3,BB-RL,60.99999999999991,0.0032574810029473156,0.004811570004676469,2.7659989427775145e-06,0.008071817006566562,envelope,1,5a8e21dac8f67f7f5ba5de667ce268210f8fa857b6e04b04ec15ca42bf68185e,7.105427357601002e-15
64,1956,3,MAC,54.398137517909376,2.4798006052151322e-05,0.04335486199124716,0.0,0.043379659997299314,path,1,1d8c1ef9a0c1315bb8bdfc2f5c71af2de6dd57fafa680b532b5fd33e48429617,7.105427357601002e-15
64,1956,4,MAC,54.398137517909376,2.4566994397901e-05,0.043246630011708476,0.0,0.04327119700610638,path,1,1d8c1ef9a0c1315bb8bdfc2f5c71af2de6dd57fafa680b532b5fd33e48429617,7.105427357601002e-15
64,1956,4,BB-RL,60.99999999999991,0.002851409008144401,0.004825922995223664,2.8959912015125155e-06,0.007680227994569577,envelope,1,5a8e21dac8f67f7f5ba5de667ce268210f8fa857b6e04b04ec15ca42bf68185e,7.105427357601002e-15
64,1976,0,MAC,52.86673283357897,3.348301106598228e-05,0.04482580898911692,0.0,0.044859292000182904,path,1,e9846af114cbc8fd9e9da66589531dc5e3cebb1f30b25b7b09b592aa2c2faedf,2.1316282072803006e-14
64,1976,0,BB-RL,60.99999999999993,0.0028777289990102872,0.02232790199923329,2.9009970603510737e-06,0.02520853199530393,envelope,1,2e0b618c8d185ed25ef99e1ee8c520454dde8d7006deddd57bdbd0451fa3791e,3.552713678800501e-14
64,1976,1,BB-RL,60.99999999999993,0.0029778919997625053,0.02234162601234857,2.886998117901385e-06,0.025322405010228977,envelope,1,2e0b618c8d185ed25ef99e1ee8c520454dde8d7006deddd57bdbd0451fa3791e,3.552713678800501e-14
64,1976,1,MAC,52.86673283357897,2.4506996851414442e-05,0.044869311997899786,0.0,0.0448938189947512,path,1,e9846af114cbc8fd9e9da66589531dc5e3cebb1f30b25b7b09b592aa2c2faedf,2.1316282072803006e-14
64,1976,2,MAC,52.86673283357897,2.4679000489413738e-05,0.0448224869905971,0.0,0.04484716599108651,path,1,e9846af114cbc8fd9e9da66589531dc5e3cebb1f30b25b7b09b592aa2c2faedf,2.1316282072803006e-14
64,1976,2,BB-RL,60.99999999999993,0.003155012003844604,0.02234694299113471,2.9460061341524124e-06,0.025504901001113467,envelope,1,2e0b618c8d185ed25ef99e1ee8c520454dde8d7006deddd57bdbd0451fa3791e,3.552713678800501e-14
64,1976,3,BB-RL,60.99999999999993,0.0028453169943531975,0.022341926000081003,2.877000952139497e-06,0.02519011999538634,envelope,1,2e0b618c8d185ed25ef99e1ee8c520454dde8d7006deddd57bdbd0451fa3791e,3.552713678800501e-14
64,1976,3,MAC,52.86673283357897,2.4649008992128074e-05,0.044816091991378926,0.0,0.044840741000371054,path,1,e9846af114cbc8fd9e9da66589531dc5e3cebb1f30b25b7b09b592aa2c2faedf,2.1316282072803006e-14
64,1976,4,MAC,52.86673283357897,2.4403008865192533e-05,0.0448175670026103,0.0,0.044841970011475496,path,1,e9846af114cbc8fd9e9da66589531dc5e3cebb1f30b25b7b09b592aa2c2faedf,2.1316282072803006e-14
64,1976,4,BB-RL,60.99999999999993,0.002856975988834165,0.02233756400528364,3.0170049285516143e-06,0.025197556999046355,envelope,1,2e0b618c8d185ed25ef99e1ee8c520454dde8d7006deddd57bdbd0451fa3791e,3.552713678800501e-14
64,1995,0,BB-RL,61.99999999999995,0.0032156939996639267,0.011383036995539442,2.9670045478269458e-06,0.014601697999751195,envelope,1,2a330d4b5b48ad85b106d7496c4901cb71af9e5670c30b22bb3605b4cb88202d,2.842170943040401e-14
64,1995,0,MAC,60.26794919243114,2.4747991119511425e-05,0.0431564820028143,0.0,0.04318122999393381,path,1,b428dc3e4e70d9d7dac6caac19d7874750cc0e10a54bce8cc3be944819071244,7.105427357601002e-15
64,1995,1,MAC,60.26794919243114,2.4640990886837244e-05,0.04308139000204392,0.0,0.043106030992930755,path,1,b428dc3e4e70d9d7dac6caac19d7874750cc0e10a54bce8cc3be944819071244,7.105427357601002e-15
64,1995,1,BB-RL,61.99999999999995,0.003312656990601681,0.011399995011743158,3.0289957066997886e-06,0.014715680998051539,envelope,1,2a330d4b5b48ad85b106d7496c4901cb71af9e5670c30b22bb3605b4cb88202d,2.842170943040401e-14
64,1995,2,BB-RL,61.99999999999995,0.0030780969973420724,0.011380888012354262,3.0410010367631912e-06,0.014462026010733098,envelope,1,2a330d4b5b48ad85b106d7496c4901cb71af9e5670c30b22bb3605b4cb88202d,2.842170943040401e-14
64,1995,2,MAC,60.26794919243114,2.489399048499763e-05,0.04318205399613362,0.0,0.043206947986618616,path,1,b428dc3e4e70d9d7dac6caac19d7874750cc0e10a54bce8cc3be944819071244,7.105427357601002e-15
64,1995,3,MAC,60.26794919243114,2.4566994397901e-05,0.0431211330142105,0.0,0.0431457000086084,path,1,b428dc3e4e70d9d7dac6caac19d7874750cc0e10a54bce8cc3be944819071244,7.105427357601002e-15
64,1995,3,BB-RL,61.99999999999995,0.0030568179936381057,0.011376114998711273,2.8470094548538327e-06,0.014435780001804233,envelope,1,2a330d4b5b48ad85b106d7496c4901cb71af9e5670c30b22bb3605b4cb88202d,2.842170943040401e-14
64,1995,4,BB-RL,61.99999999999995,0.003110257996013388,0.011275429002125748,2.8520007617771626e-06,0.014388538998900913,envelope,1,2a330d4b5b48ad85b106d7496c4901cb71af9e5670c30b22bb3605b4cb88202d,2.842170943040401e-14
64,1995,4,MAC,60.26794919243114,2.4873996153473854e-05,0.04317090900440235,0.0,0.04319578300055582,path,1,b428dc3e4e70d9d7dac6caac19d7874750cc0e10a54bce8cc3be944819071244,7.105427357601002e-15
64,2015,0,BB-RL,62.00000000000002,0.003399156004888937,0.027136884003994055,2.949993358924985e-06,0.030538990002241917,envelope,1,db46b628b4c2a87068ed07a0cd1437b7243eea059725bad515648be5da113748,7.105427357601002e-15
64,2015,0,MAC,62.00000000000001,2.4679000489413738e-05,0.03636560800077859,0.0,0.03639028700126801,path,1,c1c299a87959e71bf917f0b812e634d55bf19aaa4ccd99f606673fbd3d95c6a8,2.842170943040401e-14
64,2015,1,MAC,62.00000000000001,2.449000021442771e-05,0.0362751150096301,0.0,0.03629960500984453,path,1,c1c299a87959e71bf917f0b812e634d55bf19aaa4ccd99f606673fbd3d95c6a8,2.842170943040401e-14
64,2015,1,BB-RL,62.00000000000002,0.0031802710000192747,0.027049120995798148,2.845001290552318e-06,0.030232236997107975,envelope,1,db46b628b4c2a87068ed07a0cd1437b7243eea059725bad515648be5da113748,7.105427357601002e-15
64,2015,2,BB-RL,62.00000000000002,0.0030715019966010004,0.02703909900446888,2.8240028768777847e-06,0.03011342500394676,envelope,1,db46b628b4c2a87068ed07a0cd1437b7243eea059725bad515648be5da113748,7.105427357601002e-15
64,2015,2,MAC,62.00000000000001,2.4975990527309477e-05,0.036268509007641114,0.0,0.036293484998168424,path,1,c1c299a87959e71bf917f0b812e634d55bf19aaa4ccd99f606673fbd3d95c6a8,2.842170943040401e-14
64,2015,3,MAC,62.00000000000001,2.4572000256739557e-05,0.03630516600969713,0.0,0.03632973800995387,path,1,c1c299a87959e71bf917f0b812e634d55bf19aaa4ccd99f606673fbd3d95c6a8,2.842170943040401e-14
64,2015,3,BB-RL,62.00000000000002,0.0031249470048351213,0.02702348498860374,2.8950016712769866e-06,0.03015132699511014,envelope,1,db46b628b4c2a87068ed07a0cd1437b7243eea059725bad515648be5da113748,7.105427357601002e-15
64,2015,4,BB-RL,62.00000000000002,0.00344324299658183,0.02702644000237342,2.8700014809146523e-06,0.030472553000436164,envelope,1,db46b628b4c2a87068ed07a0cd1437b7243eea059725bad515648be5da113748,7.105427357601002e-15
64,2015,4,MAC,62.00000000000001,2.48889991780743e-05,0.036248927004635334,0.0,0.03627381600381341,path,1,c1c299a87959e71bf917f0b812e634d55bf19aaa4ccd99f606673fbd3d95c6a8,2.842170943040401e-14
128,128,0,MAC,0.0008339675652308614,4.542100941762328e-05,0.15057474799687043,0.0,0.15062016900628805,path,1,e6e8122c3c846f89999ae55b648b5c95e905c91b7ae5109f5861378b410aa94b,6.076953176781252e-16
128,128,0,BB-RL,1.0000000000000002,0.000432692002505064,0.005647544996463694,3.1910021789371967e-06,0.006083428001147695,envelope,1,33e1541232c57110e9b75e7aada6159221d810fe7361658aeae8386c099e6b2d,2.9976021664879227e-15
128,128,1,BB-RL,1.0000000000000002,0.0005319249903550372,0.005656890003592707,3.05499997921288e-06,0.006191869993926957,envelope,1,33e1541232c57110e9b75e7aada6159221d810fe7361658aeae8386c099e6b2d,2.9976021664879227e-15
128,128,1,MAC,0.0008339675652308614,4.587500006891787e-05,0.1503295069996966,0.0,0.15037538199976552,path,1,e6e8122c3c846f89999ae55b648b5c95e905c91b7ae5109f5861378b410aa94b,6.076953176781252e-16
128,128,2,MAC,0.0008339675652308614,5.117499676998705e-05,0.1503564640006516,0.0,0.1504076389974216,path,1,e6e8122c3c846f89999ae55b648b5c95e905c91b7ae5109f5861378b410aa94b,6.076953176781252e-16
128,128,2,BB-RL,1.0000000000000002,0.00042423100967425853,0.00557413199567236,3.0640076147392392e-06,0.006001427012961358,envelope,1,33e1541232c57110e9b75e7aada6159221d810fe7361658aeae8386c099e6b2d,2.9976021664879227e-15
128,128,3,BB-RL,1.0000000000000002,0.0005306749953888357,0.005512760006240569,3.053995897062123e-06,0.006046488997526467,envelope,1,33e1541232c57110e9b75e7aada6159221d810fe7361658aeae8386c099e6b2d,2.9976021664879227e-15
128,128,3,MAC,0.0008339675652308614,4.5940003474242985e-05,0.15029471600428224,0.0,0.15034065600775648,path,1,e6e8122c3c846f89999ae55b648b5c95e905c91b7ae5109f5861378b410aa94b,6.076953176781252e-16
128,128,4,MAC,0.0008339675652308614,4.495801113080233e-05,0.1503979519911809,0.0,0.1504429100023117,path,1,e6e8122c3c846f89999ae55b648b5c95e905c91b7ae5109f5861378b410aa94b,6.076953176781252e-16
128,128,4,BB-RL,1.0000000000000002,0.000423126999521628,0.0055154639994725585,3.033012035302818e-06,0.005941624011029489,envelope,1,33e1541232c57110e9b75e7aada6159221d810fe7361658aeae8386c099e6b2d,2.9976021664879227e-15
128,209,0,BB-RL,0.9999999999999853,0.0005318030016496778,0.08668096199107822,3.186010872013867e-06,0.08721595100359991,envelope,1,8fe3dc733d99e5dbf8ceb065fb940f066b82eacd825c9c60ce0f9d8029d22642,6.439293542825908e-15
128,209,0,MAC,0.04748223544105022,4.543700197245926e-05,0.15263705399411265,0.0,0.1526824909960851,path,1,5d47b05d6206b7bc3dabc225e499a86fdb8bb07f0dded258fd2601c0420613d5,1.3211653993039363e-14
128,209,1,MAC,0.04748223544105022,4.553300095722079e-05,0.15274259400030132,0.0,0.15278812700125854,path,1,5d47b05d6206b7bc3dabc225e499a86fdb8bb07f0dded258fd2601c0420613d5,1.3211653993039363e-14
128,209,1,BB-RL,0.9999999999999853,0.00042060299892909825,0.0864938400045503,3.0849914764985442e-06,0.08691752799495589,envelope,1,8fe3dc733d99e5dbf8ceb065fb940f066b82eacd825c9c60ce0f9d8029d22642,6.439293542825908e-15
128,209,2,BB-RL,0.9999999999999853,0.0005202059983275831,0.08647002100769896,3.0619994504377246e-06,0.08699328900547698,envelope,1,8fe3dc733d99e5dbf8ceb065fb940f066b82eacd825c9c60ce0f9d8029d22642,6.439293542825908e-15
128,209,2,MAC,0.04748223544105022,4.596800135914236e-05,0.15280669799540192,0.0,0.15285266599676106,path,1,5d47b05d6206b7bc3dabc225e499a86fdb8bb07f0dded258fd2601c0420613d5,1.3211653993039363e-14
128,209,3,MAC,0.04748223544105022,5.04180061398074e-05,0.15279340599954594,0.0,0.15284382400568575,path,1,5d47b05d6206b7bc3dabc225e499a86fdb8bb07f0dded258fd2601c0420613d5,1.3211653993039363e-14
128,209,3,BB-RL,0.9999999999999853,0.0004251790087437257,0.08698966399242636,3.1990057323127985e-06,0.0874180420069024,envelope,1,8fe3dc733d99e5dbf8ceb065fb940f066b82eacd825c9c60ce0f9d8029d22642,6.439293542825908e-15
128,209,4,BB-RL,0.9999999999999853,0.0005285829975036904,0.08682905000750907,3.045992343686521e-06,0.08736067899735644,envelope,1,8fe3dc733d99e5dbf8ceb065fb940f066b82eacd825c9c60ce0f9d8029d22642,6.439293542825908e-15
128,209,4,MAC,0.04748223544105022,4.618099774233997e-05,0.1525610139942728,0.0,0.15260719499201514,path,1,5d47b05d6206b7bc3dabc225e499a86fdb8bb07f0dded258fd2601c0420613d5,1.3211653993039363e-14
128,290,0,MAC,0.19691899756003312,4.564299888443202e-05,0.15211919399735052,0.0,0.15216483699623495,path,1,22d5a276e7ff484dcd1bbde1cad5c149299ea84606285b59af05acafdeeccae1,3.497202527569243e-15
128,290,0,BB-RL,1.9999999999999996,0.0005756180034950376,0.04303487599827349,3.0779920052736998e-06,0.0436135719937738,envelope,1,43e509e6f44af9040dd2e86cfe47f0e694dbd2af477100fa9c9fa2f6d10c70b7,1.509903313490213e-14
128,290,1,BB-RL,1.9999999999999996,0.0006807329918956384,0.042566623000311665,2.9810034902766347e-06,0.04325033699569758,envelope,1,43e509e6f44af9040dd2e86cfe47f0e694dbd2af477100fa9c9fa2f6d10c70b7,1.509903313490213e-14
128,290,1,MAC,0.19691899756003312,4.624899884220213e-05,0.1521882840024773,0.0,0.1522345330013195,path,1,22d5a276e7ff484dcd1bbde1cad5c149299ea84606285b59af05acafdeeccae1,3.497202527569243e-15
128,290,2,MAC,0.19691899756003312,4.492299922276288e-05,0.15210736499284394,0.0,0.1521522879920667,path,1,22d5a276e7ff484dcd1bbde1cad5c149299ea84606285b59af05acafdeeccae1,3.497202527569243e-15
128,290,2,BB-RL,1.9999999999999996,0.0005700960027752444,0.04307430899643805,3.0140072340145707e-06,0.04364741900644731,envelope,1,43e509e6f44af9040dd2e86cfe47f0e694dbd2af477100fa9c9fa2f6d10c70b7,1.509903313490213e-14
128,290,3,BB-RL,1.9999999999999996,0.000682065001456067,0.042579403991112486,2.988002961501479e-06,0.043264456995530054,envelope,1,43e509e6f44af9040dd2e86cfe47f0e694dbd2af477100fa9c9fa2f6d10c70b7,1.509903313490213e-14
128,290,3,MAC,0.19691899756003312,4.5972003135830164e-05,0.1523033760022372,0.0,0.15234934800537303,path,1,22d5a276e7ff484dcd1bbde1cad5c149299ea84606285b59af05acafdeeccae1,3.497202527569243e-15
128,290,4,MAC,0.19691899756003312,4.5348002458922565e-05,0.15234102398972027,0.0,0.1523863719921792,path,1,22d5a276e7ff484dcd1bbde1cad5c149299ea84606285b59af05acafdeeccae1,3.497202527569243e-15
128,290,4,BB-RL,1.9999999999999996,0.000570870004594326,0.042780955001944676,3.0999945010989904e-06,0.0433549250010401,envelope,1,43e509e6f44af9040dd2e86cfe47f0e694dbd2af477100fa9c9fa2f6d10c70b7,1.509903313490213e-14
128,370,0,MAC,0.06266561648285911,4.6002998715266585e-05,0.15211197000462562,0.0,0.15215797300334089,path,1,c6f305a249169271435e26db261d138c6b8e37a579a15b2fc59bc913f8d63de7,8.715250743307479e-15
128,370,0,BB-RL,2.0,0.0005829939909745008,0.12207482600933872,3.064997144974768e-06,0.1226608849974582,envelope,1,659acd761fba9b07bc6e5931f6ea6150b43ce3e4a592b34535987d00be9a42c0,4.04121180963557e-14
128,370,1,BB-RL,2.0,0.0006756469956599176,0.12185760500142351,2.9410002753138542e-06,0.12253619299735874,envelope,1,659acd761fba9b07bc6e5931f6ea6150b43ce3e4a592b34535987d00be9a42c0,4.04121180963557e-14
128,370,1,MAC,0.06266561648285911,4.612500197254121e-05,0.152329093994922,0.0,0.15237521899689455,path,1,c6f305a249169271435e26db261d138c6b8e37a579a15b2fc59bc913f8d63de7,8.715250743307479e-15
128,370,2,MAC,0.06266561648285911,4.530500154942274e-05,0.15212485700612888,0.0,0.1521701620076783,path,1,c6f305a249169271435e26db261d138c6b8e37a579a15b2fc59bc913f8d63de7,8.715250743307479e-15
128,370,2,BB-RL,2.0,0.0005787339905509725,0.12181533200782724,2.9910006560385227e-06,0.12239705699903425,envelope,1,659acd761fba9b07bc6e5931f6ea6150b43ce3e4a592b34535987d00be9a42c0,4.04121180963557e-14
128,370,3,BB-RL,2.0,0.0006941979954717681,0.12228583700198215,2.9619986889883876e-06,0.1229829969961429,envelope,1,659acd761fba9b07bc6e5931f6ea6150b43ce3e4a592b34535987d00be9a42c0,4.04121180963557e-14
128,370,3,MAC,0.06266561648285911,4.564799019135535e-05,0.1522562060126802,0.0,0.15230185400287155,path,1,c6f305a249169271435e26db261d138c6b8e37a579a15b2fc59bc913f8d63de7,8.715250743307479e-15
128,370,4,MAC,0.06266561648285911,4.525900294538587e-05,0.1521477939968463,0.0,0.1521930529997917,path,1,c6f305a249169271435e26db261d138c6b8e37a579a15b2fc59bc913f8d63de7,8.715250743307479e-15
128,370,4,BB-RL,2.0,0.0005749319971073419,0.12211710900010075,3.0410010367631912e-06,0.12269508199824486,envelope,1,659acd761fba9b07bc6e5931f6ea6150b43ce3e4a592b34535987d00be9a42c0,4.04121180963557e-14
128,451,0,BB-RL,2.9999999999999822,0.0008235099958255887,0.08069864100252744,2.988002961501479e-06,0.08152513900131453,envelope,1,dde9bc817714856f22b736d1be4f3063c80cb57f9e4cd0bb10082d666a0229fa,8.881784197001252e-16
128,451,0,MAC,0.121831446380561,4.6061992179602385e-05,0.15219434699974954,0.0,0.15224040899192914,path,1,cfd981fd3f0dcf1f35727bebaa200a8d776faa442ce6e61455ba39b3757c8073,5.523359547510154e-15
128,451,1,MAC,0.121831446380561,4.379400343168527e-05,0.1518842119985493,0.0,0.15192800600198098,path,1,cfd981fd3f0dcf1f35727bebaa200a8d776faa442ce6e61455ba39b3757c8073,5.523359547510154e-15
128,451,1,BB-RL,2.9999999999999822,0.0007287699991138652,0.08032440500392113,3.0560040613636374e-06,0.08105623100709636,envelope,1,dde9bc817714856f22b736d1be4f3063c80cb57f9e4cd0bb10082d666a0229fa,8.881784197001252e-16
128,451,2,BB-RL,2.9999999999999822,0.0008303229988086969,0.08053606899920851,2.9790098778903484e-06,0.0813693710078951,envelope,1,dde9bc817714856f22b736d1be4f3063c80cb57f9e4cd0bb10082d666a0229fa,8.881784197001252e-16
128,451,2,MAC,0.121831446380561,4.610700125340372e-05,0.15214888099581003,0.0,0.15219498799706344,path,1,cfd981fd3f0dcf1f35727bebaa200a8d776faa442ce6e61455ba39b3757c8073,5.523359547510154e-15
128,451,3,MAC,0.121831446380561,4.5298002078197896e-05,0.1519994830014184,0.0,0.1520447810034966,path,1,cfd981fd3f0dcf1f35727bebaa200a8d776faa442ce6e61455ba39b3757c8073,5.523359547510154e-15
128,451,3,BB-RL,2.9999999999999822,0.0007197999948402867,0.08039757200458553,3.0090013751760125e-06,0.08112038100080099,envelope,1,dde9bc817714856f22b736d1be4f3063c80cb57f9e4cd0bb10082d666a0229fa,8.881784197001252e-16
128,451,4,BB-RL,2.9999999999999822,0.0008292379934573546,0.08049189900339115,3.0179944587871432e-06,0.0813241549913073,envelope,1,dde9bc817714856f22b736d1be4f3063c80cb57f9e4cd0bb10082d666a0229fa,8.881784197001252e-16
128,451,4,MAC,0.121831446380561,4.6141998609527946e-05,0.15219848899869248,0.0,0.152244630997302,path,1,cfd981fd3f0dcf1f35727bebaa200a8d776faa442ce6e61455ba39b3757c8073,5.523359547510154e-15
128,532,0,MAC,0.11834737870050535,4.5670996769331396e-05,0.15341498800262343,0.0,0.15346065899939276,path,1,de04a75e88b0f38e2d5c9d9075886507182ab0c5f2e63a1c362c826c30299072,6.38378239159465e-16
128,532,0,BB-RL,4.000000000000002,0.00869557999249082,0.0679472670017276,3.720007953234017e-06,0.07664656700217165,envelope,2,4c81b6080c91c06843e37e1c1f9004861a22560a025228c36c85d6744403b500,5.10702591327572e-14
128,532,1,BB-RL,4.020654661567551,0.008735693001653999,0.06736396600899752,3.92599031329155e-06,0.07610358500096481,cayley,2,b7ed18a43b1a4f1929f991ab64d618c321cbbac12540f22134376106791b82b1,5.10702591327572e-14
128,532,1,MAC,0.11834737870050535,5.274399882182479e-05,0.1533098229992902,0.0,0.15336256699811202,path,1,de04a75e88b0f38e2d5c9d9075886507182ab0c5f2e63a1c362c826c30299072,6.38378239159465e-16
128,532,2,MAC,0.11834737870050535,4.551699385046959e-05,0.15310602300451137,0.0,0.15315153999836184,path,1,de04a75e88b0f38e2d5c9d9075886507182ab0c5f2e63a1c362c826c30299072,6.38378239159465e-16
128,532,2,BB-RL,4.107509857149328,0.008825904995319434,0.06745943400892429,3.838998964056373e-06,0.07628917800320778,cayley,2,8021133311313b5356515c94ecb4f045eb1425325461b01798cd8d45480a1303,5.10702591327572e-14
128,532,3,BB-RL,4.074503395786849,0.008823698008200154,0.0674544479988981,3.6339915823191404e-06,0.07628177999868058,cayley,2,6e78ba4d98afd844b91eb4584573a1f37692f747497b241033920f2b364d490d,5.10702591327572e-14
128,532,3,MAC,0.11834737870050535,4.595700011122972e-05,0.15287396300118417,0.0,0.1529199200012954,path,1,de04a75e88b0f38e2d5c9d9075886507182ab0c5f2e63a1c362c826c30299072,6.38378239159465e-16
128,532,4,MAC,0.11834737870050535,4.532998718786985e-05,0.15330408200679813,0.0,0.153349411993986,path,1,de04a75e88b0f38e2d5c9d9075886507182ab0c5f2e63a1c362c826c30299072,6.38378239159465e-16
128,532,4,BB-RL,4.000000000000002,0.008581660993513651,0.06740368400642183,3.7610006984323263e-06,0.07598910600063391,envelope,2,4c81b6080c91c06843e37e1c1f9004861a22560a025228c36c85d6744403b500,5.10702591327572e-14
128,613,0,BB-RL,4.732604372015718,0.008994636998977512,0.16469975200016052,3.879002179019153e-06,0.17369826800131705,cayley,2,39e8dfad927a1ac1e34ec077e79aea1701a0425929ed1ebfe90593d1b40bdf04,1.1546319456101628e-14
128,613,0,MAC,0.1939283327561015,4.6093002310954034e-05,0.15406887300196104,0.0,0.154114966004272,path,1,58a22472cff797586e0cdbb09693402e86563884edb47f1a240ef78a27cab3e7,2.55351295663786e-15
128,613,1,MAC,0.1939283327561015,4.548099241219461e-05,0.15383091900730506,0.0,0.15387639999971725,path,1,58a22472cff797586e0cdbb09693402e86563884edb47f1a240ef78a27cab3e7,2.55351295663786e-15
128,613,1,BB-RL,4.847311525024191,0.008862582995789126,0.16471456100407522,4.068991984240711e-06,0.1735812129918486,cayley,2,a325722c6d0159d8521adc703ad30a00d6cfe8aee0bd95afe40d0cb1defed5d4,1.1546319456101628e-14
128,613,2,BB-RL,4.544346786248223,0.00895777199184522,0.16522485100722406,3.6860001273453236e-06,0.17418630899919663,cayley,2,7aa92e1c588158f1274d2b5b079d76bf87f08827fb64ecb24fddcf2665fb9b43,1.1546319456101628e-14
128,613,2,MAC,0.1939283327561015,4.6361994463950396e-05,0.15343274400220253,0.0,0.15347910599666648,path,1,58a22472cff797586e0cdbb09693402e86563884edb47f1a240ef78a27cab3e7,2.55351295663786e-15
128,613,3,MAC,0.1939283327561015,4.523000097833574e-05,0.15311935399950016,0.0,0.1531645840004785,path,1,58a22472cff797586e0cdbb09693402e86563884edb47f1a240ef78a27cab3e7,2.55351295663786e-15
128,613,3,BB-RL,4.676152649161312,0.008877679996658117,0.16532014799304307,3.706009010784328e-06,0.17420153399871197,cayley,2,6caa6548788ce9711db50bb03da55d6f574febb437841be488c2944c52923330,1.1546319456101628e-14
128,613,4,BB-RL,4.735895954059824,0.009090531995752826,0.16493177400843706,3.7729914765805006e-06,0.17402607899566647,cayley,2,c6abcbeda664759ce358df802f2ca0a53e04ee0aa3fe9f655be1020f73ef3b9c,1.1546319456101628e-14
128,613,4,MAC,0.1939283327561015,4.545399860944599e-05,0.15347699700214434,0.0,0.1535224510007538,path,1,58a22472cff797586e0cdbb09693402e86563884edb47f1a240ef78a27cab3e7,2.55351295663786e-15
128,694,0,MAC,0.4275065506033885,4.555199120659381e-05,0.154034657010925,0.0,0.1540802090021316,path,1,beac68e27bad6671c715b4e8180a066ab179cdb239578cfe27567c0808db013a,8.881784197001252e-16
128,694,0,BB-RL,5.369533184262124,0.009255263998056762,0.14487409699358977,3.6709971027448773e-06,0.15413303198874928,cayley,2,2ff97d7a1a5e4b193fa5b51a8016a20020ac3739187600856bf68521854b7941,1.509903313490213e-14
128,694,1,BB-RL,5.272883552469432,0.009311557994806208,0.14418473400291987,3.6609999369829893e-06,0.15349995299766306,cayley,2,9aad4d962cd4ba926b12c5e456b06df8f909d1a11aa1084301b123ccc2a62a0a,7.993605777301127e-15
128,694,1,MAC,0.4275065506033885,4.61390009149909e-05,0.15339709899853915,0.0,0.15344323799945414,path,1,beac68e27bad6671c715b4e8180a066ab179cdb239578cfe27567c0808db013a,8.881784197001252e-16
128,694,2,MAC,0.4275065506033885,4.513599560596049e-05,0.15336811500310432,0.0,0.15341325099871028,path,1,beac68e27bad6671c715b4e8180a066ab179cdb239578cfe27567c0808db013a,8.881784197001252e-16
128,694,2,BB-RL,5.857712160189362,0.0092615720059257,0.14487946199369617,3.838009433820844e-06,0.1541448720090557,cayley,2,0a4efa273a922ac5dd03f1030b7a51def591914dc56030c5245e3af887e76da9,7.993605777301127e-15
128,694,3,BB-RL,5.514219370394402,0.009346277001895942,0.14406230600434355,3.812994691543281e-06,0.15341239600093104,cayley,2,fef9b07791c7967cbcef40b407000ece85fb398a4945cdfafec546752b91f8ed,7.993605777301127e-15
128,694,3,MAC,0.4275065506033885,4.640800761990249e-05,0.15399321599397808,0.0,0.15403962400159799,path,1,beac68e27bad6671c715b4e8180a066ab179cdb239578cfe27567c0808db013a,8.881784197001252e-16
128,694,4,MAC,0.4275065506033885,4.534599429462105e-05,0.15366541100956965,0.0,0.15371075700386427,path,1,beac68e27bad6671c715b4e8180a066ab179cdb239578cfe27567c0808db013a,8.881784197001252e-16
128,694,4,BB-RL,5.5354492813596385,0.00930009299190715,0.144315337005537,3.7629943108186126e-06,0.15361919299175497,cayley,2,7922e5aae5816542d069a5055a03080c56b5a33c0cde66a0e6c5264092dfc118,2.042810365310288e-14
128,774,0,MAC,0.7469942158648601,4.614399222191423e-05,0.15404514600231778,0.0,0.1540912899945397,path,1,b968972e66710945df024e45dc58e663a16cbd146e01dea5d38c6300c7c0aa9d,9.992007221626409e-16
128,774,0,BB-RL,7.250187107056988,0.010113700991496444,0.05919382499996573,3.7980062188580632e-06,0.06931132399768103,cayley,2,2ed81113edf4c86285c1337e38003297d64004901253bb722fb21bdde14e6ff8,3.4638958368304884e-14
128,774,1,BB-RL,6.999352263289126,0.01009839899779763,0.05919687201094348,3.7959980545565486e-06,0.06929906700679567,cayley,2,14edc0558b5cefc1c5b7dc49cf469c27cb57d971101dff001a9745d71d3561d8,3.4638958368304884e-14
128,774,1,MAC,0.7469942158648601,4.641299892682582e-05,0.15475142799550667,0.0,0.1547978409944335,path,1,b968972e66710945df024e45dc58e663a16cbd146e01dea5d38c6300c7c0aa9d,9.992007221626409e-16
128,774,2,MAC,0.7469942158648601,4.565500421449542e-05,0.15488891999120824,0.0,0.15493457499542274,path,1,b968972e66710945df024e45dc58e663a16cbd146e01dea5d38c6300c7c0aa9d,9.992007221626409e-16
128,774,2,BB-RL,6.803597419452253,0.009913763991789892,0.059382008999818936,3.812005161307752e-06,0.06929958499677014,cayley,2,c3848507ef029d034e890579680dd84e73a7bd9bbe8f50ac923bba633f47be6d,3.4638958368304884e-14
128,774,3,BB-RL,7.199780015294161,0.010129285001312383,0.058975970998289995,3.8430007407441735e-06,0.06910909900034312,cayley,2,9b9772036320952602c58fe9e276d612f508bc7f5c869ea6b542958ec6abad10,3.4638958368304884e-14
128,774,3,MAC,0.7469942158648601,4.595100472215563e-05,0.15527617499174085,0.0,0.155322125996463,path,1,b968972e66710945df024e45dc58e663a16cbd146e01dea5d38c6300c7c0aa9d,9.992007221626409e-16
128,774,4,MAC,0.7469942158648601,4.5334003516472876e-05,0.1553024099994218,0.0,0.15534774400293827,path,1,b968972e66710945df024e45dc58e663a16cbd146e01dea5d38c6300c7c0aa9d,9.992007221626409e-16
128,774,4,BB-RL,6.814989972561094,0.009990892998757772,0.05912487099703867,3.673005267046392e-06,0.06911943700106349,cayley,2,35e9936b588116e7f3744de84a106bd0e7ec1a66b0cf9fb4f4e71e295713f8c4,3.4638958368304884e-14
128,855,0,BB-RL,8.026392193610935,0.010292343999026343,0.04311733099166304,3.749999450519681e-06,0.0534134249901399,cayley,2,4a9b35ac959658172496202d2f3db316a44bc06b76f79f425809bb13bc40df88,5.861977570020827e-14
128,855,0,MAC,0.4933342972898083,4.521699156612158e-05,0.15381270401121583,0.0,0.15385792100278195,path,1,f8f0a5466d24957ccaa3f0fc987b0c90d65daa77543aa042e1c93e773016acdd,2.6645352591003757e-15
128,855,1,MAC,0.4933342972898083,4.543700197245926e-05,0.15404647300601937,0.0,0.15409191000799183,path,1,f8f0a5466d24957ccaa3f0fc987b0c90d65daa77543aa042e1c93e773016acdd,2.6645352591003757e-15
128,855,1,BB-RL,7.936094626624715,0.010421994011267088,0.04304659098852426,3.783003194257617e-06,0.053472368002985604,cayley,2,16613dcca585d6fc3845d662199ad9df9fdb701ee3eb5292cb4e8a14ac20d1e9,5.861977570020827e-14
128,855,2,BB-RL,8.0664775967315,0.010715975993662141,0.0428404020058224,3.7660065572708845e-06,0.05356014400604181,cayley,2,f2e3efb5e573a86b6b5659c734794af2a52dbfe7d4c0797f23401121689e732f,5.861977570020827e-14
128,855,2,MAC,0.4933342972898083,4.604698915500194e-05,0.1541199760104064,0.0,0.1541660229995614,path,1,f8f0a5466d24957ccaa3f0fc987b0c90d65daa77543aa042e1c93e773016acdd,2.6645352591003757e-15
128,855,3,MAC,0.4933342972898083,4.990400339011103e-05,0.153336818999378,0.0,0.15338672300276812,path,1,f8f0a5466d24957ccaa3f0fc987b0c90d65daa77543aa042e1c93e773016acdd,2.6645352591003757e-15
128,855,3,BB-RL,8.017650873129117,0.010147957000299357,0.042952781994245015,3.6529963836073875e-06,0.05310439199092798,cayley,2,e64684e02caa0c9ab98bd66e97068542668eaf1996de6901997774d3c55df9fc,5.861977570020827e-14
128,855,4,BB-RL,7.998139286822429,0.010109574999660254,0.04302571099833585,3.7900026654824615e-06,0.05313907600066159,cayley,2,a0edea5f226deaad257b7abab90b2e2e072428ce9ff58f495ff3dfee1ea98146,5.861977570020827e-14
128,855,4,MAC,0.4933342972898083,4.5706998207606375e-05,0.15357853801106103,0.0,0.15362424500926863,path,1,f8f0a5466d24957ccaa3f0fc987b0c90d65daa77543aa042e1c93e773016acdd,2.6645352591003757e-15
128,936,0,MAC,1.300904619063974,3.713600744958967e-05,0.15503671299666166,0.0,0.15507384900411125,path,1,e06386c2a290dc7d7dfaa79a6c57e87f578df3a9d30944c46f9fd380f38a0317,1.1546319456101628e-14
128,936,0,BB-RL,8.950129399966453,0.009137585002463311,0.04756045900285244,3.0529918149113655e-06,0.05670109699713066,cayley,1,c70b055b33b81b34c24969990ccd095e910eab71ca21eb9350d7f16b8e976e11,1.4210854715202004e-14
128,936,1,BB-RL,8.188343874554981,0.009548180998535827,0.047317949996795505,2.9850052669644356e-06,0.056869116000598297,cayley,1,a096a735a90c8cfe6bce3f8f6965f0f9ef12936f3a4ebc85e89bd45b9f72efb5,3.552713678800501e-15
128,936,1,MAC,1.300904619063974,3.316299989819527e-05,0.15426898100122344,0.0,0.15430214400112163,path,1,e06386c2a290dc7d7dfaa79a6c57e87f578df3a9d30944c46f9fd380f38a0317,1.1546319456101628e-14
128,936,2,MAC,1.300904619063974,4.564299888443202e-05,0.15422301899525337,0.0,0.1542686619941378,path,1,e06386c2a290dc7d7dfaa79a6c57e87f578df3a9d30944c46f9fd380f38a0317,1.1546319456101628e-14
128,936,2,BB-RL,8.381590480993282,0.00911399100732524,0.04738882399396971,3.1130039133131504e-06,0.05650592800520826,cayley,1,2b63eb158568f6b5e5c0aa00eca84c2635292ba37a4c87edd58834eae4471a96,3.552713678800501e-15
128,936,3,BB-RL,8.754375234342927,0.00929576699854806,0.04756084400287364,3.096996806561947e-06,0.05685970799822826,cayley,1,ed9901b501df22be3097fbe204e9d0d7036cef620c5acdfc6f89cd822345fcb1,1.7763568394002505e-14
128,936,3,MAC,1.300904619063974,3.269698936492205e-05,0.15526840199891012,0.0,0.15530109898827504,path,1,e06386c2a290dc7d7dfaa79a6c57e87f578df3a9d30944c46f9fd380f38a0317,1.1546319456101628e-14
128,936,4,MAC,1.300904619063974,4.532399179879576e-05,0.15534878100152127,0.0,0.15539410499332007,path,1,e06386c2a290dc7d7dfaa79a6c57e87f578df3a9d30944c46f9fd380f38a0317,1.1546319456101628e-14
128,936,4,BB-RL,8.599456181163088,0.009249122012988664,0.04717115899256896,2.8710055630654097e-06,0.05642315201112069,cayley,1,6b86c2be7d371b127f8b7918072869264e14ddc4a6e99bdecf55abb671c6caf3,1.5987211554602254e-14
128,1017,0,BB-RL,9.80216336652402,0.009460341010708362,0.0643110719975084,3.031003871001303e-06,0.07377444401208777,cayley,1,68e729dbf24484651972053936c3333481a49cba68f3bdb4646887b6ad5f2d1a,2.1316282072803006e-14
128,1017,0,MAC,0.4665542614941456,4.748700303025544e-05,0.1546107930043945,0.0,0.15465828000742476,path,1,a43033bdb7e54674e10985b241439255a0296837768d1c984c90c35a7e1a6f19,1.27675647831893e-14
128,1017,1,MAC,0.4665542614941456,4.5383989345282316e-05,0.15404277000925504,0.0,0.15408815399860032,path,1,a43033bdb7e54674e10985b241439255a0296837768d1c984c90c35a7e1a6f19,1.27675647831893e-14
128,1017,1,BB-RL,9.790962409105198,0.009567277011228725,0.06418195899459533,3.0460068956017494e-06,0.07375228201271966,cayley,1,850f67335419e7efde41d6edaf38d71fcb520ac69e6e04a9b7577364a525b72b,0.0
128,1017,2,BB-RL,9.841503435124359,0.009883938007988036,0.06461360599496402,3.0890078051015735e-06,0.07450063301075716,cayley,1,53bc1427294eac58001e61d6116cc011abac89589415baae3fbcbce05a578282,1.2434497875801753e-14
128,1017,2,MAC,0.4665542614941456,3.308399755042046e-05,0.15443921899714042,0.0,0.15447230299469084,path,1,a43033bdb7e54674e10985b241439255a0296837768d1c984c90c35a7e1a6f19,1.27675647831893e-14
128,1017,3,MAC,0.4665542614941456,4.5694003347307444e-05,0.1537435530044604,0.0,0.15378924700780772,path,1,a43033bdb7e54674e10985b241439255a0296837768d1c984c90c35a7e1a6f19,1.27675647831893e-14
128,1017,3,BB-RL,9.646936002863718,0.009400782000739127,0.06444875699526165,2.9819930205121636e-06,0.07385252098902129,cayley,1,317cf5255b81272302f570a6ff65ca8024e78fc5aa52f10bdda19896d77a7455,1.2434497875801753e-14
128,1017,4,BB-RL,9.451603147653127,0.009596297008101828,0.06435154100472573,3.1389936339110136e-06,0.07395097700646147,cayley,1,53c742851f148a2d34e1c9ca2796184933f10b5840546457f3b599d914870807,5.329070518200751e-15
128,1017,4,MAC,0.4665542614941456,3.25680011883378e-05,0.15494692701031454,0.0,0.15497949501150288,path,1,a43033bdb7e54674e10985b241439255a0296837768d1c984c90c35a7e1a6f19,1.27675647831893e-14
128,1098,0,MAC,1.2803581536694866,4.530999285634607e-05,0.15452034400368575,0.0,0.1545656539965421,path,1,f9169fd6be34cc71816ce80619177b9282f89fa0c1c829d3440ac5b09f7feaa0,1.199040866595169e-14
128,1098,0,BB-RL,11.33713911764378,0.009734948995173909,0.017133765009930357,3.239998477511108e-06,0.026871954003581777,cayley,1,a8e62ea8d94b190d930e939f9891bf886c0fd2765549b29392c561088271aefd,3.552713678800501e-15
128,1098,1,BB-RL,11.13184520987079,0.009978828995372169,0.016897098001209088,3.0369992600753903e-06,0.026878963995841332,cayley,1,6b9724971c3bfc7a0259c7d867f57c29a4bd37cef79095c2f219c02c614a617d,1.9539925233402755e-14
128,1098,1,MAC,1.2803581536694866,4.84469928778708e-05,0.15504161300486885,0.0,0.15509005999774672,path,1,f9169fd6be34cc71816ce80619177b9282f89fa0c1c829d3440ac5b09f7feaa0,1.199040866595169e-14
128,1098,2,MAC,1.2803581536694866,5.068599421065301e-05,0.154544856006396,0.0,0.15459554200060666,path,1,f9169fd6be34cc71816ce80619177b9282f89fa0c1c829d3440ac5b09f7feaa0,1.199040866595169e-14
128,1098,2,BB-RL,11.19239873530691,0.009786169990547933,0.01707996400364209,2.9090006137266755e-06,0.02686904299480375,cayley,1,010cfabb119e280b2acf80859067ba419b30015479e2295d75e2fb9f268ce50e,1.7763568394002505e-15
128,1098,3,BB-RL,11.550259572143645,0.009790042007807642,0.017013967997627333,3.043998731300235e-06,0.026807054004166275,cayley,1,0c3c79c260b6ce092254ae5436c59fbab840830d3db965e4cdd6a818a664157c,2.1316282072803006e-14
128,1098,3,MAC,1.2803581536694866,3.3181990147568285e-05,0.1549850349983899,0.0,0.15501821698853746,path,1,f9169fd6be34cc71816ce80619177b9282f89fa0c1c829d3440ac5b09f7feaa0,1.199040866595169e-14
128,1098,4,MAC,1.2803581536694866,4.524599353317171e-05,0.15473450999706984,0.0,0.154779755990603,path,1,f9169fd6be34cc71816ce80619177b9282f89fa0c1c829d3440ac5b09f7feaa0,1.199040866595169e-14
128,1098,4,BB-RL,11.042683823370126,0.009837058998527937,0.017143873003078625,3.092005499638617e-06,0.0269840240071062,cayley,1,bcfcd1269c11c2cf92543d965a7f22403a43b35a654b1eb7dc70a857360b7fed,5.329070518200751e-15
128,1178,0,MAC,0.9380591592477217,3.305899736005813e-05,0.15452751200064085,0.0,0.1545605709980009,path,1,a8e6a11b5e4188ff1969064a57eb8fe502925296994e1b7ac0145aecd1d8b764,1.1102230246251565e-16
128,1178,0,BB-RL,11.902118030086601,0.009949618994141929,0.03333412800566293,2.945002052001655e-06,0.043286692001856863,cayley,1,9d779f21e94515f0c791b2a378dd522325eac7d6f93a8ddf74fa1d991b0aca53,1.7763568394002505e-14
128,1178,1,BB-RL,12.136282545999261,0.010046203999081627,0.033328265009913594,3.092995029874146e-06,0.043377562004025094,cayley,1,af8d3230dd80b5ca996761daea8c5e333b7011608d00f6f00df9d12b29ab9f04,8.881784197001252e-15
128,1178,1,MAC,0.9380591592477217,4.407198866829276e-05,0.15562209000927396,0.0,0.15566616199794225,path,1,a8e6a11b5e4188ff1969064a57eb8fe502925296994e1b7ac0145aecd1d8b764,1.1102230246251565e-16
128,1178,2,MAC,0.9380591592477217,4.534200706984848e-05,0.15485042399086524,0.0,0.1548957659979351,path,1,a8e6a11b5e4188ff1969064a57eb8fe502925296994e1b7ac0145aecd1d8b764,1.1102230246251565e-16
128,1178,2,BB-RL,12.132417270860412,0.010095972000272013,0.033445476001361385,3.151988494209945e-06,0.04354459999012761,cayley,1,44a80212149975f2663e5a66f2b16b9f26a0592189256170e1d6f83909dbe377,7.105427357601002e-15
128,1178,3,BB-RL,12.026736556435278,0.010115434997715056,0.0334345180017408,3.0849914764985442e-06,0.04355303799093235,cayley,1,6437ca119f59711e5dfe90adc198463a4637fdde9ed239355e647eea9a8c6c8d,1.4210854715202004e-14
128,1178,3,MAC,0.9380591592477217,4.734299727715552e-05,0.15331083399360068,0.0,0.15335817699087784,path,1,a8e6a11b5e4188ff1969064a57eb8fe502925296994e1b7ac0145aecd1d8b764,1.1102230246251565e-16
128,1178,4,MAC,0.9380591592477217,4.560699744615704e-05,0.1532565570087172,0.0,0.15330216400616337,path,1,a8e6a11b5e4188ff1969064a57eb8fe502925296994e1b7ac0145aecd1d8b764,1.1102230246251565e-16
128,1178,4,BB-RL,12.08840830745336,0.009958092006854713,0.033550228996318765,3.1759991543367505e-06,0.043511497002327815,cayley,1,203ed905c0641c5feb8afb294f1bbe3549656f0b6a67dad06101f9db78c077b7,5.329070518200751e-15
128,1259,0,BB-RL,13.236494521291338,0.010485765000339597,0.05087992399057839,3.0750088626518846e-06,0.06136876399978064,cayley,1,009c37f8492d75807f37cd585e065ce330222b5ec10e79e380ccf75e2c54384c,5.329070518200751e-15
128,1259,0,MAC,1.8259447426463167,4.382801125757396e-05,0.15341217500099447,0.0,0.15345600301225204,path,1,6e73c83dd7ffa45677930a481086865678697503357d76065967c9ab612d7ee3,1.9539925233402755e-14
128,1259,1,MAC,1.8259447426463167,4.5356995542533696e-05,0.1526139570050873,0.0,0.15265931400062982,path,1,6e73c83dd7ffa45677930a481086865678697503357d76065967c9ab612d7ee3,1.9539925233402755e-14
128,1259,1,BB-RL,12.989578113500169,0.010662222994142212,0.05106505099684,3.072011168114841e-06,0.06173034600215033,cayley,1,50021fc9393f600a450bc5df13fafc3600398f20d3072286a1d014f84e9f0494,1.2434497875801753e-14
128,1259,2,BB-RL,13.00745533685998,0.010539618000620976,0.05086374100937974,3.016990376636386e-06,0.06140637600037735,cayley,1,44fd992743af7d61e2a085288a3aa973c87674365b792ea3744f1a9ae2cc0fcc,5.329070518200751e-15
128,1259,2,MAC,1.8259447426463167,4.408899985719472e-05,0.15341228799661621,0.0,0.1534563769964734,path,1,6e73c83dd7ffa45677930a481086865678697503357d76065967c9ab612d7ee3,1.9539925233402755e-14
128,1259,3,MAC,1.8259447426463167,4.5132997911423445e-05,0.15313267101009842,0.0,0.15317780400800984,path,1,6e73c83dd7ffa45677930a481086865678697503357d76065967c9ab612d7ee3,1.9539925233402755e-14
128,1259,3,BB-RL,13.008064812925566,0.010510102001717314,0.05086287700396497,2.998000127263367e-06,0.061375977005809546,cayley,1,4f38f58b2d926321106fc45cf2dab343105d7d33513609c815078ca71f56efdc,3.552713678800501e-15
128,1259,4,BB-RL,13.029005270158997,0.010549422993790358,0.051013271004194394,3.0460068956017494e-06,0.061565740004880354,cayley,1,ee454df5e50eaf3a223e10c2977d5dc89268a9d9c2804ca13c1a45d0928d43c8,1.9539925233402755e-14
128,1259,4,MAC,1.8259447426463167,4.2750005377456546e-05,0.15448705600283574,0.0,0.1545298060082132,path,1,6e73c83dd7ffa45677930a481086865678697503357d76065967c9ab612d7ee3,1.9539925233402755e-14
128,1340,0,MAC,1.5456195004883444,4.5829001464881e-05,0.15458755400322843,0.0,0.15463338300469331,path,1,208373c242df562abad1429d07ed27fc23d610895526b0c771edeb5a9bebcb70,2.2426505097428162e-14
128,1340,0,BB-RL,14.088554243566392,0.01092380000045523,0.06794796300528105,3.07300069835037e-06,0.07887483600643463,cayley,1,0137baeb3c07adf24f91824f5e9e5256bd126f41de7b7d0d31ad3f6b4009f4a3,2.1316282072803006e-14
128,1340,1,BB-RL,14.505352182318859,0.010684620006941259,0.06814247299917042,2.863002009689808e-06,0.07882995600812137,cayley,1,daa16c1e1af429937cca56a9f3642f363275c96f4858392ce0635d19ff0a2bcc,5.329070518200751e-15
128,1340,1,MAC,1.5456195004883444,4.3221007217653096e-05,0.15454110599239357,0.0,0.15458432699961122,path,1,208373c242df562abad1429d07ed27fc23d610895526b0c771edeb5a9bebcb70,2.2426505097428162e-14
128,1340,2,MAC,1.5456195004883444,4.5451000914908946e-05,0.15442132200405467,0.0,0.15446677300496958,path,1,208373c242df562abad1429d07ed27fc23d610895526b0c771edeb5a9bebcb70,2.2426505097428162e-14
128,1340,2,BB-RL,14.363354423339455,0.010817003989359364,0.06802185899869073,3.1140079954639077e-06,0.07884197699604556,cayley,1,72e6b8949897f04b76768323ad903966c2d5242aa73d31845ca7aaff9b32ed4b,2.1316282072803006e-14
128,1340,3,BB-RL,14.288746687677433,0.01072904899774585,0.06799922599748243,3.0139926820993423e-06,0.07873128898791037,cayley,1,28cb2303ae9c8361b4b8661ddc9c2cf5b709d620e3133e49b50fba1fa58ddbbc,4.796163466380676e-14
128,1340,3,MAC,1.5456195004883444,3.3329997677356005e-05,0.1556971789977979,0.0,0.15573050899547525,path,1,208373c242df562abad1429d07ed27fc23d610895526b0c771edeb5a9bebcb70,2.2426505097428162e-14
128,1340,4,MAC,1.5456195004883444,4.561599052976817e-05,0.1548194430069998,0.0,0.15486505899752956,path,1,208373c242df562abad1429d07ed27fc23d610895526b0c771edeb5a9bebcb70,2.2426505097428162e-14
128,1340,4,BB-RL,14.319379236914825,0.011073193003539927,0.06810020199918654,3.1529925763607025e-06,0.07917654799530283,cayley,1,e5f9913cd435f72b714d9f543fa08e99ca78a5d94903e3962c1a10bb8f8c3e83,1.7763568394002505e-14
128,1421,0,BB-RL,16.102096760271255,0.011222747998544946,0.020710187003714964,2.939006662927568e-06,0.03193587400892284,cayley,1,4a40edf7094163321988193699a1f95259bc6dc85ff8dfe9c5d4119aed1f88fc,3.552713678800501e-15
128,1421,0,MAC,1.6912705133019008,3.299801028333604e-05,0.15446664999763016,0.0,0.1544996480079135,path,1,97e96ca47907e0525f0a376d646a6016d1467b4b1c5aeb833da61391fba01613,9.769962616701378e-15
128,1421,1,MAC,1.6912705133019008,4.546200216282159e-05,0.1537719939951785,0.0,0.1538174559973413,path,1,97e96ca47907e0525f0a376d646a6016d1467b4b1c5aeb833da61391fba01613,9.769962616701378e-15
128,1421,1,BB-RL,15.749815810510778,0.011479078995762393,0.020878206996712834,3.1039962777867913e-06,0.03236038998875301,cayley,1,d419802ac0fa1642605f1de03c459c3a6f37bc0a77c6a2831c7ae18e51a36e1c,3.552713678800501e-15
128,1421,2,BB-RL,16.244598023833962,0.011245405999943614,0.020756113008246757,3.0039955163374543e-06,0.03200452300370671,cayley,1,57a3b2f2fb686d84029004812ec8e869871a954a4203108115408a3e07d80490,1.4210854715202004e-14
128,1421,2,MAC,1.6912705133019008,4.378899757284671e-05,0.15606632799608633,0.0,0.15611011699365918,path,1,97e96ca47907e0525f0a376d646a6016d1467b4b1c5aeb833da61391fba01613,9.769962616701378e-15
128,1421,3,MAC,1.6912705133019008,5.070200131740421e-05,0.15584730199771002,0.0,0.15589800399902742,path,1,97e96ca47907e0525f0a376d646a6016d1467b4b1c5aeb833da61391fba01613,9.769962616701378e-15
128,1421,3,BB-RL,15.737257459920524,0.011233308003284037,0.020929815000272356,2.9270013328641653e-06,0.03216605000488926,cayley,1,d5c6b8a6788e6b3c43eeb82bc80450a1d492f979269c71c24719613ac5b98f14,2.842170943040401e-14
128,1421,4,BB-RL,15.7688809072746,0.011216353988857009,0.020780296006705612,2.9679940780624747e-06,0.03199961798964068,cayley,1,2d83585952307c5e245b6ac60ec7814615bb0489c163ebbcf8231f9f3aedf9d8,7.105427357601002e-15
128,1421,4,MAC,1.6912705133019008,3.296400245744735e-05,0.15525266499025747,0.0,0.15528562899271492,path,1,97e96ca47907e0525f0a376d646a6016d1467b4b1c5aeb833da61391fba01613,9.769962616701378e-15
128,1502,0,MAC,4.0213796986481976,4.380899190437049e-05,0.15455006300180685,0.0,0.15459387199371122,path,1,15cda57b211955ed63aa590a399ae776d4288b4783929402aca4a4d9b355c08a,6.217248937900877e-15
128,1502,0,BB-RL,17.026765117894538,0.011617664000368677,0.03819788199325558,3.0460068956017494e-06,0.04981859200051986,cayley,1,4ad745c9366fa4a8e0192f199abc5adc18065639beb78cf86029e78dc3a03ca8,1.7763568394002505e-14
128,1502,1,BB-RL,16.595215740191637,0.011481456996989436,0.03825163500732742,2.9719958547502756e-06,0.04973606400017161,cayley,1,60c983e04663e24e671571fe6816c283fbab5164bbade14e58675232412ad896,7.105427357601002e-15
128,1502,1,MAC,4.0213796986481976,5.029300518799573e-05,0.15459099999861792,0.0,0.1546412930038059,path,1,15cda57b211955ed63aa590a399ae776d4288b4783929402aca4a4d9b355c08a,6.217248937900877e-15
128,1502,2,MAC,4.0213796986481976,4.504999378696084e-05,0.15411686900188215,0.0,0.1541619189956691,path,1,15cda57b211955ed63aa590a399ae776d4288b4783929402aca4a4d9b355c08a,6.217248937900877e-15
128,1502,2,BB-RL,16.524974036707707,0.011495084996568039,0.03807047499867622,2.953995135612786e-06,0.04956851399037987,cayley,1,2ab64e472f29401f3336cabec2eeb99ec273e18e8d688ceee13910e4099f5d66,3.197442310920451e-14
128,1502,3,BB-RL,16.656445939709688,0.011505135989864357,0.038079874007962644,3.002991434186697e-06,0.04958801298926119,cayley,1,d653475efe83b09823b460083fd781d289634694c2459f02922e49da5de156af,1.7763568394002505e-14
128,1502,3,MAC,4.0213796986481976,4.379400343168527e-05,0.15486951600178145,0.0,0.15491331000521313,path,1,15cda57b211955ed63aa590a399ae776d4288b4783929402aca4a4d9b355c08a,6.217248937900877e-15
128,1502,4,MAC,4.0213796986481976,4.497799091041088e-05,0.15466336900135502,0.0,0.15470834699226543,path,1,15cda57b211955ed63aa590a399ae776d4288b4783929402aca4a4d9b355c08a,6.217248937900877e-15
128,1502,4,BB-RL,16.460422958681615,0.01144436199683696,0.03804003799450584,2.91600008495152e-06,0.04948731599142775,cayley,1,d73571996c91905966d3c166cefcf00d6b66b91545752dba185a8e8f05746b30,2.4868995751603507e-14
128,1582,0,MAC,2.892402921870277,3.317600931040943e-05,0.15471930400235578,0.0,0.1547524800116662,path,1,8f9cebfae27d7a7a9ffe291e81a55cbb140568d57d761893e4e1b48af1d99f23,5.284661597215745e-14
128,1582,0,BB-RL,17.831053167032803,0.011694835004163906,0.05470999999670312,2.910004695877433e-06,0.0664077450055629,cayley,1,5c35311246117f639d562e0b90fe33cd5fb407ff73e477a977eb218cc8709bc3,1.0658141036401503e-14
128,1582,1,BB-RL,17.690158325427795,0.011665059995721094,0.05406555700756144,3.051987732760608e-06,0.06573366899101529,cayley,1,df24a0c4a64373ad6f146b58f9c490294def985c1d76af93a8af582f67a997ec,3.197442310920451e-14
128,1582,1,MAC,2.892402921870277,4.274799721315503e-05,0.15766079700551927,0.0,0.15770354500273243,path,1,8f9cebfae27d7a7a9ffe291e81a55cbb140568d57d761893e4e1b48af1d99f23,5.284661597215745e-14
128,1582,2,MAC,2.892402921870277,4.527899727690965e-05,0.15634115401189774,0.0,0.15638643300917465,path,1,8f9cebfae27d7a7a9ffe291e81a55cbb140568d57d761893e4e1b48af1d99f23,5.284661597215745e-14
128,1582,2,BB-RL,18.207420229894243,0.011683224001899362,0.054412880999734625,3.1039962777867913e-06,0.06609920899791177,cayley,1,080b7a5a6467f9a8e007dcee1b3f6eb467faa17da58cdb9985f7dff293873f52,1.4210854715202004e-14
128,1582,3,BB-RL,17.52267960638537,0.011692494008457288,0.05453640098858159,3.115012077614665e-06,0.0662320100091165,cayley,1,ff71d40bdf1d9042d0997a3e7a8f43175bf810b29cfc6a38e6bad462afb5fba2,1.0658141036401503e-14
128,1582,3,MAC,2.892402921870277,4.546299169305712e-05,0.15361873600340914,0.0,0.1536641989951022,path,1,8f9cebfae27d7a7a9ffe291e81a55cbb140568d57d761893e4e1b48af1d99f23,5.284661597215745e-14
128,1582,4,MAC,2.892402921870277,4.5585999032482505e-05,0.15361512399977073,0.0,0.1536607099988032,path,1,8f9cebfae27d7a7a9ffe291e81a55cbb140568d57d761893e4e1b48af1d99f23,5.284661597215745e-14
128,1582,4,BB-RL,17.988279466923018,0.011658725998131558,0.05428026500158012,3.2090028980746865e-06,0.06594220000260975,cayley,1,d71e8f1574441cb088fc9d4d2c273def2b10f8e563bdc77f109e47ff6027a87b,2.1316282072803006e-14
128,1663,0,BB-RL,18.91153693561555,0.01200702200003434,0.07161826599622145,3.0249939300119877e-06,0.0836283129901858,cayley,1,e04418367418c47bf4804e453aa317c7f42797ee17582860139ec5ddd5f7b8cc,1.0658141036401503e-14
128,1663,0,MAC,5.294662963613656,4.2867992306128144e-05,0.15477756300242618,0.0,0.1548204309947323,path,1,c900b030a5f2a9233df54cd58b10bcc213234b10ca9c07627dd5fc89177329c5,1.7763568394002505e-15
128,1663,1,MAC,5.294662963613656,4.5221997424960136e-05,0.1543691450060578,0.0,0.15441436700348277,path,1,c900b030a5f2a9233df54cd58b10bcc213234b10ca9c07627dd5fc89177329c5,1.7763568394002505e-15
128,1663,1,BB-RL,18.418871438696407,0.011907534004421905,0.07170178399246652,3.096996806561947e-06,0.08361241499369498,cayley,1,caac08e96644713582624ae7b943be494f7c3e052c55c6f072946e57ccdeb801,3.552713678800501e-15
128,1663,2,BB-RL,18.80492438914241,0.011872375995153561,0.07203370600473136,3.006993210874498e-06,0.08390908899309579,cayley,1,5d0fa8d16d692fba02e50f4da4487d3831d0b912bfd7fdbc4574fabb6c857c87,7.105427357601002e-15
128,1663,2,MAC,5.294662963613656,3.272299363743514e-05,0.15484206599649042,0.0,0.15487478899012785,path,1,c900b030a5f2a9233df54cd58b10bcc213234b10ca9c07627dd5fc89177329c5,1.7763568394002505e-15
128,1663,3,MAC,5.294662963613656,4.5414999476633966e-05,0.1544565660005901,0.0,0.15450198100006673,path,1,c900b030a5f2a9233df54cd58b10bcc213234b10ca9c07627dd5fc89177329c5,1.7763568394002505e-15
128,1663,3,BB-RL,19.006338618053906,0.011995455002761446,0.07173468300607055,3.1249946914613247e-06,0.08373326300352346,cayley,1,f73fae6abfd6bbce23309f19a3b7f1355aecc89ba2c9d6e56ea643b86ba52c2d,3.552713678800501e-15
128,1663,4,BB-RL,18.548340071798734,0.011967683996772394,0.0718160300020827,3.086999640800059e-06,0.08378680099849589,cayley,1,ceef2f987e16d5c6c0d46d3d8f86ff9c4fb06bd72758120ea084a80053abf6cf,3.552713678800501e-15
128,1663,4,MAC,5.294662963613656,4.391599213704467e-05,0.15437640500022098,0.0,0.15442032099235803,path,1,c900b030a5f2a9233df54cd58b10bcc213234b10ca9c07627dd5fc89177329c5,1.7763568394002505e-15
128,1744,0,MAC,3.1436857025675944,3.6896992241963744e-05,0.15499253501184285,0.0,0.1550294320040848,path,1,4183854d2a5a2b7677373807ef0dca7ef2efe51cbe787e691ac027f7f55d718b,2.930988785010413e-14
128,1744,0,BB-RL,20.726352959713864,0.012420475002727471,0.024480179999955,2.97899532597512e-06,0.036903633998008445,cayley,1,a7d53c47585944261cad63d87c9ebd73af19bdd63575c58a95e24fded48e7305,2.1316282072803006e-14
128,1744,1,BB-RL,20.389320186386925,0.01232397799321916,0.02453285201045219,3.120992914773524e-06,0.03685995099658612,cayley,1,e0dc967f63eec9e7d144ae26f34e96f728f6feb20c2999cd2b89b05a11b2b055,2.842170943040401e-14
128,1744,1,MAC,3.1436857025675944,4.695799725595862e-05,0.1538014310062863,0.0,0.15384838900354225,path,1,4183854d2a5a2b7677373807ef0dca7ef2efe51cbe787e691ac027f7f55d718b,2.930988785010413e-14
128,1744,2,MAC,3.1436857025675944,4.5855995267629623e-05,0.15318132500397041,0.0,0.15322718099923804,path,1,4183854d2a5a2b7677373807ef0dca7ef2efe51cbe787e691ac027f7f55d718b,2.930988785010413e-14
128,1744,2,BB-RL,20.451086886885186,0.012388403003569692,0.024406359007116407,3.164997906424105e-06,0.036797927008592524,cayley,1,cb3eabc1797069513b6209d81a0cfbf0254e2d55be4a69b479f6e6f180926f53,2.4868995751603507e-14
128,1744,3,BB-RL,20.35334215629728,0.012268338992726058,0.024459816995658912,2.92900949716568e-06,0.036731084997882135,cayley,1,4bdec877575b44e7d82b601af830e44132bd13ad2521b865a94eef4ede2830c6,1.4210854715202004e-14
128,1744,3,MAC,3.1436857025675944,4.829799581784755e-05,0.15345143599552102,0.0,0.15349973399133887,path,1,4183854d2a5a2b7677373807ef0dca7ef2efe51cbe787e691ac027f7f55d718b,2.930988785010413e-14
128,1744,4,MAC,3.1436857025675944,4.677599645219743e-05,0.15399588100262918,0.0,0.15404265699908137,path,1,4183854d2a5a2b7677373807ef0dca7ef2efe51cbe787e691ac027f7f55d718b,2.930988785010413e-14
128,1744,4,BB-RL,20.440696459163014,0.012361703003989533,0.024449916993035004,3.0289957066997886e-06,0.036814648992731236,cayley,1,d1dba61de0d855922dc87b4b573617130a679f65e01a11c9e088d8c7e9a66a8e,7.105427357601002e-15
128,1825,0,BB-RL,21.33069302805486,0.012505393009632826,0.04177513800095767,3.098990418948233e-06,0.05428363000100944,cayley,1,34986d54ba4ec483d335eea3cee0b239710ca1f4f114a028a5e1b201d68e2f94,2.4868995751603507e-14
128,1825,0,MAC,4.7788874445458305,4.632500349543989e-05,0.15371660799428355,0.0,0.153762932997779,path,1,2d99d0802f7fff22d2ec6af90ffb056f5b313496e2bbb4fb2ca2349419e5151e,2.6645352591003757e-15
128,1825,1,MAC,4.7788874445458305,4.562099638860673e-05,0.15378535199852195,0.0,0.15383097299491055,path,1,2d99d0802f7fff22d2ec6af90ffb056f5b313496e2bbb4fb2ca2349419e5151e,2.6645352591003757e-15
128,1825,1,BB-RL,21.92151819665002,0.012423608000972308,0.04166666300443467,3.07300069835037e-06,0.054093344006105326,cayley,1,1eee2f797d271b478fae99b73cf00eb47c43c74877f75905a759e691e252f8f7,4.618527782440651e-14
128,1825,2,BB-RL,21.696937407269097,0.01258772099390626,0.041591476008761674,3.145003574900329e-06,0.054182342006242834,cayley,1,b5d440fc6919711f8395ed7c769c43966101fd0b3917e9b2feb416286cf15c7f,1.7763568394002505e-14
128,1825,2,MAC,4.7788874445458305,4.347499634604901e-05,0.1537017740047304,0.0,0.15374524900107644,path,1,2d99d0802f7fff22d2ec6af90ffb056f5b313496e2bbb4fb2ca2349419e5151e,2.6645352591003757e-15
128,1825,3,MAC,4.7788874445458305,4.550600715447217e-05,0.15396149699517991,0.0,0.15400700300233439,path,1,2d99d0802f7fff22d2ec6af90ffb056f5b313496e2bbb4fb2ca2349419e5151e,2.6645352591003757e-15
128,1825,3,BB-RL,21.270579852399873,0.012363086992991157,0.04155166199780069,2.9170041671022773e-06,0.05391766599495895,cayley,1,170cb35ef16ec52d5f9f0b6579fb8131076ff792da3c5304839f2e01f60341b0,3.552713678800501e-15
128,1825,4,BB-RL,21.362020859517635,0.012422258005244657,0.04162559099495411,3.1380041036754847e-06,0.05405098700430244,cayley,1,0c860e8430e1690bf1623fe03fbaa49b657075952319f32bfd2bf0b3f87cfd1d,2.1316282072803006e-14
128,1825,4,MAC,4.7788874445458305,4.7057998017407954e-05,0.15468904399313033,0.0,0.15473610199114773,path,1,2d99d0802f7fff22d2ec6af90ffb056f5b313496e2bbb4fb2ca2349419e5151e,2.6645352591003757e-15
128,1906,0,MAC,7.498015704578026,5.119999696034938e-05,0.15423925200593658,0.0,0.15429045200289693,path,1,a5c5621b69e7885879297391fa8ef04d2ea5efd6e955a0f75fbaa02c1696c16b,1.0658141036401503e-14
128,1906,0,BB-RL,22.29503232859811,0.012906937001389451,0.058639260998461396,3.0289957066997886e-06,0.07154922699555755,cayley,1,c403e2876cf3baf1539069c9facb8febfd4645cbfe591a78fa85043e6ad7cce9,2.1316282072803006e-14
128,1906,1,BB-RL,22.38563657825776,0.012852822997956537,0.058802013998501934,2.925007720477879e-06,0.07165776200417895,cayley,1,e15bcc131e9f37ed9217c78a82dc6c7ac18b7c974d611e5b152a7a2c2f23803f,2.1316282072803006e-14
128,1906,1,MAC,7.498015704578026,4.6657994971610606e-05,0.1545079670031555,0.0,0.1545546249981271,path,1,a5c5621b69e7885879297391fa8ef04d2ea5efd6e955a0f75fbaa02c1696c16b,1.0658141036401503e-14
128,1906,2,MAC,7.498015704578026,4.520799848251045e-05,0.15513808799732942,0.0,0.15518329599581193,path,1,a5c5621b69e7885879297391fa8ef04d2ea5efd6e955a0f75fbaa02c1696c16b,1.0658141036401503e-14
128,1906,2,BB-RL,22.77944897048164,0.012706723995506763,0.05924124699959066,2.9040093068033457e-06,0.07195087500440422,cayley,1,9455019112e363764f7ba4723c01727f8eaf2775c1dfce0a8cf0d1d721984f1a,2.1316282072803006e-14
128,1906,3,BB-RL,22.47687187959275,0.012704876004136167,0.05902443999366369,3.082997864112258e-06,0.07173239899566397,cayley,1,48ea72c40ec22725b0ca7ae8543cc05d87d5956e59b514935b8c8f8f61f2019a,1.0658141036401503e-14
128,1906,3,MAC,7.498015704578026,3.316999936942011e-05,0.15458284699707292,0.0,0.15461601699644234,path,1,a5c5621b69e7885879297391fa8ef04d2ea5efd6e955a0f75fbaa02c1696c16b,1.0658141036401503e-14
128,1906,4,MAC,7.498015704578026,4.7901994548738e-05,0.15450677000626456,0.0,0.1545546720008133,path,1,a5c5621b69e7885879297391fa8ef04d2ea5efd6e955a0f75fbaa02c1696c16b,1.0658141036401503e-14
128,1906,4,BB-RL,22.28014371763731,0.013223016998381354,0.05967127799522132,3.2999960239976645e-06,0.07289759498962667,cayley,1,52fbd24491c8d97e5fa62180896e4ecf50add77d8f200744057750ca557e0741,7.105427357601002e-15
128,1986,0,MAC,8.551376529224797,4.821301263291389e-05,0.1570494339975994,0.0,0.15709764701023232,path,1,99619523ae408598b0e5987d51a2e813811bd3d92e48b4d4d8dee2d1baa79e9d,1.4210854715202004e-14
128,1986,0,BB-RL,24.049717698615616,0.013395216999924742,0.011005955006112345,3.488996298983693e-06,0.02440466100233607,cayley,1,5465210866b75b336bf11d68e1d7fcbadc8c4bbd3b8821578ccad789eaa9c5b8,7.105427357601002e-15
128,1986,1,BB-RL,24.021623172051093,0.013288432004628703,0.010748392000095919,2.9240036383271217e-06,0.02403974800836295,cayley,1,82ca26c62fe7eea89712e0b3d01803dcabf812346ec3c30f6bd04c439318e4a2,1.7763568394002505e-14
128,1986,1,MAC,8.551376529224797,5.4549003834836185e-05,0.15442697699472774,0.0,0.15448152599856257,path,1,99619523ae408598b0e5987d51a2e813811bd3d92e48b4d4d8dee2d1baa79e9d,1.4210854715202004e-14
128,1986,2,MAC,8.551376529224797,4.663299478124827e-05,0.1543976590037346,0.0,0.15444429199851584,path,1,99619523ae408598b0e5987d51a2e813811bd3d92e48b4d4d8dee2d1baa79e9d,1.4210854715202004e-14
128,1986,2,BB-RL,24.020880186903725,0.013151772000128403,0.01084310599253513,3.035005647689104e-06,0.02399791299831122,cayley,1,5611e58c60534f15a7ce54ffbfbc4681930da6a37207ee6e8dc006a21b55d68f,3.552713678800501e-15
128,1986,3,BB-RL,24.29994568685801,0.013360576005652547,0.010855578992050141,3.092005499638617e-06,0.024219247003202327,cayley,1,ac3151ab2d4114a9992a52e5559ed47062e9bb5c2a86f337403255367092a4cc,3.552713678800501e-15
128,1986,3,MAC,8.551376529224797,5.320999480318278e-05,0.15430413899593987,0.0,0.15435734899074305,path,1,99619523ae408598b0e5987d51a2e813811bd3d92e48b4d4d8dee2d1baa79e9d,1.4210854715202004e-14
128,1986,4,MAC,8.551376529224797,4.657100362237543e-05,0.15405870000540745,0.0,0.15410527100902982,path,1,99619523ae408598b0e5987d51a2e813811bd3d92e48b4d4d8dee2d1baa79e9d,1.4210854715202004e-14
128,1986,4,BB-RL,24.281377798965494,0.013085829996271059,0.010818025999469683,3.115012077614665e-06,0.023906971007818356,cayley,1,4c0ccf85caa646160a1adb1dbfe4fa40467fa956a32cf879b4c882e82a0f0525,7.105427357601002e-15
128,2067,0,BB-RL,25.497138383050533,0.013191185003961436,0.02432097800192423,3.0140072340145707e-06,0.03751517701311968,cayley,1,49fac43ac85733c971833fba72032b4af095ed24f76cbe2c6c60b13af9ac80f4,2.842170943040401e-14
128,2067,0,MAC,7.504835504630572,5.02219918416813e-05,0.15469654501066543,0.0,0.1547467670025071,path,1,255cc0266dbe80a5dbb7346ff783a3fe9b98b704ee4671473c9a283821caecd2,2.3092638912203256e-14
128,2067,1,MAC,7.504835504630572,4.567000723909587e-05,0.15437228100199718,0.0,0.15441795100923628,path,1,255cc0266dbe80a5dbb7346ff783a3fe9b98b704ee4671473c9a283821caecd2,2.3092638912203256e-14
128,2067,1,BB-RL,25.429027869861557,0.013094052002998069,0.02420409399201162,1.1336000170558691e-05,0.03730948199518025,cayley,1,1a6528aae6dbe2ecf67061ceb8e89d187f1bc70e128f6e3035b77852398cdb31,7.105427357601002e-15
128,2067,2,BB-RL,25.13152740727552,0.013113695007632487,0.024223742002504878,3.111999831162393e-06,0.03734054900996853,cayley,1,3274cbe76437b6d62ffa6b6265c3a9ee4b79010b53839d4ec4d2beed0607a897,1.7763568394002505e-14
128,2067,2,MAC,7.504835504630572,4.9812006182037294e-05,0.15734537900425494,0.0,0.15739519101043697,path,1,255cc0266dbe80a5dbb7346ff783a3fe9b98b704ee4671473c9a283821caecd2,2.3092638912203256e-14
128,2067,3,MAC,7.504835504630572,4.551200254354626e-05,0.1575569029955659,0.0,0.15760241499810945,path,1,255cc0266dbe80a5dbb7346ff783a3fe9b98b704ee4671473c9a283821caecd2,2.3092638912203256e-14
128,2067,3,BB-RL,25.74004194257226,0.012991274008527398,0.02419366899994202,3.0189985409379005e-06,0.037187962007010356,cayley,1,810beb8de5ebc92b83f1826b0882ef523bfecc8c9964e2152e92b64874c2391e,1.0658141036401503e-14
128,2067,4,BB-RL,25.13516080460255,0.013358071999391541,0.02427491100388579,3.0660012271255255e-06,0.03763604900450446,cayley,1,daaa81edd32b8912792fad551942d7aa7ca3688978112d9a14073a4a240761d6,7.105427357601002e-15
128,2067,4,MAC,7.504835504630572,3.322500560898334e-05,0.15416227100649849,0.0,0.15419549601210747,path,1,255cc0266dbe80a5dbb7346ff783a3fe9b98b704ee4671473c9a283821caecd2,2.3092638912203256e-14
128,2148,0,MAC,7.69096135020017,4.565199196804315e-05,0.1537619330047164,0.0,0.15380758499668445,path,1,06f5251e5e951ef10d8dc64ca861b1e6eda8de719cd6f28623efe90dbdc20e82,2.6645352591003757e-15
128,2148,0,BB-RL,26.59606333355417,0.013558551989262924,0.041491240001050755,2.968998160213232e-06,0.05505276098847389,cayley,1,fafb3e44c9486c480f33d5afe3fd0690ca49e2c9f0d28fe96432e4e3c9d14e48,5.3290705182007514e-14
128,2148,1,BB-RL,26.229788378901098,0.013576434997958131,0.04166710199206136,3.130000550299883e-06,0.05524666699056979,cayley,1,beb7d732b3f4f9eab85277e9875862e6fe12d19f83677a2220c2cfa3ab135c6f,1.0658141036401503e-14
128,2148,1,MAC,7.69096135020017,4.853999416809529e-05,0.15432988799875602,0.0,0.15437842799292412,path,1,06f5251e5e951ef10d8dc64ca861b1e6eda8de719cd6f28623efe90dbdc20e82,2.6645352591003757e-15
128,2148,2,MAC,7.69096135020017,4.443898797035217e-05,0.15441264800028875,0.0,0.1544570869882591,path,1,06f5251e5e951ef10d8dc64ca861b1e6eda8de719cd6f28623efe90dbdc20e82,2.6645352591003757e-15
128,2148,2,BB-RL,26.875064160197695,0.013545120993512683,0.04147853099857457,3.0810042517259717e-06,0.05502673299633898,cayley,1,9447b13142b6fbbbc4c3b745cc7537593d542514ac7b0f80ea9e2a4ae9be53ce,3.907985046680551e-14
128,2148,3,BB-RL,26.776648001857282,0.013510984994354658,0.041331421001814306,2.9520015232264996e-06,0.05484535799769219,cayley,1,80521386c525afee96297b997ac47076e2ed68b5dc68b3c0725afae2eba9bd02,7.460698725481052e-14
128,2148,3,MAC,7.69096135020017,4.437699681147933e-05,0.15384217799874023,0.0,0.1538865549955517,path,1,06f5251e5e951ef10d8dc64ca861b1e6eda8de719cd6f28623efe90dbdc20e82,2.6645352591003757e-15
128,2148,4,MAC,7.69096135020017,4.523700044956058e-05,0.153196179002407,0.0,0.15324141600285657,path,1,06f5251e5e951ef10d8dc64ca861b1e6eda8de719cd6f28623efe90dbdc20e82,2.6645352591003757e-15
128,2148,4,BB-RL,26.462209303554694,0.013638029995490797,0.04145768099988345,3.1050003599375486e-06,0.055098815995734185,cayley,1,cc12ced74eb4523ea7e81912404147d811332b1aa74eedaa873ecb3c3fc719d4,3.552713678800501e-14
128,2229,0,BB-RL,27.515669882400182,0.013796582992654294,0.058121870999457315,3.0930095817893744e-06,0.0719215470016934,cayley,1,806db6fd8bc93e6886b5132d571c3e8e3dbe30dc8c87812840df805d94fcc45d,0.0
128,2229,0,MAC,11.469978294834549,4.8479996621608734e-05,0.15414961100032087,0.0,0.15419809099694248,path,1,1f0bc90998d3e28789cb1986c56128fdfcd3f0173d154ea9eab78504f20e6ae7,5.1514348342607263e-14
128,2229,1,MAC,11.469978294834549,4.4254004023969173e-05,0.15390023699728772,0.0,0.1539444910013117,path,1,1f0bc90998d3e28789cb1986c56128fdfcd3f0173d154ea9eab78504f20e6ae7,5.1514348342607263e-14
128,2229,1,BB-RL,27.559159107623202,0.013708647995372303,0.05871575900528114,3.059001755900681e-06,0.07242746600240935,cayley,1,8b89bc9f6b63e68638a11ec5d3f0089c22f99a5ea0edc960f861751c5858d069,1.0658141036401503e-14
128,2229,2,BB-RL,28.055765177540216,0.013819382002111524,0.05820763799420092,2.92900949716568e-06,0.07202994900580961,cayley,1,d63b0acdf02c83e995d61a2cfd0df395cb94c1fc287eebfed0f3bd374c5dbb3e,1.7763568394002505e-14
128,2229,2,MAC,11.469978294834549,4.6424989704973996e-05,0.15449023700784892,0.0,0.1545366619975539,path,1,1f0bc90998d3e28789cb1986c56128fdfcd3f0173d154ea9eab78504f20e6ae7,5.1514348342607263e-14
128,2229,3,MAC,11.469978294834549,4.537100903689861e-05,0.15416456600360107,0.0,0.15420993701263797,path,1,1f0bc90998d3e28789cb1986c56128fdfcd3f0173d154ea9eab78504f20e6ae7,5.1514348342607263e-14
128,2229,3,BB-RL,27.479121322085767,0.013961678996565752,0.05877968099957798,3.0240043997764587e-06,0.0727443840005435,cayley,1,fb38a7ac4ba10850fed395241afcb27bbc69a3c8952fa18a3df65e9abf0b0f55,0.0
128,2229,4,BB-RL,27.427476044847012,0.01391268300358206,0.0584691819967702,3.111010300926864e-06,0.07238497601065319,cayley,1,85f2ce4e888ccab40b9adb6d5b84c805fada52d7fceb9aa534f64ee082094cb8,1.4210854715202004e-14
128,2229,4,MAC,11.469978294834549,5.191200762055814e-05,0.1534695529990131,0.0,0.15352146500663366,path,1,1f0bc90998d3e28789cb1986c56128fdfcd3f0173d154ea9eab78504f20e6ae7,5.1514348342607263e-14
128,2310,0,MAC,5.776773452020672,4.567299038171768e-05,0.1572332610085141,0.0,0.1572789339988958,path,1,41ad28ee05905883682e5a7bb442a13d8622e456e0951bc44bc97cb5a835f6ca,9.769962616701378e-15
128,2310,0,BB-RL,29.422706458945214,0.014251210988732055,0.011136542001622729,2.9850052669644356e-06,0.02539073799562175,cayley,1,b687e21c9d836ffb94ebbd4a166b4fe5567ae7b47dcdb115fd79548f3c9d2b11,1.0658141036401503e-14
128,2310,1,BB-RL,29.351444497650938,0.014323057999718003,0.011139123991597444,2.968998160213232e-06,0.02546515098947566,cayley,1,602fcec6b005d6a21d1c29bcbf3cc0d9150289ec45f6c62098359e327f25bf06,2.1316282072803006e-14
128,2310,1,MAC,5.776773452020672,5.417400097940117e-05,0.15415147799649276,0.0,0.15420565199747216,path,1,41ad28ee05905883682e5a7bb442a13d8622e456e0951bc44bc97cb5a835f6ca,9.769962616701378e-15
128,2310,2,MAC,5.776773452020672,4.6165005187503994e-05,0.15373458999965806,0.0,0.15378075500484556,path,1,41ad28ee05905883682e5a7bb442a13d8622e456e0951bc44bc97cb5a835f6ca,9.769962616701378e-15
128,2310,2,BB-RL,30.0150196589991,0.014326169999549165,0.011217856997973286,3.0579976737499237e-06,0.0255470849951962,cayley,1,a13f8cd44d4295bfda1ad6daacc1737230fff9d8a8a9472308ab9c54f840f5a0,0.0
128,2310,3,BB-RL,29.296168766882218,0.014483459002804011,0.011193808997632004,3.202003426849842e-06,0.025680470003862865,cayley,1,db363dd93fc9934750346a49a6bbe7153f955afe2fc212ffbc12b77efbf65d0c,1.4210854715202004e-14
128,2310,3,MAC,5.776773452020672,5.438100197352469e-05,0.15412686399940867,0.0,0.1541812450013822,path,1,41ad28ee05905883682e5a7bb442a13d8622e456e0951bc44bc97cb5a835f6ca,9.769962616701378e-15
128,2310,4,MAC,5.776773452020672,4.6908011427149177e-05,0.15432098899327684,0.0,0.154367897004704,path,1,41ad28ee05905883682e5a7bb442a13d8622e456e0951bc44bc97cb5a835f6ca,9.769962616701378e-15
128,2310,4,BB-RL,29.130235341898633,0.014554925000993535,0.011469154007500038,3.2489915611222386e-06,0.026027328000054695,cayley,1,7a351d16c1df552ca64bbdb3d7f54ed896628445da4de1c88b718925251a171a,7.105427357601002e-15
128,2390,0,MAC,8.774114461646324,3.439800639171153e-05,0.15513510500022676,0.0,0.15516950300661847,path,1,26da0e16c6a50aebba54fad1f642b288ecb32f9a22f6729da9e9d33e4b12f4c4,1.1723955140041653e-13
128,2390,0,BB-RL,30.78603767986793,0.014509525004541501,0.02725539999664761,3.116001607850194e-06,0.04176804100279696,cayley,1,c8e85ad8dad77729b12607a0c9227422e032de094f85e88e9bf68bd84c7b45ec,4.973799150320701e-14
128,2390,1,BB-RL,30.637384674960245,0.014635629006079398,0.027230744002736174,2.953995135612786e-06,0.041869327003951184,cayley,1,99ced00d569e212b0a73284d7af86b06b9cd38a83044c7052feb4bb4bc0ab25b,3.552713678800501e-15
128,2390,1,MAC,8.774114461646324,5.104699812363833e-05,0.15475856899865903,0.0,0.15480961599678267,path,1,26da0e16c6a50aebba54fad1f642b288ecb32f9a22f6729da9e9d33e4b12f4c4,1.1723955140041653e-13
128,2390,2,MAC,8.774114461646324,4.592799814417958e-05,0.15471784200053662,0.0,0.1547637699986808,path,1,26da0e16c6a50aebba54fad1f642b288ecb32f9a22f6729da9e9d33e4b12f4c4,1.1723955140041653e-13
128,2390,2,BB-RL,30.825208832283252,0.014516153998556547,0.027298461995087564,3.0230003176257014e-06,0.04181763899396174,cayley,1,542ad60533f8c75985ea5cc5b5c88d7560716563d25f4eb5f9ac7378e368a8e4,4.618527782440651e-14
128,2390,3,BB-RL,30.31909909002634,0.014672022996819578,0.02743119299702812,3.05499997921288e-06,0.04210627099382691,cayley,1,49d2faa8972e92b529b6ac9372c51c97c49f98445c78c9120c7670886bb334a3,4.263256414560601e-14
128,2390,3,MAC,8.774114461646324,4.915401223115623e-05,0.15431147399067413,0.0,0.1543606280029053,path,1,26da0e16c6a50aebba54fad1f642b288ecb32f9a22f6729da9e9d33e4b12f4c4,1.1723955140041653e-13
128,2390,4,MAC,8.774114461646324,4.5517997932620347e-05,0.15418901000521146,0.0,0.15423452800314408,path,1,26da0e16c6a50aebba54fad1f642b288ecb32f9a22f6729da9e9d33e4b12f4c4,1.1723955140041653e-13
128,2390,4,BB-RL,30.367821044544137,0.014345112009323202,0.02728918999491725,3.0149967642500997e-06,0.0416373170010047,cayley,1,325193e08b3da33b8e70c7c10efc2a87f79a35c7ac30e09e791c95b6a7ee7a0e,1.0658141036401503e-14
128,2471,0,BB-RL,31.812592455799084,0.014904723997460678,0.044559465008205734,2.998000127263367e-06,0.059467187005793676,cayley,1,de0d1089c74cddd1907b72421dd645544c4da819ccb8e3a94ba53b8f36f94a92,4.263256414560601e-14
128,2471,0,MAC,15.491007673649522,4.586600698530674e-05,0.15463806700427085,0.0,0.15468393301125616,path,1,47056178265a1cff61ce0f1c47e649f538c1e2a9e67a0f792b69c552bffe49fb,2.6645352591003757e-14
128,2471,1,MAC,15.491007673649522,4.5312990550883114e-05,0.15464438100752886,0.0,0.15468969399807975,path,1,47056178265a1cff61ce0f1c47e649f538c1e2a9e67a0f792b69c552bffe49fb,2.6645352591003757e-14
128,2471,1,BB-RL,31.71853457964569,0.014605006988858804,0.044309593009529635,2.988992491737008e-06,0.058917588990880176,cayley,1,1c72e18cc5477772e11fbe9a8a3d09dfe692d407d803f40bd8ecef0eb7dca008,1.7763568394002505e-14
128,2471,2,BB-RL,31.76095463959377,0.014796041999943554,0.04463051199854817,3.063003532588482e-06,0.059429617002024315,cayley,1,4cb7c9cb32605cb206d09b9688e72094076ad2b522c9934db896442fd253b024,3.197442310920451e-14
128,2471,2,MAC,15.491007673649522,4.488498962018639e-05,0.15413345900014974,0.0,0.15417834398976993,path,1,47056178265a1cff61ce0f1c47e649f538c1e2a9e67a0f792b69c552bffe49fb,2.6645352591003757e-14
128,2471,3,MAC,15.491007673649522,4.634998913388699e-05,0.15450777900696266,0.0,0.15455412899609655,path,1,47056178265a1cff61ce0f1c47e649f538c1e2a9e67a0f792b69c552bffe49fb,2.6645352591003757e-14
128,2471,3,BB-RL,31.890755950577137,0.014695817997562699,0.044557185989106074,3.011009539477527e-06,0.05925601499620825,cayley,1,642d3f37b560c91c2414f2db0d21ecefab2ecc7d5968d34e9f7bd8f62a7d56f0,2.4868995751603507e-14
128,2471,4,BB-RL,31.907966297227944,0.014878524991218,0.04464808500779327,3.1239906093105674e-06,0.05952973398962058,cayley,1,dbaaa3250d5485c19933d22b8ac1de4bc37bea36972e8875fc1cd7fe8a989540,3.197442310920451e-14
128,2471,4,MAC,15.491007673649522,3.331000334583223e-05,0.15434699298930354,0.0,0.15438030299264938,path,1,47056178265a1cff61ce0f1c47e649f538c1e2a9e67a0f792b69c552bffe49fb,2.6645352591003757e-14
128,2552,0,MAC,11.752447104271141,3.6412006011232734e-05,0.15328998200129718,0.0,0.1533263940073084,path,1,ebad29a1cc75c3870caa8b556bafaa9db94a1b1c5be4a43d59049303c4246625,2.1316282072803006e-14
128,2552,0,BB-RL,33.37098916265405,0.014936542007490061,0.06155184199451469,3.1249946914613247e-06,0.07649150899669621,cayley,1,c39dce0d5bfb3492e7c89bb4f79031dac7d77bc6f3b3c0a98d0eb63ba49cdfbd,0.0
128,2552,1,BB-RL,32.414920242637386,0.015137249996769242,0.061595140999997966,3.0429946491494775e-06,0.07673543399141636,cayley,1,2454665fa813abef4dd46aa6259a51b516e0d6dcae89900e2944915e37ddba78,4.973799150320701e-14
128,2552,1,MAC,11.752447104271141,5.035600042901933e-05,0.15422473300714046,0.0,0.15427508900756948,path,1,ebad29a1cc75c3870caa8b556bafaa9db94a1b1c5be4a43d59049303c4246625,2.1316282072803006e-14
128,2552,2,MAC,11.752447104271141,5.164499452803284e-05,0.1535590389976278,0.0,0.15361068399215583,path,1,ebad29a1cc75c3870caa8b556bafaa9db94a1b1c5be4a43d59049303c4246625,2.1316282072803006e-14
128,2552,2,BB-RL,33.13512959159633,0.014991901000030339,0.06162096999469213,3.0170049285516143e-06,0.07661588799965102,cayley,1,ce52d9bab2dd16e84de08660e59c9769cb0580c5a526fb531fc2f3e06e0ac850,7.105427357601002e-15
128,2552,3,BB-RL,32.83622069187606,0.015197740998701192,0.06172534100187477,2.8509966796264052e-06,0.07692593299725559,cayley,1,b833c8259e0fba29c14ebc4a2e359e270885d6413544e5f98dd0cd6d98a13269,0.0
128,2552,3,MAC,11.752447104271141,3.3418997190892696e-05,0.15384858500328846,0.0,0.15388200400047936,path,1,ebad29a1cc75c3870caa8b556bafaa9db94a1b1c5be4a43d59049303c4246625,2.1316282072803006e-14
128,2552,4,MAC,11.752447104271141,4.519900539889932e-05,0.15391140499559697,0.0,0.15395660400099587,path,1,ebad29a1cc75c3870caa8b556bafaa9db94a1b1c5be4a43d59049303c4246625,2.1316282072803006e-14
128,2552,4,BB-RL,32.4105075011664,0.01486705600109417,0.06148098201083485,2.9910006560385227e-06,0.07635102901258506,cayley,1,ec2081fceef03abf6652cded8010396a08cd44a913d22dd02d16c64b681ff7fd,3.552713678800501e-14
128,2633,0,BB-RL,34.40592131055013,0.015467467994312756,0.014265176010667346,3.0919909477233887e-06,0.029735735995927826,cayley,1,e7bc99251778bc64ab3d8f25dd352eee74e5d493515521587020cf0eaadbed5c,5.684341886080802e-14
128,2633,0,MAC,10.794980437656394,3.304900019429624e-05,0.15335703999153338,0.0,0.15339008899172768,path,1,01bb40ebe3bf149ceea29e92a0ae6a209981cbcaa81bcdef8611ded382677e8e,4.085620730620576e-14
128,2633,1,MAC,10.794980437656394,4.539100336842239e-05,0.1534485010051867,0.0,0.15349389200855512,path,1,01bb40ebe3bf149ceea29e92a0ae6a209981cbcaa81bcdef8611ded382677e8e,4.085620730620576e-14
128,2633,1,BB-RL,34.789660274282134,0.015348579996498302,0.014188825007295236,2.9759976314380765e-06,0.029540381001424976,cayley,1,649c35b25effab286819998c43e153d634b78e814b9680abe77092091d4127a4,3.552713678800501e-14
128,2633,2,BB-RL,34.76905212836444,0.015466309007024392,0.01416906098893378,3.0500086722895503e-06,0.02963842000463046,cayley,1,c9ac67a4fe9cb18fd34d54fbf349906bb343a0de64f7769a18f48bd38bc3dac0,4.973799150320701e-14
128,2633,2,MAC,10.794980437656394,4.64490003651008e-05,0.154459028999554,0.0,0.1545054779999191,path,1,01bb40ebe3bf149ceea29e92a0ae6a209981cbcaa81bcdef8611ded382677e8e,4.085620730620576e-14
128,2633,3,MAC,10.794980437656394,4.549798904918134e-05,0.15304235600342508,0.0,0.15308785399247427,path,1,01bb40ebe3bf149ceea29e92a0ae6a209981cbcaa81bcdef8611ded382677e8e,4.085620730620576e-14
128,2633,3,BB-RL,34.41400036957877,0.015337944991188124,0.014251090004108846,3.1179952202364802e-06,0.029592152990517206,cayley,1,7af97ddc12a28aeffaea9555c1ef686ac4889d8a3d510c62ddf16e599e5fa389,1.4210854715202004e-14
128,2633,4,BB-RL,34.05291637786165,0.015545140995527618,0.014188261004164815,2.982997102662921e-06,0.029736384996795096,cayley,1,cef77373bdc6aa18292f7ce6ddae8ce06455762af56c80e74176af35c8dbf9a7,7.105427357601002e-15
128,2633,4,MAC,10.794980437656394,4.570800228975713e-05,0.15437840500089806,0.0,0.1544241130031878,path,1,01bb40ebe3bf149ceea29e92a0ae6a209981cbcaa81bcdef8611ded382677e8e,4.085620730620576e-14
128,2714,0,MAC,17.50945619679763,4.592799814417958e-05,0.15442800099845044,0.0,0.15447392899659462,path,1,45611b6732f2c2bcefe0e7c460ef5136614e8a6bc1ed484e8edb4289bec4cfb5,0.0
128,2714,0,BB-RL,35.695209014165,0.01564621001307387,0.03123423899523914,2.959000994451344e-06,0.04688340800930746,cayley,1,37afc9775e69687ee7a755c57d168ba27a480a72828d6ed118cb172a20bdc276,3.552713678800501e-14
128,2714,1,BB-RL,36.0478275931195,0.015488642995478585,0.03128866900806315,2.9509974410757422e-06,0.046780263000982814,cayley,1,d751250a626c30eb0c3f03e8d7d9323f46e2efb3885e3a603099bad8be1cff99,2.1316282072803006e-14
128,2714,1,MAC,17.50945619679763,3.327800368424505e-05,0.1542280599969672,0.0,0.15426133800065145,path,1,45611b6732f2c2bcefe0e7c460ef5136614e8a6bc1ed484e8edb4289bec4cfb5,0.0
128,2714,2,MAC,17.50945619679763,4.5460008550435305e-05,0.15399246200104244,0.0,0.15403792200959288,path,1,45611b6732f2c2bcefe0e7c460ef5136614e8a6bc1ed484e8edb4289bec4cfb5,0.0
128,2714,2,BB-RL,35.47067095549567,0.015544127993052825,0.031227921004756354,3.035995177924633e-06,0.046775084992987104,cayley,1,a2c9472033fd1c1505272ee55d53713c53f4b7a65ef323081d059aafed05d6e7,0.0
128,2714,3,BB-RL,35.99107003398247,0.015458907000720501,0.03129891499702353,3.0670053092762828e-06,0.04676088900305331,cayley,1,5ad74ed7b48c7c6bb54288a151153b5ad30cb2d7c394b1be4be7aae2d6a00ba1,7.105427357601002e-15
128,2714,3,MAC,17.50945619679763,3.324600402265787e-05,0.15469843299069908,0.0,0.15473167899472173,path,1,45611b6732f2c2bcefe0e7c460ef5136614e8a6bc1ed484e8edb4289bec4cfb5,0.0
128,2714,4,MAC,17.50945619679763,4.542600072454661e-05,0.1547789659962291,0.0,0.15482439199695364,path,1,45611b6732f2c2bcefe0e7c460ef5136614e8a6bc1ed484e8edb4289bec4cfb5,0.0
128,2714,4,BB-RL,35.587955937309175,0.015593538992106915,0.031347629002993926,3.0420051189139485e-06,0.046944210000219755,cayley,1,2aa1bb5c4b999d50024f0fecfd4df5ca0095ddf9989e243f6e1486735457c917,1.4210854715202004e-14
128,2794,0,MAC,16.572517496692285,4.963400715496391e-05,0.15439043399237562,0.0,0.15444006799953058,path,1,0fea427eda538fee93c1323472abbb22358cee596a7ed67c76e0d54bc78098ae,1.0658141036401503e-14
128,2794,0,BB-RL,37.05273058914299,0.0157970219879644,0.04725135100306943,2.9799994081258774e-06,0.06305135299044196,cayley,1,bfb9c22dd79887fe380d9e094cabc0d1b96e2986f8b5506eef3bf1ceb4d90a74,3.552713678800501e-14
128,2794,1,BB-RL,36.80634482368395,0.015962327990564518,0.04743955000594724,2.9939983505755663e-06,0.06340487199486233,cayley,1,8ec0ecfda956efb8e4b9ada4484ae73c3a16bb5a256f945bf06d49805a999ad3,2.842170943040401e-14
128,2794,1,MAC,16.572517496692285,4.680300480686128e-05,0.15286471298895776,0.0,0.15291151599376462,path,1,0fea427eda538fee93c1323472abbb22358cee596a7ed67c76e0d54bc78098ae,1.0658141036401503e-14
128,2794,2,MAC,16.572517496692285,4.511600127443671e-05,0.15293989999918267,0.0,0.1529850160004571,path,1,0fea427eda538fee93c1323472abbb22358cee596a7ed67c76e0d54bc78098ae,1.0658141036401503e-14
128,2794,2,BB-RL,36.92283897294808,0.01577706099487841,0.04724022500158753,2.939006662927568e-06,0.06302022500312887,cayley,1,d370742d21f6fcb2e4d40f0a401f3452cc57e63b8cab079d4f61901119d073cb,2.842170943040401e-14
128,2794,3,BB-RL,37.062170601713106,0.015896170007181354,0.047346948995254934,2.982007572427392e-06,0.06324610101000872,cayley,1,6ef982ddb3b23990e7fd7265966ae432e45505893d0c93002b68fddf69bb950b,1.4210854715202004e-14
128,2794,3,MAC,16.572517496692285,4.913999873679131e-05,0.1541701319947606,0.0,0.1542192719934974,path,1,0fea427eda538fee93c1323472abbb22358cee596a7ed67c76e0d54bc78098ae,1.0658141036401503e-14
128,2794,4,MAC,16.572517496692285,4.5761000365018845e-05,0.15393746799963992,0.0,0.15398322900000494,path,1,0fea427eda538fee93c1323472abbb22358cee596a7ed67c76e0d54bc78098ae,1.0658141036401503e-14
128,2794,4,BB-RL,36.96102062357467,0.015735834997030906,0.047364505007863045,2.90299067273736e-06,0.06310324299556669,cayley,1,d3638ec0646ca8d1947d4552c43e8043049903e6e47f721ad9781f7f574c4739,4.263256414560601e-14
128,2875,0,BB-RL,37.91013770992218,0.01614053000230342,0.06402189598884434,3.121007466688752e-06,0.08016554699861445,cayley,1,36ff9ffbb58457b8c2f2674f0ac3b1ab3efb25e50e93adfe09c1b9c9712cb069,7.105427357601002e-15
128,2875,0,MAC,17.496953245202896,4.5648004743270576e-05,0.15394967699830886,0.0,0.15399532500305213,path,1,522f4b78db52d997092c58bf53549b5748d20aaa748e8b478de5987ad201aaf7,7.105427357601002e-15
128,2875,1,MAC,17.496953245202896,4.5509994379244745e-05,0.15383016900159419,0.0,0.15387567899597343,path,1,522f4b78db52d997092c58bf53549b5748d20aaa748e8b478de5987ad201aaf7,7.105427357601002e-15
128,2875,1,BB-RL,37.84313543070444,0.01596531599352602,0.06408217399439309,3.1220115488395095e-06,0.08005061199946795,cayley,1,f6d774a5bb19eea0f301708b8b3c4d6ef0504305d9a924af0c7da37904283cc6,2.1316282072803006e-14
128,2875,2,BB-RL,38.64137922105216,0.015983044999302365,0.06403563400090206,2.896995283663273e-06,0.08002157599548809,cayley,1,00b807e7b0a24fb8099fa822fb85dc8d624ecf5a342598152d739da5ce16c64f,7.105427357601002e-15
128,2875,2,MAC,17.496953245202896,4.776900459546596e-05,0.15657038400240708,0.0,0.15661815300700255,path,1,522f4b78db52d997092c58bf53549b5748d20aaa748e8b478de5987ad201aaf7,7.105427357601002e-15
128,2875,3,MAC,17.496953245202896,4.540001100394875e-05,0.15609478698752355,0.0,0.1561401869985275,path,1,522f4b78db52d997092c58bf53549b5748d20aaa748e8b478de5987ad201aaf7,7.105427357601002e-15
128,2875,3,BB-RL,38.2595923521518,0.01606762000301387,0.06419439299497753,3.0700030038133264e-06,0.08026508300099522,cayley,1,64dbe1fedcc857944f001c9b8b3571211ab6219b463ffd925927d2356524a2d0,4.263256414560601e-14
128,2875,4,BB-RL,38.292838992334616,0.01602112800173927,0.06423875300970394,3.0709925340488553e-06,0.08026295200397726,cayley,1,1850b2a122d3e6045a0e3e9e32e36cc86ae67990e2bf0d1eaecd94ba07b72ab1,2.842170943040401e-14
128,2875,4,MAC,17.496953245202896,4.710300709120929e-05,0.15634748598677106,0.0,0.15639458899386227,path,1,522f4b78db52d997092c58bf53549b5748d20aaa748e8b478de5987ad201aaf7,7.105427357601002e-15
128,2956,0,MAC,20.476759849327202,4.535100015345961e-05,0.15593790099956095,0.0,0.1559832519997144,path,1,4920eaf4f7903258702f5f097c00181641e99a1990c00f9b6b208058df5d8ab4,5.684341886080802e-14
128,2956,0,BB-RL,40.25213878007672,0.016366405005101115,0.01722590599092655,2.9329967219382524e-06,0.0335952439927496,cayley,1,cc34333517fca9845f4b468d4f6e5e4f5dcd42d6b0d7906494fb715ea302fc1d,3.552713678800501e-14
128,2956,1,BB-RL,40.357477583112626,0.016342210001312196,0.017268921990762465,3.1380041036754847e-06,0.033614269996178336,cayley,1,2ca612c0cea0470268820539121a36388492cc8149782b85f116627fe895ef4f,7.105427357601002e-15
128,2956,1,MAC,20.476759849327202,5.110699567012489e-05,0.15703176001261454,0.0,0.15708286700828467,path,1,4920eaf4f7903258702f5f097c00181641e99a1990c00f9b6b208058df5d8ab4,5.684341886080802e-14
128,2956,2,MAC,20.476759849327202,4.539499059319496e-05,0.15637929600779898,0.0,0.15642469099839218,path,1,4920eaf4f7903258702f5f097c00181641e99a1990c00f9b6b208058df5d8ab4,5.684341886080802e-14
128,2956,2,BB-RL,40.04167035719354,0.016321882998454385,0.017235363004147075,3.06800939142704e-06,0.03356031401199289,cayley,1,36cea54746fab6e77ba494fa3c58a63250155cdf11b653a8d7bc39f104958b66,1.4210854715202004e-14
128,2956,3,BB-RL,40.09224194266501,0.016431934011052363,0.017165011988254264,3.177003236487508e-06,0.033600123002543114,cayley,1,9c391d8bc7173f6076d2e01eda587732cc3175a0d805fa3c135ce5dc14711778,5.684341886080802e-14
128,2956,3,MAC,20.476759849327202,5.536699609365314e-05,0.15666899700590875,0.0,0.1567243640020024,path,1,4920eaf4f7903258702f5f097c00181641e99a1990c00f9b6b208058df5d8ab4,5.684341886080802e-14
128,2956,4,MAC,20.476759849327202,4.540401278063655e-05,0.15734180698927958,0.0,0.1573872110020602,path,1,4920eaf4f7903258702f5f097c00181641e99a1990c00f9b6b208058df5d8ab4,5.684341886080802e-14
128,2956,4,BB-RL,40.09011201513752,0.01655721700808499,0.01720727898646146,2.977001713588834e-06,0.03376747299626004,cayley,1,2dab78b2a593b22bc73360a956ce795f270a8f1f0bb48f25579c542e214e474c,1.4210854715202004e-14
128,3037,0,BB-RL,41.26685980807781,0.01681065199954901,0.03411693198722787,2.9260118026286364e-06,0.05093050999857951,cayley,1,4a37b480ff4d43b1a3f93de1815e0701f8c0dddd8cd02dd3bafdbb30708d173a,2.842170943040401e-14
128,3037,0,MAC,25.947951804995313,4.4522006646730006e-05,0.15571343999181408,0.0,0.15575796199846081,path,1,84a037504812bff68d127d2953c7648ff3b157c9f73f4446b00b67299de911fb,1.7763568394002505e-14
128,3037,1,MAC,25.947951804995313,4.5275999582372606e-05,0.15564347499457654,0.0,0.1556887509941589,path,1,84a037504812bff68d127d2953c7648ff3b157c9f73f4446b00b67299de911fb,1.7763568394002505e-14
128,3037,1,BB-RL,41.16779552786667,0.016543132995138876,0.0343479810107965,2.9489892767742276e-06,0.05089406299521215,cayley,1,ab5e61ca4d3436ac415598df0ab2750569d98d5b3f4c34598401ba016a259fe0,3.552713678800501e-14
128,3037,2,BB-RL,41.17534522634791,0.016808661006507464,0.034235168001032434,3.1709932954981923e-06,0.051047000000835396,cayley,1,9c8604258fff22989d17a4e5228bb1c7003c06756ff632c35558d66b227ea588,7.105427357601002e-15
128,3037,2,MAC,25.947951804995313,4.807299410458654e-05,0.15670023699931335,0.0,0.15674830999341793,path,1,84a037504812bff68d127d2953c7648ff3b157c9f73f4446b00b67299de911fb,1.7763568394002505e-14
128,3037,3,MAC,25.947951804995313,4.5541004510596395e-05,0.15601515299931634,0.0,0.15606069400382694,path,1,84a037504812bff68d127d2953c7648ff3b157c9f73f4446b00b67299de911fb,1.7763568394002505e-14
128,3037,3,BB-RL,41.00462649595697,0.016544686004635878,0.034352903996477835,2.8759968699887395e-06,0.0509004659979837,cayley,1,6ff09edb59667b628a5650a5d198af551bcd4c1f6a55311c501ca17476af8774,2.842170943040401e-14
128,3037,4,BB-RL,41.4889584164832,0.016806647996418178,0.03443493400118314,3.13100463245064e-06,0.051244713002233766,cayley,1,1ac7dfc67679b2307f03185d0a83976f6e86ba23a0c8acaacfbcac6416233d1e,2.842170943040401e-14
128,3037,4,MAC,25.947951804995313,4.3553998693823814e-05,0.15742245499859564,0.0,0.15746600899728946,path,1,84a037504812bff68d127d2953c7648ff3b157c9f73f4446b00b67299de911fb,1.7763568394002505e-14
128,3118,0,MAC,27.759812032067998,4.525699478108436e-05,0.15757753200887237,0.0,0.15762278900365345,path,1,23f740940c974a1b7397b8ce46d4852f0c3d3e1033c14daf00a5e887fc514bd3,1.4210854715202004e-14
128,3118,0,BB-RL,42.63667931835834,0.01675237200106494,0.05158082900743466,3.1370000215247273e-06,0.06833633800852112,cayley,1,b81282208c4a85e4ad4d9f4ff2be9c7e608d9e54eedf4f9832c15630108725b8,1.4210854715202004e-14
128,3118,1,BB-RL,42.61082690013987,0.016895102002308704,0.05167696900025476,2.9939983505755663e-06,0.06857506500091404,cayley,1,5c464cfc6c4a31b414ae5b64c2582639829208ce6235df7928e6eac3f7f1219c,1.4210854715202004e-14
128,3118,1,MAC,27.759812032067998,3.294199996162206e-05,0.15753172400582116,0.0,0.15756466600578278,path,1,23f740940c974a1b7397b8ce46d4852f0c3d3e1033c14daf00a5e887fc514bd3,1.4210854715202004e-14
128,3118,2,MAC,27.759812032067998,4.5321008656173944e-05,0.156764025989105,0.0,0.15680934699776117,path,1,23f740940c974a1b7397b8ce46d4852f0c3d3e1033c14daf00a5e887fc514bd3,1.4210854715202004e-14
128,3118,2,BB-RL,42.46403165871817,0.016837048999150284,0.05162266199477017,3.0940136639401317e-06,0.06846280500758439,cayley,1,b6bc6e9e849c58ce9de9dad10742ac8ff38fa6026dce7ad21a5dcb9783e3ebeb,0.0
128,3118,3,BB-RL,42.82010847571728,0.016822914010845125,0.05147181899519637,2.986998879350722e-06,0.06829772000492085,cayley,1,88b05d9ab522f42dc99147b946de0a8dd5c61ff4a7b5b7e85c441e2b40b33e6e,3.552713678800501e-14
128,3118,3,MAC,27.759812032067998,4.719800199382007e-05,0.15742574899923056,0.0,0.15747294700122438,path,1,23f740940c974a1b7397b8ce46d4852f0c3d3e1033c14daf00a5e887fc514bd3,1.4210854715202004e-14
128,3118,4,MAC,27.759812032067998,4.525600525084883e-05,0.15719170999363996,0.0,0.1572369659988908,path,1,23f740940c974a1b7397b8ce46d4852f0c3d3e1033c14daf00a5e887fc514bd3,1.4210854715202004e-14
128,3118,4,BB-RL,42.25859961480738,0.016762765997555107,0.05155103800643701,3.107998054474592e-06,0.06831691200204659,cayley,1,f315f6c851f8bdc8a7127ac10de46c2cd323a676b090632d6f3f1080335b1951,1.4210854715202004e-14
128,3198,0,MAC,26.144200411089933,5.644100019708276e-05,0.1562936050031567,0.0,0.15635004600335378,path,1,1161731d0e11bc5ab0356cbc246f19139564179c13d714bbff761bb7ddf1c4f7,2.842170943040401e-14
128,3198,0,BB-RL,43.85868189350347,0.016793075992609374,0.06747186300344765,3.0700030038133264e-06,0.08426800899906084,cayley,1,e5ef98946b107e9e2f4cb016c225b56a04dfa7906efb97138269b0175736bf04,7.105427357601002e-15
128,3198,1,BB-RL,43.79903338806571,0.01708715400309302,0.06720003199006896,2.978005795739591e-06,0.08429016399895772,cayley,1,af4c54110def2bbdd64e53547bcb70b264d351524014e02445a8a65bbcdb8f97,3.552713678800501e-14
128,3198,1,MAC,26.144200411089933,4.8372006858699024e-05,0.15685731699340977,0.0,0.15690568900026847,path,1,1161731d0e11bc5ab0356cbc246f19139564179c13d714bbff761bb7ddf1c4f7,2.842170943040401e-14
128,3198,2,MAC,26.144200411089933,4.513500607572496e-05,0.15629748899664264,0.0,0.15634262400271837,path,1,1161731d0e11bc5ab0356cbc246f19139564179c13d714bbff761bb7ddf1c4f7,2.842170943040401e-14
128,3198,2,BB-RL,43.41772238666509,0.016792072012322024,0.06727003699052148,2.9040093068033457e-06,0.0840650130121503,cayley,1,59ee4cfd6c10467e83399e59332604d03b3f9e3172085a1fa889c03ad8cbee37,4.973799150320701e-14
128,3198,3,BB-RL,43.38272835264221,0.01707631000317633,0.06781206499726977,2.9910006560385227e-06,0.08489136600110214,cayley,1,075bd2972be206f6271b3ac6df57f98a0ee9ec2d358130465b0421549f06928a,1.4210854715202004e-14
128,3198,3,MAC,26.144200411089933,4.670199996326119e-05,0.15736353999818675,0.0,0.15741024199815,path,1,1161731d0e11bc5ab0356cbc246f19139564179c13d714bbff761bb7ddf1c4f7,2.842170943040401e-14
128,3198,4,MAC,26.144200411089933,4.55029949080199e-05,0.15656811000371817,0.0,0.1566136129986262,path,1,1161731d0e11bc5ab0356cbc246f19139564179c13d714bbff761bb7ddf1c4f7,2.842170943040401e-14
128,3198,4,BB-RL,43.558619297733344,0.01686119200894609,0.06748274699202739,2.9380025807768106e-06,0.08434687700355425,cayley,1,2d87d442b4c7b45b424fb73a8369cb4e342fd880703ec7743f21db29f1d67451,1.4210854715202004e-14
128,3279,0,BB-RL,46.0,0.017392061999998987,0.02021830200101249,2.9560032999143004e-06,0.03761332000431139,cayley,1,f89b43e4b1c9505c62e536140ac475a38456fd30f8a692fc9ed4c37020793cbc,2.1316282072803006e-14
128,3279,0,MAC,23.554489810476404,4.685300518758595e-05,0.15714698199008126,0.0,0.15719383499526884,path,1,5564ad105ad436ce82eae206b4bf1e15500107095d5315c1c79ce0b11b79ca8a,1.0302869668521453e-13
128,3279,1,MAC,23.554489810476404,4.5092994696460664e-05,0.15643715500482358,0.0,0.15648224799952004,path,1,5564ad105ad436ce82eae206b4bf1e15500107095d5315c1c79ce0b11b79ca8a,1.0302869668521453e-13
128,3279,1,BB-RL,46.024933580771986,0.017244264992768876,0.020197182006086223,2.939996193163097e-06,0.03744438699504826,cayley,1,b12fbb18a5a382e2b26f168fe818ec0c84edaa66c7cdd60d079db5c2e974ba6f,3.552713678800501e-14
128,3279,2,BB-RL,46.08867545080322,0.01726072799647227,0.020149503005086444,3.07300069835037e-06,0.037413304002257064,cayley,1,371885dd5f11f56d9fa955b5d7e9c1ed1a09f2a2b5b3b33387cda01024ec47b4,1.4210854715202004e-14
128,3279,2,MAC,23.554489810476404,4.3171996367163956e-05,0.15669642700231634,0.0,0.1567395989986835,path,1,5564ad105ad436ce82eae206b4bf1e15500107095d5315c1c79ce0b11b79ca8a,1.0302869668521453e-13
128,3279,3,MAC,23.554489810476404,4.5267006498761475e-05,0.15730496098694857,0.0,0.15735022799344733,path,1,5564ad105ad436ce82eae206b4bf1e15500107095d5315c1c79ce0b11b79ca8a,1.0302869668521453e-13
128,3279,3,BB-RL,46.10058423282801,0.017329145994153805,0.020147426999756135,3.196008037775755e-06,0.037479769001947716,cayley,1,3864d14223ef8f13e4ac86300398f1f50f23c997856edb7c971e01c931899328,2.842170943040401e-14
128,3279,4,BB-RL,45.858815549772444,0.017381583005771972,0.020215498996549286,2.988002961501479e-06,0.03760007000528276,cayley,1,c36f601bdec0322915c2edb3b1718bb74462a4437d73da738a018ff04153b772,1.4210854715202004e-14
128,3279,4,MAC,23.554489810476404,4.3288993765600026e-05,0.15721932500309777,0.0,0.15726261399686337,path,1,5564ad105ad436ce82eae206b4bf1e15500107095d5315c1c79ce0b11b79ca8a,1.0302869668521453e-13
128,3360,0,MAC,32.44607572909836,3.6577999708242714e-05,0.1569936400046572,0.0,0.15703021800436545,path,1,d48d508a9f7216374cf69546bbb77494cba551d9293bb521875c4a3db1790895,1.4210854715202004e-14
128,3360,0,BB-RL,47.28587985906654,0.017807181997341104,0.037151522003114223,3.1509989639744163e-06,0.0549618549994193,cayley,1,8dfd2908926e39519abf121c2b164124deb66e893e5b7308a5d80ef969d17d5a,7.105427357601002e-15
128,3360,1,BB-RL,46.82231586145319,0.017517874992336147,0.03712714400899131,2.925997250713408e-06,0.05464794499857817,cayley,1,90a771e55630fb7dc1045f190bae6440bda366a18dfc285a64e56fa380c21e0e,1.4210854715202004e-14
128,3360,1,MAC,32.44607572909836,4.357700527179986e-05,0.15642614899843466,0.0,0.15646972600370646,path,1,d48d508a9f7216374cf69546bbb77494cba551d9293bb521875c4a3db1790895,1.4210854715202004e-14
128,3360,2,MAC,32.44607572909836,4.5267996028997004e-05,0.15575394500046968,0.0,0.15579921299649868,path,1,d48d508a9f7216374cf69546bbb77494cba551d9293bb521875c4a3db1790895,1.4210854715202004e-14
128,3360,2,BB-RL,46.9046112227133,0.017781777001800947,0.0371045820065774,3.0189985409379005e-06,0.05488937800691929,cayley,1,5eed81f20d00fa736baed1c673ac664f0eb692ef6db52816cfd5be4307bc1d33,0.0
128,3360,3,BB-RL,47.62153701743625,0.01776587100175675,0.03710096998838708,2.8710055630654097e-06,0.054869711995706894,cayley,1,d8cb888e2405db81879f6a7defdadd0acb5b3f96056b59d7a8a2c74a4aa345e6,2.1316282072803006e-14
128,3360,3,MAC,32.44607572909836,4.8600995796732605e-05,0.15701352000178304,0.0,0.15706212099757977,path,1,d48d508a9f7216374cf69546bbb77494cba551d9293bb521875c4a3db1790895,1.4210854715202004e-14
128,3360,4,MAC,32.44607572909836,4.5675988076254725e-05,0.15681045400560834,0.0,0.1568561299936846,path,1,d48d508a9f7216374cf69546bbb77494cba551d9293bb521875c4a3db1790895,1.4210854715202004e-14
128,3360,4,BB-RL,47.242701744828864,0.0173517700022785,0.03711372800171375,3.0320079531520605e-06,0.054468530011945404,cayley,1,393492c770757878127ee0e22e2a86024ac1a93c8bbb0ca6a2f8948baa8d0dfe,2.842170943040401e-14
128,3441,0,BB-RL,48.12070082687291,0.017605913992156275,0.05391750900889747,2.806002157740295e-06,0.07152622900321148,cayley,1,e80378c9e560adef0513f5c00718316592f105a65b43a57171839aa62e1d97a7,4.263256414560601e-14
128,3441,0,MAC,31.975619363498723,4.346499918028712e-05,0.15683780099789146,0.0,0.15688126599707175,path,1,69f058c8165ca090e2a335da15e9b14541fe4fc89a7af9eb6efcf376215d84e1,1.0658141036401503e-14
128,3441,1,MAC,31.975619363498723,4.4927000999450684e-05,0.1562850089976564,0.0,0.15632993599865586,path,1,69f058c8165ca090e2a335da15e9b14541fe4fc89a7af9eb6efcf376215d84e1,1.0658141036401503e-14
128,3441,1,BB-RL,48.53519997071002,0.017828866999479942,0.05403861000377219,2.954999217763543e-06,0.0718704320024699,cayley,1,3f56fc5f48d817e5878e3798252d7f651ee498a64f9e87869b605e966d69ef75,2.842170943040401e-14
128,3441,2,BB-RL,48.30357844330615,0.017796207990613766,0.05394758300099056,3.0049995984882116e-06,0.07174679599120282,cayley,1,87725f8dfe4b0145fd21f6422bbb9cfb6ad519fce4946c38664dbe6dfcb0c8bd,7.105427357601002e-15
128,3441,2,MAC,31.975619363498723,4.4765009079128504e-05,0.15629675298987422,0.0,0.15634151799895335,path,1,69f058c8165ca090e2a335da15e9b14541fe4fc89a7af9eb6efcf376215d84e1,1.0658141036401503e-14
128,3441,3,MAC,31.975619363498723,4.6631001168861985e-05,0.15602544399735052,0.0,0.15607207499851938,path,1,69f058c8165ca090e2a335da15e9b14541fe4fc89a7af9eb6efcf376215d84e1,1.0658141036401503e-14
128,3441,3,BB-RL,48.914487266124056,0.01769777799199801,0.053848772004130296,3.0899973353371024e-06,0.07154963999346364,cayley,1,73d80387013e487097339af5082bdd4d764ab11bfdda3020d25a5be5abcfa51d,4.973799150320701e-14
128,3441,4,BB-RL,48.56078185394834,0.017812906997278333,0.05397415500192437,3.1840027077123523e-06,0.07179024600191042,cayley,1,0bd663322406b3dabf578a9b5806dbcdd35101e4a2d30c6fe8ae979a62f382f7,1.4210854715202004e-14
128,3441,4,MAC,31.975619363498723,3.2862997613847256e-05,0.15718826399825048,0.0,0.15722112699586432,path,1,69f058c8165ca090e2a335da15e9b14541fe4fc89a7af9eb6efcf376215d84e1,1.0658141036401503e-14
128,3522,0,MAC,32.11955101643391,4.540900408755988e-05,0.15716351500304881,0.0,0.15720892400713637,path,1,13f5cd4a8343d54f66b169e1e6b0c5ddf19dceaa7f4cf29bd4aefc1ceb9e1f6e,3.552713678800501e-14
128,3522,0,BB-RL,50.25295302726125,0.018054701999062672,0.007343103003222495,3.016990376636386e-06,0.025400821992661804,cayley,1,4dd74abab77a9575069d5c453a779c4a8af83e345b6b5d2bddfaa6084e145ddb,2.1316282072803006e-14
128,3522,1,BB-RL,50.559258037909636,0.018253496993565932,0.00720230900333263,2.954999217763543e-06,0.025458760996116325,cayley,1,0f7407461cb2ce45df17e7478f44373d58ddb578ba7f6186bda89ebfb59349dd,4.263256414560601e-14
128,3522,1,MAC,32.11955101643391,4.842800262849778e-05,0.1570928020082647,0.0,0.1571412300108932,path,1,13f5cd4a8343d54f66b169e1e6b0c5ddf19dceaa7f4cf29bd4aefc1ceb9e1f6e,3.552713678800501e-14
128,3522,2,MAC,32.11955101643391,4.5631008106283844e-05,0.1570375719893491,0.0,0.15708320299745537,path,1,13f5cd4a8343d54f66b169e1e6b0c5ddf19dceaa7f4cf29bd4aefc1ceb9e1f6e,3.552713678800501e-14
128,3522,2,BB-RL,50.48930171037234,0.018011645996011794,0.007308391999686137,3.031003871001303e-06,0.025323068999568932,cayley,1,b28b11f72fbec80e27f057d97c484ad2d5f24c706a14eb43efc4cec9689a82d6,1.4210854715202004e-14
128,3522,3,BB-RL,50.75920888933625,0.018112498000846244,0.007305004008230753,3.0109949875622988e-06,0.02542051300406456,cayley,1,9cc3ceb6714ece24edc58a6a8868d25783ae2e3ba69967bc3b1bd1ec893c977b,4.973799150320701e-14
128,3522,3,MAC,32.11955101643391,5.4213000112213194e-05,0.15716594400873873,0.0,0.15722015700885095,path,1,13f5cd4a8343d54f66b169e1e6b0c5ddf19dceaa7f4cf29bd4aefc1ceb9e1f6e,3.552713678800501e-14
128,3522,4,MAC,32.11955101643391,4.4944012188352644e-05,0.1576308489893563,0.0,0.15767579300154466,path,1,13f5cd4a8343d54f66b169e1e6b0c5ddf19dceaa7f4cf29bd4aefc1ceb9e1f6e,3.552713678800501e-14
128,3522,4,BB-RL,50.65401460888773,0.01797316499869339,0.007241592989885248,2.911998308263719e-06,0.025217669986886904,cayley,1,605a920f65b6c0e564870165decbb10ad0b65883894133c4f2b6f473bca0e08c,4.263256414560601e-14
128,3602,0,MAC,33.67795523509331,5.446700379252434e-05,0.15657924399420153,0.0,0.15663371099799406,path,1,5f03613eb068657dbd16da3ac1b7d59d8afeab02fe385bdfd6edfcacf9d7f7ba,6.394884621840902e-14
128,3602,0,BB-RL,52.020857365579445,0.018153047989471816,0.023114424999221228,2.8360082069411874e-06,0.041270308996899985,cayley,1,6baa8cfbb733281dd9f77154d05499ba649779dabf6e3043131acdb4c38a05c8,0.0
128,3602,1,BB-RL,51.991024463586264,0.018519815988838673,0.0231523200054653,2.9410002753138542e-06,0.041675076994579285,cayley,1,87b32ab66dd68e9e60a71758706b9e70639a5e1481382963cb94a89172f51891,0.0
128,3602,1,MAC,33.67795523509331,3.275899507571012e-05,0.15728954201040324,0.0,0.15732230100547895,path,1,5f03613eb068657dbd16da3ac1b7d59d8afeab02fe385bdfd6edfcacf9d7f7ba,6.394884621840902e-14
128,3602,2,MAC,33.67795523509331,4.5689012040384114e-05,0.1572264509886736,0.0,0.157272140000714,path,1,5f03613eb068657dbd16da3ac1b7d59d8afeab02fe385bdfd6edfcacf9d7f7ba,6.394884621840902e-14
128,3602,2,BB-RL,52.05917583716375,0.01819614600390196,0.023186637001344934,2.974993549287319e-06,0.04138575799879618,cayley,1,0527396a8cc2612862b839ee751135138236521eab8dac9178d13ab5b53c12ae,7.105427357601002e-15
128,3602,3,BB-RL,52.1028759513541,0.018365734998951666,0.02298321899434086,3.159002517350018e-06,0.041352112995809875,cayley,1,265d798e77836caebc36aaefe0fc2b4bd8fdba24a51c97fdab25630818d8a870,1.4210854715202004e-14
128,3602,3,MAC,33.67795523509331,5.61339984415099e-05,0.15815144099178724,0.0,0.15820757499022875,path,1,5f03613eb068657dbd16da3ac1b7d59d8afeab02fe385bdfd6edfcacf9d7f7ba,6.394884621840902e-14
128,3602,4,MAC,33.67795523509331,4.5172011596150696e-05,0.15753420999681111,0.0,0.15757938200840726,path,1,5f03613eb068657dbd16da3ac1b7d59d8afeab02fe385bdfd6edfcacf9d7f7ba,6.394884621840902e-14
128,3602,4,BB-RL,52.05891822570431,0.01832633200683631,0.02318320400081575,2.9660004656761885e-06,0.041512502008117735,cayley,1,3a65bb5958ee7a6990370e6bda3149860f98c1a7aa1ea80c625cc09471420d08,4.973799150320701e-14
128,3683,0,BB-RL,53.30770497251839,0.018654970001080073,0.03993988900037948,3.0070077627897263e-06,0.058597866009222344,cayley,1,828a5897f74f7900ff9fb7734a037da5b2e661f65caaee24f485ef119c3d0c51,4.263256414560601e-14
128,3683,0,MAC,33.15233518162061,5.102998693473637e-05,0.15830907900817692,0.0,0.15836010899511166,path,1,8c2d86ed456399af4bdf3ba130aa2e0b1e0b49f7bd63a2ac4c9706cf40563ed6,9.237055564881302e-14
128,3683,1,MAC,33.15233518162061,5.2432005759328604e-05,0.15776579799421597,0.0,0.1578182299999753,path,1,8c2d86ed456399af4bdf3ba130aa2e0b1e0b49f7bd63a2ac4c9706cf40563ed6,9.237055564881302e-14
128,3683,1,BB-RL,53.10113294517595,0.01847721300146077,0.03979635100404266,2.868997398763895e-06,0.058276433002902195,cayley,1,227498609ccb509307c3d951affdd100b1def40d9f6bd6ae174cb16067aeb059,3.552713678800501e-14
128,3683,2,BB-RL,53.25074900451573,0.018734409008175135,0.039900744988699444,3.019013092853129e-06,0.05863817300996743,cayley,1,8f9c6b1c812a0282f46e1f7f8d25cb2eca8eeccc4312a3c8f885abd6e53d3994,2.842170943040401e-14
128,3683,2,MAC,33.15233518162061,4.71239909529686e-05,0.15761684300377965,0.0,0.15766396699473262,path,1,8c2d86ed456399af4bdf3ba130aa2e0b1e0b49f7bd63a2ac4c9706cf40563ed6,9.237055564881302e-14
128,3683,3,MAC,33.15233518162061,4.5553999370895326e-05,0.1572362320002867,0.0,0.1572817859996576,path,1,8c2d86ed456399af4bdf3ba130aa2e0b1e0b49f7bd63a2ac4c9706cf40563ed6,9.237055564881302e-14
128,3683,3,BB-RL,53.25375186723948,0.01843868099967949,0.039917581001645885,2.9170041671022773e-06,0.05835917900549248,cayley,1,f9bea12a3ec182a2d747ff2cf9ba460bace976cc50682c971e86e96b2c197414,1.4210854715202004e-14
128,3683,4,BB-RL,53.21896645388628,0.01918429999204818,0.039823258004616946,2.964996383525431e-06,0.05901052299304865,cayley,1,7fdc0d9a8336885682e9c42208f102047ff1eb37f1f35bd00a85e2864d80f9b2,1.4210854715202004e-14
128,3683,4,MAC,33.15233518162061,4.611299664247781e-05,0.15528962499229237,0.0,0.15533573798893485,path,1,8c2d86ed456399af4bdf3ba130aa2e0b1e0b49f7bd63a2ac4c9706cf40563ed6,9.237055564881302e-14
128,3764,0,MAC,35.229222329327065,4.54359978903085e-05,0.15482671100471634,0.0,0.15487214700260665,path,1,0f945cab010d2dce4d2b951ab29ffc40befac082157690053daef88b4dda1827,1.4210854715202004e-14
128,3764,0,BB-RL,54.42630348897337,0.01853929299977608,0.056664260002435185,3.0420051189139485e-06,0.07520659500733018,cayley,1,9082b0142642b15ad2710e83e590cb8a5daab8147eb752c3c629a675fc234062,7.105427357601002e-15
128,3764,1,BB-RL,54.40398557072033,0.019341034989338368,0.05655890800699126,2.920001861639321e-06,0.07590286299819127,cayley,1,fbe9a2803da0c61821b75d08b3b8ab2b94ae641a6058f75fa865bf65ea2c230d,1.4210854715202004e-14
128,3764,1,MAC,35.229222329327065,4.6609988203272223e-05,0.15716770000290126,0.0,0.15721430999110453,path,1,0f945cab010d2dce4d2b951ab29ffc40befac082157690053daef88b4dda1827,1.4210854715202004e-14
128,3764,2,MAC,35.229222329327065,4.531499871518463e-05,0.15697517700027674,0.0,0.15702049199899193,path,1,0f945cab010d2dce4d2b951ab29ffc40befac082157690053daef88b4dda1827,1.4210854715202004e-14
128,3764,2,BB-RL,54.20721198997689,0.018470749011612497,0.0564995979948435,3.088993253186345e-06,0.07497343599970918,cayley,1,1efbc524034271c5385fcb27f3c8dd1b123669669859cb0a2e7b190d42d2f3e3,0.0
128,3764,3,BB-RL,54.23397326879191,0.018758395992335863,0.05649278800410684,3.025998012162745e-06,0.07525420999445487,cayley,1,f482c8faa506c1b9d743df841007f3e9d2a003335f040d4f2db03894f89816ae,7.815970093361102e-14
128,3764,3,MAC,35.229222329327065,4.8532994696870446e-05,0.15729995901347138,0.0,0.15734849200816825,path,1,0f945cab010d2dce4d2b951ab29ffc40befac082157690053daef88b4dda1827,1.4210854715202004e-14
128,3764,4,MAC,35.229222329327065,4.5383989345282316e-05,0.15744602199993096,0.0,0.15749140598927625,path,1,0f945cab010d2dce4d2b951ab29ffc40befac082157690053daef88b4dda1827,1.4210854715202004e-14
128,3764,4,BB-RL,54.43292796154464,0.01856081999721937,0.056537633994594216,2.9410002753138542e-06,0.0751013949920889,cayley,1,bdc1c57a1f038dd434e31b934d1dcfc9dea8489381851c2b2401a7bccd923241,4.973799150320701e-14
128,3845,0,BB-RL,56.416455577153926,0.01851853501284495,0.010176830997806974,2.9149960028007627e-06,0.028698281006654724,cayley,1,dc0d9e013b2587f5a25110794ac07bdb3603879a9ca1b6e53953b5ad54ed5367,1.4210854715202004e-14
128,3845,0,MAC,39.755761937970284,3.292200563009828e-05,0.15520391600148287,0.0,0.15523683800711296,path,1,f4efd587c162bb8a3487f2d4401942f297523452769261705d203055a9931f27,5.684341886080802e-14
128,3845,1,MAC,39.755761937970284,4.5406995923258364e-05,0.15477076100069098,0.0,0.15481616799661424,path,1,f4efd587c162bb8a3487f2d4401942f297523452769261705d203055a9931f27,5.684341886080802e-14
128,3845,1,BB-RL,56.42126325496392,0.018481128994608298,0.010195475013460964,2.953995135612786e-06,0.028679558003204875,cayley,1,1fea23de8d62737f34f351ac9a041ac0a688a551a19dd7231fd138cb5f3a870a,2.1316282072803006e-14
128,3845,2,BB-RL,56.41645557732916,0.01857536900206469,0.010177201998885721,2.768996637314558e-06,0.028755339997587726,cayley,1,8a280b53ec977297286c6ac6e0028138ddb647e6e4a966bc01fd5c1aa4eab875,0.0
128,3845,2,MAC,39.755761937970284,3.31759947584942e-05,0.1551334859977942,0.0,0.1551666619925527,path,1,f4efd587c162bb8a3487f2d4401942f297523452769261705d203055a9931f27,5.684341886080802e-14
128,3845,3,MAC,39.755761937970284,4.546300624497235e-05,0.15544207500352059,0.0,0.15548753800976556,path,1,f4efd587c162bb8a3487f2d4401942f297523452769261705d203055a9931f27,5.684341886080802e-14
128,3845,3,BB-RL,56.41709173263307,0.018639610992977396,0.010308751006959938,3.0619994504377246e-06,0.02895142399938777,cayley,1,126bcc26cf25a13bf85b2c8f2ebd46d6173d5aba28cee8b5f401963885f95c10,3.552713678800501e-14
128,3845,4,BB-RL,56.42116562461,0.018664086004719138,0.01017296798818279,2.9610091587528586e-06,0.02884001500206068,cayley,1,6b0b751a9dc15a3e2dc8299ef3a8c49125b9bde8ede7d62f3507748811d8ea59,4.263256414560601e-14
128,3845,4,MAC,39.755761937970284,3.315199865028262e-05,0.1551884689979488,0.0,0.15522162099659909,path,1,f4efd587c162bb8a3487f2d4401942f297523452769261705d203055a9931f27,5.684341886080802e-14
128,3926,0,MAC,39.04763105540275,4.539599467534572e-05,0.15473617300449405,0.0,0.1547815689991694,path,1,ffa7b0538770767f61f4fce865f236c851d38d56b91c6d078043f1c06a5de196,3.552713678800501e-14
128,3926,0,BB-RL,58.017610127445764,0.01877231799880974,0.026877285999944434,2.9740040190517902e-06,0.045652578002773225,cayley,1,d960281476c7117fc63c894b55af216c9535f577fc17d228bc6306e41bb6c32e,0.0
128,3926,1,BB-RL,58.0422893382768,0.018810413996106945,0.026940480005578138,2.9700022423639894e-06,0.04575386400392745,cayley,1,0a8cc85a7ba0e1160f9ff29b92d5c04ea6391a54ed718bb34a414ae706f4153f,2.1316282072803006e-14
128,3926,1,MAC,39.04763105540275,4.575899220071733e-05,0.15704513899981976,0.0,0.15709089799202047,path,1,ffa7b0538770767f61f4fce865f236c851d38d56b91c6d078043f1c06a5de196,3.552713678800501e-14
128,3926,2,MAC,39.04763105540275,4.527300188783556e-05,0.15607902400370222,0.0,0.15612429700559005,path,1,ffa7b0538770767f61f4fce865f236c851d38d56b91c6d078043f1c06a5de196,3.552713678800501e-14
128,3926,2,BB-RL,58.039000577463824,0.01891293900553137,0.026904900994850323,2.8579961508512497e-06,0.045820697996532544,cayley,1,4260388b1c94596145d7f76d606d7944d2bbfc16894766a2ca24b8229c8160be,3.552713678800501e-14
128,3926,3,BB-RL,58.04975020382062,0.018895554007031024,0.026950460000080056,3.131994162686169e-06,0.045849146001273766,cayley,1,d75ce65c345cc064aed9355ccabd59c4aa77e3207b88819b3ebb20a18a54252a,5.684341886080802e-14
128,3926,3,MAC,39.04763105540275,4.583899863064289e-05,0.15798079301021062,0.0,0.15802663200884126,path,1,ffa7b0538770767f61f4fce865f236c851d38d56b91c6d078043f1c06a5de196,3.552713678800501e-14
128,3926,4,MAC,39.04763105540275,4.5245004002936184e-05,0.1580275150045054,0.0,0.15807276000850834,path,1,ffa7b0538770767f61f4fce865f236c851d38d56b91c6d078043f1c06a5de196,3.552713678800501e-14
128,3926,4,BB-RL,58.02970920674646,0.018757808007649146,0.02698385099938605,2.945991582237184e-06,0.04574460499861743,cayley,1,7a83ab172255a797911df4d61869699cfc0ddb0773bc0d3d8dc9a6bc74cfcfb8,7.105427357601002e-15
128,4006,0,MAC,43.400697386042445,4.566500138025731e-05,0.1550244089885382,0.0,0.15507007398991846,path,1,48f6d1c7de02bf69dd2fb25823b0a748833253acbe742b5105514872dfe3bdb8,5.684341886080802e-14
128,4006,0,BB-RL,60.00956923815424,0.016814168993732892,0.04257026100822259,3.039996954612434e-06,0.05938746999891009,cayley,1,121a460ed542abf039d5f3fed4af61253bc8283334d2f34e92b31b0dd876e6b1,3.552713678800501e-14
128,4006,1,BB-RL,59.99999999999994,0.017058437995729037,0.04263862199150026,2.949003828689456e-06,0.059700008991057985,cayley,1,7816e2b1ca8855bb9232e8bc8799282cc9bc10d3db140d5c656da5d73266331c,2.1316282072803006e-14
128,4006,1,MAC,43.400697386042445,4.614000499714166e-05,0.15450707699346822,0.0,0.15455321699846536,path,1,48f6d1c7de02bf69dd2fb25823b0a748833253acbe742b5105514872dfe3bdb8,5.684341886080802e-14
128,4006,2,MAC,43.400697386042445,4.540701047517359e-05,0.15458627199404873,0.0,0.1546316790045239,path,1,48f6d1c7de02bf69dd2fb25823b0a748833253acbe742b5105514872dfe3bdb8,5.684341886080802e-14
128,4006,2,BB-RL,60.0149401391087,0.017159348994027823,0.04247096700419206,3.063003532588482e-06,0.05963337900175247,cayley,1,0328286d1a14c7c25c6600081075438d4dd7c8833a9c7bcc7b13d841985d6dd0,1.4210854715202004e-14
128,4006,3,BB-RL,60.012460229162855,0.017235805993550457,0.04257117600354832,3.0790106393396854e-06,0.05981006100773811,cayley,1,14caad701f858cf2ba36e7d097e4bb49b0deb3ae2f4423d078effc9ea080d873,0.0
128,4006,3,MAC,43.400697386042445,4.6111003030091524e-05,0.15549661200202536,0.0,0.15554272300505545,path,1,48f6d1c7de02bf69dd2fb25823b0a748833253acbe742b5105514872dfe3bdb8,5.684341886080802e-14
128,4006,4,MAC,43.400697386042445,4.512000305112451e-05,0.15530694799963385,0.0,0.15535206800268497,path,1,48f6d1c7de02bf69dd2fb25823b0a748833253acbe742b5105514872dfe3bdb8,5.684341886080802e-14
128,4006,4,BB-RL,60.01225863640465,0.017057617995305918,0.0426436820125673,3.0800001695752144e-06,0.05970438000804279,cayley,1,389ef99315feefd811922d3720ad3af9e7a01e727a794b613fb14542c1f200a4,2.842170943040401e-14
128,4087,0,BB-RL,61.999999999999915,0.015589967995765619,0.059002331996452995,2.9930088203400373e-06,0.07459529300103895,cayley,1,4fabf094f5a12b24307902673c6a4c8074db870abcd6152b5faf283e20718d80,2.842170943040401e-14
128,4087,0,MAC,42.88986478340783,4.608099698089063e-05,0.1541848460037727,0.0,0.15423092700075358,path,1,fcab9f2ed1694ba0ef067cdad520a48e5acfbc7779f32abbcbccbf1a41fc1533,6.394884621840902e-14
128,4087,1,MAC,42.88986478340783,4.5006992877461016e-05,0.1541663350071758,0.0,0.15421134200005326,path,1,fcab9f2ed1694ba0ef067cdad520a48e5acfbc7779f32abbcbccbf1a41fc1533,6.394884621840902e-14
128,4087,1,BB-RL,61.9999999999999,0.015357823998783715,0.0590036140056327,3.039007424376905e-06,0.07436447701184079,cayley,1,8b226b81eaa836390fa1a3d2c8b3698b93a6c66fd7d331291243e4e1fb6db9c3,4.973799150320701e-14
128,4087,2,BB-RL,61.999999999999915,0.01558983999711927,0.05902492499444634,2.9030052246525884e-06,0.07461766799679026,cayley,1,be42da54f0b768d2446985d3ab76755c30947566cc488f4608139365642423f5,1.4210854715202004e-14
128,4087,2,MAC,42.88986478340783,4.6127999667078257e-05,0.1549004039989086,0.0,0.15494653199857567,path,1,fcab9f2ed1694ba0ef067cdad520a48e5acfbc7779f32abbcbccbf1a41fc1533,6.394884621840902e-14
128,4087,3,MAC,42.88986478340783,5.0552000175230205e-05,0.15489546000026166,0.0,0.1549460120004369,path,1,fcab9f2ed1694ba0ef067cdad520a48e5acfbc7779f32abbcbccbf1a41fc1533,6.394884621840902e-14
128,4087,3,BB-RL,61.999999999999886,0.015563715001917444,0.059080124003230594,3.0329974833875895e-06,0.07464687200263143,cayley,1,78d380e597a302a6f7659205926d11ec18fe617be78cadad84efaa30c584cb12,1.4210854715202004e-14
128,4087,4,BB-RL,61.999999999999915,0.015441329989698716,0.059136374009540305,2.954999217763543e-06,0.07458065899845678,cayley,1,0abafcb101ff0453068e8861ac738eaef2e2400aa2c453780142b413e7668030,2.1316282072803006e-14
128,4087,4,MAC,42.88986478340783,4.614000499714166e-05,0.15514805499697104,0.0,0.15519419500196818,path,1,fcab9f2ed1694ba0ef067cdad520a48e5acfbc7779f32abbcbccbf1a41fc1533,6.394884621840902e-14
128,4168,0,MAC,45.85669883470738,3.632099833339453e-05,0.1551224699942395,0.0,0.1551587909925729,path,1,36885f1f5d24e3a6c5e01b295901215a18f459b601cbfbcf5e3546b5905240d3,7.815970093361102e-14
128,4168,0,BB-RL,63.9999999999999,0.31910326798970345,0.08837371600384358,4.50800871476531e-06,0.4074814920022618,cayley,2,e331c24f254c82e423fb7262d972c8bfee7841a3f0f21056314c60c67c7e8fef,4.973799150320701e-14
128,4168,1,BB-RL,63.9999999999999,0.31857165599649306,0.08845766299054958,4.6100030886009336e-06,0.40703392899013124,cayley,2,e331c24f254c82e423fb7262d972c8bfee7841a3f0f21056314c60c67c7e8fef,4.973799150320701e-14
128,4168,1,MAC,45.85669883470738,4.718000127468258e-05,0.15512300899717957,0.0,0.15517018899845425,path,1,36885f1f5d24e3a6c5e01b295901215a18f459b601cbfbcf5e3546b5905240d3,7.815970093361102e-14
128,4168,2,MAC,45.85669883470738,4.5648004743270576e-05,0.15460658400843386,0.0,0.15465223201317713,path,1,36885f1f5d24e3a6c5e01b295901215a18f459b601cbfbcf5e3546b5905240d3,7.815970093361102e-14
128,4168,2,BB-RL,63.9999999999999,0.3321995829901425,0.08918531599920243,4.330999217927456e-06,0.4213892299885629,cayley,2,e331c24f254c82e423fb7262d972c8bfee7841a3f0f21056314c60c67c7e8fef,4.973799150320701e-14
128,4168,3,BB-RL,63.9999999999999,0.3300981370121008,0.08906778998789378,4.5470078475773335e-06,0.41917047400784213,cayley,2,e331c24f254c82e423fb7262d972c8bfee7841a3f0f21056314c60c67c7e8fef,4.973799150320701e-14
128,4168,3,MAC,45.85669883470738,4.7738998546265066e-05,0.15529315300227609,0.0,0.15534089200082235,path,1,36885f1f5d24e3a6c5e01b295901215a18f459b601cbfbcf5e3546b5905240d3,7.815970093361102e-14
128,4168,4,MAC,45.85669883470738,4.567700671032071e-05,0.15470837098837364,0.0,0.15475404799508397,path,1,36885f1f5d24e3a6c5e01b295901215a18f459b601cbfbcf5e3546b5905240d3,7.815970093361102e-14
128,4168,4,BB-RL,63.9999999999999,0.32088168000336736,0.08838098500564229,4.540997906588018e-06,0.40926720600691624,cayley,2,e331c24f254c82e423fb7262d972c8bfee7841a3f0f21056314c60c67c7e8fef,4.973799150320701e-14
128,4249,0,BB-RL,64.99999999999984,0.3242127379926387,0.0637397160026012,4.411005647853017e-06,0.3879568650008878,envelope,2,68cd70c9a1d4b23734840ef42eaba0b2038a9d3e03f6ea3dcc2704065a55179f,1.4210854715202004e-14
128,4249,0,MAC,41.2013298839299,4.883900692220777e-05,0.1551897079916671,0.0,0.1552385469985893,path,1,f59e213bef4f97eb1c8c049ad2f5015f7eacbe610fd75e5a2fdb7f2a523ccfb2,4.263256414560601e-14
128,4249,1,MAC,41.2013298839299,4.528000135906041e-05,0.15506998499040492,0.0,0.15511526499176398,path,1,f59e213bef4f97eb1c8c049ad2f5015f7eacbe610fd75e5a2fdb7f2a523ccfb2,4.263256414560601e-14
128,4249,1,BB-RL,64.99999999999984,0.3380679880065145,0.06418594899878372,4.850007826462388e-06,0.4022587870131247,envelope,2,68cd70c9a1d4b23734840ef42eaba0b2038a9d3e03f6ea3dcc2704065a55179f,2.842170943040401e-14
128,4249,2,BB-RL,64.99999999999984,0.3215854869922623,0.0637503580073826,4.679997800849378e-06,0.38534052499744575,envelope,2,68cd70c9a1d4b23734840ef42eaba0b2038a9d3e03f6ea3dcc2704065a55179f,1.2789769243681803e-13
128,4249,2,MAC,41.2013298839299,4.682700091507286e-05,0.15429179499915335,0.0,0.15433862200006843,path,1,f59e213bef4f97eb1c8c049ad2f5015f7eacbe610fd75e5a2fdb7f2a523ccfb2,4.263256414560601e-14
128,4249,3,MAC,41.2013298839299,4.609000461641699e-05,0.15452409100544173,0.0,0.15457018101005815,path,1,f59e213bef4f97eb1c8c049ad2f5015f7eacbe610fd75e5a2fdb7f2a523ccfb2,4.263256414560601e-14
128,4249,3,BB-RL,64.99999999999984,0.3288471990090329,0.06453213500208221,4.165995051153004e-06,0.3933835000061663,envelope,2,68cd70c9a1d4b23734840ef42eaba0b2038a9d3e03f6ea3dcc2704065a55179f,1.4210854715202004e-14
128,4249,4,BB-RL,64.99999999999984,0.3347389450063929,0.0642010159936035,4.364002961665392e-06,0.39894432500295807,envelope,2,68cd70c9a1d4b23734840ef42eaba0b2038a9d3e03f6ea3dcc2704065a55179f,0.0
128,4249,4,MAC,41.2013298839299,4.717100819107145e-05,0.15585155399458017,0.0,0.15589872500277124,path,1,f59e213bef4f97eb1c8c049ad2f5015f7eacbe610fd75e5a2fdb7f2a523ccfb2,4.263256414560601e-14
128,4329,0,BB-RL,64.9999999999998,0.33717221999540925,0.1538855090038851,4.607994924299419e-06,0.49106233699421864,envelope,2,67629a371befc39344e0acea37b42bb2d5aadd83c834cb5927355de8d7eef35d,1.2789769243681803e-13
128,4329,0,MAC,49.682557724769445,4.543899558484554e-05,0.15455085400026292,0.0,0.15459629299584776,path,1,3dfd8787fd86d178e5fca35731012a098abc6a3116caeda964a428ca300fef47,2.842170943040401e-14
128,4329,1,MAC,49.682557724769445,4.584000271279365e-05,0.1544344430003548,0.0,0.1544802830030676,path,1,3dfd8787fd86d178e5fca35731012a098abc6a3116caeda964a428ca300fef47,2.842170943040401e-14
128,4329,1,BB-RL,64.9999999999998,0.3345309599972097,0.15475706799770705,4.539004294201732e-06,0.489292566999211,envelope,2,67629a371befc39344e0acea37b42bb2d5aadd83c834cb5927355de8d7eef35d,1.2789769243681803e-13
128,4329,2,BB-RL,64.9999999999998,0.3352836599951843,0.15415081501123495,4.368994268588722e-06,0.4894388440006878,envelope,2,67629a371befc39344e0acea37b42bb2d5aadd83c834cb5927355de8d7eef35d,1.2789769243681803e-13
128,4329,2,MAC,49.682557724769445,4.862800415139645e-05,0.15570375700190198,0.0,0.15575238500605337,path,1,3dfd8787fd86d178e5fca35731012a098abc6a3116caeda964a428ca300fef47,2.842170943040401e-14
128,4329,3,MAC,49.682557724769445,4.559200897347182e-05,0.15502602499327622,0.0,0.1550716170022497,path,1,3dfd8787fd86d178e5fca35731012a098abc6a3116caeda964a428ca300fef47,2.842170943040401e-14
128,4329,3,BB-RL,64.9999999999998,0.32468847099517006,0.15392146501108073,4.201996489427984e-06,0.4786141380027402,envelope,2,67629a371befc39344e0acea37b42bb2d5aadd83c834cb5927355de8d7eef35d,1.2789769243681803e-13
128,4329,4,BB-RL,64.9999999999998,0.3208125080127502,0.1539088110002922,4.397996235638857e-06,0.474725717009278,envelope,2,67629a371befc39344e0acea37b42bb2d5aadd83c834cb5927355de8d7eef35d,1.2789769243681803e-13
128,4329,4,MAC,49.682557724769445,4.862199421040714e-05,0.1543976160028251,0.0,0.1544462379970355,path,1,3dfd8787fd86d178e5fca35731012a098abc6a3116caeda964a428ca300fef47,2.842170943040401e-14
128,4410,0,MAC,48.4242971313402,4.551200254354626e-05,0.1546061999979429,0.0,0.15465171200048644,path,1,7b4b42a0c6abe35bbdbc866a949a5593b3f3a4f9b7c585ec2f3aec513a933ee6,2.842170943040401e-14
128,4410,0,BB-RL,65.99999999999984,0.3233240260015009,0.13403544599714223,4.665998858399689e-06,0.45736413799750153,envelope,2,636286205a476fdd7631b19b9cba949ebb18b644959d7ee63083293edff4374d,2.842170943040401e-14
128,4410,1,BB-RL,65.99999999999984,0.3239472240093164,0.13395697600208223,4.134999471716583e-06,0.45790833501087036,envelope,2,636286205a476fdd7631b19b9cba949ebb18b644959d7ee63083293edff4374d,7.105427357601002e-14
128,4410,1,MAC,48.4242971313402,4.642200656235218e-05,0.1547366969898576,0.0,0.15478311899641994,path,1,7b4b42a0c6abe35bbdbc866a949a5593b3f3a4f9b7c585ec2f3aec513a933ee6,2.842170943040401e-14
128,4410,2,MAC,48.4242971313402,4.552000609692186e-05,0.15476470399880782,0.0,0.15481022400490474,path,1,7b4b42a0c6abe35bbdbc866a949a5593b3f3a4f9b7c585ec2f3aec513a933ee6,2.842170943040401e-14
128,4410,2,BB-RL,65.99999999999984,0.32609299500472844,0.1344362009986071,4.2199972085654736e-06,0.4605334160005441,envelope,2,636286205a476fdd7631b19b9cba949ebb18b644959d7ee63083293edff4374d,1.4210854715202004e-14
128,4410,3,BB-RL,65.99999999999984,0.32459976300015114,0.13375466599245556,4.458008334040642e-06,0.45835888700094074,envelope,2,636286205a476fdd7631b19b9cba949ebb18b644959d7ee63083293edff4374d,5.684341886080802e-14
128,4410,3,MAC,48.4242971313402,4.807699588127434e-05,0.1549132170039229,0.0,0.15496129399980418,path,1,7b4b42a0c6abe35bbdbc866a949a5593b3f3a4f9b7c585ec2f3aec513a933ee6,2.842170943040401e-14
128,4410,4,MAC,48.4242971313402,4.553399048745632e-05,0.1546771300054388,0.0,0.15472266399592627,path,1,7b4b42a0c6abe35bbdbc866a949a5593b3f3a4f9b7c585ec2f3aec513a933ee6,2.842170943040401e-14
128,4410,4,BB-RL,65.99999999999984,0.33832029000041075,0.13457441799982917,4.080997314304113e-06,0.4728987889975542,envelope,2,636286205a476fdd7631b19b9cba949ebb18b644959d7ee63083293edff4374d,1.4210854715202004e-14
128,4491,0,BB-RL,66.9999999999999,0.3324164809891954,0.0593835590116214,4.285990144126117e-06,0.39180432599096093,envelope,2,a99f538d42e45851204d63be6e04d0e212d298651868f6ed1d2f2b3d47430ea0,9.947598300641403e-14
128,4491,0,MAC,51.8620041630343,4.6407003537751734e-05,0.1548510380089283,0.0,0.15489744501246605,path,1,7d14b009bad844fbd01be30bc4ff23838c581a1096fcc8b29d45609049c72b49,1.4210854715202004e-14
128,4491,1,MAC,51.8620041630343,4.576399805955589e-05,0.1547901049925713,0.0,0.15483586899063084,path,1,7d14b009bad844fbd01be30bc4ff23838c581a1096fcc8b29d45609049c72b49,1.4210854715202004e-14
128,4491,1,BB-RL,66.9999999999999,0.3390539039974101,0.05989033100195229,4.75598790217191e-06,0.39894899098726455,envelope,2,a99f538d42e45851204d63be6e04d0e212d298651868f6ed1d2f2b3d47430ea0,9.947598300641403e-14
128,4491,2,BB-RL,66.9999999999999,0.33071058698988054,0.059640852006850764,4.70600207336247e-06,0.39035614499880467,envelope,2,a99f538d42e45851204d63be6e04d0e212d298651868f6ed1d2f2b3d47430ea0,9.947598300641403e-14
128,4491,2,MAC,51.8620041630343,4.6586006646975875e-05,0.1548710789938923,0.0,0.15491766500053927,path,1,7d14b009bad844fbd01be30bc4ff23838c581a1096fcc8b29d45609049c72b49,1.4210854715202004e-14
128,4491,3,MAC,51.8620041630343,4.5320994104258716e-05,0.1546616840059869,0.0,0.15470700500009116,path,1,7d14b009bad844fbd01be30bc4ff23838c581a1096fcc8b29d45609049c72b49,1.4210854715202004e-14
128,4491,3,BB-RL,66.9999999999999,0.33983516599982977,0.0599478310032282,4.582994733937085e-06,0.3997875799977919,envelope,2,a99f538d42e45851204d63be6e04d0e212d298651868f6ed1d2f2b3d47430ea0,9.947598300641403e-14
128,4491,4,BB-RL,66.9999999999999,0.33156925499497447,0.05944090899720322,4.725996404886246e-06,0.3910148899885826,envelope,2,a99f538d42e45851204d63be6e04d0e212d298651868f6ed1d2f2b3d47430ea0,9.947598300641403e-14
128,4491,4,MAC,51.8620041630343,4.760200681630522e-05,0.15462583699263632,0.0,0.15467343899945263,path,1,7d14b009bad844fbd01be30bc4ff23838c581a1096fcc8b29d45609049c72b49,1.4210854715202004e-14
128,4572,0,MAC,54.185946434554495,4.5590000809170306e-05,0.1542155700008152,0.0,0.15426116000162438,path,1,db01c4fe84fd161cc89a87c0dbba042caee4b0632f6814e068d642ffe1883783,9.237055564881302e-14
128,4572,0,BB-RL,67.99999999999982,0.3406469309993554,0.052145267007290386,4.514993634074926e-06,0.39279671300027985,envelope,2,edaba79314a674c8fd6d58ff7515674367e08ff732ffc12d680232cf2e301934,1.7053025658242404e-13
128,4572,1,BB-RL,67.99999999999982,0.3319427019887371,0.051871158997528255,4.451008862815797e-06,0.38381831199512817,envelope,2,edaba79314a674c8fd6d58ff7515674367e08ff732ffc12d680232cf2e301934,4.263256414560601e-14
128,4572,1,MAC,54.185946434554495,4.881000495515764e-05,0.15501728899835143,0.0,0.1550660990033066,path,1,db01c4fe84fd161cc89a87c0dbba042caee4b0632f6814e068d642ffe1883783,9.237055564881302e-14
128,4572,2,MAC,54.185946434554495,4.4631000491790473e-05,0.15478958199673798,0.0,0.15483421299722977,path,1,db01c4fe84fd161cc89a87c0dbba042caee4b0632f6814e068d642ffe1883783,9.237055564881302e-14
128,4572,2,BB-RL,67.99999999999982,0.34132406099524815,0.05223458999535069,4.298010026104748e-06,0.39356294900062494,envelope,2,edaba79314a674c8fd6d58ff7515674367e08ff732ffc12d680232cf2e301934,1.2789769243681803e-13
128,4572,3,BB-RL,67.99999999999982,0.33136849000584334,0.05158080000546761,4.29799547418952e-06,0.38295358800678514,envelope,2,edaba79314a674c8fd6d58ff7515674367e08ff732ffc12d680232cf2e301934,4.263256414560601e-14
128,4572,3,MAC,54.185946434554495,4.734800313599408e-05,0.1543731529964134,0.0,0.1544205009995494,path,1,db01c4fe84fd161cc89a87c0dbba042caee4b0632f6814e068d642ffe1883783,9.237055564881302e-14
128,4572,4,MAC,54.185946434554495,4.5082997530698776e-05,0.1534919190016808,0.0,0.1535370019992115,path,1,db01c4fe84fd161cc89a87c0dbba042caee4b0632f6814e068d642ffe1883783,9.237055564881302e-14
128,4572,4,BB-RL,67.99999999999982,0.34781873000611085,0.052243499987525865,4.303001333028078e-06,0.40006653299496975,envelope,2,edaba79314a674c8fd6d58ff7515674367e08ff732ffc12d680232cf2e301934,5.684341886080802e-14
128,4653,0,BB-RL,68.37795019817531,0.33468446000188123,0.1419603310059756,4.342000465840101e-06,0.4766491330083227,cayley,2,1b84028fe3e33f93991ff0e0e583761c4f1a9e497f5d29e27e384a8e35964f37,5.684341886080802e-14
128,4653,0,MAC,56.10862739811907,4.692199581768364e-05,0.1559380179969594,0.0,0.15598493999277707,path,1,dfdccbb48314f0f68c4fc1ce96225a712c03c27e7af3b3c4454ccf1dc8b7a99f,7.815970093361102e-14
128,4653,1,MAC,56.10862739811907,4.617100057657808e-05,0.15584781199868303,0.0,0.1558939829992596,path,1,dfdccbb48314f0f68c4fc1ce96225a712c03c27e7af3b3c4454ccf1dc8b7a99f,7.815970093361102e-14
128,4653,1,BB-RL,68.25020878606132,0.3436740400065901,0.14293851199909113,4.514993634074926e-06,0.4866170669993153,cayley,2,92ca74994444ce158073643f6749774afa76040eb73c2328a0397130f8a8548e,5.684341886080802e-14
128,4653,2,BB-RL,68.44376595097201,0.34272822199272923,0.14283192199945915,4.479006747715175e-06,0.4855646229989361,cayley,2,89bb3ca32156dc722adde978598bf7347ad0c40c5ae5f62c072ef15290b47041,5.684341886080802e-14
128,4653,2,MAC,56.10862739811907,4.512300074566156e-05,0.15558217599755153,0.0,0.1556272989982972,path,1,dfdccbb48314f0f68c4fc1ce96225a712c03c27e7af3b3c4454ccf1dc8b7a99f,7.815970093361102e-14
128,4653,3,MAC,56.10862739811907,4.519899084698409e-05,0.15497575300105382,0.0,0.1550209519919008,path,1,dfdccbb48314f0f68c4fc1ce96225a712c03c27e7af3b3c4454ccf1dc8b7a99f,7.815970093361102e-14
128,4653,3,BB-RL,68.47272051823728,0.34541526400425937,0.1434899619926,4.641013219952583e-06,0.4889098670100793,cayley,2,e2b31f57925f0adc47f2f2e409e957a9973be79c56430fe1a532591365c238a4,7.105427357601002e-14
128,4653,4,BB-RL,68.33131113387823,0.32803271801094525,0.1422338409902295,4.260000423528254e-06,0.4702708190015983,cayley,2,8723fffe7716482afefbcf1a07e94ff7045765a44c26ae4687b076a519e91066,5.684341886080802e-14
128,4653,4,MAC,56.10862739811907,4.852398706134409e-05,0.15496608101238962,0.0,0.15501460499945097,path,1,dfdccbb48314f0f68c4fc1ce96225a712c03c27e7af3b3c4454ccf1dc8b7a99f,7.815970093361102e-14
128,4733,0,BB-RL,69.39929975704405,0.33299869199981913,0.13887897500535473,4.236993845552206e-06,0.4718819039990194,cayley,2,b1b6a8857d34a70d3568b0a272187c492b4679cb4d5127c3bb43a7c745dd3ee5,1.1368683772161603e-13
128,4733,0,MAC,54.445385184753476,4.7806999646127224e-05,0.15470415899471845,0.0,0.15475196599436458,path,1,e03ed3e4c59d62440938e8fde1f061ccd74b095792a53a4feaf8ef5b4fcdf8f3,9.947598300641403e-14
128,4733,1,MAC,54.445385184753476,4.5801003579981625e-05,0.15470510500017554,0.0,0.15475090600375552,path,1,e03ed3e4c59d62440938e8fde1f061ccd74b095792a53a4feaf8ef5b4fcdf8f3,9.947598300641403e-14
128,4733,1,BB-RL,69.27270636906205,0.3397272099973634,0.13880732300458476,4.399000317789614e-06,0.47853893200226594,cayley,2,17151069228c0c732d42df6808b8dda791516492097a69269c25a9474f9cb52d,9.947598300641403e-14
128,4733,2,BB-RL,69.41581537293685,0.34441962599521503,0.13879039300081786,4.468995030038059e-06,0.4832144879910629,cayley,2,41b4c72e5efebdc1aacec907d2373af476bcdf9a02114a67cbc7949f933151aa,4.263256414560601e-14
128,4733,2,MAC,54.445385184753476,4.805698699783534e-05,0.15503548600827344,0.0,0.15508354299527127,path,1,e03ed3e4c59d62440938e8fde1f061ccd74b095792a53a4feaf8ef5b4fcdf8f3,9.947598300641403e-14
128,4733,3,MAC,54.445385184753476,4.5396998757496476e-05,0.15428844100097194,0.0,0.15433383799972944,path,1,e03ed3e4c59d62440938e8fde1f061ccd74b095792a53a4feaf8ef5b4fcdf8f3,9.947598300641403e-14
128,4733,3,BB-RL,69.38059864297378,0.3446742429950973,0.13862404400424566,4.514993634074926e-06,0.48330280199297704,cayley,2,150176a619d533edcaab8ad902036338979ffb42ca9f81a2cb683e223fb528f7,4.263256414560601e-14
128,4733,4,BB-RL,69.44581909145425,0.33931219499208964,0.13772682000126224,4.761008312925696e-06,0.4770437760016648,cayley,2,4b179eeace9be37b7e33b6083573eb9390e480ea015de3f3a851d2337a2c9816,5.684341886080802e-14
128,4733,4,MAC,54.445385184753476,4.937099583912641e-05,0.1548251890053507,0.0,0.15487456000118982,path,1,e03ed3e4c59d62440938e8fde1f061ccd74b095792a53a4feaf8ef5b4fcdf8f3,9.947598300641403e-14
128,4814,0,MAC,58.514732423258074,4.58049908047542e-05,0.15527354199730325,0.0,0.155319346988108,path,1,2e85567e0585548ad74608e6e3a63dfc5c2d50b7cc846caf0079c967f9f2b72e,0.0
128,4814,0,BB-RL,71.24210174904897,0.33936759099015035,0.08038304701040033,4.921996151097119e-06,0.4197555599967018,cayley,2,09323d70482d0724677a145adb057e41ac471576da2ec52c7723b3a7a9912b7d,2.842170943040401e-14
128,4814,1,BB-RL,71.28159382037525,0.3452440389955882,0.08074405499792192,4.483998054638505e-06,0.42599257799156476,cayley,2,97369830c125f8e7a1ece1e99a809e07fc1ebfb79cbeeb6d210e91f49a29bf09,7.105427357601002e-14
128,4814,1,MAC,58.514732423258074,4.680900019593537e-05,0.15567205598927103,0.0,0.15571886498946697,path,1,2e85567e0585548ad74608e6e3a63dfc5c2d50b7cc846caf0079c967f9f2b72e,0.0
128,4814,2,MAC,58.514732423258074,4.559599619824439e-05,0.1549188830103958,0.0,0.15496447900659405,path,1,2e85567e0585548ad74608e6e3a63dfc5c2d50b7cc846caf0079c967f9f2b72e,0.0
128,4814,2,BB-RL,71.46270080254168,0.34405491400684696,0.08073629600403365,4.606990842148662e-06,0.42479581700172275,cayley,2,089698b3f7ee96e7b733be42df59587574c7013a0ab03342bd5c14419ea63501,2.842170943040401e-14
128,4814,3,BB-RL,71.19035943384536,0.3324247090058634,0.0805046030000085,4.450994310900569e-06,0.4129337630001828,cayley,2,b433b3b47ebf141fdd093fdd489313086564868dd287c8803459104d4d28288e,8.526512829121202e-14
128,4814,3,MAC,58.514732423258074,4.77599969599396e-05,0.15545405499869958,0.0,0.15550181499565952,path,1,2e85567e0585548ad74608e6e3a63dfc5c2d50b7cc846caf0079c967f9f2b72e,0.0
128,4814,4,MAC,58.514732423258074,4.5549997594207525e-05,0.15519196800596546,0.0,0.15523751800355967,path,1,2e85567e0585548ad74608e6e3a63dfc5c2d50b7cc846caf0079c967f9f2b72e,0.0
128,4814,4,BB-RL,71.28946700562913,0.3299811290053185,0.08029027099837549,4.620000254362822e-06,0.41027602000394836,cayley,2,02c5400bc82d153ef9cd2dd38d94336586bf074e2f7e6d0e8f2f51104d08b0d3,2.842170943040401e-14
128,4895,0,BB-RL,71.97799996758054,0.34105156498844735,0.08955371800402645,4.251007339917123e-06,0.4306095339998137,cayley,2,b878cd50b9aff718f250fb99d0ed48545ee45b246f75a07794f21f5902f58044,4.263256414560601e-14
128,4895,0,MAC,60.37291076461336,4.6214991016313434e-05,0.15594889600470196,0.0,0.15599511099571828,path,1,ec83c3d6931a5b946e85919a1eb270ec67ed970937b338d3c0db9c1717b26775,4.973799150320701e-14
128,4895,1,MAC,60.37291076461336,4.597799852490425e-05,0.15496754199557472,0.0,0.15501351999409962,path,1,ec83c3d6931a5b946e85919a1eb270ec67ed970937b338d3c0db9c1717b26775,4.973799150320701e-14
128,4895,1,BB-RL,72.02891849855014,0.34567413000331726,0.090009531006217,4.864996299147606e-06,0.4356885260058334,cayley,2,af8b78e36d70a2fc794c0fbd2306b91f7ec41a2f927085b6f3cfa48c2bdcca79,4.263256414560601e-14
128,4895,2,BB-RL,72.21472816438693,0.3332631419907557,0.08948465599678457,4.835004801861942e-06,0.4227526329923421,cayley,2,fa799edac7567c18c4f4bb144bcbda665569030453b5f7ca5d769c9689b4a468,4.263256414560601e-14
128,4895,2,MAC,60.37291076461336,4.810999962501228e-05,0.15579120400070678,0.0,0.1558393140003318,path,1,ec83c3d6931a5b946e85919a1eb270ec67ed970937b338d3c0db9c1717b26775,4.973799150320701e-14
128,4895,3,MAC,60.37291076461336,4.545900446828455e-05,0.1559536229906371,0.0,0.15599908199510537,path,1,ec83c3d6931a5b946e85919a1eb270ec67ed970937b338d3c0db9c1717b26775,4.973799150320701e-14
128,4895,3,BB-RL,72.0840147226562,0.33429043598880526,0.08957560500130057,4.75099659524858e-06,0.4238707919867011,cayley,2,019cdbcc1f3a52927394183832fe0a7301d5f885c8372fa8847dea294a39ac5b,4.263256414560601e-14
128,4895,4,BB-RL,72.05686866420736,0.35026083199772984,0.08994170599908102,4.938003257848322e-06,0.4402074760000687,cayley,2,55742e83401e6b9e579e559b424aa7942d5efa4b2b607811cf73d953af5d1038,4.263256414560601e-14
128,4895,4,MAC,60.37291076461336,4.6761997509747744e-05,0.1554091900034109,0.0,0.15545595200092066,path,1,ec83c3d6931a5b946e85919a1eb270ec67ed970937b338d3c0db9c1717b26775,4.973799150320701e-14
128,4976,0,MAC,62.070543541613155,3.603199729695916e-05,0.15502818900858983,0.0,0.1550642210058868,path,1,ea5800505cee9ea6f9403e39e4d64e3326dda449f057236890d8381fbbb71e43,1.1368683772161603e-13
128,4976,0,BB-RL,73.28883649116337,0.32443859599879943,0.08123883599182591,4.635003278963268e-06,0.4056820669939043,cayley,2,12d263af02a4a298705d6be5f1c72e493bd163918c03b1e18aff817f7041e124,4.263256414560601e-14
128,4976,1,BB-RL,73.1873961561691,0.3238946159981424,0.08177659199282061,1.387100201100111e-05,0.405685078992974,cayley,2,18074e6c636e73b4f41ee915a4b07414be86abc46542f3de6f1bd0d0d71f7943,1.4210854715202004e-14
128,4976,1,MAC,62.070543541613155,4.6918998123146594e-05,0.1559199869952863,0.0,0.15596690599340945,path,1,ea5800505cee9ea6f9403e39e4d64e3326dda449f057236890d8381fbbb71e43,1.1368683772161603e-13
128,4976,2,MAC,62.070543541613155,4.5388995204120874e-05,0.15551729399885517,0.0,0.1555626829940593,path,1,ea5800505cee9ea6f9403e39e4d64e3326dda449f057236890d8381fbbb71e43,1.1368683772161603e-13
128,4976,2,BB-RL,73.25149143919846,0.32298061400069855,0.08118728500267025,4.31599619332701e-06,0.40417221499956213,cayley,2,92f5bdb34e2dd872bf4f7c65d54212cc675a3e79e8ee8a58b2bd7190975d8c29,7.105427357601002e-14
128,4976,3,BB-RL,73.67465819168434,0.3313361799955601,0.08139897100045346,4.699002602137625e-06,0.4127398499986157,cayley,2,83ee23e0d6f2ccb8db22c84e71cfc55fcfb39d14734ef99200a49f260f510110,2.842170943040401e-14
128,4976,3,MAC,62.070543541613155,4.846900992561132e-05,0.15553926999564283,0.0,0.15558773900556844,path,1,ea5800505cee9ea6f9403e39e4d64e3326dda449f057236890d8381fbbb71e43,1.1368683772161603e-13
128,4976,4,MAC,62.070543541613155,4.5491993660107255e-05,0.1553716080088634,0.0,0.1554171000025235,path,1,ea5800505cee9ea6f9403e39e4d64e3326dda449f057236890d8381fbbb71e43,1.1368683772161603e-13
128,4976,4,BB-RL,73.15332778581536,0.3161032770003658,0.08122088899835944,4.083995008841157e-06,0.39732824999373406,cayley,2,70b6a467888ed09055012a6538e87b97745e459ceefab868547e118c94d9de0e,1.4210854715202004e-14
128,5057,0,BB-RL,73.44863961597223,0.31733310100389645,0.16550683599780314,4.362998879514635e-06,0.4828443000005791,cayley,2,350d207d5b3178af8d6442b7e4f28d759d303fe7a09b164b61cc60968456c1de,4.263256414560601e-14
128,5057,0,MAC,61.505836880887266,4.831601108890027e-05,0.1551763210009085,0.0,0.1552246370119974,path,1,c49c888dbf443f907e6c07d7cd2c24064390e535a2d5763dd17bcc2a3e97577f,9.947598300641403e-14
128,5057,1,MAC,61.505836880887266,4.545800038613379e-05,0.1547806979942834,0.0,0.15482615599466953,path,1,c49c888dbf443f907e6c07d7cd2c24064390e535a2d5763dd17bcc2a3e97577f,9.947598300641403e-14
128,5057,1,BB-RL,73.22950376192911,0.5104103369958466,0.16607954700884875,4.6339991968125105e-06,0.6764945180038922,cayley,2,ce6f82c6b24eb84b34c04fb67dc3c180298065e618e1412668f12f7384d3790f,4.263256414560601e-14
128,5057,2,BB-RL,73.31875129202528,0.32191043900093064,0.16600381799798924,4.3470063246786594e-06,0.48791860400524456,cayley,2,1382b6e8ff3c93a4345c70dad63f15ebb1570927d95a779cf0cc18651beac5fc,4.263256414560601e-14
128,5057,2,MAC,61.505836880887266,4.6285989810712636e-05,0.1559104220068548,0.0,0.1559567079966655,path,1,c49c888dbf443f907e6c07d7cd2c24064390e535a2d5763dd17bcc2a3e97577f,9.947598300641403e-14
128,5057,3,MAC,61.505836880887266,4.67589998152107e-05,0.1560744309972506,0.0,0.1561211899970658,path,1,c49c888dbf443f907e6c07d7cd2c24064390e535a2d5763dd17bcc2a3e97577f,9.947598300641403e-14
128,5057,3,BB-RL,73.79630472934757,0.32080664098612033,0.165889555006288,4.638000973500311e-06,0.4867008339933818,cayley,2,ee4d807aa4b157af99ea580693391d81c55cc90e5fd490f312ccf080e015491e,4.263256414560601e-14
128,5057,4,BB-RL,73.17984358705097,0.318495529005304,0.16618890399695374,4.437999450601637e-06,0.4846888710017083,cayley,2,eb26e31b788b7fd90988d9f0d53cc11db0bdef36567843e665a6d20c4ca95435,5.684341886080802e-14
128,5057,4,MAC,61.505836880887266,4.6613000449724495e-05,0.1557229379977798,0.0,0.15576955099822953,path,1,c49c888dbf443f907e6c07d7cd2c24064390e535a2d5763dd17bcc2a3e97577f,9.947598300641403e-14
128,5137,0,BB-RL,76.26481574957062,0.3205472530098632,0.12828874499246012,4.383997293189168e-06,0.4488403819996165,cayley,2,a2a52d2c29529b21bf59a0e1c6481140fcd8b529df5e2283ae5c0908f9d42938,1.7053025658242404e-13
128,5137,0,MAC,66.36947055913434,4.629501199815422e-05,0.15568167399032973,0.0,0.15572796900232788,path,1,0d58643f0e211c53f0beb25668a4a4792e011cfdb254e2b9e03ef039987bf827,0.0
128,5137,1,MAC,66.36947055913434,4.493200685828924e-05,0.15594015100214165,0.0,0.15598508300899994,path,1,0d58643f0e211c53f0beb25668a4a4792e011cfdb254e2b9e03ef039987bf827,0.0
128,5137,1,BB-RL,76.29671228969038,0.3174994620057987,0.12879123599850573,4.250992788001895e-06,0.44629494899709243,cayley,2,806445cf6b2c2d6cdba67c2083197b778cba2739a5d12ed5f24ff608dd959794,1.7053025658242404e-13
128,5137,2,BB-RL,76.29663378354981,0.3145520379912341,0.1284073920105584,4.224988515488803e-06,0.442963654990308,cayley,2,97176a8fceb0238f1ce0be6ab9979a43d21f1a185862f0ec0b727fd100b51a9f,1.7053025658242404e-13
128,5137,2,MAC,66.36947055913434,4.639899998437613e-05,0.156170493006357,0.0,0.15621689200634137,path,1,0d58643f0e211c53f0beb25668a4a4792e011cfdb254e2b9e03ef039987bf827,0.0
128,5137,3,MAC,66.36947055913434,4.588598676491529e-05,0.1563826930068899,0.0,0.1564285789936548,path,1,0d58643f0e211c53f0beb25668a4a4792e011cfdb254e2b9e03ef039987bf827,0.0
128,5137,3,BB-RL,76.23331007103859,0.31861624999146443,0.1278258270031074,4.689994966611266e-06,0.44644676698953845,cayley,2,33e04a6d9708337c1f02c8401986b04b5bc1b22d700d3e811411dfc59077c5ae,1.7053025658242404e-13
128,5137,4,BB-RL,76.2644914241403,0.31798820399853867,0.1281568209960824,4.5330089051276445e-06,0.4461495580035262,cayley,2,1215af48d9f3b8fedd1dbac3bd43a197cbb44b7a682af272615b13c637b15a63,1.7053025658242404e-13
128,5137,4,MAC,66.36947055913434,4.838198947254568e-05,0.1581935410067672,0.0,0.15824192299623974,path,1,0d58643f0e211c53f0beb25668a4a4792e011cfdb254e2b9e03ef039987bf827,0.0
128,5218,0,MAC,64.35730843551913,4.576799983624369e-05,0.15813700699072797,0.0,0.1581827749905642,path,1,77d7251cc60548c0347b4d2e1aca44393c19952e4f9398fc87a1ebf8049306aa,1.4210854715202004e-14
128,5218,0,BB-RL,78.96793497709042,0.26312543799576815,0.04115902200283017,4.415996954776347e-06,0.3042888759955531,cayley,2,abf0532d60243420037a5a013a84f947cf9d2181ba3d2a55044a2641baacea79,1.1368683772161603e-13
128,5218,1,BB-RL,78.95785794637764,0.27148076400044374,0.04109694799990393,4.6109926188364625e-06,0.3125823229929665,cayley,2,ea413d96f53008f507fb6b7b3d673b6f27340fbff894d9583ace55fde57c21b5,1.1368683772161603e-13
128,5218,1,MAC,64.35730843551913,4.83170006191358e-05,0.1580298490007408,0.0,0.15807816600135993,path,1,77d7251cc60548c0347b4d2e1aca44393c19952e4f9398fc87a1ebf8049306aa,1.4210854715202004e-14
128,5218,2,MAC,64.35730843551913,4.5334003516472876e-05,0.1581560930062551,0.0,0.15820142700977158,path,1,77d7251cc60548c0347b4d2e1aca44393c19952e4f9398fc87a1ebf8049306aa,1.4210854715202004e-14
128,5218,2,BB-RL,78.96350100721328,0.26599603198701516,0.04118528400431387,4.6000059228390455e-06,0.30718591599725187,cayley,2,4a9e3ba9c5739e1805fbbe3959aa67e67270650d0e7f76bb386953087c4dc609,1.1368683772161603e-13
128,5218,3,BB-RL,78.96351808554293,0.26752131299872417,0.0412004550016718,4.485002136789262e-06,0.30872625300253276,cayley,2,cd3e0367133e50100a965e83e38fcd1f887838f91da7c2127f70de289610132b,1.1368683772161603e-13
128,5218,3,MAC,64.35730843551913,4.849200195167214e-05,0.15815268800361082,0.0,0.1582011800055625,path,1,77d7251cc60548c0347b4d2e1aca44393c19952e4f9398fc87a1ebf8049306aa,1.4210854715202004e-14
128,5218,4,MAC,64.35730843551913,4.5998007408343256e-05,0.15805779499351047,0.0,0.1581037930009188,path,1,77d7251cc60548c0347b4d2e1aca44393c19952e4f9398fc87a1ebf8049306aa,1.4210854715202004e-14
128,5218,4,BB-RL,78.96578644628325,0.26444335500127636,0.04116880499350373,4.348999937064946e-06,0.30561650899471715,cayley,2,17cbd6582d586b56db5e2a62255e13bc8e3766786f2f466cc96133e916efe633,1.1368683772161603e-13
128,5299,0,BB-RL,79.00066582501289,0.2673528430022998,0.1479441580013372,4.505985998548567e-06,0.4153015069896355,cayley,2,e4c61a5a2943db70b02a8340fa85eb96b59b096a4d80299f6847ce2334b32a81,9.947598300641403e-14
128,5299,0,MAC,67.94636746354426,4.800500755663961e-05,0.15802331099985167,0.0,0.1580713160074083,path,1,dc1da7d9fce92888aafa0b3eeb764e0a4a691df0fd2b8bb9f4f432c77d393813,1.8474111129762605e-13
128,5299,1,MAC,67.94636746354426,4.590301250573248e-05,0.15796522499294952,0.0,0.15801112800545525,path,1,dc1da7d9fce92888aafa0b3eeb764e0a4a691df0fd2b8bb9f4f432c77d393813,1.8474111129762605e-13
128,5299,1,BB-RL,78.98923257696329,0.27066748999641277,0.14796856600150932,4.254994564689696e-06,0.4186403109924868,cayley,2,80a6bceee08e580387651ce8f5fe290bb68fdd3bc6b806ab04257d9f6b1e71ab,9.947598300641403e-14
128,5299,2,BB-RL,78.97555412719468,0.2661305910005467,0.14759375399444252,4.318004357628524e-06,0.41372866299934685,cayley,2,36ca2b96e9b271065d1552acb6c38af37ba85fc4d23474dcc623fe40012c0b5b,9.947598300641403e-14
128,5299,2,MAC,67.94636746354426,4.916699253953993e-05,0.1581617830088362,0.0,0.15821095000137575,path,1,dc1da7d9fce92888aafa0b3eeb764e0a4a691df0fd2b8bb9f4f432c77d393813,1.8474111129762605e-13
128,5299,3,MAC,67.94636746354426,4.5926994062028825e-05,0.15821965600480326,0.0,0.15826558299886528,path,1,dc1da7d9fce92888aafa0b3eeb764e0a4a691df0fd2b8bb9f4f432c77d393813,1.8474111129762605e-13
128,5299,3,BB-RL,78.97564988795715,0.26871482000569813,0.14774709499033634,4.775996785610914e-06,0.4164666909928201,cayley,2,8f6dc498fb559de7a094d1b3be33eb5ce3919e408322606a51b2d158b41f2249,9.947598300641403e-14
128,5299,4,BB-RL,79.00115693076363,0.263543111999752,0.14763202000176534,4.271001671440899e-06,0.4111794030031888,cayley,2,97990385735d9a6534bf51abbce8e8c5160e193cf0c34b6f247510d6f7b3e901,9.947598300641403e-14
128,5299,4,MAC,67.94636746354426,4.7994995838962495e-05,0.15623111800232437,0.0,0.15627911299816333,path,1,dc1da7d9fce92888aafa0b3eeb764e0a4a691df0fd2b8bb9f4f432c77d393813,1.8474111129762605e-13
128,5380,0,MAC,66.92011125697323,4.568599979393184e-05,0.15593501899274997,0.0,0.1559807049925439,path,1,612afd7f632472d52c7fba0e9a65c08e8a9f45015c9d73f529aff49a43e64696,2.4158453015843406e-13
128,5380,0,BB-RL,81.99999999999979,0.06390223999915179,0.06123425600526389,4.207991878502071e-06,0.12514070399629418,cayley,2,6d0b9bb05733f07b845687982aee0319c3cc062fa98957eed1bc42d9840323b6,4.263256414560601e-14
128,5380,1,BB-RL,81.99999999999982,0.06141846199170686,0.06102524499874562,4.298010026104748e-06,0.12244800500047859,cayley,2,9b54bb7797dacfdc4244e644a03bda151e197e9fafbd4e5ce3bef35a39134b83,7.105427357601002e-14
128,5380,1,MAC,66.92011125697323,4.709500353783369e-05,0.15601356999832205,0.0,0.1560606650018599,path,1,612afd7f632472d52c7fba0e9a65c08e8a9f45015c9d73f529aff49a43e64696,2.4158453015843406e-13
128,5380,2,MAC,66.92011125697323,4.529699799604714e-05,0.15616390301147476,0.0,0.1562092000094708,path,1,612afd7f632472d52c7fba0e9a65c08e8a9f45015c9d73f529aff49a43e64696,2.4158453015843406e-13
128,5380,2,BB-RL,81.99999999999979,0.061515920009696856,0.061046564995194785,3.969995304942131e-06,0.12256645500019658,cayley,2,6d0b9bb05733f07b845687982aee0319c3cc062fa98957eed1bc42d9840323b6,4.263256414560601e-14
128,5380,3,BB-RL,81.99999999999984,0.06182767999416683,0.06085986700782087,3.8529979065060616e-06,0.1226913999998942,cayley,2,51754d6e012399e870cbebfc5511effec12c4ba1628a81e27268ddeab98db8a0,1.4210854715202004e-14
128,5380,3,MAC,66.92011125697323,4.694200470112264e-05,0.15567156299948692,0.0,0.15571850500418805,path,1,612afd7f632472d52c7fba0e9a65c08e8a9f45015c9d73f529aff49a43e64696,2.4158453015843406e-13
128,5380,4,MAC,66.92011125697323,4.4949003495275974e-05,0.15597930499643553,0.0,0.1560242539999308,path,1,612afd7f632472d52c7fba0e9a65c08e8a9f45015c9d73f529aff49a43e64696,2.4158453015843406e-13
128,5380,4,BB-RL,81.99999999999982,0.06192551700223703,0.061431801004800946,4.130997695028782e-06,0.123361449004733,cayley,2,5a39407df4b00bd94bc61ea2edf5c55b2f765cd2be24ec469038a242599c690c,1.4210854715202004e-14
128,5461,0,BB-RL,84.99999999999984,0.039877698000054806,0.0017565479938639328,3.954002750106156e-06,0.041638199996668845,envelope,2,11c50ca6c3f243e51f3561d5565d3f02e40d83c375941b41a8a6212aac4d83a2,0.0
128,5461,0,MAC,70.31766010709951,4.6442990424111485e-05,0.15484039700822905,0.0,0.15488683999865316,path,1,641f88e095c5b06c4652e6395dff4c1e4dda533959ac6c564a07a3787ac519d7,1.2789769243681803e-13
128,5461,1,MAC,70.31766010709951,4.513100429903716e-05,0.1549236119899433,0.0,0.15496874299424235,path,1,641f88e095c5b06c4652e6395dff4c1e4dda533959ac6c564a07a3787ac519d7,1.2789769243681803e-13
128,5461,1,BB-RL,84.99999999999984,0.03927168299560435,0.0017454879998695105,3.6179990274831653e-06,0.041020788994501345,envelope,2,11c50ca6c3f243e51f3561d5565d3f02e40d83c375941b41a8a6212aac4d83a2,4.263256414560601e-14
128,5461,2,BB-RL,84.99999999999984,0.03945035800279584,0.0017755250009940937,3.934997948817909e-06,0.04122981800173875,envelope,2,11c50ca6c3f243e51f3561d5565d3f02e40d83c375941b41a8a6212aac4d83a2,0.0
128,5461,2,MAC,70.31766010709951,5.203799810260534e-05,0.15492484900460113,0.0,0.15497688700270373,path,1,641f88e095c5b06c4652e6395dff4c1e4dda533959ac6c564a07a3787ac519d7,1.2789769243681803e-13
128,5461,3,MAC,70.31766010709951,4.578600055538118e-05,0.15577421900525223,0.0,0.15582000500580762,path,1,641f88e095c5b06c4652e6395dff4c1e4dda533959ac6c564a07a3787ac519d7,1.2789769243681803e-13
128,5461,3,BB-RL,84.99999999999984,0.03928601701045409,0.001749322997056879,3.98399424739182e-06,0.04103932400175836,envelope,2,11c50ca6c3f243e51f3561d5565d3f02e40d83c375941b41a8a6212aac4d83a2,0.0
128,5461,4,BB-RL,84.99999999999984,0.039287251987843774,0.0017523520073154941,3.811001079156995e-06,0.041043414996238425,envelope,2,11c50ca6c3f243e51f3561d5565d3f02e40d83c375941b41a8a6212aac4d83a2,2.842170943040401e-14
128,5461,4,MAC,70.31766010709951,4.58049908047542e-05,0.1551408710074611,0.0,0.15518667599826586,path,1,641f88e095c5b06c4652e6395dff4c1e4dda533959ac6c564a07a3787ac519d7,1.2789769243681803e-13
128,5541,0,BB-RL,84.99999999999984,0.029326649993890896,0.12457625599927269,3.75900708604604e-06,0.15390666500024963,envelope,2,34d802177d0dd4f7fbd1dbbc919021b2273282ad2f28bf8f713fec5bb46f46e4,2.842170943040401e-14
128,5541,0,MAC,71.25354200476603,4.609501047525555e-05,0.15509718999965116,0.0,0.15514328501012642,path,1,cfaad79309c8370793e1b6b984ea6e28bfef4d647d17299251fab4958d2f6f9e,2.842170943040401e-14
128,5541,1,MAC,71.25354200476603,4.494600580073893e-05,0.1553385589941172,0.0,0.15538350499991793,path,1,cfaad79309c8370793e1b6b984ea6e28bfef4d647d17299251fab4958d2f6f9e,2.842170943040401e-14
128,5541,1,BB-RL,84.99999999999984,0.029180480996728875,0.1245602319977479,3.7900026654824615e-06,0.15374450299714226,envelope,2,34d802177d0dd4f7fbd1dbbc919021b2273282ad2f28bf8f713fec5bb46f46e4,2.842170943040401e-14
128,5541,2,BB-RL,84.99999999999984,0.02957699800026603,0.1245702500018524,3.901004674844444e-06,0.15415114900679328,envelope,2,34d802177d0dd4f7fbd1dbbc919021b2273282ad2f28bf8f713fec5bb46f46e4,4.263256414560601e-14
128,5541,2,MAC,71.25354200476603,4.602699482347816e-05,0.1551237950043287,0.0,0.1551698219991522,path,1,cfaad79309c8370793e1b6b984ea6e28bfef4d647d17299251fab4958d2f6f9e,2.842170943040401e-14
128,5541,3,MAC,71.25354200476603,4.513500607572496e-05,0.1549332879949361,0.0,0.15497842300101183,path,1,cfaad79309c8370793e1b6b984ea6e28bfef4d647d17299251fab4958d2f6f9e,2.842170943040401e-14
128,5541,3,BB-RL,84.99999999999984,0.028973941996810026,0.12467880299664102,3.838998964056373e-06,0.1536565839924151,envelope,2,34d802177d0dd4f7fbd1dbbc919021b2273282ad2f28bf8f713fec5bb46f46e4,2.842170943040401e-14
128,5541,4,BB-RL,84.99999999999984,0.029379162995610386,0.12449566900613718,3.86299507226795e-06,0.15387869499681983,envelope,2,34d802177d0dd4f7fbd1dbbc919021b2273282ad2f28bf8f713fec5bb46f46e4,7.105427357601002e-14
128,5541,4,MAC,71.25354200476603,4.598799569066614e-05,0.15436686799512245,0.0,0.1544128559908131,path,1,cfaad79309c8370793e1b6b984ea6e28bfef4d647d17299251fab4958d2f6f9e,2.842170943040401e-14
128,5622,0,MAC,70.55997413015415,4.523700044956058e-05,0.15513384999940172,0.0,0.15517908699985128,path,1,d2468cd9f2d18e963d6ac1daf6b253ae37c49ab5a533e4e95d42fc1fa33c6f47,4.263256414560601e-14
128,5622,0,BB-RL,85.99999999999984,0.02916812800685875,0.1941027760040015,4.298999556340277e-06,0.2232752030104166,envelope,2,7cf283844dabd734879ba021b940c20bc66634c58939b08b4fb7f513185352b9,8.526512829121202e-14
128,5622,1,BB-RL,85.99999999999984,0.02989089699985925,0.19376988800649997,4.021989298053086e-06,0.22366480699565727,envelope,2,7cf283844dabd734879ba021b940c20bc66634c58939b08b4fb7f513185352b9,1.1368683772161603e-13
128,5622,1,MAC,70.55997413015415,5.401199450716376e-05,0.1550685840047663,0.0,0.15512259599927347,path,1,d2468cd9f2d18e963d6ac1daf6b253ae37c49ab5a533e4e95d42fc1fa33c6f47,4.263256414560601e-14
128,5622,2,MAC,70.55997413015415,4.5523003791458905e-05,0.15529984900786076,0.0,0.15534537201165222,path,1,d2468cd9f2d18e963d6ac1daf6b253ae37c49ab5a533e4e95d42fc1fa33c6f47,4.263256414560601e-14
128,5622,2,BB-RL,85.99999999999984,0.029214499998488463,0.1947580740088597,4.007990355603397e-06,0.22397658199770376,envelope,2,7cf283844dabd734879ba021b940c20bc66634c58939b08b4fb7f513185352b9,8.526512829121202e-14
128,5622,3,BB-RL,85.99999999999984,0.02963193399773445,0.19335414600209333,3.7909921957179904e-06,0.2229898709920235,envelope,2,7cf283844dabd734879ba021b940c20bc66634c58939b08b4fb7f513185352b9,8.526512829121202e-14
128,5622,3,MAC,70.55997413015415,4.5805005356669426e-05,0.15475674100161996,0.0,0.15480254600697663,path,1,d2468cd9f2d18e963d6ac1daf6b253ae37c49ab5a533e4e95d42fc1fa33c6f47,4.263256414560601e-14
128,5622,4,MAC,70.55997413015415,4.5362001401372254e-05,0.1548018509929534,0.0,0.15484721299435478,path,1,d2468cd9f2d18e963d6ac1daf6b253ae37c49ab5a533e4e95d42fc1fa33c6f47,4.263256414560601e-14
128,5622,4,BB-RL,85.99999999999984,0.028955711008165963,0.19406769299530424,3.875000402331352e-06,0.22302727900387254,envelope,2,7cf283844dabd734879ba021b940c20bc66634c58939b08b4fb7f513185352b9,9.947598300641403e-14
128,5703,0,BB-RL,86.99999999999979,0.030243556000641547,0.11966842900437769,3.911991370841861e-06,0.14991589699639007,envelope,2,ca61f01a7d8d47c424611b6ec32608610eb45abd4ac35adc35714e5213074848,4.263256414560601e-14
128,5703,0,MAC,76.06213810025157,4.599599924404174e-05,0.15508353100449312,0.0,0.15512952700373717,path,1,a632faf6d60d3bf987a339d799608071712db25dc77d79cbeb3d9e45a66d686e,7.105427357601002e-14
128,5703,1,MAC,76.06213810025157,4.5356995542533696e-05,0.15521685501153115,0.0,0.15526221200707369,path,1,a632faf6d60d3bf987a339d799608071712db25dc77d79cbeb3d9e45a66d686e,7.105427357601002e-14
128,5703,1,BB-RL,86.99999999999979,0.029585922005935572,0.1197282719949726,3.77700780518353e-06,0.14931797100871336,envelope,2,ca61f01a7d8d47c424611b6ec32608610eb45abd4ac35adc35714e5213074848,4.263256414560601e-14
128,5703,2,BB-RL,86.99999999999979,0.030162066002958454,0.11953023799287621,3.905006451532245e-06,0.1496962090022862,envelope,2,ca61f01a7d8d47c424611b6ec32608610eb45abd4ac35adc35714e5213074848,4.263256414560601e-14
128,5703,2,MAC,76.06213810025157,4.610900941770524e-05,0.15407949799555354,0.0,0.15412560700497124,path,1,a632faf6d60d3bf987a339d799608071712db25dc77d79cbeb3d9e45a66d686e,7.105427357601002e-14
128,5703,3,MAC,76.06213810025157,4.48159989900887e-05,0.15409304900094867,0.0,0.15413786499993876,path,1,a632faf6d60d3bf987a339d799608071712db25dc77d79cbeb3d9e45a66d686e,7.105427357601002e-14
128,5703,3,BB-RL,86.99999999999979,0.029499847994884476,0.11950621700088959,3.90299828723073e-06,0.1490099679940613,envelope,2,ca61f01a7d8d47c424611b6ec32608610eb45abd4ac35adc35714e5213074848,7.105427357601002e-14
128,5703,4,BB-RL,86.99999999999979,0.030263674998423085,0.11997887499455828,3.7749996408820152e-06,0.15024632499262225,envelope,2,ca61f01a7d8d47c424611b6ec32608610eb45abd4ac35adc35714e5213074848,4.263256414560601e-14
128,5703,4,MAC,76.06213810025157,4.560199158731848e-05,0.1579044890095247,0.0,0.15795009100111201,path,1,a632faf6d60d3bf987a339d799608071712db25dc77d79cbeb3d9e45a66d686e,7.105427357601002e-14
128,5784,0,MAC,76.83725273715588,3.672399907372892e-05,0.15865623799618334,0.0,0.15869296199525706,path,1,50e62c94cdb4810c4e80eeb427993bd70e54184fb5d765db06401eddb02d15ae,8.526512829121202e-14
128,5784,0,BB-RL,87.99999999999982,0.030348266998771578,0.05677392199868336,3.898996510542929e-06,0.08712608799396548,envelope,2,1da909a95802b46daa576fc8511eca13e74596f2dd8c7c1d887b27e6d45db713,1.1368683772161603e-13
128,5784,1,BB-RL,87.99999999999982,0.030880639009410515,0.056824564991984516,3.6980054574087262e-06,0.08770890200685244,envelope,2,1da909a95802b46daa576fc8511eca13e74596f2dd8c7c1d887b27e6d45db713,1.1368683772161603e-13
128,5784,1,MAC,76.83725273715588,4.45729965576902e-05,0.15951343200867996,0.0,0.15955800500523765,path,1,50e62c94cdb4810c4e80eeb427993bd70e54184fb5d765db06401eddb02d15ae,8.526512829121202e-14
128,5784,2,MAC,76.83725273715588,4.516600165516138e-05,0.15935275600349996,0.0,0.15939792200515512,path,1,50e62c94cdb4810c4e80eeb427993bd70e54184fb5d765db06401eddb02d15ae,8.526512829121202e-14
128,5784,2,BB-RL,87.99999999999982,0.03034298498823773,0.056633031999808736,3.824010491371155e-06,0.08697984099853784,envelope,2,1da909a95802b46daa576fc8511eca13e74596f2dd8c7c1d887b27e6d45db713,1.1368683772161603e-13
128,5784,3,BB-RL,87.99999999999982,0.03086612600600347,0.056611754989717156,3.744004061445594e-06,0.08748162499978207,envelope,2,1da909a95802b46daa576fc8511eca13e74596f2dd8c7c1d887b27e6d45db713,1.1368683772161603e-13
128,5784,3,MAC,76.83725273715588,4.636400262825191e-05,0.15772666699194815,0.0,0.1577730309945764,path,1,50e62c94cdb4810c4e80eeb427993bd70e54184fb5d765db06401eddb02d15ae,8.526512829121202e-14
128,5784,4,MAC,76.83725273715588,4.5473003410734236e-05,0.15750975799164735,0.0,0.15755523099505808,path,1,50e62c94cdb4810c4e80eeb427993bd70e54184fb5d765db06401eddb02d15ae,8.526512829121202e-14
128,5784,4,BB-RL,87.99999999999982,0.02988751299562864,0.05659327500325162,3.7519930629059672e-06,0.08648453999194317,envelope,2,1da909a95802b46daa576fc8511eca13e74596f2dd8c7c1d887b27e6d45db713,1.1368683772161603e-13
128,5865,0,BB-RL,88.99999999999987,0.03110432300309185,0.12325608999526594,3.7999998312443495e-06,0.15436421299818903,envelope,2,adc0063b2eb7423a4fc37c37b0f9c1eaa1e66ca1c99fc97efaf96004d728cdfd,8.526512829121202e-14
128,5865,0,MAC,77.17515967671316,4.583000554703176e-05,0.15510604598966893,0.0,0.15515187599521596,path,1,c3870ab2d5ea3842d142b5e9cee51028d1ad79a0ddfb977e251b8f9b856c3130,2.842170943040401e-14
128,5865,1,MAC,77.17515967671316,4.466099198907614e-05,0.1552833479945548,0.0,0.15532800898654386,path,1,c3870ab2d5ea3842d142b5e9cee51028d1ad79a0ddfb977e251b8f9b856c3130,2.842170943040401e-14
128,5865,1,BB-RL,88.99999999999987,0.030275390992756,0.12383316599880345,4.232002538628876e-06,0.15411278899409808,envelope,2,adc0063b2eb7423a4fc37c37b0f9c1eaa1e66ca1c99fc97efaf96004d728cdfd,8.526512829121202e-14
128,5865,2,BB-RL,88.99999999999987,0.030773272999795154,0.12213999799860176,3.6940036807209253e-06,0.15291696500207763,envelope,2,adc0063b2eb7423a4fc37c37b0f9c1eaa1e66ca1c99fc97efaf96004d728cdfd,8.526512829121202e-14
128,5865,2,MAC,77.17515967671316,4.609800816979259e-05,0.15839513100218028,0.0,0.15844122901035007,path,1,c3870ab2d5ea3842d142b5e9cee51028d1ad79a0ddfb977e251b8f9b856c3130,2.842170943040401e-14
128,5865,3,MAC,77.17515967671316,4.536400956567377e-05,0.15792505200079177,0.0,0.15797041601035744,path,1,c3870ab2d5ea3842d142b5e9cee51028d1ad79a0ddfb977e251b8f9b856c3130,2.842170943040401e-14
128,5865,3,BB-RL,88.99999999999987,0.03009398099675309,0.1224503309931606,3.831999492831528e-06,0.15254814398940653,envelope,2,adc0063b2eb7423a4fc37c37b0f9c1eaa1e66ca1c99fc97efaf96004d728cdfd,8.526512829121202e-14
128,5865,4,BB-RL,88.99999999999987,0.030720634007593617,0.12425034699845128,3.895998816005886e-06,0.1549748770048609,envelope,2,adc0063b2eb7423a4fc37c37b0f9c1eaa1e66ca1c99fc97efaf96004d728cdfd,8.526512829121202e-14
128,5865,4,MAC,77.17515967671316,4.58209979115054e-05,0.15543413499835879,0.0,0.1554799559962703,path,1,c3870ab2d5ea3842d142b5e9cee51028d1ad79a0ddfb977e251b8f9b856c3130,2.842170943040401e-14
128,5945,0,BB-RL,89.99999999999982,0.030224941001506522,0.08001184999011457,3.849010681733489e-06,0.11024064000230283,envelope,2,23f7f680f079f607c6ff52cb320aa404db9b55d2676b58266e72a7dd9c02091c,5.684341886080802e-14
128,5945,0,MAC,77.35396383575231,5.232500552665442e-05,0.15473508198920172,0.0,0.15478740699472837,path,1,ce946f3e890540402c484425c6d29574d90c025917fdaac47fc49797cc238b7e,1.4210854715202004e-14
128,5945,1,MAC,77.35396383575231,4.5164997573010623e-05,0.15541100599511992,0.0,0.15545617099269293,path,1,ce946f3e890540402c484425c6d29574d90c025917fdaac47fc49797cc238b7e,1.4210854715202004e-14
128,5945,1,BB-RL,89.99999999999982,0.029824579003616236,0.08042397699318826,3.7660065572708845e-06,0.11025232200336177,envelope,2,23f7f680f079f607c6ff52cb320aa404db9b55d2676b58266e72a7dd9c02091c,4.263256414560601e-14
128,5945,2,BB-RL,89.99999999999982,0.030121042000246234,0.08038015299825929,3.8569996831938624e-06,0.11050505199818872,envelope,2,23f7f680f079f607c6ff52cb320aa404db9b55d2676b58266e72a7dd9c02091c,4.263256414560601e-14
128,5945,2,MAC,77.35396383575231,4.600999818649143e-05,0.15538791600556578,0.0,0.15543392600375228,path,1,ce946f3e890540402c484425c6d29574d90c025917fdaac47fc49797cc238b7e,1.4210854715202004e-14
128,5945,3,MAC,77.35396383575231,4.5141001464799047e-05,0.15532483799324837,0.0,0.15536997899471316,path,1,ce946f3e890540402c484425c6d29574d90c025917fdaac47fc49797cc238b7e,1.4210854715202004e-14
128,5945,3,BB-RL,89.99999999999982,0.030243101995438337,0.0804065460106358,3.66500171367079e-06,0.1106533130077878,envelope,2,23f7f680f079f607c6ff52cb320aa404db9b55d2676b58266e72a7dd9c02091c,4.263256414560601e-14
128,5945,4,BB-RL,89.99999999999982,0.030062940990319476,0.08079317399824504,3.6800047382712364e-06,0.11085979499330278,envelope,2,23f7f680f079f607c6ff52cb320aa404db9b55d2676b58266e72a7dd9c02091c,1.1368683772161603e-13
128,5945,4,MAC,77.35396383575231,4.539499059319496e-05,0.15592666700831614,0.0,0.15597206199890934,path,1,ce946f3e890540402c484425c6d29574d90c025917fdaac47fc49797cc238b7e,1.4210854715202004e-14
128,6026,0,MAC,81.76025380560792,4.557101055979729e-05,0.1555410889995983,0.0,0.15558666001015808,path,1,4d3d88f050c24a548511654cfb5511d333869b9a4dd65d182e32560fb4e23269,8.526512829121202e-14
128,6026,0,BB-RL,92.01641997235349,0.02745597600005567,0.052383542992174625,3.911001840606332e-06,0.0798434299940709,cayley,2,094ecd5a0b191c805ebe2372a61711e5c3371015fdb856d889951d7500f64ed4,1.5631940186722204e-13
128,6026,1,BB-RL,92.02882063712686,0.027566631993977353,0.0521431420056615,3.726003342308104e-06,0.07971350000298116,cayley,2,a3fe89643bea2b8eef9d9262f4f9a76cb35fe0cc9bdb8b6f6822dfcb1990bd98,1.5631940186722204e-13
128,6026,1,MAC,81.76025380560792,4.647200694307685e-05,0.156536997994408,0.0,0.1565834700013511,path,1,4d3d88f050c24a548511654cfb5511d333869b9a4dd65d182e32560fb4e23269,8.526512829121202e-14
128,6026,2,MAC,81.76025380560792,4.505801189225167e-05,0.15658900699054357,0.0,0.15663406500243582,path,1,4d3d88f050c24a548511654cfb5511d333869b9a4dd65d182e32560fb4e23269,8.526512829121202e-14
128,6026,2,BB-RL,92.01641997235349,0.027295170002616942,0.052286594989709556,3.82200232706964e-06,0.07958558699465357,cayley,2,094ecd5a0b191c805ebe2372a61711e5c3371015fdb856d889951d7500f64ed4,1.5631940186722204e-13
128,6026,3,BB-RL,92.01095620926341,0.02730593699379824,0.05238138300774153,3.834997187368572e-06,0.07969115499872714,cayley,2,d4fbc5177dd117205c616e25f191ae0bef5bd56c4bb67d446cc721a14ed6a747,1.5631940186722204e-13
128,6026,3,MAC,81.76025380560792,4.599100793711841e-05,0.15629697000258602,0.0,0.15634296101052314,path,1,4d3d88f050c24a548511654cfb5511d333869b9a4dd65d182e32560fb4e23269,8.526512829121202e-14
128,6026,4,MAC,81.76025380560792,4.4850006815977395e-05,0.15611267799977213,0.0,0.1561575280065881,path,1,4d3d88f050c24a548511654cfb5511d333869b9a4dd65d182e32560fb4e23269,8.526512829121202e-14
128,6026,4,BB-RL,92.03405380063218,0.027139888989040628,0.05215391800447833,3.697001375257969e-06,0.07929750399489421,cayley,2,3acbf9574bf10f96ce104bc25c4ce51d29744d1ce6148e1d2ae08690cdd2a725,1.5631940186722204e-13
128,6107,0,BB-RL,92.99999999999979,0.02795731500373222,0.1119645119906636,3.945999196730554e-06,0.13992577299359255,envelope,2,744121d77b16bd2069ba349a9bdc3b5f378a3f0a53ba4d3b46338eb1e695cd78,1.4210854715202004e-14
128,6107,0,MAC,82.47605894258193,4.601498949341476e-05,0.15441662700322922,0.0,0.15446264199272264,path,1,b7fb0dd52833f5e8f34bdb9280e97519e577b03306818dbdaff82a658e4f7e77,7.105427357601002e-14
128,6107,1,MAC,82.47605894258193,4.559599619824439e-05,0.15448973099410068,0.0,0.15453532699029893,path,1,b7fb0dd52833f5e8f34bdb9280e97519e577b03306818dbdaff82a658e4f7e77,7.105427357601002e-14
128,6107,1,BB-RL,92.99999999999979,0.02797225399990566,0.11303277300612535,4.004003130830824e-06,0.14100903100916184,envelope,2,744121d77b16bd2069ba349a9bdc3b5f378a3f0a53ba4d3b46338eb1e695cd78,9.947598300641403e-14
128,6107,2,BB-RL,92.99999999999979,0.027809513005195186,0.11147248999623116,3.831999492831528e-06,0.13928583500091918,envelope,2,744121d77b16bd2069ba349a9bdc3b5f378a3f0a53ba4d3b46338eb1e695cd78,1.4210854715202004e-14
128,6107,2,MAC,82.47605894258193,4.625199653673917e-05,0.15485810000973288,0.0,0.15490435200626962,path,1,b7fb0dd52833f5e8f34bdb9280e97519e577b03306818dbdaff82a658e4f7e77,7.105427357601002e-14
128,6107,3,MAC,82.47605894258193,4.5227003283798695e-05,0.15462540100270417,0.0,0.15467062800598796,path,1,b7fb0dd52833f5e8f34bdb9280e97519e577b03306818dbdaff82a658e4f7e77,7.105427357601002e-14
128,6107,3,BB-RL,92.99999999999979,0.027138474993989803,0.11179176700534299,3.7729914765805006e-06,0.13893401499080937,envelope,2,744121d77b16bd2069ba349a9bdc3b5f378a3f0a53ba4d3b46338eb1e695cd78,9.947598300641403e-14
128,6107,4,BB-RL,92.99999999999979,0.027920779000851326,0.11203605300397612,3.7709978641942143e-06,0.13996060300269164,envelope,2,744121d77b16bd2069ba349a9bdc3b5f378a3f0a53ba4d3b46338eb1e695cd78,2.842170943040401e-14
128,6107,4,MAC,82.47605894258193,4.617100057657808e-05,0.15505136198771652,0.0,0.1550975329882931,path,1,b7fb0dd52833f5e8f34bdb9280e97519e577b03306818dbdaff82a658e4f7e77,7.105427357601002e-14
128,6188,0,MAC,81.02945813924022,4.5890992623753846e-05,0.15396448400861118,0.0,0.15401037500123493,path,1,2b2d8287250f0f499fd219cad3b5fd772901da603e9c18c58cbebb1a839c8f27,8.526512829121202e-14
128,6188,0,BB-RL,95.99999999999982,0.007950038998387754,0.04651795100653544,3.05999128613621e-06,0.05447104999620933,envelope,1,736e6f474542b705aaeef556a82b7ca13d45a51cff8f144646f65bc2fbbff8dd,9.947598300641403e-14
128,6188,1,BB-RL,95.99999999999982,0.008270873993751593,0.04666975900181569,2.9899965738877654e-06,0.05494362299214117,envelope,1,736e6f474542b705aaeef556a82b7ca13d45a51cff8f144646f65bc2fbbff8dd,9.947598300641403e-14
128,6188,1,MAC,81.02945813924022,4.60760056739673e-05,0.15271048399154097,0.0,0.15275655999721494,path,1,2b2d8287250f0f499fd219cad3b5fd772901da603e9c18c58cbebb1a839c8f27,8.526512829121202e-14
128,6188,2,MAC,81.02945813924022,4.542600072454661e-05,0.15229446499142796,0.0,0.1523398909921525,path,1,2b2d8287250f0f499fd219cad3b5fd772901da603e9c18c58cbebb1a839c8f27,8.526512829121202e-14
128,6188,2,BB-RL,95.99999999999982,0.008102292995317839,0.046710858005099,3.0270020943135023e-06,0.05481617800251115,envelope,1,736e6f474542b705aaeef556a82b7ca13d45a51cff8f144646f65bc2fbbff8dd,9.947598300641403e-14
128,6188,3,BB-RL,95.99999999999982,0.007994554995093495,0.046463894002954476,2.977001713588834e-06,0.05446142599976156,envelope,1,736e6f474542b705aaeef556a82b7ca13d45a51cff8f144646f65bc2fbbff8dd,9.947598300641403e-14
128,6188,3,MAC,81.02945813924022,5.002898979000747e-05,0.15373794300830923,0.0,0.15378797199809924,path,1,2b2d8287250f0f499fd219cad3b5fd772901da603e9c18c58cbebb1a839c8f27,8.526512829121202e-14
128,6188,4,MAC,81.02945813924022,4.549800360109657e-05,0.15299309299734887,0.0,0.15303859100094996,path,1,2b2d8287250f0f499fd219cad3b5fd772901da603e9c18c58cbebb1a839c8f27,8.526512829121202e-14
128,6188,4,BB-RL,95.99999999999982,0.008065121990512125,0.04647885399754159,3.1380041036754847e-06,0.05454711399215739,envelope,1,736e6f474542b705aaeef556a82b7ca13d45a51cff8f144646f65bc2fbbff8dd,9.947598300641403e-14
128,6269,0,BB-RL,96.99999999999979,0.008189038999262266,0.012693840995780192,2.8799986466765404e-06,0.020885759993689135,envelope,1,35616692cada334e933311ba09a824e3e90572f63518795243c8e4314a21d412,5.684341886080802e-14
128,6269,0,MAC,82.65570496154199,4.621600965037942e-05,0.15439872299612034,0.0,0.15444493900577072,path,1,1d549a2fe7135b2cadcab693cd5d8fb07bc799f307973abaaafbf225d4b7574e,1.4210854715202004e-14
128,6269,1,MAC,82.65570496154199,4.5392996980808675e-05,0.15479312199749984,0.0,0.15483851499448065,path,1,1d549a2fe7135b2cadcab693cd5d8fb07bc799f307973abaaafbf225d4b7574e,1.4210854715202004e-14
128,6269,1,BB-RL,96.99999999999979,0.007942438998725265,0.012560186994960532,3.1420058803632855e-06,0.02050576799956616,envelope,1,35616692cada334e933311ba09a824e3e90572f63518795243c8e4314a21d412,5.684341886080802e-14
128,6269,2,BB-RL,96.99999999999979,0.008085430003120564,0.012635393999516964,2.953005605377257e-06,0.020723777008242905,envelope,1,35616692cada334e933311ba09a824e3e90572f63518795243c8e4314a21d412,5.684341886080802e-14
128,6269,2,MAC,82.65570496154199,4.549699951894581e-05,0.15536246000556275,0.0,0.1554079570050817,path,1,1d549a2fe7135b2cadcab693cd5d8fb07bc799f307973abaaafbf225d4b7574e,1.4210854715202004e-14
128,6269,3,MAC,82.65570496154199,4.521200025919825e-05,0.1548999049991835,0.0,0.1549451169994427,path,1,1d549a2fe7135b2cadcab693cd5d8fb07bc799f307973abaaafbf225d4b7574e,1.4210854715202004e-14
128,6269,3,BB-RL,96.99999999999979,0.008028709999052808,0.012614122009836137,3.0349910957738757e-06,0.02064586699998472,envelope,1,35616692cada334e933311ba09a824e3e90572f63518795243c8e4314a21d412,5.684341886080802e-14
128,6269,4,BB-RL,96.99999999999979,0.008128043002216145,0.01265581299958285,2.996006514877081e-06,0.020786852008313872,envelope,1,35616692cada334e933311ba09a824e3e90572f63518795243c8e4314a21d412,5.684341886080802e-14
128,6269,4,MAC,82.65570496154199,5.32950070919469e-05,0.1555450000014389,0.0,0.15559829500853084,path,1,1d549a2fe7135b2cadcab693cd5d8fb07bc799f307973abaaafbf225d4b7574e,1.4210854715202004e-14
128,6349,0,BB-RL,96.99999999999977,0.007887013998697512,0.08981028199195862,3.0790106393396854e-06,0.09770037500129547,envelope,1,b69dc6687d6ae5cf6d8ebc8f6a33d2dc035771f7061fdba0c53e8ef32bfee257,4.263256414560601e-14
128,6349,0,MAC,85.48672775655858,4.624300345312804e-05,0.1544056380080292,0.0,0.15445188101148233,path,1,4a6e55a718ccdbd9fdaa1642283c9814d2835c2a969533b96a94b6316abcd10f,5.684341886080802e-14
128,6349,1,MAC,85.48672775655858,4.5455002691596746e-05,0.1545657100068638,0.0,0.1546111650095554,path,1,4a6e55a718ccdbd9fdaa1642283c9814d2835c2a969533b96a94b6316abcd10f,5.684341886080802e-14
128,6349,1,BB-RL,96.99999999999977,0.008097048004856333,0.0900438859971473,3.0790106393396854e-06,0.09814401301264297,envelope,1,b69dc6687d6ae5cf6d8ebc8f6a33d2dc035771f7061fdba0c53e8ef32bfee257,4.263256414560601e-14
128,6349,2,BB-RL,96.99999999999977,0.00806159499916248,0.08994462499686051,2.9799994081258774e-06,0.09800919999543112,envelope,1,b69dc6687d6ae5cf6d8ebc8f6a33d2dc035771f7061fdba0c53e8ef32bfee257,4.263256414560601e-14
128,6349,2,MAC,85.48672775655858,4.526099655777216e-05,0.1540978019911563,0.0,0.15414306298771407,path,1,4a6e55a718ccdbd9fdaa1642283c9814d2835c2a969533b96a94b6316abcd10f,5.684341886080802e-14
128,6349,3,MAC,85.48672775655858,4.488301055971533e-05,0.15396474998851772,0.0,0.15400963299907744,path,1,4a6e55a718ccdbd9fdaa1642283c9814d2835c2a969533b96a94b6316abcd10f,5.684341886080802e-14
128,6349,3,BB-RL,96.99999999999977,0.007877841999288648,0.09026005600753706,2.97899532597512e-06,0.09814087700215168,envelope,1,b69dc6687d6ae5cf6d8ebc8f6a33d2dc035771f7061fdba0c53e8ef32bfee257,4.263256414560601e-14
128,6349,4,BB-RL,96.99999999999977,0.008082443993771449,0.09002123599930201,2.9670045478269458e-06,0.09810664699762128,envelope,1,b69dc6687d6ae5cf6d8ebc8f6a33d2dc035771f7061fdba0c53e8ef32bfee257,4.263256414560601e-14
128,6349,4,MAC,85.48672775655858,4.530099977273494e-05,0.15427160399849527,0.0,0.154316904998268,path,1,4a6e55a718ccdbd9fdaa1642283c9814d2835c2a969533b96a94b6316abcd10f,5.684341886080802e-14
128,6430,0,MAC,68.468175856987,4.5599008444696665e-05,0.14781385399692226,0.0,0.14785945300536696,path,1,31ee256391b3c191891bf0693135479a3d3c06396f76318238c88799cfd052dd,2.842170943040401e-14
128,6430,0,BB-RL,97.99999999999983,0.008194834008463658,0.0714034339907812,3.044013283215463e-06,0.07960131201252807,envelope,1,06378636f676352f8a1b27c82c4d3e5bdf8a4f5aff06eb95460f3571af368198,2.842170943040401e-14
128,6430,1,BB-RL,97.99999999999983,0.008305313007440418,0.07140634699317161,3.145003574900329e-06,0.07971480500418693,envelope,1,06378636f676352f8a1b27c82c4d3e5bdf8a4f5aff06eb95460f3571af368198,2.842170943040401e-14
128,6430,1,MAC,68.468175856987,4.570800228975713e-05,0.1478594499931205,0.0,0.14790515799541026,path,1,31ee256391b3c191891bf0693135479a3d3c06396f76318238c88799cfd052dd,2.842170943040401e-14
128,6430,2,MAC,68.468175856987,4.516699118539691e-05,0.14762993300973903,0.0,0.14767510000092443,path,1,31ee256391b3c191891bf0693135479a3d3c06396f76318238c88799cfd052dd,2.842170943040401e-14
128,6430,2,BB-RL,97.99999999999983,0.008060517997364514,0.07146750700485427,3.0810042517259717e-06,0.07953110600647051,envelope,1,06378636f676352f8a1b27c82c4d3e5bdf8a4f5aff06eb95460f3571af368198,2.842170943040401e-14
128,6430,3,BB-RL,97.99999999999983,0.008196839000447653,0.07141783699626103,3.3039978006854653e-06,0.07961797999450937,envelope,1,06378636f676352f8a1b27c82c4d3e5bdf8a4f5aff06eb95460f3571af368198,2.842170943040401e-14
128,6430,3,MAC,68.468175856987,4.578499647323042e-05,0.1477330570050981,0.0,0.14777884200157132,path,1,31ee256391b3c191891bf0693135479a3d3c06396f76318238c88799cfd052dd,2.842170943040401e-14
128,6430,4,MAC,68.468175856987,4.541300586424768e-05,0.1472896689956542,0.0,0.14733508200151846,path,1,31ee256391b3c191891bf0693135479a3d3c06396f76318238c88799cfd052dd,2.842170943040401e-14
128,6430,4,BB-RL,97.99999999999983,0.008402377003221773,0.071389945995179,3.1370000215247273e-06,0.0797954599984223,envelope,1,06378636f676352f8a1b27c82c4d3e5bdf8a4f5aff06eb95460f3571af368198,2.842170943040401e-14
128,6511,0,BB-RL,99.9999999999998,0.008362105989363045,0.020480181003222242,2.920001861639321e-06,0.028845206994446926,envelope,1,5cfe32fce8f1a4768492c02eb61c1bea5c9a9840f98459ccbc5388709e58be74,2.842170943040401e-14
128,6511,0,MAC,69.90110703558804,4.5926994062028825e-05,0.14484405500115827,0.0,0.1448899819952203,path,1,c56d52d420296239bd0bd27945caa146ef05e756f7a4c40cfcf60a2c4cfb17df,7.105427357601002e-14
128,6511,1,MAC,69.90110703558804,4.6315006329678e-05,0.14450993099308107,0.0,0.14455624599941075,path,1,c56d52d420296239bd0bd27945caa146ef05e756f7a4c40cfcf60a2c4cfb17df,7.105427357601002e-14
128,6511,1,BB-RL,99.9999999999998,0.00819127299473621,0.020339301001513377,2.9369984986260533e-06,0.028533510994748212,envelope,1,5cfe32fce8f1a4768492c02eb61c1bea5c9a9840f98459ccbc5388709e58be74,2.842170943040401e-14
128,6511,2,BB-RL,99.9999999999998,0.008710380003321916,0.02036531499470584,2.878005034290254e-06,0.029078573003062047,envelope,1,5cfe32fce8f1a4768492c02eb61c1bea5c9a9840f98459ccbc5388709e58be74,2.842170943040401e-14
128,6511,2,MAC,69.90110703558804,4.495200118981302e-05,0.14474880600755569,0.0,0.1447937580087455,path,1,c56d52d420296239bd0bd27945caa146ef05e756f7a4c40cfcf60a2c4cfb17df,7.105427357601002e-14
128,6511,3,MAC,69.90110703558804,4.5384003897197545e-05,0.14428634800424334,0.0,0.14433173200814053,path,1,c56d52d420296239bd0bd27945caa146ef05e756f7a4c40cfcf60a2c4cfb17df,7.105427357601002e-14
128,6511,3,BB-RL,99.9999999999998,0.008161266989191063,0.02031599399924744,2.9090006137266755e-06,0.02848016998905223,envelope,1,5cfe32fce8f1a4768492c02eb61c1bea5c9a9840f98459ccbc5388709e58be74,2.842170943040401e-14
128,6511,4,BB-RL,99.9999999999998,0.008320627006469294,0.02047597499040421,3.078006557188928e-06,0.028799680003430694,envelope,1,5cfe32fce8f1a4768492c02eb61c1bea5c9a9840f98459ccbc5388709e58be74,2.842170943040401e-14
128,6511,4,MAC,69.90110703558804,4.5930995838716626e-05,0.1448930040060077,0.0,0.1449389350018464,path,1,c56d52d420296239bd0bd27945caa146ef05e756f7a4c40cfcf60a2c4cfb17df,7.105427357601002e-14
128,6592,0,MAC,79.56721394495203,3.6855009966529906e-05,0.14606145799916703,0.0,0.14609831300913356,path,1,d2fb31a995dff4b0ab34cb84b0740f84360287e3b4563d817581ff8e32dde1fd,5.684341886080802e-14
128,6592,0,BB-RL,101.99999999999982,0.008549245001631789,0.04461487798835151,3.0810042517259717e-06,0.053167203994235024,envelope,1,3d843d05b3fc27b6fecbc3ff939839bd221e7eb293c29d279f0a5972919cbfc4,2.842170943040401e-14
128,6592,1,BB-RL,101.99999999999982,0.008407064000493847,0.0442254540103022,3.030989319086075e-06,0.052635549000115134,envelope,1,3d843d05b3fc27b6fecbc3ff939839bd221e7eb293c29d279f0a5972919cbfc4,2.842170943040401e-14
128,6592,1,MAC,79.56721394495203,4.564299888443202e-05,0.14522823299921583,0.0,0.14527387599810027,path,1,d2fb31a995dff4b0ab34cb84b0740f84360287e3b4563d817581ff8e32dde1fd,5.684341886080802e-14
128,6592,2,MAC,79.56721394495203,4.523800453171134e-05,0.14506185399659444,0.0,0.14510709200112615,path,1,d2fb31a995dff4b0ab34cb84b0740f84360287e3b4563d817581ff8e32dde1fd,5.684341886080802e-14
128,6592,2,BB-RL,101.99999999999982,0.008254532993305475,0.04455506299564149,2.882006810978055e-06,0.052812477995757945,envelope,1,3d843d05b3fc27b6fecbc3ff939839bd221e7eb293c29d279f0a5972919cbfc4,2.842170943040401e-14
128,6592,3,BB-RL,101.99999999999982,0.00838012200256344,0.04438898799708113,3.106993972323835e-06,0.052772216993616894,envelope,1,3d843d05b3fc27b6fecbc3ff939839bd221e7eb293c29d279f0a5972919cbfc4,2.842170943040401e-14
128,6592,3,MAC,79.56721394495203,4.579900996759534e-05,0.14576962898718193,0.0,0.14581542799714953,path,1,d2fb31a995dff4b0ab34cb84b0740f84360287e3b4563d817581ff8e32dde1fd,5.684341886080802e-14
128,6592,4,MAC,79.56721394495203,4.5244989451020956e-05,0.14562168100383133,0.0,0.14566692599328235,path,1,d2fb31a995dff4b0ab34cb84b0740f84360287e3b4563d817581ff8e32dde1fd,5.684341886080802e-14
128,6592,4,BB-RL,101.99999999999982,0.008353126992005855,0.04443847500078846,3.1130039133131504e-06,0.052794714996707626,envelope,1,3d843d05b3fc27b6fecbc3ff939839bd221e7eb293c29d279f0a5972919cbfc4,2.842170943040401e-14
128,6673,0,BB-RL,102.99999999999977,0.00876179499027785,0.05062208999879658,3.033012035302818e-06,0.059386918001109734,envelope,1,9d494adbde60bef166460fcc69f250d22afc7b5e571022fc62ed51e393f28811,1.4210854715202004e-14
128,6673,0,MAC,79.64715702067467,4.562099638860673e-05,0.1482637919980334,0.0,0.14830941299442202,path,1,457193cd393c56d4e5046ce1c22f007135e6baa8282ae869fd693f064c795352,4.263256414560601e-14
128,6673,1,MAC,79.64715702067467,4.5692999265156686e-05,0.1487924219982233,0.0,0.14883811499748845,path,1,457193cd393c56d4e5046ce1c22f007135e6baa8282ae869fd693f064c795352,4.263256414560601e-14
128,6673,1,BB-RL,102.99999999999977,0.008834508000290953,0.05059322000306565,3.086999640800059e-06,0.059430815002997406,envelope,1,9d494adbde60bef166460fcc69f250d22afc7b5e571022fc62ed51e393f28811,1.4210854715202004e-14
128,6673,2,BB-RL,102.99999999999977,0.008468623011140153,0.050586882993229665,3.002001903951168e-06,0.05905850800627377,envelope,1,9d494adbde60bef166460fcc69f250d22afc7b5e571022fc62ed51e393f28811,1.4210854715202004e-14
128,6673,2,MAC,79.64715702067467,4.555800114758313e-05,0.1494203760084929,0.0,0.14946593400964048,path,1,457193cd393c56d4e5046ce1c22f007135e6baa8282ae869fd693f064c795352,4.263256414560601e-14
128,6673,3,MAC,79.64715702067467,4.451999848242849e-05,0.14870158699341118,0.0,0.1487461069918936,path,1,457193cd393c56d4e5046ce1c22f007135e6baa8282ae869fd693f064c795352,4.263256414560601e-14
128,6673,3,BB-RL,102.99999999999977,0.008414465002715588,0.05055399799311999,3.0509982025250793e-06,0.058971513994038105,envelope,1,9d494adbde60bef166460fcc69f250d22afc7b5e571022fc62ed51e393f28811,1.4210854715202004e-14
128,6673,4,BB-RL,102.99999999999977,0.008762097000726499,0.05047826400550548,3.0859955586493015e-06,0.05924344700179063,envelope,1,9d494adbde60bef166460fcc69f250d22afc7b5e571022fc62ed51e393f28811,1.4210854715202004e-14
128,6673,4,MAC,79.64715702067467,4.560199158731848e-05,0.1494500240078196,0.0,0.1494956259994069,path,1,457193cd393c56d4e5046ce1c22f007135e6baa8282ae869fd693f064c795352,4.263256414560601e-14
128,6753,0,BB-RL,103.99999999999983,0.008593980004661717,0.0359740809944924,2.978005795739591e-06,0.04457103900494985,envelope,1,2792ea67488620cc0c02efe2c4eb4b59aa002cca31874563d42052270e33e851,7.105427357601002e-14
128,6753,0,MAC,75.23944161917969,4.788899968843907e-05,0.1481178490066668,0.0,0.14816573800635524,path,1,28a35ef6eeaeca4a5b9cba76308e1e0fbfe249455867cc875253dde98bd8f6b6,0.0
128,6753,1,MAC,75.23944161917969,4.513098974712193e-05,0.14780072100984398,0.0,0.1478458519995911,path,1,28a35ef6eeaeca4a5b9cba76308e1e0fbfe249455867cc875253dde98bd8f6b6,0.0
128,6753,1,BB-RL,103.99999999999983,0.008613066005636938,0.035970423006801866,3.0059891287237406e-06,0.04458649500156753,envelope,1,2792ea67488620cc0c02efe2c4eb4b59aa002cca31874563d42052270e33e851,7.105427357601002e-14
128,6753,2,BB-RL,103.99999999999983,0.008669176997500472,0.035888112004613504,2.9479997465386987e-06,0.044560237001860514,envelope,1,2792ea67488620cc0c02efe2c4eb4b59aa002cca31874563d42052270e33e851,7.105427357601002e-14
128,6753,2,MAC,75.23944161917969,4.562399408314377e-05,0.14783306600293145,0.0,0.1478786899970146,path,1,28a35ef6eeaeca4a5b9cba76308e1e0fbfe249455867cc875253dde98bd8f6b6,0.0
128,6753,3,MAC,75.23944161917969,5.167900235392153e-05,0.14734559100179467,0.0,0.1473972700041486,path,1,28a35ef6eeaeca4a5b9cba76308e1e0fbfe249455867cc875253dde98bd8f6b6,0.0
128,6753,3,BB-RL,103.99999999999983,0.00859680600115098,0.03582436600117944,3.106004442088306e-06,0.04442427800677251,envelope,1,2792ea67488620cc0c02efe2c4eb4b59aa002cca31874563d42052270e33e851,7.105427357601002e-14
128,6753,4,BB-RL,103.99999999999983,0.008638061990495771,0.03585072100395337,3.039996954612434e-06,0.04449182299140375,envelope,1,2792ea67488620cc0c02efe2c4eb4b59aa002cca31874563d42052270e33e851,7.105427357601002e-14
128,6753,4,MAC,75.23944161917969,4.6469009248539805e-05,0.1518520840036217,0.0,0.15189855301287025,path,1,28a35ef6eeaeca4a5b9cba76308e1e0fbfe249455867cc875253dde98bd8f6b6,0.0
128,6834,0,MAC,73.46183414857649,4.5406995923258364e-05,0.14831129000231158,0.0,0.14835669699823484,path,1,d76712c92dcf388895eb9802b2be8da316e0ed43265446fda538c9efb9b7b72a,2.842170943040401e-14
128,6834,0,BB-RL,105.99999999999974,0.008586877011111937,0.0193122609925922,3.0369992600753903e-06,0.027902175002964213,envelope,1,ff07dcf7260eb0588a3bf3dae478df529f0869a4601a24fa4f059eb840ced2b7,1.4210854715202004e-14
128,6834,1,BB-RL,105.99999999999974,0.008911565004382282,0.01938143899315037,3.0030059861019254e-06,0.028296007003518753,envelope,1,ff07dcf7260eb0588a3bf3dae478df529f0869a4601a24fa4f059eb840ced2b7,1.4210854715202004e-14
128,6834,1,MAC,73.46183414857649,4.622399865183979e-05,0.14802571600012016,0.0,0.148071939998772,path,1,d76712c92dcf388895eb9802b2be8da316e0ed43265446fda538c9efb9b7b72a,2.842170943040401e-14
128,6834,2,MAC,73.46183414857649,4.53810062026605e-05,0.14758128699031658,0.0,0.14762666799651925,path,1,d76712c92dcf388895eb9802b2be8da316e0ed43265446fda538c9efb9b7b72a,2.842170943040401e-14
128,6834,2,BB-RL,105.99999999999974,0.00866894400678575,0.019305453999550082,2.992994268424809e-06,0.027977391000604257,envelope,1,ff07dcf7260eb0588a3bf3dae478df529f0869a4601a24fa4f059eb840ced2b7,1.4210854715202004e-14
128,6834,3,BB-RL,105.99999999999974,0.008794633991783485,0.01929684801143594,2.9239890864118934e-06,0.028094405992305838,envelope,1,ff07dcf7260eb0588a3bf3dae478df529f0869a4601a24fa4f059eb840ced2b7,1.4210854715202004e-14
128,6834,3,MAC,73.46183414857649,4.604899731930345e-05,0.14878397299617063,0.0,0.14883002199348994,path,1,d76712c92dcf388895eb9802b2be8da316e0ed43265446fda538c9efb9b7b72a,2.842170943040401e-14
128,6834,4,MAC,73.46183414857649,4.5837994548492134e-05,0.14855116700346116,0.0,0.14859700499800965,path,1,d76712c92dcf388895eb9802b2be8da316e0ed43265446fda538c9efb9b7b72a,2.842170943040401e-14
128,6834,4,BB-RL,105.99999999999974,0.008518415997968987,0.019504862997564487,3.216002369299531e-06,0.028026494997902773,envelope,1,ff07dcf7260eb0588a3bf3dae478df529f0869a4601a24fa4f059eb840ced2b7,1.4210854715202004e-14
128,6915,0,BB-RL,106.99999999999989,0.009064824000233784,0.05194040000787936,3.064997144974768e-06,0.06100828900525812,envelope,1,3c35127dc52dc84d504ca8785eee81bfe7b179203fc670b2c4e28d581f11a08b,1.1368683772161603e-13
128,6915,0,MAC,75.75642669766911,4.562700632959604e-05,0.15082713999436237,0.0,0.15087276700069197,path,1,6707e8aaefce0026f82cd5909177271791e84c914b9533e8f38d7058f118dfb0,0.0
128,6915,1,MAC,75.75642669766911,4.761099989991635e-05,0.15045293999719433,0.0,0.15050055099709425,path,1,6707e8aaefce0026f82cd5909177271791e84c914b9533e8f38d7058f118dfb0,0.0
128,6915,1,BB-RL,106.99999999999989,0.008583966991864145,0.05186430200410541,3.155000740662217e-06,0.06045142399671022,envelope,1,3c35127dc52dc84d504ca8785eee81bfe7b179203fc670b2c4e28d581f11a08b,1.1368683772161603e-13
128,6915,2,BB-RL,106.99999999999989,0.009103578995564021,0.05177452100906521,2.974993549287319e-06,0.06088107499817852,envelope,1,3c35127dc52dc84d504ca8785eee81bfe7b179203fc670b2c4e28d581f11a08b,1.1368683772161603e-13
128,6915,2,MAC,75.75642669766911,4.600999818649143e-05,0.15096413101127837,0.0,0.15101014100946486,path,1,6707e8aaefce0026f82cd5909177271791e84c914b9533e8f38d7058f118dfb0,0.0
128,6915,3,MAC,75.75642669766911,4.5159002183936536e-05,0.15062343499448616,0.0,0.1506685939966701,path,1,6707e8aaefce0026f82cd5909177271791e84c914b9533e8f38d7058f118dfb0,0.0
128,6915,3,BB-RL,106.99999999999989,0.008557153996662237,0.05180547799682245,3.0070077627897263e-06,0.06036563900124747,envelope,1,3c35127dc52dc84d504ca8785eee81bfe7b179203fc670b2c4e28d581f11a08b,1.1368683772161603e-13
128,6915,4,BB-RL,106.99999999999989,0.008973603995400481,0.051612840994494036,2.9650109354406595e-06,0.06058941000082996,envelope,1,3c35127dc52dc84d504ca8785eee81bfe7b179203fc670b2c4e28d581f11a08b,1.1368683772161603e-13
128,6915,4,MAC,75.75642669766911,4.562799585983157e-05,0.15105713400407694,0.0,0.15110276199993677,path,1,6707e8aaefce0026f82cd5909177271791e84c914b9533e8f38d7058f118dfb0,0.0
128,6996,0,MAC,87.54079358073426,4.547600110527128e-05,0.15556934699998237,0.0,0.15561482300108764,path,1,4642d4205903cca42b1e76c5963a91e932597317745f4d86ded0c022ef1b8443,4.263256414560601e-14
128,6996,0,BB-RL,107.99999999999977,0.00869373299065046,0.03895596800430212,3.125009243376553e-06,0.04765282600419596,envelope,1,a8935690fdb00429fee6b1b175cc257da3ace11647ed92ee92e1697809b0a1cc,1.2789769243681803e-13
128,6996,1,BB-RL,107.99999999999977,0.008987402994534932,0.038946490007219836,2.9660004656761885e-06,0.047936859002220444,envelope,1,a8935690fdb00429fee6b1b175cc257da3ace11647ed92ee92e1697809b0a1cc,1.2789769243681803e-13
128,6996,1,MAC,87.54079358073426,4.553300095722079e-05,0.15630050099571235,0.0,0.15634603399666958,path,1,4642d4205903cca42b1e76c5963a91e932597317745f4d86ded0c022ef1b8443,4.263256414560601e-14
128,6996,2,MAC,87.54079358073426,4.5338994823396206e-05,0.15559042799577583,0.0,0.15563576699059922,path,1,4642d4205903cca42b1e76c5963a91e932597317745f4d86ded0c022ef1b8443,4.263256414560601e-14
128,6996,2,BB-RL,107.99999999999977,0.008919910003896803,0.03896200499730185,2.99200473818928e-06,0.04788490700593684,envelope,1,a8935690fdb00429fee6b1b175cc257da3ace11647ed92ee92e1697809b0a1cc,1.2789769243681803e-13
128,6996,3,BB-RL,107.99999999999977,0.008872191989212297,0.0392163890064694,2.9249931685626507e-06,0.04809150598885026,envelope,1,a8935690fdb00429fee6b1b175cc257da3ace11647ed92ee92e1697809b0a1cc,1.2789769243681803e-13
128,6996,3,MAC,87.54079358073426,4.584099224302918e-05,0.15524342200660612,0.0,0.15528926299884915,path,1,4642d4205903cca42b1e76c5963a91e932597317745f4d86ded0c022ef1b8443,4.263256414560601e-14
128,6996,4,MAC,87.54079358073426,4.6671993914060295e-05,0.15442574700864498,0.0,0.15447241900255904,path,1,4642d4205903cca42b1e76c5963a91e932597317745f4d86ded0c022ef1b8443,4.263256414560601e-14
128,6996,4,BB-RL,107.99999999999977,0.008760324999457225,0.03935122999246232,3.1790114007890224e-06,0.048114734003320336,envelope,1,a8935690fdb00429fee6b1b175cc257da3ace11647ed92ee92e1697809b0a1cc,1.2789769243681803e-13
128,7077,0,BB-RL,109.99999999999983,0.009248550995835103,0.02519328000198584,3.177003236487508e-06,0.03444500800105743,envelope,1,6f60a0849764cc8deb85460dc7672dd02da973da19a5839b66a1f317522e218e,8.526512829121202e-14
128,7077,0,MAC,75.89126580853822,4.65079938294366e-05,0.14887571800500154,0.0,0.14892222599883098,path,1,5d4e3403401a66b142cc9ef0cc6db3b7c4fc1f3a744279817fb314dbdc06b240,1.4210854715202004e-14
128,7077,1,MAC,75.89126580853822,4.538201028481126e-05,0.14805006798997056,0.0,0.14809545000025537,path,1,5d4e3403401a66b142cc9ef0cc6db3b7c4fc1f3a744279817fb314dbdc06b240,1.4210854715202004e-14
128,7077,1,BB-RL,109.99999999999983,0.00879270100267604,0.02494630400906317,3.197987098246813e-06,0.033742202998837456,envelope,1,6f60a0849764cc8deb85460dc7672dd02da973da19a5839b66a1f317522e218e,8.526512829121202e-14
128,7077,2,BB-RL,109.99999999999983,0.009328837986686267,0.02489985000283923,3.0660012271255255e-06,0.03423175399075262,envelope,1,6f60a0849764cc8deb85460dc7672dd02da973da19a5839b66a1f317522e218e,8.526512829121202e-14
128,7077,2,MAC,75.89126580853822,4.6299988753162324e-05,0.14877773700573016,0.0,0.14882403699448332,path,1,5d4e3403401a66b142cc9ef0cc6db3b7c4fc1f3a744279817fb314dbdc06b240,1.4210854715202004e-14
128,7077,3,MAC,75.89126580853822,4.442199133336544e-05,0.14817617001244798,0.0,0.14822059200378135,path,1,5d4e3403401a66b142cc9ef0cc6db3b7c4fc1f3a744279817fb314dbdc06b240,1.4210854715202004e-14
128,7077,3,BB-RL,109.99999999999983,0.008929111994802952,0.02500110999972094,3.14900535158813e-06,0.03393337099987548,envelope,1,6f60a0849764cc8deb85460dc7672dd02da973da19a5839b66a1f317522e218e,8.526512829121202e-14
128,7077,4,BB-RL,109.99999999999983,0.009072250002645887,0.024929120001615956,2.9670045478269458e-06,0.03400433700880967,envelope,1,6f60a0849764cc8deb85460dc7672dd02da973da19a5839b66a1f317522e218e,8.526512829121202e-14
128,7077,4,MAC,75.89126580853822,4.590200842358172e-05,0.1481316940044053,0.0,0.14817759601282887,path,1,5d4e3403401a66b142cc9ef0cc6db3b7c4fc1f3a744279817fb314dbdc06b240,1.4210854715202004e-14
128,7157,0,BB-RL,110.9999999999998,0.008957858008216135,0.021338608989026397,3.121007466688752e-06,0.03029958800470922,envelope,1,818af21adea7c10b255a48264a3d69dc9237f9e33aa7641496e3a84a73fc6239,0.0
128,7157,0,MAC,84.56715064094986,5.23409980814904e-05,0.14865444001043215,0.0,0.14870678100851364,path,1,b6d369efc5f951c8cfb2f10b850b0116b771da53e7d8d013a2143f3e241c31ba,7.105427357601002e-14
128,7157,1,MAC,84.56715064094986,4.512700252234936e-05,0.14844595399335958,0.0,0.14849108099588193,path,1,b6d369efc5f951c8cfb2f10b850b0116b771da53e7d8d013a2143f3e241c31ba,7.105427357601002e-14
128,7157,1,BB-RL,110.9999999999998,0.008864806994097307,0.021180387993808836,2.892003976739943e-06,0.030048086991882883,envelope,1,818af21adea7c10b255a48264a3d69dc9237f9e33aa7641496e3a84a73fc6239,0.0
128,7157,2,BB-RL,110.9999999999998,0.009301172001869418,0.021439686010126024,2.9779912438243628e-06,0.030743836003239267,envelope,1,818af21adea7c10b255a48264a3d69dc9237f9e33aa7641496e3a84a73fc6239,0.0
128,7157,2,MAC,84.56715064094986,4.573099431581795e-05,0.1489225770055782,0.0,0.14896830799989402,path,1,b6d369efc5f951c8cfb2f10b850b0116b771da53e7d8d013a2143f3e241c31ba,7.105427357601002e-14
128,7157,3,MAC,84.56715064094986,4.55619883723557e-05,0.14796657300030347,0.0,0.14801213498867583,path,1,b6d369efc5f951c8cfb2f10b850b0116b771da53e7d8d013a2143f3e241c31ba,7.105427357601002e-14
128,7157,3,BB-RL,110.9999999999998,0.008956889010732993,0.021287953000864945,3.043998731300235e-06,0.03024788601032924,envelope,1,818af21adea7c10b255a48264a3d69dc9237f9e33aa7641496e3a84a73fc6239,0.0
128,7157,4,BB-RL,110.9999999999998,0.009217357001034543,0.021488425991265103,3.0800001695752144e-06,0.03070886299246922,envelope,1,818af21adea7c10b255a48264a3d69dc9237f9e33aa7641496e3a84a73fc6239,0.0
128,7157,4,MAC,84.56715064094986,4.5208988012745976e-05,0.14882586200837977,0.0,0.14887107099639252,path,1,b6d369efc5f951c8cfb2f10b850b0116b771da53e7d8d013a2143f3e241c31ba,7.105427357601002e-14
128,7238,0,MAC,94.6383260143809,4.557801003102213e-05,0.14604381199751515,0.0,0.14608939000754617,path,1,612f1774b278b2fbee049426a8e38c9fa02b4ba1540433919b32087014752a54,1.4210854715202004e-14
128,7238,0,BB-RL,111.99999999999974,0.009229327988578007,0.07847122401290108,2.9959919629618526e-06,0.08770354799344204,envelope,1,a0b37df71a8d2ccbd30a8158a86d29a78e9d6100c669964aed5c4c39652b2e3f,1.4210854715202004e-14
128,7238,1,BB-RL,111.99999999999974,0.009622161000152119,0.07860530499601737,2.8939975891262293e-06,0.08823035999375861,envelope,1,a0b37df71a8d2ccbd30a8158a86d29a78e9d6100c669964aed5c4c39652b2e3f,1.4210854715202004e-14
128,7238,1,MAC,94.6383260143809,4.596399958245456e-05,0.14697850700758863,0.0,0.1470244710071711,path,1,612f1774b278b2fbee049426a8e38c9fa02b4ba1540433919b32087014752a54,1.4210854715202004e-14
128,7238,2,MAC,94.6383260143809,4.511300357989967e-05,0.14607227299711667,0.0,0.14611738600069657,path,1,612f1774b278b2fbee049426a8e38c9fa02b4ba1540433919b32087014752a54,1.4210854715202004e-14
128,7238,2,BB-RL,111.99999999999974,0.008971281000413,0.07871402299497277,3.020002623088658e-06,0.08768832399800885,envelope,1,a0b37df71a8d2ccbd30a8158a86d29a78e9d6100c669964aed5c4c39652b2e3f,1.4210854715202004e-14
128,7238,3,BB-RL,111.99999999999974,0.00955755400354974,0.07885152600647416,2.9489892767742276e-06,0.08841202899930067,envelope,1,a0b37df71a8d2ccbd30a8158a86d29a78e9d6100c669964aed5c4c39652b2e3f,1.4210854715202004e-14
128,7238,3,MAC,94.6383260143809,4.576699575409293e-05,0.1465032539999811,0.0,0.1465490209957352,path,1,612f1774b278b2fbee049426a8e38c9fa02b4ba1540433919b32087014752a54,1.4210854715202004e-14
128,7238,4,MAC,94.6383260143809,4.564999835565686e-05,0.14605234999908134,0.0,0.146097999997437,path,1,612f1774b278b2fbee049426a8e38c9fa02b4ba1540433919b32087014752a54,1.4210854715202004e-14
128,7238,4,BB-RL,111.99999999999974,0.009283325998694636,0.07843108799715992,3.13599593937397e-06,0.08771754999179393,envelope,1,a0b37df71a8d2ccbd30a8158a86d29a78e9d6100c669964aed5c4c39652b2e3f,1.4210854715202004e-14
128,7319,0,BB-RL,113.99999999999983,0.009546908011543564,0.015981268996256404,3.020992153324187e-06,0.025531197999953292,envelope,1,0c80495394dd245a00346136d645134638add4f4b515c230377a29da1e502689,1.8474111129762605e-13
128,7319,0,MAC,87.20345776823392,4.643099964596331e-05,0.14736948200152256,0.0,0.14741591300116852,path,1,1e2136f6add25a9bbd5c432ac97835b521edc3f06ad76b7097774bd63c2c0ce5,5.684341886080802e-14
128,7319,1,MAC,87.20345776823392,4.523899406194687e-05,0.1465551349974703,0.0,0.14660037399153225,path,1,1e2136f6add25a9bbd5c432ac97835b521edc3f06ad76b7097774bd63c2c0ce5,5.684341886080802e-14
128,7319,1,BB-RL,113.99999999999983,0.00920535200566519,0.015884770997217856,2.972999936901033e-06,0.025093096002819948,envelope,1,0c80495394dd245a00346136d645134638add4f4b515c230377a29da1e502689,1.8474111129762605e-13
128,7319,2,BB-RL,113.99999999999983,0.009276291006244719,0.016222781996475533,3.021996235474944e-06,0.025502094998955727,envelope,1,0c80495394dd245a00346136d645134638add4f4b515c230377a29da1e502689,1.8474111129762605e-13
128,7319,2,MAC,87.20345776823392,4.570199234876782e-05,0.14698966601281427,0.0,0.14703536800516304,path,1,1e2136f6add25a9bbd5c432ac97835b521edc3f06ad76b7097774bd63c2c0ce5,5.684341886080802e-14
128,7319,3,MAC,87.20345776823392,4.542199894785881e-05,0.14638503699097782,0.0,0.14643045898992568,path,1,1e2136f6add25a9bbd5c432ac97835b521edc3f06ad76b7097774bd63c2c0ce5,5.684341886080802e-14
128,7319,3,BB-RL,113.99999999999983,0.00923317599517759,0.01591961400117725,2.9389921110123396e-06,0.025155728988465853,envelope,1,0c80495394dd245a00346136d645134638add4f4b515c230377a29da1e502689,1.8474111129762605e-13
128,7319,4,BB-RL,113.99999999999983,0.009515353012830019,0.01619720199960284,2.8879876481369138e-06,0.025715443000080995,envelope,1,0c80495394dd245a00346136d645134638add4f4b515c230377a29da1e502689,1.8474111129762605e-13
128,7319,4,MAC,87.20345776823392,4.575299681164324e-05,0.1475391620042501,0.0,0.14758491500106174,path,1,1e2136f6add25a9bbd5c432ac97835b521edc3f06ad76b7097774bd63c2c0ce5,5.684341886080802e-14
128,7400,0,MAC,87.84059333088082,3.730200114659965e-05,0.14490216900594532,0.0,0.14493947100709192,path,1,605ef43f0481988e9eb0bc8950ea987ae8a157ee8700e691499307380065adae,5.684341886080802e-14
128,7400,0,BB-RL,114.99999999999972,0.009578026001690887,0.03202256100485101,3.130000550299883e-06,0.0416037170070922,envelope,1,1aad29a242cc3befafbd32093c68f9e7f189b458dfac226ad6c014ccff120f81,2.842170943040401e-14
128,7400,1,BB-RL,114.99999999999972,0.009662743002991192,0.03211323700088542,3.2149982871487737e-06,0.04177919500216376,envelope,1,1aad29a242cc3befafbd32093c68f9e7f189b458dfac226ad6c014ccff120f81,2.842170943040401e-14
128,7400,1,MAC,87.84059333088082,4.6528992243111134e-05,0.1449780480033951,0.0,0.1450245769956382,path,1,605ef43f0481988e9eb0bc8950ea987ae8a157ee8700e691499307380065adae,5.684341886080802e-14
128,7400,2,MAC,87.84059333088082,4.5509004849009216e-05,0.14476220699725673,0.0,0.14480771600210574,path,1,605ef43f0481988e9eb0bc8950ea987ae8a157ee8700e691499307380065adae,5.684341886080802e-14
128,7400,2,BB-RL,114.99999999999972,0.009527902002446353,0.03183969399833586,3.1230010790750384e-06,0.04137071900186129,envelope,1,1aad29a242cc3befafbd32093c68f9e7f189b458dfac226ad6c014ccff120f81,2.842170943040401e-14
128,7400,3,BB-RL,114.99999999999972,0.009650182008044794,0.03172181599074975,3.0670053092762828e-06,0.04137506500410382,envelope,1,1aad29a242cc3befafbd32093c68f9e7f189b458dfac226ad6c014ccff120f81,2.842170943040401e-14
128,7400,3,MAC,87.84059333088082,4.515299224294722e-05,0.14468421900528483,0.0,0.14472937199752778,path,1,605ef43f0481988e9eb0bc8950ea987ae8a157ee8700e691499307380065adae,5.684341886080802e-14
128,7400,4,MAC,87.84059333088082,4.524800169747323e-05,0.1443670890002977,0.0,0.14441233700199518,path,1,605ef43f0481988e9eb0bc8950ea987ae8a157ee8700e691499307380065adae,5.684341886080802e-14
128,7400,4,BB-RL,114.99999999999972,0.00917813999694772,0.03176282800268382,2.978005795739591e-06,0.04094394600542728,envelope,1,1aad29a242cc3befafbd32093c68f9e7f189b458dfac226ad6c014ccff120f81,2.842170943040401e-14
128,7481,0,BB-RL,115.9999999999998,0.009541713996441104,0.04467317600210663,3.0170049285516143e-06,0.054217907003476284,envelope,1,4756f3f5622bfdadf414796b527b2f2794d1a9871bd02effd5cf6155529c1a54,1.4210854715202004e-13
128,7481,0,MAC,98.73974900290452,4.562499816529453e-05,0.14493097800004762,0.0,0.1449766029982129,path,1,627cc2b3cfde80f1e8c0193e1dc6d617754f013fe2e7c5cff535ce77d7baefc8,2.842170943040401e-14
128,7481,1,MAC,98.73974900290452,4.492799052968621e-05,0.14500057899567764,0.0,0.14504550698620733,path,1,627cc2b3cfde80f1e8c0193e1dc6d617754f013fe2e7c5cff535ce77d7baefc8,2.842170943040401e-14
128,7481,1,BB-RL,115.9999999999998,0.009241022999049164,0.044292528997175395,2.9899965738877654e-06,0.05353654199279845,envelope,1,4756f3f5622bfdadf414796b527b2f2794d1a9871bd02effd5cf6155529c1a54,1.4210854715202004e-13
128,7481,2,BB-RL,115.9999999999998,0.009972060986910947,0.044360201005474664,2.8340000426396728e-06,0.05433509599242825,envelope,1,4756f3f5622bfdadf414796b527b2f2794d1a9871bd02effd5cf6155529c1a54,1.4210854715202004e-13
128,7481,2,MAC,98.73974900290452,4.54520049970597e-05,0.14501892500265967,0.0,0.14506437700765673,path,1,627cc2b3cfde80f1e8c0193e1dc6d617754f013fe2e7c5cff535ce77d7baefc8,2.842170943040401e-14
128,7481,3,MAC,98.73974900290452,4.9914990086108446e-05,0.1451408650027588,0.0,0.1451907799928449,path,1,627cc2b3cfde80f1e8c0193e1dc6d617754f013fe2e7c5cff535ce77d7baefc8,2.842170943040401e-14
128,7481,3,BB-RL,115.9999999999998,0.009430203004740179,0.044399402002454735,3.096996806561947e-06,0.053832702004001476,envelope,1,4756f3f5622bfdadf414796b527b2f2794d1a9871bd02effd5cf6155529c1a54,1.4210854715202004e-13
128,7481,4,BB-RL,115.9999999999998,0.009877549004158936,0.04429932500352152,3.1139934435486794e-06,0.054179988001124,envelope,1,4756f3f5622bfdadf414796b527b2f2794d1a9871bd02effd5cf6155529c1a54,1.4210854715202004e-13
128,7481,4,MAC,98.73974900290452,4.5236010919325054e-05,0.1452194059966132,0.0,0.14526464200753253,path,1,627cc2b3cfde80f1e8c0193e1dc6d617754f013fe2e7c5cff535ce77d7baefc8,2.842170943040401e-14
128,7561,0,BB-RL,117.9999999999997,0.009397924994118512,0.006886036993819289,2.892003976739943e-06,0.01628685399191454,envelope,1,72efb26945f379d05eee12223a46c87a291ef82d23654f8a2968b9737022eb1b,4.263256414560601e-14
128,7561,0,MAC,102.61796338447769,4.719900607597083e-05,0.14413908899587113,0.0,0.1441862880019471,path,1,9a9522203c3348b12ec7e24ffd49a8a5e578e66b7aea8e8e1081d299df85066f,1.4210854715202004e-14
128,7561,1,MAC,102.61796338447769,4.5451000914908946e-05,0.14386585599277169,0.0,0.1439113069936866,path,1,9a9522203c3348b12ec7e24ffd49a8a5e578e66b7aea8e8e1081d299df85066f,1.4210854715202004e-14
128,7561,1,BB-RL,117.9999999999997,0.009344375008367933,0.0069654899998568,3.05499997921288e-06,0.016312920008203946,envelope,1,72efb26945f379d05eee12223a46c87a291ef82d23654f8a2968b9737022eb1b,4.263256414560601e-14
128,7561,2,BB-RL,117.9999999999997,0.009888032000162639,0.006894545003888197,3.2039970392361283e-06,0.016785781001090072,envelope,1,72efb26945f379d05eee12223a46c87a291ef82d23654f8a2968b9737022eb1b,4.263256414560601e-14
128,7561,2,MAC,102.61796338447769,4.5670996769331396e-05,0.14485574800346512,0.0,0.14490141900023445,path,1,9a9522203c3348b12ec7e24ffd49a8a5e578e66b7aea8e8e1081d299df85066f,1.4210854715202004e-14
128,7561,3,MAC,102.61796338447769,4.560900561045855e-05,0.14421426199260168,0.0,0.14425987099821214,path,1,9a9522203c3348b12ec7e24ffd49a8a5e578e66b7aea8e8e1081d299df85066f,1.4210854715202004e-14
128,7561,3,BB-RL,117.9999999999997,0.00969476999307517,0.006819827001891099,3.0070077627897263e-06,0.01651760400272906,envelope,1,72efb26945f379d05eee12223a46c87a291ef82d23654f8a2968b9737022eb1b,4.263256414560601e-14
128,7561,4,BB-RL,117.9999999999997,0.009660420997533947,0.0070392939960584044,3.0270020943135023e-06,0.016702741995686665,envelope,1,72efb26945f379d05eee12223a46c87a291ef82d23654f8a2968b9737022eb1b,4.263256414560601e-14
128,7561,4,MAC,102.61796338447769,4.562998947221786e-05,0.14488271600566804,0.0,0.14492834599514026,path,1,9a9522203c3348b12ec7e24ffd49a8a5e578e66b7aea8e8e1081d299df85066f,1.4210854715202004e-14
128,7642,0,MAC,106.64682084333302,4.530900332611054e-05,0.14260226199985482,0.0,0.14264757100318093,path,1,01daff30d698a97752bb1a4aa9aeea5ea8eed2a7a1b06e658282cf9c9fd7d110,7.105427357601002e-14
128,7642,0,BB-RL,118.99999999999976,0.009542714993585832,0.024270872003398836,3.13100463245064e-06,0.03381671800161712,envelope,1,1a02ed14e29ea8307cd9cb04be936510b5433a51b5796cb7cf4b230c140da186,1.4210854715202004e-14
128,7642,1,BB-RL,118.99999999999976,0.010119493992533535,0.024350389998289756,2.9370130505412817e-06,0.03447282100387383,envelope,1,1a02ed14e29ea8307cd9cb04be936510b5433a51b5796cb7cf4b230c140da186,1.4210854715202004e-14
128,7642,1,MAC,106.64682084333302,4.558000364340842e-05,0.14278832399577368,0.0,0.1428339039994171,path,1,01daff30d698a97752bb1a4aa9aeea5ea8eed2a7a1b06e658282cf9c9fd7d110,7.105427357601002e-14
128,7642,2,MAC,106.64682084333302,4.5540989958681166e-05,0.14198138201027177,0.0,0.14202692300023045,path,1,01daff30d698a97752bb1a4aa9aeea5ea8eed2a7a1b06e658282cf9c9fd7d110,7.105427357601002e-14
128,7642,2,BB-RL,118.99999999999976,0.010018514993134886,0.024403778996202163,2.968008629977703e-06,0.03442526199796703,envelope,1,1a02ed14e29ea8307cd9cb04be936510b5433a51b5796cb7cf4b230c140da186,1.4210854715202004e-14
128,7642,3,BB-RL,118.99999999999976,0.010054343001684174,0.024571970992838033,3.064997144974768e-06,0.03462937899166718,envelope,1,1a02ed14e29ea8307cd9cb04be936510b5433a51b5796cb7cf4b230c140da186,1.4210854715202004e-14
128,7642,3,MAC,106.64682084333302,4.5808992581442e-05,0.14354235300561413,0.0,0.14358816199819557,path,1,01daff30d698a97752bb1a4aa9aeea5ea8eed2a7a1b06e658282cf9c9fd7d110,7.105427357601002e-14
128,7642,4,MAC,106.64682084333302,4.6514003770425916e-05,0.14255189400864765,0.0,0.14259840801241808,path,1,01daff30d698a97752bb1a4aa9aeea5ea8eed2a7a1b06e658282cf9c9fd7d110,7.105427357601002e-14
128,7642,4,BB-RL,118.99999999999976,0.009467148993280716,0.024360085997614078,2.923014108091593e-06,0.033830158005002886,envelope,1,1a02ed14e29ea8307cd9cb04be936510b5433a51b5796cb7cf4b230c140da186,1.4210854715202004e-14
128,7723,0,BB-RL,119.99999999999982,0.010100348998093978,0.04905462599708699,3.0410010367631912e-06,0.05915801599621773,envelope,1,bfe208795ac4eb845127baf050a63beb75d25e2796ca239ec1200018deb4c92b,2.842170943040401e-14
128,7723,0,MAC,108.50634629794281,4.5568012865260243e-05,0.1447482469957322,0.0,0.14479381500859745,path,1,3c7e2c167163e8892db355b70b629c2c75ae8bc170f47c3dcaeff4d6ae24a0d8,5.684341886080802e-14
128,7723,1,MAC,108.50634629794281,4.504500248003751e-05,0.14340206899214536,0.0,0.1434471139946254,path,1,3c7e2c167163e8892db355b70b629c2c75ae8bc170f47c3dcaeff4d6ae24a0d8,5.684341886080802e-14
128,7723,1,BB-RL,119.99999999999982,0.009591064997948706,0.04901448800228536,2.921995474025607e-06,0.05860847499570809,envelope,1,bfe208795ac4eb845127baf050a63beb75d25e2796ca239ec1200018deb4c92b,2.842170943040401e-14
128,7723,2,BB-RL,119.99999999999982,0.009849316003965214,0.04894165998848621,2.9940129024907947e-06,0.05879397000535391,envelope,1,bfe208795ac4eb845127baf050a63beb75d25e2796ca239ec1200018deb4c92b,2.842170943040401e-14
128,7723,2,MAC,108.50634629794281,4.511699080467224e-05,0.14441396700567566,0.0,0.14445908399648033,path,1,3c7e2c167163e8892db355b70b629c2c75ae8bc170f47c3dcaeff4d6ae24a0d8,5.684341886080802e-14
128,7723,3,MAC,108.50634629794281,4.5808992581442e-05,0.14337382699886803,0.0,0.14341963599144947,path,1,3c7e2c167163e8892db355b70b629c2c75ae8bc170f47c3dcaeff4d6ae24a0d8,5.684341886080802e-14
128,7723,3,BB-RL,119.99999999999982,0.009633224006392993,0.048726848006481305,3.141991328448057e-06,0.058363214004202746,envelope,1,bfe208795ac4eb845127baf050a63beb75d25e2796ca239ec1200018deb4c92b,2.842170943040401e-14
128,7723,4,BB-RL,119.99999999999982,0.009920873009832576,0.04917669999122154,3.120003384537995e-06,0.059100693004438654,envelope,1,bfe208795ac4eb845127baf050a63beb75d25e2796ca239ec1200018deb4c92b,2.842170943040401e-14
128,7723,4,MAC,108.50634629794281,4.5833003241568804e-05,0.14493975100049283,0.0,0.1449855840037344,path,1,3c7e2c167163e8892db355b70b629c2c75ae8bc170f47c3dcaeff4d6ae24a0d8,5.684341886080802e-14
128,7804,0,MAC,106.34618800408668,5.040499672759324e-05,0.142501116002677,0.0,0.1425515209994046,path,1,20f13c29552f1e028f5fb8c199bcedd72131add6c5db64d4bf5dd6240e54cb50,5.684341886080802e-14
128,7804,0,BB-RL,120.99999999999977,0.009937907991115935,0.06175386100949254,3.29798785969615e-06,0.07169506698846817,envelope,1,2191943bc220cac6e3f48f868f6a5261df5a2b2a6cd980c1bafd4a28a997ceec,0.0
128,7804,1,BB-RL,120.99999999999977,0.010010062003857456,0.061846520999097265,3.2340030884370208e-06,0.07185981700604316,envelope,1,2191943bc220cac6e3f48f868f6a5261df5a2b2a6cd980c1bafd4a28a997ceec,0.0
128,7804,1,MAC,106.34618800408668,4.514299507718533e-05,0.14329799301049206,0.0,0.14334313600556925,path,1,20f13c29552f1e028f5fb8c199bcedd72131add6c5db64d4bf5dd6240e54cb50,5.684341886080802e-14
128,7804,2,MAC,106.34618800408668,4.568199801724404e-05,0.14210448200174142,0.0,0.14215016399975866,path,1,20f13c29552f1e028f5fb8c199bcedd72131add6c5db64d4bf5dd6240e54cb50,5.684341886080802e-14
128,7804,2,BB-RL,120.99999999999977,0.009891751993563958,0.0613458849984454,3.011999069713056e-06,0.07124064899107907,envelope,1,2191943bc220cac6e3f48f868f6a5261df5a2b2a6cd980c1bafd4a28a997ceec,0.0
128,7804,3,BB-RL,120.99999999999977,0.010040099994512275,0.06164664900279604,3.0480005079880357e-06,0.0716897969978163,envelope,1,2191943bc220cac6e3f48f868f6a5261df5a2b2a6cd980c1bafd4a28a997ceec,0.0
128,7804,3,MAC,106.34618800408668,4.612300836015493e-05,0.14323644399701152,0.0,0.14328256700537167,path,1,20f13c29552f1e028f5fb8c199bcedd72131add6c5db64d4bf5dd6240e54cb50,5.684341886080802e-14
128,7804,4,MAC,106.34618800408668,4.542199894785881e-05,0.1420399260096019,0.0,0.14208534800854977,path,1,20f13c29552f1e028f5fb8c199bcedd72131add6c5db64d4bf5dd6240e54cb50,5.684341886080802e-14
128,7804,4,BB-RL,120.99999999999977,0.009971296007279307,0.061593478996655904,2.9130023904144764e-06,0.07156768800632562,envelope,1,2191943bc220cac6e3f48f868f6a5261df5a2b2a6cd980c1bafd4a28a997ceec,0.0
128,7885,0,BB-RL,122.99999999999973,0.010261083996738307,0.01509240799350664,2.968008629977703e-06,0.025356459998874925,envelope,1,05cf9a116a5eaac5d7abc818eb2526837cc18d988112fdaf92c94f72b011f710,0.0
128,7885,0,MAC,111.82878959470492,4.641299892682582e-05,0.1428395209950395,0.0,0.14288593399396632,path,1,de2e7b8abf0bf3593895b779d4847d4b962e7c24e2601225911ec1d21719c7a5,7.105427357601002e-14
128,7885,1,MAC,111.82878959470492,4.5302993385121226e-05,0.1419092740106862,0.0,0.14195457700407133,path,1,de2e7b8abf0bf3593895b779d4847d4b962e7c24e2601225911ec1d21719c7a5,7.105427357601002e-14
128,7885,1,BB-RL,122.99999999999973,0.010166912004933693,0.015226727991830558,3.110006218776107e-06,0.025396750002983026,envelope,1,05cf9a116a5eaac5d7abc818eb2526837cc18d988112fdaf92c94f72b011f710,0.0
128,7885,2,BB-RL,122.99999999999973,0.01037589400948491,0.015382476995000616,3.0149967642500997e-06,0.025761386001249775,envelope,1,05cf9a116a5eaac5d7abc818eb2526837cc18d988112fdaf92c94f72b011f710,0.0
128,7885,2,MAC,111.82878959470492,4.602600529324263e-05,0.14328024999122135,0.0,0.1433262759965146,path,1,de2e7b8abf0bf3593895b779d4847d4b962e7c24e2601225911ec1d21719c7a5,7.105427357601002e-14
128,7885,3,MAC,111.82878959470492,4.538599750958383e-05,0.142146584999864,0.0,0.14219197099737357,path,1,de2e7b8abf0bf3593895b779d4847d4b962e7c24e2601225911ec1d21719c7a5,7.105427357601002e-14
128,7885,3,BB-RL,122.99999999999973,0.010271203995216638,0.015152049993048422,2.9850052669644356e-06,0.025426238993532024,envelope,1,05cf9a116a5eaac5d7abc818eb2526837cc18d988112fdaf92c94f72b011f710,0.0
128,7885,4,BB-RL,122.99999999999973,0.010563096002442762,0.015428768005222082,2.949993358924985e-06,0.02599481400102377,envelope,1,05cf9a116a5eaac5d7abc818eb2526837cc18d988112fdaf92c94f72b011f710,0.0
128,7885,4,MAC,111.82878959470492,4.5549008063971996e-05,0.14337541499116924,0.0,0.1434209639992332,path,1,de2e7b8abf0bf3593895b779d4847d4b962e7c24e2601225911ec1d21719c7a5,7.105427357601002e-14
128,7965,0,BB-RL,123.99999999999982,0.01044939798885025,0.03573121900262777,3.1410017982125282e-06,0.04618375799327623,envelope,1,5d91225c52d06432eec763f47a3bc541d0c4a4cc6ac62adb55fcbdf82e6bfebf,1.4210854715202004e-14
128,7965,0,MAC,114.18338072485562,4.606899165082723e-05,0.1453035309968982,0.0,0.14534959998854902,path,1,64d66f306c34a1b53cab66ca3f03dcf189a0624662c484ee9732c57e8a6ab396,5.684341886080802e-14
128,7965,1,MAC,114.18338072485562,4.5285996748134494e-05,0.1444912739971187,0.0,0.14453655999386683,path,1,64d66f306c34a1b53cab66ca3f03dcf189a0624662c484ee9732c57e8a6ab396,5.684341886080802e-14
128,7965,1,BB-RL,123.99999999999982,0.010194825998041779,0.035686367002199404,2.916989615187049e-06,0.04588410998985637,envelope,1,5d91225c52d06432eec763f47a3bc541d0c4a4cc6ac62adb55fcbdf82e6bfebf,1.4210854715202004e-14
128,7965,2,BB-RL,123.99999999999982,0.010774427006253973,0.03604920199722983,2.9009970603510737e-06,0.04682653000054415,envelope,1,5d91225c52d06432eec763f47a3bc541d0c4a4cc6ac62adb55fcbdf82e6bfebf,1.4210854715202004e-14
128,7965,2,MAC,114.18338072485562,4.567700671032071e-05,0.1455037149862619,0.0,0.14554939199297223,path,1,64d66f306c34a1b53cab66ca3f03dcf189a0624662c484ee9732c57e8a6ab396,5.684341886080802e-14
128,7965,3,MAC,114.18338072485562,4.54480032203719e-05,0.1445019679958932,0.0,0.14454741599911358,path,1,64d66f306c34a1b53cab66ca3f03dcf189a0624662c484ee9732c57e8a6ab396,5.684341886080802e-14
128,7965,3,BB-RL,123.99999999999982,0.010184106999076903,0.03576063200307544,3.092995029874146e-06,0.04594783199718222,envelope,1,5d91225c52d06432eec763f47a3bc541d0c4a4cc6ac62adb55fcbdf82e6bfebf,1.4210854715202004e-14
128,7965,4,BB-RL,123.99999999999982,0.010515618007048033,0.03602851899631787,3.0389928724616766e-06,0.046547175996238366,envelope,1,5d91225c52d06432eec763f47a3bc541d0c4a4cc6ac62adb55fcbdf82e6bfebf,1.4210854715202004e-14
128,7965,4,MAC,114.18338072485562,4.585800343193114e-05,0.1457786889950512,0.0,0.14582454699848313,path,1,64d66f306c34a1b53cab66ca3f03dcf189a0624662c484ee9732c57e8a6ab396,5.684341886080802e-14
128,8046,0,MAC,119.78200312098265,4.564601113088429e-05,0.1421933179954067,0.0,0.14223896400653757,path,1,7313c21cc5d14b268cad6e417d8f73130c506ecfcc656a26c37c4f9daa400408,4.263256414560601e-14
128,8046,0,BB-RL,124.99999999999984,0.010473450005520135,0.05222585899173282,3.1090021366253495e-06,0.06270241799938958,envelope,1,670d2099a6abf9a5f1460414c2b24b9dbb77d1145b48ae707bcff93bb656cc28,1.4210854715202004e-14
128,8046,1,BB-RL,124.99999999999984,0.0107011530053569,0.052454973993008025,3.0990049708634615e-06,0.06315922600333579,envelope,1,670d2099a6abf9a5f1460414c2b24b9dbb77d1145b48ae707bcff93bb656cc28,1.4210854715202004e-14
128,8046,1,MAC,119.78200312098265,4.657500539906323e-05,0.14332987800298724,0.0,0.1433764530083863,path,1,7313c21cc5d14b268cad6e417d8f73130c506ecfcc656a26c37c4f9daa400408,4.263256414560601e-14
128,8046,2,MAC,119.78200312098265,4.5419990783557296e-05,0.14209042300353758,0.0,0.14213584299432114,path,1,7313c21cc5d14b268cad6e417d8f73130c506ecfcc656a26c37c4f9daa400408,4.263256414560601e-14
128,8046,2,BB-RL,124.99999999999984,0.01071262700133957,0.052113501995336264,2.89799936581403e-06,0.06282902699604165,envelope,1,670d2099a6abf9a5f1460414c2b24b9dbb77d1145b48ae707bcff93bb656cc28,1.4210854715202004e-14
128,8046,3,BB-RL,124.99999999999984,0.010865864998777397,0.052609862003009766,3.049994120374322e-06,0.06347877699590754,envelope,1,670d2099a6abf9a5f1460414c2b24b9dbb77d1145b48ae707bcff93bb656cc28,1.4210854715202004e-14
128,8046,3,MAC,119.78200312098265,4.558400542009622e-05,0.14375614600430708,0.0,0.14380173000972718,path,1,7313c21cc5d14b268cad6e417d8f73130c506ecfcc656a26c37c4f9daa400408,4.263256414560601e-14
128,8046,4,MAC,119.78200312098265,4.558201180770993e-05,0.1427068339980906,0.0,0.1427524160098983,path,1,7313c21cc5d14b268cad6e417d8f73130c506ecfcc656a26c37c4f9daa400408,4.263256414560601e-14
128,8046,4,BB-RL,124.99999999999984,0.010556938999798149,0.05228007800178602,2.9509974410757422e-06,0.06283996799902525,envelope,1,670d2099a6abf9a5f1460414c2b24b9dbb77d1145b48ae707bcff93bb656cc28,1.4210854715202004e-14
128,8127,0,BB-RL,125.99999999999997,0.011841660991194658,0.06425589900754858,3.0910014174878597e-06,0.07610065100016072,envelope,1,cc37092a0ca0c9e1e776fbe207c1ff3bd06de4522c02143800978e35600d6bde,5.684341886080802e-14
128,8127,0,MAC,125.99999999999997,4.691199865192175e-05,0.11306408399832435,0.0,0.11311099599697627,path,1,001d40362cea53ef18880bd276e98190775e5891365e2fbe2e5d7e3c622b1a63,9.947598300641403e-14
128,8127,1,MAC,125.99999999999997,4.542700480669737e-05,0.11177294500521384,0.0,0.11181837201002054,path,1,001d40362cea53ef18880bd276e98190775e5891365e2fbe2e5d7e3c622b1a63,9.947598300641403e-14
128,8127,1,BB-RL,125.99999999999997,0.011302225000690669,0.06417091700132005,2.920001861639321e-06,0.07547606200387236,envelope,1,cc37092a0ca0c9e1e776fbe207c1ff3bd06de4522c02143800978e35600d6bde,5.684341886080802e-14
128,8127,2,BB-RL,125.99999999999997,0.011659996991511434,0.06424518399580847,3.059001755900681e-06,0.07590823998907581,envelope,1,cc37092a0ca0c9e1e776fbe207c1ff3bd06de4522c02143800978e35600d6bde,5.684341886080802e-14
128,8127,2,MAC,125.99999999999997,4.5815002522431314e-05,0.1126460160012357,0.0,0.11269183100375813,path,1,001d40362cea53ef18880bd276e98190775e5891365e2fbe2e5d7e3c622b1a63,9.947598300641403e-14
128,8127,3,MAC,125.99999999999997,4.5325999963097274e-05,0.11143849199288525,0.0,0.11148381799284834,path,1,001d40362cea53ef18880bd276e98190775e5891365e2fbe2e5d7e3c622b1a63,9.947598300641403e-14
128,8127,3,BB-RL,125.99999999999997,0.011523612003657036,0.06389149799360894,3.120003384537995e-06,0.07541823000065051,envelope,1,cc37092a0ca0c9e1e776fbe207c1ff3bd06de4522c02143800978e35600d6bde,5.684341886080802e-14
128,8127,4,BB-RL,125.99999999999997,0.01192883899784647,0.06405795400496572,2.939006662927568e-06,0.07598973200947512,envelope,1,cc37092a0ca0c9e1e776fbe207c1ff3bd06de4522c02143800978e35600d6bde,5.684341886080802e-14
128,8127,4,MAC,125.99999999999997,4.5617998694069684e-05,0.11270652699749917,0.0,0.11275214499619324,path,1,001d40362cea53ef18880bd276e98190775e5891365e2fbe2e5d7e3c622b1a63,9.947598300641403e-14
